latitude,longitude,acq_date,acq_time,frp,brightness,bright_t31,confidence,risk_score,risk_level,hospital_km,industry_km,factory_km,powerplant_km,georisk_score,georisk_level
29.22012,88.95742,2026-08-07,722,11.32,349.19,311.38,n,38.6,Low,1676.61,1675.28,1680.38,1691.85,105.84,High
29.26978,88.90321,2026-08-07,722,3.97,336.33,309.42,l,25.94,Low,1677.26,1675.95,1681.03,1692.38,93.21,High
8.76202,78.18221,2026-08-07,858,5.28,335.65,274.04,n,26.54,Low,946.44,944.31,955.06,957.9,64.58,Medium
8.75627,78.18294,2026-08-07,858,5.28,351.99,275.14,n,35.62,Low,947.07,944.95,955.69,958.53,73.68,Medium
24.45387,68.30828,2026-08-07,902,4.49,335.35,294.28,n,25.78,Low,1286.94,1285.68,1285.8,1289.29,77.26,Medium
24.45394,68.31149,2026-08-07,902,4.14,335.11,298.14,n,25.39,Low,1286.67,1285.41,1285.54,1289.03,76.86,Medium
22.92664,70.10907,2026-08-07,902,3.96,333.56,292.97,n,24.39,Low,1039.98,1038.72,1038.85,1042.36,65.99,Medium
29.9692,72.58241,2026-08-07,905,1.89,333.64,293.09,n,22.88,Low,1493.6,1492.62,1492.66,1495.29,82.62,High
29.99058,72.58743,2026-08-07,905,4.97,344.35,293.35,n,31.14,Low,1495.57,1494.59,1494.63,1497.26,90.96,High
30.27074,73.32553,2026-08-07,905,8.07,352.08,294.2,n,37.76,Low,1497.31,1496.37,1496.41,1498.9,97.65,High
30.27043,73.32155,2026-08-07,905,4.6,330.42,294.05,n,23.13,Low,1497.42,1496.48,1496.51,1499.0,83.02,High
30.27128,73.32471,2026-08-07,905,8.61,367.0,294.51,h,46.46,Medium,1497.4,1496.46,1496.49,1498.98,106.35,High
30.65503,72.24939,2026-08-07,905,5.05,350.62,294.87,n,34.69,Low,1576.09,1575.1,1575.14,1577.77,97.73,High
30.66016,72.24886,2026-08-07,905,5.05,342.65,293.1,n,30.26,Low,1576.63,1575.64,1575.68,1578.31,93.32,High
30.79083,71.86834,2026-08-07,905,14.67,342.95,294.04,n,37.64,Low,1605.01,1604.01,1604.05,1606.72,101.84,High
30.78971,71.86646,2026-08-07,905,15.35,355.39,293.96,n,45.06,Medium,1604.97,1603.97,1604.02,1606.68,109.26,High
30.62494,72.0656,2026-08-07,905,2.81,330.11,293.52,n,21.61,Low,1580.35,1579.35,1579.4,1582.05,84.82,High
31.69593,73.21014,2026-08-07,905,2.58,339.71,293.91,n,26.77,Low,1649.64,1648.71,1648.76,1651.18,92.75,High
30.61991,72.13137,2026-08-07,905,5.18,355.67,293.97,n,37.59,Low,1577.2,1576.21,1576.26,1578.9,100.68,High
30.61707,72.13042,2026-08-07,905,2.56,334.09,293.6,n,23.64,Low,1576.96,1575.97,1576.01,1578.65,86.72,High
30.61736,72.13383,2026-08-07,905,2.56,337.32,293.34,n,25.43,Low,1576.85,1575.86,1575.9,1578.54,88.5,High
27.62686,69.46743,2026-08-07,905,5.3,344.75,302.75,n,31.61,Low,1436.77,1435.6,1435.69,1438.87,89.08,High
27.62732,69.47166,2026-08-07,905,5.3,336.3,303.63,n,26.92,Low,1436.53,1435.37,1435.46,1438.64,84.38,High
37.20391,68.12839,2026-08-07,905,46.07,346.14,315.83,n,62.96,Medium,2395.63,2394.64,2394.68,2397.34,158.78,Critical
29.47439,71.57051,2026-08-07,905,12.38,342.03,293.65,n,35.41,Low,1487.94,1486.9,1486.95,1489.76,94.93,High
29.47925,71.56997,2026-08-07,905,12.38,345.55,293.84,n,37.37,Low,1488.44,1487.4,1487.45,1490.25,96.91,High
26.64386,79.47507,2026-08-07,1947,2.77,295.42,265.29,n,2.31,Low,1013.2,1014.29,1015.22,1017.42,42.91,Low
25.43726,86.06737,2026-08-07,1947,1.08,310.9,290.9,n,9.64,Low,1173.84,1172.29,1177.53,1190.42,56.78,Medium
24.11555,86.86207,2026-08-07,1947,1.11,303.43,289.19,n,5.52,Low,1132.81,1130.57,1136.22,1152.76,51.04,Medium
25.03565,87.36957,2026-08-07,1947,1.86,306.65,290.57,n,7.87,Low,1237.55,1235.53,1241.05,1256.6,57.58,Medium
24.11618,86.85732,2026-08-07,1947,1.11,305.24,289.98,n,6.52,Low,1132.48,1130.24,1135.89,1152.42,52.03,Medium
35.98919,94.83079,2026-08-07,1947,0.62,296.21,283.02,n,1.14,Low,2603.34,2602.2,2606.9,2617.37,105.44,High
35.99247,94.8316,2026-08-07,1947,0.58,302.11,283.01,n,4.39,Low,2603.66,2602.52,2607.22,2617.69,108.7,High
23.73722,86.43314,2026-08-07,1949,6.64,329.09,290.81,n,23.92,Low,1072.53,1070.26,1075.93,1092.6,67.03,Medium
23.73785,86.4282,2026-08-07,1949,2.55,306.48,289.72,n,8.29,Low,1072.18,1069.91,1075.58,1092.24,51.39,Medium
23.66795,86.93554,2026-08-07,1949,2.06,298.17,281.34,n,3.31,Low,1108.43,1105.96,1111.75,1129.24,47.86,Low
23.72468,86.44123,2026-08-07,1949,1.72,304.22,289.04,n,6.41,Low,1072.3,1070.02,1075.7,1092.41,49.51,Low
23.68906,86.38818,2026-08-07,1949,1.83,303.34,290.07,n,6.01,Low,1065.61,1063.34,1069.01,1085.71,48.85,Low
23.6884,86.39319,2026-08-07,1949,1.83,301.71,289.27,n,5.1,Low,1065.97,1063.69,1069.37,1086.07,47.95,Low
27.46227,95.47478,2026-08-07,1949,1.22,297.33,277.66,n,2.21,Low,2057.63,2054.75,2060.78,2079.84,84.74,High
23.68398,86.39757,2026-08-07,1949,2.63,306.33,289.37,n,8.27,Low,1066.01,1063.73,1069.41,1086.13,51.12,Medium
23.68087,86.39198,2026-08-07,1949,3.06,302.45,289.54,n,6.43,Low,1065.35,1063.07,1068.75,1085.47,49.26,Low
23.68022,86.39696,2026-08-07,1949,2.02,309.59,289.83,n,9.62,Low,1065.7,1063.42,1069.1,1085.83,52.46,Medium
23.67646,86.39635,2026-08-07,1949,2.02,306.18,288.75,n,7.73,Low,1065.39,1063.11,1068.79,1085.53,50.56,Medium
23.69792,85.28923,2026-08-07,1949,1.32,300.5,288.09,n,4.05,Low,981.52,979.65,985.08,999.97,43.51,Low
23.67205,84.99582,2026-08-07,1949,1.86,300.43,288.25,n,4.41,Low,957.94,956.15,961.53,975.94,42.93,Low
23.66748,84.99914,2026-08-07,1949,1.32,300.96,288.84,n,4.3,Low,957.83,956.04,961.42,975.84,42.81,Low
23.6634,84.99857,2026-08-07,1949,1.32,303.84,287.12,n,5.9,Low,957.47,955.68,961.06,975.49,44.4,Low
29.26254,91.92178,2026-08-07,1949,1.44,301.34,284.78,n,4.6,Low,1885.16,1883.32,1888.73,1903.22,80.2,High
29.26521,91.92635,2026-08-07,1949,1.48,306.5,287.17,n,7.5,Low,1885.69,1883.85,1889.26,1903.75,83.13,High
29.66177,90.90686,2026-08-07,1949,1.06,299.46,286.92,n,3.27,Low,1842.55,1840.95,1846.22,1859.29,77.16,Medium
23.68464,86.39258,2026-08-07,1949,1.83,321.46,290.15,n,16.07,Low,1065.66,1063.38,1069.06,1085.77,58.91,Medium
29.37461,91.1497,2026-08-07,1949,0.94,298.36,284.63,n,2.57,Low,1837.63,1835.93,1841.26,1854.9,76.27,Medium
29.37792,91.15035,2026-08-07,1949,0.84,299.45,283.53,n,3.1,Low,1837.93,1836.23,1841.56,1855.2,76.81,Medium
23.76804,86.40265,2026-08-07,1949,5.76,326.74,290.33,n,21.95,Low,1072.25,1070.0,1075.66,1092.22,65.05,Medium
23.76739,86.40766,2026-08-07,1949,2.25,303.61,289.4,n,6.47,Low,1072.6,1070.35,1076.01,1092.58,49.59,Low
23.76556,86.39212,2026-08-07,1949,2.54,306.89,290.18,n,8.51,Low,1071.24,1069.0,1074.65,1091.2,51.57,Medium
23.76427,86.40208,2026-08-07,1949,3.28,313.91,289.85,n,12.97,Low,1071.94,1069.69,1075.35,1091.92,56.06,Medium
23.76362,86.40708,2026-08-07,1949,2.78,304.9,289.45,n,7.58,Low,1072.29,1070.04,1075.7,1092.28,50.68,Medium
23.76051,86.40147,2026-08-07,1949,3.28,320.14,290.02,n,16.43,Low,1071.63,1069.38,1075.04,1091.61,59.51,Medium
23.75105,86.41519,2026-08-07,1949,3.62,307.74,289.43,n,9.79,Low,1072.06,1069.8,1075.47,1092.08,52.88,Medium
23.74098,86.43374,2026-08-07,1949,1.96,302.97,289.88,n,5.9,Low,1072.83,1070.57,1076.24,1092.9,49.03,Low
7.53914,81.10133,2026-08-07,1953,0.63,299.6,278.51,n,3.03,Low,1115.02,1116.24,1123.99,1133.18,47.91,Low
7.50678,81.1167,2026-08-07,1953,1.9,324.18,279.67,n,17.64,Low,1118.9,1120.12,1127.88,1137.07,62.68,Medium
6.63144,81.18604,2026-08-07,1953,3.45,335.44,268.8,n,25.05,Low,1214.81,1216.03,1223.75,1232.67,73.92,Medium
6.6309000000000005,81.18976,2026-08-07,1953,3.45,298.17,268.6,n,4.35,Low,1214.97,1216.18,1223.91,1232.82,53.23,Medium
6.62731,81.18541,2026-08-07,1953,3.45,352.97,268.14,n,34.79,Low,1215.24,1216.46,1224.18,1233.09,83.68,High
6.6278500000000005,81.18169,2026-08-07,1953,2.42,297.82,267.38,n,3.38,Low,1215.09,1216.31,1224.03,1232.93,52.26,Medium
6.62676,81.18913,2026-08-07,1953,3.45,301.4,267.44,n,6.14,Low,1215.4,1216.61,1224.33,1233.25,55.04,Medium
37.35176,70.37824,2026-08-07,2125,0.51,300.06,283.52,n,3.19,Low,2328.22,2327.29,2327.32,2329.78,96.32,High
37.34845,70.37748,2026-08-07,2125,0.51,295.9,284.26,n,0.88,Low,2327.9,2326.97,2327.0,2329.46,93.99,High
32.13319,74.17912,2026-08-07,2127,0.95,307.79,293.09,n,7.82,Low,1668.88,1667.83,1668.04,1670.29,74.57,Medium
32.2928,70.73085,2026-08-07,2127,2.81,310.6,295.09,n,10.77,Low,1802.02,1801.01,1801.06,1803.75,82.85,High
28.42482,69.70239,2026-08-07,2127,5.87,316.52,296.26,n,16.36,Low,1490.6,1489.46,1489.54,1492.64,75.98,Medium
33.5473,71.54827,2026-08-07,2127,1.28,305.92,293.76,n,7.03,Low,1896.96,1896.0,1896.04,1898.57,82.91,High
32.72197,72.92547,2026-08-07,2127,1.14,305.16,294.09,n,6.5,Low,1765.95,1765.0,1765.07,1767.47,77.13,Medium
33.17331,70.45238,2026-08-07,2127,0.44,305.79,293.04,n,6.32,Low,1901.08,1900.08,1900.13,1902.8,82.36,High
32.88826,71.61584,2026-08-07,2127,2.44,309.04,294.27,n,9.63,Low,1827.09,1826.12,1826.16,1828.72,82.71,High
25.38842,68.58425,2026-08-07,2129,1.14,323.26,292.42,n,16.55,Low,1326.76,1325.52,1325.63,1329.05,69.62,Medium
26.0948,68.87952,2026-08-07,2129,0.56,307.26,296.32,n,7.23,Low,1355.46,1354.24,1354.35,1357.7,61.45,Medium
23.70372,90.53355,2026-08-08,701,3.78,331.1,292.17,l,22.89,Low,1423.91,1420.61,1426.85,1447.71,80.08,High
23.9407,90.31876,2026-08-08,701,3.46,332.3,292.54,n,23.32,Low,1416.54,1413.37,1419.54,1439.9,80.21,High
23.76534,86.40513,2026-08-08,701,6.4,331.15,288.98,n,24.88,Low,1072.25,1070.01,1075.67,1092.23,67.98,Medium
21.29586,95.51554,2026-08-08,701,2.7,331.63,293.7,n,22.37,Low,1828.39,1824.1,1830.77,1853.13,95.73,High
29.64765,90.94865,2026-08-08,703,22.55,367.0,309.09,h,56.91,Medium,1844.36,1842.75,1848.03,1861.15,130.87,Critical
29.65398,90.98617,2026-08-08,703,16.99,367.0,300.2,h,52.74,Medium,1847.46,1845.84,1851.12,1864.27,126.83,Critical
6.82226,81.80397,2026-08-08,837,4.9,336.51,289.62,n,26.74,Low,1211.84,1213.08,1220.93,1231.04,75.51,Medium
6.81376,81.77986,2026-08-08,837,3.82,345.17,287.85,n,30.74,Low,1211.99,1213.23,1221.08,1231.14,79.51,Medium
6.8258,81.76459,2026-08-08,837,3.15,336.44,288.89,n,25.38,Low,1210.24,1211.48,1219.33,1229.37,74.08,Medium
6.82072,81.803,2026-08-08,837,2.19,333.23,291.18,n,22.88,Low,1211.97,1213.21,1221.07,1231.17,71.65,Medium
6.8226700000000005,81.80707,2026-08-08,837,4.58,333.26,289.83,n,24.69,Low,1211.89,1213.13,1220.99,1231.1,73.46,Medium
6.82115,81.8061,2026-08-08,837,2.19,336.02,290.73,n,24.43,Low,1212.02,1213.26,1221.12,1231.23,73.21,Medium
6.81248,81.78204,2026-08-08,837,3.5700000000000003,334.07,289.49,n,24.38,Low,1212.2,1213.43,1221.28,1231.35,73.16,Medium
7.46902,81.17296,2026-08-08,837,4.85,330.0,292.1,n,23.08,Low,1124.46,1125.68,1133.44,1142.73,68.34,Medium
9.77946,77.68204,2026-08-08,839,2.63,333.54,296.72,n,23.38,Low,837.25,835.19,846.95,848.24,57.06,Medium
9.75537,77.6293,2026-08-08,839,10.98,367.0,295.44,h,48.24,Medium,840.46,838.4,850.25,851.39,82.05,High
27.98071,69.4438,2026-08-08,843,2.19,337.33,303.34,n,25.16,Low,1468.18,1467.02,1467.11,1470.26,83.89,High
28.83582,70.42214,2026-08-08,843,6.67,330.2,303.4,l,24.56,Low,1486.01,1484.9,1484.97,1487.97,84.0,High
22.60662,70.24954,2026-08-08,843,2.24,331.84,300.49,n,22.15,Low,1008.59,1007.32,1007.45,1010.97,62.49,Medium
24.32291,72.46162,2026-08-08,843,4.09,332.77,295.39,n,24.05,Low,963.72,962.55,962.64,965.83,62.6,Medium
32.10804,72.90211,2026-08-08,845,3.07,341.29,296.66,n,28.02,Low,1702.44,1701.51,1701.54,1703.98,96.11,High
30.9771,70.80613,2026-08-08,845,8.22,330.41,304.04,l,25.84,Low,1669.41,1668.38,1668.43,1671.21,92.61,High
30.91326,71.91548,2026-08-08,845,7.93,337.43,297.28,n,29.52,Low,1615.39,1614.4,1614.44,1617.09,94.13,High
30.86695,71.91726,2026-08-08,845,6.19,343.55,298.2,n,31.61,Low,1610.66,1609.67,1609.71,1612.37,96.03,High
30.85815,71.87492,2026-08-08,845,6.29,333.73,296.57,n,26.23,Low,1611.49,1610.5,1610.54,1613.2,90.69,High
30.79273,71.87044,2026-08-08,845,8.25,331.09,298.66,n,26.24,Low,1605.11,1604.11,1604.16,1606.82,90.44,High
30.79337,71.87579,2026-08-08,845,8.25,333.61,297.69,n,27.64,Low,1604.96,1603.96,1604.0,1606.67,91.84,High
30.74677,71.74284,2026-08-08,845,2.7,333.79,298.29,n,23.58,Low,1605.77,1604.77,1604.81,1607.5,87.81,High
30.6985,71.78544,2026-08-08,845,9.01,347.61,298.7,n,35.99,Low,1599.18,1598.18,1598.22,1600.9,99.95,High
30.6943,71.97591,2026-08-08,845,10.41,337.7,299.15,n,31.53,Low,1590.94,1589.95,1589.99,1592.65,95.17,High
30.66328,71.87726,2026-08-08,845,6.51,332.77,298.24,n,25.87,Low,1591.86,1590.86,1590.91,1593.58,89.54,High
30.66391,71.88257,2026-08-08,845,6.51,335.64,298.72,n,27.46,Low,1591.7,1590.7,1590.75,1593.42,91.13,High
30.62572,71.72218,2026-08-08,845,3.25,335.05,299.18,n,24.69,Low,1594.56,1593.56,1593.6,1596.3,88.47,High
30.65879,72.24271,2026-08-08,845,5.84,332.84,297.87,n,25.4,Low,1576.73,1575.74,1575.79,1578.41,88.47,High
30.65776,72.24519,2026-08-08,845,4.05,337.36,298.15,n,26.57,Low,1576.53,1575.54,1575.59,1578.21,89.63,High
30.63301,72.07047,2026-08-08,845,4.51,338.93,297.02,n,27.79,Low,1580.96,1579.97,1580.01,1582.66,91.03,High
30.62918,72.07106,2026-08-08,845,4.51,343.13,297.11,n,30.12,Low,1580.55,1579.56,1579.6,1582.25,93.34,High
30.61395,72.13991,2026-08-08,845,4.51,334.77,297.39,n,25.48,Low,1576.26,1575.27,1575.32,1577.96,88.53,High
30.60304,72.0806,2026-08-08,845,3.22,332.68,298.53,n,23.35,Low,1577.54,1576.55,1576.59,1579.24,86.45,High
34.44895,71.26234,2026-08-08,845,4.53,341.11,305.37,n,29.01,Low,1999.53,1998.58,1998.61,2001.12,108.99,High
33.74356,70.23043,2026-08-08,845,4.05,338.46,306.91,n,27.18,Low,1966.96,1965.96,1966.01,1968.67,105.86,High
33.74333,70.22848,2026-08-08,845,4.18,336.46,307.21,l,26.17,Low,1967.01,1966.02,1966.06,1968.72,104.85,High
37.34737,97.40837,2026-08-08,1925,0.49,301.33,289.1,n,3.88,Low,2871.5,2870.26,2875.3,2886.14,118.91,High
35.99072,94.83022,2026-08-08,1925,0.79,301.4,285.46,n,4.15,Low,2603.43,2602.29,2606.99,2617.46,108.45,High
29.37856,91.14952,2026-08-08,1928,0.33,301.29,278.88,n,3.74,Low,1837.92,1836.22,1841.55,1855.18,77.45,Medium
29.65848,90.89863,2026-08-08,1928,0.89,301.16,281.94,n,4.09,Low,1841.73,1840.13,1845.4,1858.46,77.95,Medium
30.06933,96.97936,2026-08-08,1928,0.66,297.11,284.52,n,1.67,Low,2331.78,2329.36,2335.13,2352.28,95.16,High
23.5617,87.08315,2026-08-08,1930,4.17,310.49,287.51,n,11.73,Low,1113.68,1111.11,1116.96,1134.85,56.5,Medium
23.80587,86.32827,2026-08-08,1930,1.03,309.0,287.91,n,8.55,Low,1069.02,1066.82,1072.45,1088.82,51.52,Medium
23.79856,86.35028,2026-08-08,1930,1.95,327.19,288.32,n,19.35,Low,1070.24,1068.03,1073.66,1090.08,62.37,Medium
23.79887,86.34701,2026-08-08,1930,1.95,303.72,287.78,n,6.31,Low,1070.0,1067.79,1073.43,1089.84,49.32,Low
23.79824,86.35355,2026-08-08,1930,0.87,306.5,287.78,n,7.04,Low,1070.47,1068.26,1073.9,1090.32,50.07,Medium
23.79314,86.35291,2026-08-08,1930,0.87,303.24,287.75,n,5.23,Low,1070.07,1067.85,1073.49,1089.93,48.24,Low
23.77949,86.38737,2026-08-08,1930,3.29,321.08,288.49,n,16.96,Low,1071.83,1069.6,1075.25,1091.76,60.04,Medium
23.78107,86.37106,2026-08-08,1930,0.81,303.3,287.81,n,5.22,Low,1070.65,1068.43,1074.07,1090.56,48.26,Low
23.77917,86.39056,2026-08-08,1930,1.43,311.63,287.61,n,10.31,Low,1072.06,1069.83,1075.48,1092.0,53.4,Medium
23.77692,86.36066,2026-08-08,1930,2.79,303.77,287.31,n,6.96,Low,1069.54,1067.32,1072.96,1089.44,49.95,Low
23.77661,86.36392,2026-08-08,1930,1.41,319.54,287.86,n,14.69,Low,1069.78,1067.55,1073.2,1089.68,57.69,Medium
23.77151,86.3633,2026-08-08,1930,1.41,304.89,287.15,n,6.55,Low,1069.37,1067.14,1072.79,1089.29,49.54,Low
23.7681,86.39877,2026-08-08,1930,0.92,303.31,287.23,n,5.31,Low,1071.94,1069.7,1075.35,1091.91,48.4,Low
23.76778,86.40202,2026-08-08,1930,0.29,301.64,286.08,n,3.91,Low,1072.18,1069.93,1075.59,1092.15,47.01,Low
23.76302,86.39813,2026-08-08,1930,0.97,306.55,287.32,n,7.14,Low,1071.54,1069.29,1074.95,1091.51,50.21,Medium
23.75794,86.39742,2026-08-08,1930,0.97,301.47,287.28,n,4.32,Low,1071.13,1068.88,1074.54,1091.11,47.38,Low
23.76022,86.39659,2026-08-08,1930,1.08,304.41,287.29,n,6.04,Low,1071.22,1068.97,1074.63,1091.2,49.1,Low
23.75988,86.39985,2026-08-08,1930,0.91,304.81,287.1,n,6.13,Low,1071.46,1069.21,1074.87,1091.44,49.2,Low
23.56486,87.08422,2026-08-08,1930,2.6,305.78,287.56,n,7.94,Low,1113.97,1111.41,1117.26,1135.14,52.72,Medium
22.05452,88.1247,2026-08-08,1930,3.89,312.18,287.3,n,12.46,Low,1121.74,1118.2,1124.55,1145.86,57.56,Medium
20.96631,85.1635,2026-08-08,1932,1.02,301.58,279.71,n,4.42,Low,793.37,790.0,796.27,817.35,36.39,Low
17.30454,97.0611,2026-08-08,1932,0.53,305.01,288.55,n,5.96,Low,1961.42,1959.31,1965.48,1988.32,84.71,High
20.78667,85.26571,2026-08-08,1932,0.61,302.89,278.85,n,4.84,Low,793.78,790.27,796.6,817.9,36.83,Low
20.78739,85.2589,2026-08-08,1932,1.2,310.55,277.51,n,9.54,Low,793.18,789.67,796.0,817.3,41.5,Low
20.78619,85.2653,2026-08-08,1932,0.68,300.75,279.05,n,3.7,Low,793.72,790.2,796.54,817.84,35.68,Low
20.78687,85.25846,2026-08-08,1932,1.2,308.31,278.08,n,8.29,Low,793.12,789.6,795.94,817.23,40.25,Low
21.07961,85.03843,2026-08-08,1932,1.56,302.21,282.03,n,5.18,Low,787.94,784.69,790.9,811.69,36.93,Low
20.80865,85.25416,2026-08-08,1932,1.39,305.48,278.63,n,6.86,Low,793.78,790.29,796.61,817.89,38.85,Low
20.9638,85.18809,2026-08-08,1932,1.05,307.75,278.97,n,7.87,Low,795.5,792.12,798.39,819.49,39.92,Low
20.96416,85.18463,2026-08-08,1932,0.65,302.01,279.2,n,4.38,Low,795.2,791.82,798.09,819.19,36.42,Low
20.95013,86.04408,2026-08-08,1932,2.05,306.58,280.28,n,7.97,Low,874.69,871.06,877.44,898.9,43.19,Low
20.9495,86.05014,2026-08-08,1932,2.05,302.74,279.68,n,5.84,Low,875.24,871.6,877.99,899.44,41.08,Low
20.98516,85.13718,2026-08-08,1932,1.21,301.48,282.13,n,4.51,Low,791.93,788.58,794.84,815.9,36.42,Low
20.97623,85.17174,2026-08-08,1932,0.86,302.12,280.84,n,4.6,Low,794.64,791.27,797.54,818.62,36.62,Low
20.97055,85.1747,2026-08-08,1932,0.74,306.8,279.86,n,7.11,Low,794.62,791.25,797.52,818.6,39.13,Low
20.96451,85.18114,2026-08-08,1932,0.65,301.1,279.6,n,3.88,Low,794.9,791.52,797.79,818.89,35.91,Low
20.96523,85.17413,2026-08-08,1932,0.74,306.67,279.54,n,7.04,Low,794.29,790.92,797.19,818.28,39.05,Low
20.97019,85.17823,2026-08-08,1932,0.74,302.29,279.6,n,4.61,Low,794.92,791.55,797.82,818.91,36.64,Low
7.6444,80.95997,2026-08-08,1934,3.48,324.28,286.7,n,18.88,Low,1100.05,1101.26,1108.99,1117.95,63.16,Medium
7.64384,80.96423,2026-08-08,1934,1.85,305.29,286.9,n,7.1,Low,1100.21,1101.43,1109.16,1118.12,51.39,Medium
6.74823,81.13704,2026-08-08,1934,0.76,303.98,283.37,n,5.56,Low,1201.01,1202.22,1209.94,1218.82,53.88,Medium
34.31626,72.82005,2026-08-08,2108,1.69,315.38,291.93,n,12.59,Low,1936.95,1935.95,1936.08,1938.42,90.06,High
33.84938,72.87296,2026-08-08,2108,1.4,306.89,292.95,n,7.66,Low,1886.14,1885.15,1885.27,1887.62,83.1,High
33.69244,72.85727,2026-08-08,2108,1.73,305.7,292.46,n,7.24,Low,1870.03,1869.05,1869.16,1871.52,82.04,High
33.68829,72.71162,2026-08-08,2108,3.1,314.05,293.23,n,12.91,Low,1873.84,1872.88,1872.97,1875.35,87.86,High
33.4081,71.94009,2026-08-08,2108,1.85,311.34,294.99,n,10.47,Low,1869.08,1868.14,1868.17,1870.66,85.23,High
32.72028,72.92399,2026-08-08,2108,0.62,305.56,288.5,n,6.33,Low,1765.82,1764.87,1764.93,1767.34,76.96,Medium
32.73539,72.80925,2026-08-08,2108,0.28,304.99,291.69,n,5.76,Low,1770.92,1769.99,1770.04,1772.46,76.59,Medium
32.10377,74.17783,2026-08-08,2108,3.82,310.51,290.57,n,11.48,Low,1665.76,1664.72,1664.92,1667.18,78.11,Medium
32.08747,74.16682,2026-08-08,2108,3.73,307.55,290.48,n,9.77,Low,1664.29,1663.25,1663.45,1665.71,76.34,Medium
32.29551,70.73,2026-08-08,2108,2.37,312.53,297.24,n,11.52,Low,1802.32,1801.31,1801.36,1804.06,83.61,High
32.29091,70.73779,2026-08-08,2108,2.81,314.75,297.71,n,13.08,Low,1801.54,1800.53,1800.58,1803.27,85.14,High
27.2877,73.83897,2026-08-08,2110,1.52,306.61,291.65,n,7.59,Low,1172.12,1171.13,1171.17,1173.81,54.47,Medium
28.42521,69.70253,2026-08-08,2110,3.12,313.43,294.84,n,12.58,Low,1490.63,1489.49,1489.57,1492.67,72.2,Medium
26.64085,79.47772,2026-08-08,2110,0.85,304.21,279.24,n,5.75,Low,1012.9,1013.99,1014.91,1017.13,46.34,Low
26.6441,79.47943,2026-08-08,2110,1.11,302.9,278.84,n,5.22,Low,1013.28,1014.36,1015.29,1017.5,45.82,Low
25.38986,68.58427,2026-08-08,2110,0.56,316.63,295.14,n,12.44,Low,1326.86,1325.62,1325.73,1329.15,65.51,Medium
27.66929,76.13332,2026-08-08,2110,1.49,305.1,290.4,n,6.73,Low,1143.74,1142.61,1142.94,1145.05,52.47,Medium
25.38646,68.58366,2026-08-08,2110,0.56,309.09,295.02,n,8.25,Low,1326.67,1325.43,1325.54,1328.96,61.32,Medium
27.08046,73.81846,2026-08-08,2110,3.01,306.16,291.83,n,8.46,Low,1151.97,1150.97,1151.02,1153.68,54.54,Medium
22.93194,69.69582,2026-08-08,2112,1.91,309.33,293.87,n,9.39,Low,1075.9,1074.64,1074.77,1078.29,52.43,Medium
23.26628,70.25836,2026-08-08,2112,1.92,317.52,294.58,n,13.95,Low,1048.81,1047.55,1047.67,1051.16,55.9,Medium
17.61204,83.20204,2026-08-08,2112,5.14,299.99,271.15,n,6.63,Low,489.47,487.1,493.35,516.14,26.49,Low
17.60958,83.20309,2026-08-08,2112,4.39,306.71,271.54,n,9.8,Low,489.57,487.21,493.45,516.24,29.66,Low
18.9562,73.94472,2026-08-08,2112,1.22,306.32,283.13,n,7.2,Low,482.97,481.71,481.87,485.43,26.52,Low
20.90929,71.46087,2026-08-08,2112,2.48,308.1,293.55,n,9.14,Low,806.79,805.51,805.66,809.23,41.41,Low
22.93524,69.69643,2026-08-08,2112,1.91,319.89,294.08,n,15.26,Low,1076.04,1074.78,1074.91,1078.43,58.3,Medium
22.93406,69.70388,2026-08-08,2112,1.88,308.32,294.25,n,8.81,Low,1075.33,1074.06,1074.19,1077.72,51.82,Medium
23.49982,68.57675,2026-08-08,2112,1.69,307.53,294.54,n,8.23,Low,1206.39,1205.13,1205.26,1208.79,56.49,Medium
15.18023,76.66703,2026-08-08,2114,0.53,301.02,275.41,n,3.74,Low,300.42,299.24,306.32,305.85,15.86,Low
16.6483,74.31618,2026-08-08,2114,0.58,296.42,277.96,n,1.22,Low,431.1,430.15,430.33,433.14,18.47,Low
15.33485,76.28472,2026-08-08,2114,0.68,298.31,282.69,n,2.35,Low,315.09,314.18,318.55,318.83,15.02,Low
14.93187,78.341,2026-08-08,2114,0.4,300.72,284.01,n,3.48,Low,263.7,261.57,272.65,275.21,14.21,Low
15.18526,76.66817,2026-08-08,2114,0.53,296.14,274.8,n,1.03,Low,299.91,298.73,305.79,305.33,13.13,Low
15.17838,76.67624,2026-08-08,2114,1.0,301.88,276.35,n,4.57,Low,299.98,298.79,305.93,305.44,16.67,Low
15.17765,76.65363,2026-08-08,2114,1.77,315.04,276.89,n,12.46,Low,301.54,300.36,307.37,306.93,24.62,Low
15.17704,76.6567,2026-08-08,2114,0.77,307.58,275.83,n,7.57,Low,301.39,300.21,307.24,306.79,19.73,Low
15.17642,76.65977,2026-08-08,2114,0.77,295.23,275.25,n,0.71,Low,301.24,300.06,307.11,306.65,12.86,Low
15.1377,76.70893,2026-08-08,2114,0.29,295.3,274.45,n,0.38,Low,301.43,300.21,307.7,307.11,12.54,Low
9.75953,77.62386,2026-08-08,2114,0.89,309.37,261.47,n,8.65,Low,840.06,838.0,849.86,850.99,42.44,Low
27.95665,95.6004,2026-08-09,644,9.26,329.31,302.74,l,26.01,Low,2095.35,2092.59,2098.55,2117.14,110.05,High
22.28264,91.77599,2026-08-09,644,3.05,326.7,290.86,n,19.9,Low,1480.95,1477.01,1483.53,1505.4,79.37,Medium
37.35137,95.86098,2026-08-09,646,4.15,344.92,314.21,n,30.85,Low,2777.13,2776.05,2780.53,2790.81,142.1,Critical
37.35072,95.85667,2026-08-09,646,4.15,342.53,312.79,l,29.52,Low,2776.82,2775.74,2780.22,2790.5,140.75,Critical
37.35401,95.8559,2026-08-09,646,4.15,341.97,314.41,l,29.21,Low,2777.04,2775.97,2780.44,2790.72,140.45,Critical
29.30249,90.7239,2026-08-09,646,3.78,338.3,306.49,n,26.89,Low,1802.1,1800.46,1805.76,1819.07,99.16,High
29.66758,91.21227,2026-08-09,646,9.59,339.96,297.9,n,32.17,Low,1864.3,1862.65,1867.95,1881.31,106.93,High
29.678,91.13467,2026-08-09,646,2.75,338.91,301.74,n,26.46,Low,1859.66,1858.03,1863.32,1876.59,101.04,High
29.68395,91.14246,2026-08-09,646,3.29,338.62,303.41,n,26.7,Low,1860.66,1859.03,1864.32,1877.59,101.32,High
29.67816,91.13667,2026-08-09,646,5.34,344.64,300.83,n,31.58,Low,1859.81,1858.18,1863.47,1876.74,106.16,High
29.68417,91.14444,2026-08-09,646,5.13,341.13,303.75,n,29.48,Low,1860.82,1859.18,1864.48,1877.75,104.1,High
29.7055,91.12065,2026-08-09,646,3.27,333.05,302.33,n,23.59,Low,1860.79,1859.17,1864.45,1877.67,98.21,High
9.88524,78.29355,2026-08-09,820,19.84,335.89,295.04,n,37.6,Low,821.99,819.85,830.46,833.52,70.66,Medium
6.92662,81.673,2026-08-09,820,7.72,335.75,292.61,n,28.43,Low,1196.72,1197.96,1205.8,1215.73,76.59,Medium
7.19186,81.74882,2026-08-09,820,6.36,336.07,295.95,n,27.59,Low,1170.92,1172.16,1180.03,1190.24,74.72,Medium
7.19216,81.75013,2026-08-09,820,6.79,332.65,295.76,n,26.01,Low,1170.93,1172.17,1180.04,1190.25,73.14,Medium
7.24969,81.69533,2026-08-09,820,13.0,338.64,295.63,n,33.99,Low,1163.11,1164.34,1172.2,1182.35,80.81,High
7.24903,81.69079,2026-08-09,820,4.99,335.64,290.99,n,26.32,Low,1163.03,1164.27,1172.13,1182.27,73.14,Medium
7.27246,81.6412,2026-08-09,820,3.65,332.87,295.3,n,23.78,Low,1159.0,1160.24,1168.09,1178.15,70.43,Medium
7.47098,81.70876,2026-08-09,820,10.18,343.6,294.69,n,34.64,Low,1140.1,1141.34,1149.21,1159.51,80.54,High
7.46565,81.67219,2026-08-09,820,3.28,334.09,293.58,n,24.18,Low,1139.49,1140.73,1148.6,1158.82,70.06,Medium
7.44688,81.23547,2026-08-09,820,5.73,338.36,290.3,n,28.39,Low,1128.53,1129.76,1137.53,1146.93,73.82,Medium
7.44569,81.23631,2026-08-09,820,5.86,342.07,288.88,n,30.55,Low,1128.68,1129.91,1137.69,1147.08,75.98,Medium
7.54155,80.94489,2026-08-09,820,5.4,334.51,295.75,n,26.0,Low,1110.75,1111.96,1119.68,1128.55,70.71,Medium
7.5681,80.92384,2026-08-09,820,4.36,333.43,298.64,n,24.62,Low,1107.36,1108.58,1116.29,1125.14,69.19,Medium
7.65889,81.14084,2026-08-09,820,8.06,337.46,297.74,n,29.63,Low,1103.23,1104.45,1112.22,1121.55,74.04,Medium
7.69441,81.15324,2026-08-09,820,3.61,332.53,297.55,n,23.56,Low,1099.76,1100.98,1108.76,1118.13,67.84,Medium
7.69379,81.14894,2026-08-09,820,3.61,337.21,299.18,n,26.16,Low,1099.71,1100.93,1108.71,1118.06,70.43,Medium
7.69746,81.14842,2026-08-09,820,3.61,333.75,297.71,n,24.24,Low,1099.3,1100.53,1108.3,1117.66,68.5,Medium
7.93397,81.3446,2026-08-09,820,3.25,330.94,297.31,n,22.4,Low,1079.65,1080.89,1088.72,1098.59,65.88,Medium
8.00115,81.21894,2026-08-09,820,2.61,331.95,293.96,n,22.49,Low,1068.8,1070.03,1077.84,1087.5,65.53,Medium
8.00548,81.22277,2026-08-09,820,4.29,331.67,295.5,n,23.59,Low,1068.45,1069.68,1077.49,1087.16,66.62,Medium
8.1039,81.107,2026-08-09,820,4.61,333.36,292.28,n,24.77,Low,1054.64,1055.87,1063.66,1073.15,67.24,Medium
8.20783,80.57188,2026-08-09,820,3.69,337.75,291.16,n,26.52,Low,1029.94,1031.14,1038.8,1047.23,67.99,Medium
8.20257,80.4487,2026-08-09,820,4.26,338.59,286.71,n,27.41,Low,1027.82,1029.02,1036.64,1044.8,68.79,Medium
8.35285,80.79776,2026-08-09,820,8.24,350.02,298.19,n,36.75,Low,1019.68,1020.9,1028.63,1037.62,77.82,Medium
8.35344,80.7984,2026-08-09,820,9.06,340.16,297.62,n,31.88,Low,1019.63,1020.85,1028.58,1037.57,72.95,Medium
8.2831,80.20823,2026-08-09,820,8.29,347.16,291.85,n,35.2,Low,1014.27,1015.46,1023.01,1030.68,76.03,Medium
8.38241,80.6659,2026-08-09,820,8.36,348.52,288.4,n,36.0,Low,1013.25,1014.46,1022.15,1030.87,76.81,Medium
8.39263,80.66016,2026-08-09,820,12.33,347.48,289.94,n,38.4,Low,1012.01,1013.22,1020.91,1029.62,79.16,Medium
8.67835,80.37698,2026-08-09,820,5.08,335.78,283.81,n,26.47,Low,974.66,975.86,983.49,991.72,65.73,Medium
8.67597,80.36073,2026-08-09,820,3.28,339.48,287.28,n,27.17,Low,974.57,975.77,983.4,991.58,66.42,Medium
8.712250000000001,80.35955,2026-08-09,820,6.61,339.92,292.38,n,29.91,Low,970.61,971.81,979.44,987.64,69.01,Medium
8.71466,80.3596,2026-08-09,820,2.51,331.0,291.55,n,21.88,Low,970.35,971.55,979.18,987.38,60.96,Medium
8.73953,80.40584,2026-08-09,820,3.51,332.52,293.33,n,23.48,Low,968.65,969.85,977.5,985.82,62.5,Medium
8.86085,80.50182,2026-08-09,820,10.71,347.4,287.83,n,37.14,Low,957.69,958.9,966.57,975.18,75.72,Medium
8.87646,80.48267,2026-08-09,820,3.62,332.63,292.76,n,23.62,Low,955.56,956.76,964.44,973.01,62.12,Medium
8.90778,77.70798,2026-08-09,820,1.5,331.91,300.39,n,21.63,Low,933.07,930.99,942.56,944.14,59.14,Medium
8.89835,78.04342,2026-08-09,820,1.95,335.75,298.13,n,24.1,Low,931.87,929.76,940.76,943.22,61.56,Medium
9.27793,79.12687,2026-08-09,820,6.85,335.7,300.72,n,27.75,Low,890.97,890.29,899.29,904.63,63.6,Medium
9.23388,78.68824,2026-08-09,820,2.14,333.0,298.5,n,22.72,Low,894.02,892.3,902.14,906.3,58.67,Medium
9.23726,78.68773,2026-08-09,820,2.14,340.37,299.91,n,26.81,Low,893.64,891.92,901.76,905.93,62.74,Medium
9.25581,78.76631,2026-08-09,820,2.38,338.32,297.49,n,25.85,Low,891.76,890.2,899.89,904.27,61.71,Medium
9.25919,78.76579,2026-08-09,820,1.43,331.52,296.74,n,21.36,Low,891.39,889.82,899.51,903.89,57.21,Medium
9.30707,78.76228,2026-08-09,820,1.64,334.15,300.15,n,22.98,Low,886.08,884.51,894.21,898.58,58.61,Medium
9.64156,80.321,2026-08-09,820,5.12,339.23,292.17,n,28.41,Low,869.09,870.3,877.97,886.58,63.45,Medium
9.40249,77.86951,2026-08-09,820,8.77,344.04,307.92,n,33.82,Low,877.21,875.12,886.48,888.39,69.09,Medium
9.76124,80.20286,2026-08-09,820,3.86,334.41,285.06,n,24.79,Low,853.47,854.67,862.32,870.69,59.2,Medium
9.50695,78.22846,2026-08-09,820,7.49,338.61,304.76,n,29.85,Low,863.95,861.82,872.53,875.43,64.59,Medium
9.55556,77.81236,2026-08-09,820,12.87,341.93,308.12,n,35.72,Low,860.75,858.67,870.15,871.87,70.33,Medium
9.65162,78.06435,2026-08-09,820,3.22,337.75,304.25,n,26.16,Low,848.54,846.43,857.46,859.88,60.28,Medium
9.83043,78.55554,2026-08-09,820,1.93,330.15,294.59,n,20.98,Low,827.93,825.96,836.04,839.87,54.28,Medium
9.80894,78.38943,2026-08-09,820,2.49,336.39,302.68,n,24.86,Low,830.34,828.19,838.61,841.95,58.25,Medium
9.88578,78.29712,2026-08-09,820,19.84,347.52,298.6,n,44.06,Medium,821.92,819.79,830.38,833.46,77.12,Medium
10.9494,78.43846,2026-08-09,820,2.47,338.87,302.18,n,26.22,Low,704.2,702.05,712.38,715.86,54.56,Medium
10.70734,79.56654,2026-08-09,820,16.49,347.98,273.54,n,41.8,Medium,738.44,739.4,747.08,754.17,71.59,Medium
10.8716,79.0443,2026-08-09,820,10.47,352.09,303.67,n,39.57,Low,714.48,713.92,722.81,728.31,68.37,Medium
10.96547,78.87568,2026-08-09,820,4.12,336.29,280.52,n,26.03,Low,703.12,702.05,711.34,716.3,54.36,Medium
6.83105,81.75486,2026-08-09,820,3.36,331.89,286.65,n,23.01,Low,1209.38,1210.62,1218.47,1228.49,71.68,Medium
15.6994,76.64658,2026-08-09,822,4.95,338.0,300.19,n,27.6,Low,259.13,258.25,262.58,262.84,38.03,Low
11.19703,78.23231,2026-08-09,822,5.29,336.41,302.37,n,26.97,Low,677.05,674.93,685.76,688.51,54.23,Medium
12.07076,79.81661,2026-08-09,822,4.54,338.9,297.28,n,27.79,Low,594.81,596.02,603.71,612.57,51.86,Medium
12.71801,77.46906,2026-08-09,822,8.87,339.87,298.49,n,31.58,Low,518.4,516.45,529.63,528.61,52.51,Medium
13.35524,76.1264,2026-08-09,822,2.36,334.62,298.38,n,23.78,Low,501.7,500.23,510.03,508.83,43.99,Low
13.35856,76.12586,2026-08-09,822,2.36,335.1,294.9,n,24.05,Low,501.41,499.94,509.73,508.54,44.25,Low
14.49981,79.59328,2026-08-09,822,3.06,337.67,297.07,n,26.0,Low,329.12,330.37,338.29,349.54,39.47,Low
15.26647,79.7698,2026-08-09,822,2.71,336.78,296.89,n,25.24,Low,258.82,260.1,268.2,282.65,35.94,Low
15.05902,77.04708,2026-08-09,822,5.8100000000000005,337.61,300.3,n,28.03,Low,288.69,287.24,296.96,295.74,39.72,Low
15.57389,79.7675,2026-08-09,822,3.73,335.75,298.55,n,25.44,Low,229.43,230.71,238.82,254.42,34.97,Low
15.11534,76.20264,2026-08-09,822,4.95,343.73,298.5,n,30.78,Low,338.55,337.58,342.57,342.69,44.39,Low
15.58949,79.25832,2026-08-09,822,6.62,343.05,299.58,n,31.66,Low,203.43,204.68,212.64,224.67,40.11,Low
15.94282,77.87696,2026-08-09,822,4.61,333.12,301.75,n,24.64,Low,161.85,160.12,173.07,170.82,31.3,Low
15.86068,76.55389,2026-08-09,822,2.28,333.95,298.79,n,23.35,Low,254.7,253.98,256.76,257.43,33.58,Low
15.86455,76.55697,2026-08-09,822,2.28,336.54,300.89,n,24.79,Low,254.17,253.45,256.22,256.89,35.0,Low
15.86401,76.55335,2026-08-09,822,2.28,341.33,299.62,n,27.45,Low,254.51,253.79,256.55,257.22,37.67,Low
16.28229,77.94062,2026-08-09,822,1.82,332.97,295.16,n,22.46,Low,124.43,122.79,135.08,132.98,27.61,Low
16.931820000000002,80.82512,2026-08-09,822,1.84,334.89,289.57,n,23.54,Low,240.44,241.33,246.26,269.24,33.51,Low
16.87387,76.99135,2026-08-09,822,1.83,331.58,295.38,n,21.69,Low,153.42,152.46,152.84,155.03,27.83,Low
16.87724,76.99081,2026-08-09,822,3.0,333.41,295.37,n,23.59,Low,153.3,152.34,152.72,154.9,29.72,Low
21.74523,83.8415,2026-08-09,824,10.2,357.33,287.79,l,42.28,Medium,726.83,724.55,730.23,747.09,71.57,Medium
21.74558,83.84499,2026-08-09,824,13.51,348.88,287.87,n,40.07,Medium,727.14,724.85,730.53,747.4,69.37,Medium
31.53647,70.73714,2026-08-09,826,1.61,330.33,301.25,l,20.84,Low,1727.17,1726.15,1726.2,1728.95,89.92,High
30.91877,71.95527,2026-08-09,826,2.3,335.14,298.62,n,24.02,Low,1614.35,1613.36,1613.4,1616.05,88.59,High
30.89644,73.2084,2026-08-09,826,4.04,331.57,302.55,l,23.35,Low,1566.24,1565.3,1565.34,1567.81,86.0,High
30.89251,73.20496,2026-08-09,826,3.85,330.43,302.12,l,22.57,Low,1565.94,1565.01,1565.04,1567.51,85.2,High
30.74251,72.91972,2026-08-09,826,6.66,330.09,301.36,l,24.49,Low,1560.13,1559.18,1559.21,1561.74,86.89,High
30.11512,71.60341,2026-08-09,826,0.77,333.26,299.13,n,21.83,Low,1549.13,1548.1,1548.16,1550.9,83.79,High
34.00609,71.46138,2026-08-09,828,1.22,330.72,303.53,l,20.76,Low,1947.11,1946.16,1946.2,1948.71,98.64,High
29.22542,88.34853,2026-08-09,1910,1.72,300.65,284.09,n,4.43,Low,1638.55,1637.35,1642.32,1653.07,70.14,Medium
23.72358,86.43977,2026-08-09,1913,3.39,304.84,283.74,n,8.01,Low,1072.11,1069.83,1075.51,1092.21,51.11,Medium
23.67829,86.09538,2026-08-09,1913,1.6800000000000002,303.21,283.72,n,5.82,Low,1041.71,1039.54,1045.15,1061.43,47.7,Low
23.67917,86.08173,2026-08-09,1913,5.35,308.47,283.66,n,11.5,Low,1040.71,1038.53,1044.14,1060.4,53.34,Medium
23.77668,86.38493,2026-08-09,1913,4.09,303.03,283.49,n,7.53,Low,1071.44,1069.21,1074.86,1091.38,50.6,Medium
22.36211,87.01589,2026-08-09,1913,2.38,305.84,281.24,n,7.81,Low,1035.97,1032.84,1039.0,1059.2,49.48,Low
23.73755,86.43457,2026-08-09,1913,2.18,301.63,283.46,n,5.32,Low,1072.66,1070.39,1076.07,1092.73,48.44,Low
23.77515,86.38584,2026-08-09,1913,5.89,302.55,283.02,n,8.61,Low,1071.41,1069.17,1074.83,1091.35,51.68,Medium
23.7766,86.36593,2026-08-09,1913,3.79,303.26,283.33,n,7.43,Low,1069.94,1067.71,1073.35,1089.84,50.44,Medium
23.72545,86.43877,2026-08-09,1913,2.72,303.96,283.53,n,7.02,Low,1072.16,1069.88,1075.56,1092.26,50.12,Medium
23.69268,87.12355,2026-08-09,1913,3.42,302.44,281.23,n,6.7,Low,1125.5,1122.99,1128.81,1146.5,51.94,Medium
22.36856,87.01659,2026-08-09,1913,1.6,301.8,281.31,n,4.98,Low,1036.39,1033.27,1039.42,1059.61,46.67,Low
22.36279,87.01665,2026-08-09,1913,2.89,310.07,280.9,n,10.54,Low,1036.07,1032.95,1039.1,1059.3,52.21,Medium
22.78946,86.20515,2026-08-09,1913,3.0,299.41,281.43,n,4.7,Low,990.9,988.24,994.14,1012.46,44.56,Low
23.60814,85.67458,2026-08-09,1913,2.14,301.04,282.98,n,4.96,Low,1003.99,1001.94,1007.47,1023.23,45.33,Low
23.64419,85.44029,2026-08-09,1913,2.76,303.65,283.05,n,6.88,Low,988.8,986.86,992.32,1007.6,46.64,Low
23.65178,85.43373,2026-08-09,1913,2.09,303.24,282.76,n,6.15,Low,988.87,986.93,992.39,1007.64,45.91,Low
23.56024,87.23846,2026-08-09,1913,4.18,307.75,281.33,n,10.22,Low,1126.53,1123.91,1129.79,1147.88,55.5,Medium
23.61382,86.79093,2026-08-09,1913,1.0,301.45,283.76,n,4.33,Low,1093.01,1090.56,1096.34,1113.75,48.27,Low
23.6142,86.78581,2026-08-09,1913,1.0,300.2,283.27,n,3.64,Low,1092.62,1090.17,1095.95,1113.35,47.56,Low
23.679,86.08202,2026-08-09,1913,4.5,310.64,283.37,n,12.06,Low,1040.72,1038.54,1044.16,1060.41,53.9,Medium
29.37353,91.14912,2026-08-09,2051,1.72,296.0,279.61,n,1.85,Low,1837.51,1835.81,1841.14,1854.78,75.54,Medium
29.37619,91.15083,2026-08-09,2051,2.03,301.85,280.72,n,5.33,Low,1837.83,1836.13,1841.46,1855.1,79.04,Medium
29.22537,88.34882,2026-08-09,2051,1.23,304.73,283.11,n,6.33,Low,1638.57,1637.36,1642.33,1653.08,72.04,Medium
29.22488,88.34971,2026-08-09,2051,1.28,305.89,282.82,n,7.01,Low,1638.58,1637.37,1642.35,1653.1,72.72,Medium
29.47577,76.85696,2026-08-09,2051,0.61,307.79,287.48,n,7.56,Low,1330.6,1329.35,1329.89,1331.76,60.78,Medium
30.09282,71.3667,2026-08-09,2051,1.08,311.7,295.21,n,10.09,Low,1557.59,1556.56,1556.61,1559.39,72.39,Medium
28.74297,76.93353,2026-08-09,2051,0.94,308.59,287.86,n,8.25,Low,1249.06,1247.81,1248.34,1250.21,58.2,Medium
28.37205,77.22668,2026-08-09,2051,0.97,305.23,287.46,n,6.41,Low,1205.21,1203.94,1204.52,1206.33,54.61,Medium
34.15973,77.6091,2026-08-09,2051,0.61,303.4,284.25,n,5.12,Low,1842.53,1842.06,1842.76,1844.41,78.84,Medium
33.68818,72.70954,2026-08-09,2051,3.05,309.12,293.35,n,10.13,Low,1873.89,1872.93,1873.02,1875.4,85.08,High
33.27439,71.58952,2026-08-09,2051,1.04,318.46,294.71,n,13.81,Low,1867.52,1866.56,1866.6,1869.14,88.51,High
33.27035,71.58929,2026-08-09,2051,1.04,316.72,294.69,n,12.85,Low,1867.11,1866.16,1866.19,1868.73,87.53,High
33.27303,71.59341,2026-08-09,2051,5.23,316.26,295.1,n,15.73,Low,1867.24,1866.29,1866.32,1868.86,90.42,High
21.98404,83.23331,2026-08-09,2053,0.63,313.26,286.97,n,10.62,Low,697.88,696.05,701.45,716.16,38.74,Low
21.92497,83.3391,2026-08-09,2053,2.53,319.32,287.43,n,15.41,Low,701.16,699.26,704.7,719.86,43.66,Low
21.92297,83.34842,2026-08-09,2053,1.99,305.39,287.4,n,7.26,Low,701.71,699.8,705.24,720.43,35.53,Low
21.76745,84.01727,2026-08-09,2053,1.45,308.2,286.56,n,8.42,Low,742.5,740.14,745.86,763.03,38.34,Low
21.7667,84.02068,2026-08-09,2053,1.45,311.13,286.49,n,10.05,Low,742.72,740.36,746.08,763.27,39.97,Low
21.76148,84.01937,2026-08-09,2053,1.97,309.95,286.62,n,9.78,Low,742.25,739.89,745.62,762.81,39.69,Low
21.76073,84.02281,2026-08-09,2053,1.14,305.64,286.79,n,6.77,Low,742.48,740.11,745.84,763.04,36.68,Low
21.7555,84.02152,2026-08-09,2053,1.14,304.3,286.65,n,6.02,Low,742.01,739.64,745.37,762.59,35.92,Low
21.75475,84.02496,2026-08-09,2053,1.14,311.48,286.61,n,10.01,Low,742.24,739.87,745.6,762.82,39.92,Low
21.77686,83.8248,2026-08-09,2053,2.22,317.02,286.71,n,13.9,Low,727.74,725.48,731.15,747.88,43.22,Low
21.76645,83.84737,2026-08-09,2053,0.74,304.54,284.25,n,5.86,Low,728.8,726.52,732.2,749.01,35.23,Low
21.76204,83.84266,2026-08-09,2053,0.74,302.22,281.94,n,4.57,Low,728.11,725.84,731.51,748.33,33.91,Low
21.75613,83.84473,2026-08-09,2053,1.57,331.1,282.29,n,21.23,Low,727.86,725.58,731.26,748.1,50.56,Medium
21.75689,83.84132,2026-08-09,2053,1.57,306.24,282.08,n,7.42,Low,727.64,725.36,731.04,747.87,36.74,Low
21.75098,83.84337,2026-08-09,2053,1.57,321.57,281.66,n,15.94,Low,727.39,725.11,730.78,747.64,45.25,Low
21.75174,83.83995,2026-08-09,2053,1.57,301.66,279.99,n,4.88,Low,727.17,724.89,730.57,747.41,34.18,Low
21.74584,83.84196,2026-08-09,2053,4.53,367.0,282.41,h,43.4,Medium,726.91,724.63,730.31,747.17,72.69,Medium
21.7466,83.83854,2026-08-09,2053,4.53,303.08,279.54,n,7.89,Low,726.69,724.41,730.09,746.94,37.17,Low
21.74508,83.84539,2026-08-09,2053,2.07,304.62,282.25,n,6.9,Low,727.13,724.85,730.53,747.4,36.2,Low
21.7407,83.84058,2026-08-09,2053,4.53,308.79,281.73,n,11.06,Low,726.44,724.15,729.84,746.71,40.33,Low
21.73995,83.84397,2026-08-09,2053,2.07,303.18,281.42,n,6.1,Low,726.66,724.37,730.05,746.94,35.38,Low
21.69786,84.03272,2026-08-09,2053,0.95,300.38,286.1,n,3.7,Low,738.96,736.54,742.3,759.71,33.48,Low
21.7454,83.84225,2026-08-09,2053,4.43,367.0,282.45,h,43.32,Medium,726.9,724.62,730.3,747.17,72.61,Medium
21.74613,83.83881,2026-08-09,2053,4.43,302.67,279.07,n,7.58,Low,726.68,724.4,730.08,746.93,36.86,Low
21.74466,83.84566,2026-08-09,2053,2.16,304.79,281.94,n,7.06,Low,727.12,724.84,730.52,747.39,36.36,Low
21.74026,83.84083,2026-08-09,2053,4.43,303.89,280.66,n,8.26,Low,726.43,724.14,729.82,746.7,37.53,Low
21.73952,83.84424,2026-08-09,2053,2.16,301.74,279.15,n,5.36,Low,726.65,724.36,730.04,746.93,34.64,Low
21.80161,82.04208,2026-08-09,2053,1.46,298.97,286.53,n,3.3,Low,600.8,599.52,604.58,616.16,27.51,Low
20.98613,85.13412,2026-08-09,2053,1.25,307.17,284.57,n,7.7,Low,791.7,788.36,794.61,815.67,39.6,Low
20.97851,85.16796,2026-08-09,2053,2.42,303.53,284.78,n,6.55,Low,794.41,791.05,797.31,818.39,38.56,Low
20.97757,85.17213,2026-08-09,2053,1.67,306.64,284.05,n,7.72,Low,794.74,791.38,797.65,818.73,39.75,Low
20.98047,85.13264,2026-08-09,2053,2.63,309.35,284.93,n,9.94,Low,791.27,787.92,794.18,815.24,41.83,Low
20.97952,85.13689,2026-08-09,2053,2.03,304.81,284.8,n,6.97,Low,791.61,788.26,794.52,815.58,38.87,Low
20.97097,85.17477,2026-08-09,2053,1.6800000000000002,306.12,282.96,n,7.44,Low,794.64,791.27,797.54,818.63,39.46,Low
20.9672,85.16487,2026-08-09,2053,3.5700000000000003,305.74,284.02,n,8.64,Low,793.54,790.17,796.44,817.52,40.62,Low
20.96626,85.16904,2026-08-09,2053,1.6800000000000002,306.44,285.1,n,7.62,Low,793.87,790.5,796.77,817.86,39.61,Low
20.96531,85.17321,2026-08-09,2053,1.6800000000000002,303.02,282.73,n,5.72,Low,794.21,790.84,797.11,818.2,37.72,Low
21.57739,82.02422,2026-08-09,2053,0.74,303.84,287.59,n,5.47,Low,580.25,578.86,584.0,596.24,28.86,Low
21.57567,82.02277,2026-08-09,2053,1.36,305.27,287.38,n,6.73,Low,580.01,578.62,583.75,595.99,30.11,Low
20.79585,85.25479,2026-08-09,2053,4.58,322.38,283.66,n,18.65,Low,793.21,789.71,796.04,817.32,50.61,Medium
23.31598,70.48666,2026-08-09,2053,1.34,304.72,287.01,n,6.41,Low,1033.25,1032.0,1032.12,1035.59,47.74,Low
15.17016,76.66847,2026-08-09,2053,1.7000000000000002,305.37,288.79,n,7.04,Low,301.21,300.02,307.15,306.67,19.19,Low
23.26503,70.2586,2026-08-09,2053,0.45,300.98,283.85,n,3.66,Low,1048.71,1047.45,1047.57,1051.06,45.61,Low
21.29874,81.60884,2026-08-09,2053,1.09,301.03,280.22,n,4.17,Low,529.3,528.03,533.08,544.67,25.52,Low
21.18384,81.38453,2026-08-09,2053,2.28,308.14,287.48,n,9.01,Low,505.12,503.95,508.92,519.97,29.39,Low
22.93463,69.69802,2026-08-09,2053,1.61,308.32,292.47,n,8.61,Low,1075.87,1074.6,1074.73,1078.26,51.64,Medium
22.33633,69.86706,2026-08-09,2053,0.94,296.59,276.09,n,1.59,Low,1026.87,1025.6,1025.74,1029.28,42.66,Low
22.41452,69.03976,2026-08-09,2053,2.56,305.86,291.91,n,7.95,Low,1105.8,1104.53,1104.67,1108.23,52.18,Medium
21.10748,72.64737,2026-08-09,2053,2.5,337.04,284.79,n,25.23,Low,710.35,709.08,709.21,712.74,53.64,Medium
21.10862,72.63972,2026-08-09,2053,0.95,304.99,281.09,n,6.26,Low,711.08,709.82,709.95,713.48,34.7,Low
21.10805,72.64354,2026-08-09,2053,2.5,305.64,281.4,n,7.79,Low,710.72,709.45,709.58,713.11,36.22,Low
21.10411,72.6468,2026-08-09,2053,2.5,327.81,281.03,n,20.1,Low,710.2,708.93,709.06,712.59,48.51,Low
21.10583,72.63531,2026-08-09,2053,0.95,301.51,276.58,n,4.33,Low,711.3,710.03,710.17,713.7,32.78,Low
21.10468,72.64297,2026-08-09,2053,2.5,304.37,279.26,n,7.08,Low,710.56,709.3,709.43,712.96,35.5,Low
21.10246,72.63474,2026-08-09,2053,2.43,334.79,276.12,n,23.93,Low,711.15,709.88,710.01,713.54,52.38,Medium
21.10189,72.63857,2026-08-09,2053,2.43,299.87,277.11,n,4.53,Low,710.78,709.51,709.65,713.18,32.96,Low
21.05607,72.85309,2026-08-09,2053,0.73,308.76,281.79,n,8.19,Low,689.35,688.08,688.21,691.74,35.76,Low
21.05272,72.85251,2026-08-09,2053,0.73,305.92,281.49,n,6.61,Low,689.19,687.93,688.06,691.58,34.18,Low
23.55756,87.23849,2026-08-09,2053,6.46,331.11,283.93,n,24.91,Low,1126.36,1123.74,1129.62,1147.71,70.18,Medium
23.5581,87.23757,2026-08-09,2053,3.94,320.15,283.53,n,16.93,Low,1126.32,1123.7,1129.58,1147.67,62.2,Medium
23.55688,87.24264,2026-08-09,2053,3.94,319.62,283.57,n,16.63,Low,1126.66,1124.05,1129.93,1148.02,61.92,Medium
23.70715,86.07474,2026-08-09,2053,1.54,309.27,285.3,n,9.08,Low,1042.15,1039.99,1045.59,1061.78,50.98,Medium
23.78739,85.55407,2026-08-09,2053,1.76,304.64,284.95,n,6.68,Low,1008.06,1006.13,1011.59,1026.76,47.21,Low
23.78459,85.56609,2026-08-09,2053,1.71,303.32,285.25,n,5.9,Low,1008.76,1006.82,1012.28,1027.48,46.45,Low
23.69682,85.37211,2026-08-09,2053,2.51,312.73,285.43,n,11.73,Low,987.62,985.72,991.16,1006.2,51.44,Medium
23.69139,85.37067,2026-08-09,2053,1.02,301.7,284.11,n,4.49,Low,987.1,985.2,990.64,1005.7,44.18,Low
23.6982,85.36979,2026-08-09,2053,0.75,304.83,285.52,n,6.02,Low,987.55,985.65,991.09,1006.13,45.72,Low
23.69277,85.36834,2026-08-09,2053,0.75,301.77,284.98,n,4.32,Low,987.03,985.13,990.57,1005.62,44.0,Low
23.69188,85.37228,2026-08-09,2053,0.75,300.95,283.39,n,3.87,Low,987.26,985.35,990.8,1005.85,43.56,Low
23.68279,85.36151,2026-08-09,2053,1.0,303.63,285.34,n,5.54,Low,985.77,983.86,989.31,1004.36,45.17,Low
23.82163,84.57192,2026-08-09,2053,1.6800000000000002,296.02,282.73,n,1.83,Low,939.67,938.08,943.34,956.57,39.61,Low
24.18504,82.65644,2026-08-09,2053,1.5,305.11,288.06,n,6.74,Low,854.81,854.19,857.29,866.53,41.07,Low
24.17704,82.64884,2026-08-09,2053,1.95,304.12,288.36,n,6.53,Low,853.65,853.03,856.13,865.37,40.81,Low
24.17747,82.65152,2026-08-09,2053,1.92,309.63,288.57,n,9.57,Low,853.83,853.21,856.31,865.55,43.86,Low
25.94221,72.19034,2026-08-09,2053,0.98,297.05,251.72,n,1.87,Low,1122.83,1121.71,1121.78,1124.83,46.78,Low
26.09499,68.87696,2026-08-09,2053,0.93,311.21,294.85,n,9.7,Low,1355.66,1354.45,1354.55,1357.9,63.93,Medium
22.57261,85.8962,2026-08-09,2053,2.37,315.67,284.87,n,13.26,Low,951.12,948.45,954.36,972.73,51.53,Medium
23.5636,87.24025,2026-08-09,2053,3.77,311.73,283.68,n,12.12,Low,1126.89,1124.28,1130.15,1148.24,57.42,Medium
18.57864,72.24078,2026-08-09,2053,2.83,324.38,293.14,n,18.44,Low,647.82,646.61,646.78,650.24,44.35,Low
18.57529,72.24021,2026-08-09,2053,2.83,312.1,292.74,n,11.62,Low,647.82,646.61,646.78,650.24,37.53,Low
15.3384,76.28057,2026-08-09,2053,1.24,319.07,282.8,n,14.3,Low,315.13,314.23,318.56,318.85,26.97,Low
15.33398,76.28428,2026-08-09,2053,0.61,301.8,280.59,n,4.24,Low,315.19,314.29,318.65,318.93,16.91,Low
15.02215,78.01655,2026-08-09,2053,1.21,309.3,290.87,n,8.85,Low,256.99,255.01,267.94,267.54,19.32,Low
15.33284,76.24754,2026-08-09,2053,0.67,304.58,286.14,n,5.82,Low,318.11,317.22,321.42,321.74,18.6,Low
15.17859,77.10164,2026-08-09,2053,0.93,303.55,286.08,n,5.45,Low,274.3,272.87,282.5,281.3,16.56,Low
15.17477,77.1009,2026-08-09,2053,0.93,304.35,286.31,n,5.89,Low,274.71,273.27,282.92,281.71,17.02,Low
15.22696,76.76333,2026-08-09,2053,1.96,317.11,291.42,n,13.75,Low,290.02,288.81,296.23,295.67,25.46,Low
15.18752,76.65742,2026-08-09,2053,1.82,305.57,289.22,n,7.24,Low,300.43,299.25,306.25,305.8,19.36,Low
15.18005,76.65598,2026-08-09,2053,1.25,305.06,288.25,n,6.53,Low,301.17,300.0,307.01,306.56,18.68,Low
15.176,76.67924,2026-08-09,2053,2.26,303.56,288.93,n,6.45,Low,299.99,298.8,305.96,305.47,18.55,Low
15.17357,76.69316,2026-08-09,2053,0.94,307.58,288.66,n,7.69,Low,299.29,298.09,305.34,304.83,19.77,Low
15.17632,76.65526,2026-08-09,2053,1.92,316.1,289.35,n,13.16,Low,301.54,300.37,307.4,306.94,25.32,Low
15.17551,76.65991,2026-08-09,2053,1.92,309.43,288.44,n,9.46,Low,301.31,300.13,307.18,306.72,21.61,Low
22.57268,85.89642,2026-08-09,2053,2.38,315.22,285.1,n,13.02,Low,951.14,948.48,954.38,972.75,51.29,Medium
25.3894,68.57915,2026-08-09,2053,1.39,309.02,293.58,n,8.83,Low,1327.22,1325.99,1326.1,1329.52,61.92,Medium
25.3889,68.5837,2026-08-09,2053,1.21,316.63,293.58,n,12.92,Low,1326.83,1325.6,1325.71,1329.13,65.99,Medium
22.06459,83.70384,2026-08-09,2053,0.62,299.4,285.57,n,2.91,Low,739.26,737.26,742.76,758.4,32.69,Low
22.01604,83.75397,2026-08-09,2053,0.71,302.39,286.91,n,4.64,Low,739.5,737.44,742.98,758.87,34.43,Low
21.96346,83.77216,2026-08-09,2053,0.98,306.88,287.27,n,7.33,Low,737.04,734.94,740.51,756.59,37.02,Low
21.96713,83.77322,2026-08-09,2053,0.96,306.19,287.2,n,6.94,Low,737.39,735.29,740.86,756.93,36.64,Low
22.04151,83.35121,2026-08-09,2053,0.62,306.0,287.01,n,6.58,Low,711.02,709.17,714.58,729.43,35.22,Low
22.04084,83.35434,2026-08-09,2053,0.62,305.59,287.39,n,6.35,Low,711.2,709.35,714.76,729.62,35.0,Low
22.03652,83.35001,2026-08-09,2053,0.9,309.81,286.96,n,8.9,Low,710.55,708.7,714.11,728.97,37.52,Low
22.03585,83.35313,2026-08-09,2053,0.9,302.69,287.24,n,4.95,Low,710.72,708.87,714.29,729.16,33.58,Low
22.03518,83.35629,2026-08-09,2053,1.37,303.07,287.39,n,5.51,Low,710.91,709.05,714.47,729.35,34.15,Low
22.03383,83.36263,2026-08-09,2053,0.93,302.33,287.23,n,4.77,Low,711.27,709.41,714.83,729.73,33.42,Low
22.03315,83.36578,2026-08-09,2053,0.93,309.35,287.56,n,8.67,Low,711.45,709.59,715.01,729.92,37.33,Low
21.85959,83.96744,2026-08-09,2053,0.85,305.11,286.95,n,6.25,Low,744.94,742.66,748.34,765.14,36.26,Low
21.98326,83.23328,2026-08-09,2053,1.54,308.46,286.98,n,8.63,Low,697.81,695.99,701.39,716.1,36.74,Low
21.9223,83.35155,2026-08-09,2053,1.99,327.47,287.99,n,19.53,Low,701.89,699.98,705.43,720.62,47.81,Low
21.36524,81.67861,2026-08-09,2053,1.74,305.57,287.26,n,7.18,Low,539.55,538.27,543.33,554.97,28.94,Low
18.68412,73.03049,2026-08-09,2055,1.37,310.97,289.69,n,9.9,Low,568.12,566.89,567.05,570.55,32.63,Low
20.86897,70.56341,2026-08-09,2055,1.22,304.13,288.58,n,5.99,Low,889.68,888.41,888.55,892.13,41.58,Low
18.95695,73.94106,2026-08-09,2055,0.43,304.84,289.53,n,5.79,Low,483.36,482.1,482.26,485.82,25.13,Low
19.17647,70.94337,2026-08-09,2055,2.67,304.83,289.45,n,7.46,Low,794.51,793.27,793.44,796.95,39.24,Low
18.68744,73.03105,2026-08-09,2055,1.37,310.64,291.63,n,9.72,Low,568.13,566.91,567.07,570.57,32.45,Low
9.71063,77.60217,2026-08-09,2055,3.01,307.3,290.09,n,9.09,Low,845.68,843.63,855.51,856.59,43.1,Low
9.71142,77.59763,2026-08-09,2055,3.01,326.39,289.48,n,19.7,Low,845.64,843.59,855.48,856.55,53.71,Medium
9.7151,77.60211,2026-08-09,2055,3.01,318.67,289.84,n,15.41,Low,845.19,843.14,855.02,856.1,49.4,Low
9.71592,77.59735,2026-08-09,2055,3.01,333.99,290.27,n,23.92,Low,845.15,843.1,854.99,856.06,57.91,Medium
9.71963,77.60168,2026-08-09,2055,0.8300000000000001,307.9,288.83,n,7.79,Low,844.69,842.64,854.53,855.61,41.76,Low
9.72244,77.61123,2026-08-09,2055,3.78,314.72,289.24,n,13.79,Low,844.28,842.23,854.1,855.2,47.75,Low
9.72325,77.60651,2026-08-09,2055,3.78,334.47,289.84,n,24.76,Low,844.24,842.19,854.07,855.16,58.72,Medium
9.71238,77.60028,2026-08-09,2055,5.68,342.1,290.56,n,30.43,Low,845.51,843.46,855.34,856.42,64.44,Medium
9.71691,77.59991,2026-08-09,2055,5.68,322.27,289.49,n,19.41,Low,845.01,842.96,854.85,855.93,53.4,Medium
9.71971,77.60912,2026-08-09,2055,1.92,316.36,289.45,n,13.31,Low,844.6,842.55,854.42,855.52,47.28,Low
9.72057,77.60439,2026-08-09,2055,1.92,325.17,289.69,n,18.2,Low,844.56,842.51,854.39,855.48,52.17,Medium
9.72415,77.60929,2026-08-09,2055,1.92,319.58,289.29,n,15.1,Low,844.11,842.06,853.93,855.03,49.05,Low
9.725,77.60458,2026-08-09,2055,1.92,302.41,288.54,n,5.56,Low,844.07,842.02,853.9,854.99,39.51,Low
10.41551,77.10945,2026-08-09,2055,2.55,320.29,287.16,n,15.96,Low,775.96,774.0,786.96,786.26,47.19,Low
23.95202,97.65089,2026-08-10,625,3.55,328.56,291.73,n,21.31,Low,2110.41,2106.46,2112.98,2134.87,105.96,High
25.23627,97.25916,2026-08-10,625,2.92,327.99,292.39,n,20.52,Low,2117.24,2113.59,2119.99,2141.45,105.44,High
27.26478,97.50578,2026-08-10,627,1.65,326.33,294.46,n,18.64,Low,2226.74,2223.57,2229.75,2249.99,107.94,High
6.11241,81.09345,2026-08-10,758,4.57,339.02,298.34,n,27.88,Low,1268.58,1269.79,1277.47,1285.99,78.9,Medium
6.23674,80.99846,2026-08-10,758,5.44,335.42,300.13,n,26.54,Low,1252.95,1254.15,1261.82,1270.22,76.93,Medium
6.75074,81.74324,2026-08-10,758,10.85,354.65,290.31,n,41.28,Medium,1217.56,1218.8,1226.64,1236.6,90.28,High
8.66093,81.11579,2026-08-10,801,3.44,330.25,299.71,l,22.16,Low,995.43,996.67,1004.49,1014.34,62.27,Medium
8.56523,80.44241,2026-08-10,801,5.48,340.41,300.39,n,29.34,Low,988.34,989.55,997.19,1005.51,69.15,Medium
8.58914,80.54917,2026-08-10,801,7.15,345.35,301.95,l,33.33,Low,988.16,989.37,997.04,1005.61,73.13,Medium
8.65186,80.48193,2026-08-10,801,6.71,339.28,303.0,n,29.63,Low,979.84,981.04,988.7,997.15,69.1,Medium
8.68488,80.46899,2026-08-10,801,4.33,334.26,300.72,l,25.06,Low,975.97,977.18,984.84,993.27,64.37,Medium
8.678840000000001,80.29721,2026-08-10,801,2.98,335.32,297.9,n,24.63,Low,972.94,974.13,981.74,989.78,63.82,Medium
8.84993,80.89687,2026-08-10,801,5.9,333.39,302.86,l,25.75,Low,968.96,970.19,977.97,987.46,64.8,Medium
8.86749,80.58756,2026-08-10,801,3.17,334.47,298.83,l,24.31,Low,959.01,960.22,967.93,976.73,62.95,Medium
8.86692,80.58389,2026-08-10,801,3.17,337.39,298.86,l,25.93,Low,958.98,960.2,967.9,976.69,64.57,Medium
8.66499,77.87334,2026-08-10,801,6.53,340.85,301.71,n,30.37,Low,958.59,956.5,967.76,969.81,68.9,Medium
9.1559,80.68771,2026-08-10,801,6.05,337.55,301.25,l,28.18,Low,930.5,931.72,939.47,948.68,65.68,Medium
8.74038,77.72398,2026-08-10,801,2.94,332.77,301.52,n,23.19,Low,951.39,949.31,960.83,962.48,61.43,Medium
9.11507,77.54341,2026-08-10,801,5.08,346.35,301.99,n,32.34,Low,911.86,909.81,921.69,922.78,69.0,Medium
9.42565,78.80767,2026-08-10,801,8.7,336.8,299.57,l,29.75,Low,873.1,871.64,881.24,885.75,64.87,Medium
9.53488,78.5205,2026-08-10,801,2.49,330.49,300.86,l,21.58,Low,860.63,858.58,868.74,872.46,56.18,Medium
9.65848,78.09887,2026-08-10,801,5.64,336.36,304.93,n,27.21,Low,847.62,845.51,856.48,859.0,61.3,Medium
9.65751,78.09645,2026-08-10,801,4.57,338.99,304.84,n,27.87,Low,847.74,845.63,856.6,859.11,61.96,Medium
9.70958,77.59943,2026-08-10,801,6.59,339.29,295.83,n,29.55,Low,845.82,843.77,855.66,856.74,63.57,Medium
9.67706,77.40768,2026-08-10,801,27.78,353.93,300.22,n,53.57,Medium,851.78,849.75,861.97,862.51,87.83,High
9.90223,78.1714,2026-08-10,801,2.8,335.02,302.49,n,24.33,Low,820.41,818.29,829.13,831.83,57.33,Medium
10.007,78.03323,2026-08-10,801,19.23,355.73,303.39,n,48.16,Medium,809.43,807.32,818.45,820.73,80.72,High
10.40051,79.41708,2026-08-10,801,8.13,346.89,298.99,n,34.93,Low,770.05,770.45,778.58,785.08,65.97,Medium
11.73288,79.25768,2026-08-10,801,6.5600000000000005,339.42,303.89,n,29.6,Low,621.65,622.08,630.17,636.75,54.71,Medium
12.09698,79.78356,2026-08-10,801,8.28,346.95,296.78,n,35.07,Low,591.2,592.41,600.09,608.85,59.0,Medium
12.56739,76.95238,2026-08-10,801,6.39,341.37,296.74,n,30.55,Low,547.94,546.11,559.62,557.32,52.66,Medium
14.25999,80.11745,2026-08-10,801,7.87,337.94,303.7,l,29.76,Low,375.06,376.33,384.4,397.74,45.1,Low
13.99028,79.82359,2026-08-10,801,9.45,345.75,302.37,n,35.28,Low,390.53,391.78,399.72,411.13,51.21,Medium
7.24348,81.25483,2026-08-10,801,4.29,333.67,298.08,l,24.7,Low,1150.85,1152.08,1159.85,1169.18,71.02,Medium
7.33924,81.19566,2026-08-10,801,7.25,330.99,303.28,l,25.43,Low,1138.99,1140.21,1147.97,1157.24,71.27,Medium
8.2479,80.687,2026-08-10,801,2.23,331.95,299.67,l,22.2,Low,1028.27,1029.48,1037.17,1045.87,63.61,Medium
8.28735,80.1686,2026-08-10,801,5.09,334.38,298.45,n,25.7,Low,1013.08,1014.26,1021.81,1029.38,66.49,Medium
8.50113,80.65372,2026-08-10,801,1.56,331.8,300.46,l,21.61,Low,1000.14,1001.35,1009.05,1017.81,61.89,Medium
8.56684,80.65114,2026-08-10,801,6.16,332.25,301.56,l,25.31,Low,992.99,994.2,1001.9,1010.69,65.31,Medium
19.81181,79.30586,2026-08-10,803,1.52,333.62,298.76,n,22.6,Low,267.23,267.58,268.69,275.37,33.39,Low
14.61157,79.57929,2026-08-10,803,3.22,331.31,301.41,l,22.59,Low,316.94,318.19,326.12,337.54,35.58,Low
14.41773,77.48374,2026-08-10,803,4.22,336.38,299.27,l,26.15,Low,335.33,333.51,347.0,344.68,39.76,Low
14.78313,77.36995,2026-08-10,803,5.15,333.51,295.22,l,25.26,Low,301.15,299.46,311.75,309.78,37.48,Low
15.17701,79.4042,2026-08-10,803,3.8,335.91,303.39,l,25.58,Low,251.67,252.93,260.88,272.66,35.96,Low
15.29744,79.91622,2026-08-10,803,6.41,336.62,304.21,l,27.93,Low,263.81,265.1,273.2,288.56,38.84,Low
15.31481,79.78688,2026-08-10,803,7.27,339.73,306.18,l,30.3,Low,255.04,256.32,264.43,279.15,40.85,Low
15.66939,80.24091,2026-08-10,803,26.37,340.92,307.19,n,45.29,Medium,252.62,253.88,261.79,280.01,55.77,Medium
15.73965,76.86564,2026-08-10,803,6.36,333.53,298.41,n,26.18,Low,239.46,238.46,243.93,243.87,35.84,Low
16.6777,79.28349,2026-08-10,803,3.93,334.32,301.38,l,24.79,Low,101.28,102.52,110.39,129.22,29.22,Low
17.95901,80.79624,2026-08-10,803,2.8200000000000003,331.58,300.21,n,22.44,Low,242.03,237.61,244.31,266.77,32.35,Low
24.96334,68.29653,2026-08-10,805,7.01,367.0,291.98,h,45.26,Medium,1320.78,1319.53,1319.65,1323.11,98.09,High
27.41576,68.69434,2026-08-10,807,11.3,330.47,305.29,l,28.18,Low,1470.92,1469.73,1469.83,1473.09,87.02,High
29.47674,71.57613,2026-08-10,807,1.95,333.68,296.5,n,22.95,Low,1487.91,1486.87,1486.92,1489.72,82.46,High
29.87585,72.1666,2026-08-10,807,2.0,330.63,297.6,n,21.29,Low,1501.1,1500.1,1500.14,1502.84,81.33,High
29.75784,71.19679,2026-08-10,807,4.14,341.31,299.6,n,28.83,Low,1533.01,1531.96,1532.01,1534.84,90.15,High
29.80911,71.22158,2026-08-10,807,0.95,330.73,299.48,n,20.56,Low,1536.78,1535.73,1535.79,1538.61,82.03,High
30.44198,72.03133,2026-08-10,807,2.14,331.4,299.0,n,21.83,Low,1563.36,1562.36,1562.41,1565.08,84.36,High
30.6178,72.00645,2026-08-10,807,1.87,331.22,299.11,n,21.52,Low,1582.02,1581.02,1581.07,1583.73,84.8,High
30.66452,72.10686,2026-08-10,807,4.7,334.89,298.45,n,25.69,Low,1582.68,1581.69,1581.73,1584.37,88.99,High
30.66344,72.10561,2026-08-10,807,3.42,336.39,298.6,n,25.56,Low,1582.62,1581.63,1581.67,1584.32,88.86,High
30.6663,71.79234,2026-08-10,807,2.69,332.62,300.0,n,22.92,Low,1595.68,1594.67,1594.72,1597.4,86.74,High
30.74711,71.97482,2026-08-10,807,3.62,330.13,298.49,n,22.23,Low,1596.29,1595.3,1595.34,1598.0,86.08,High
30.82264,71.89292,2026-08-10,807,5.59,342.09,298.75,n,30.35,Low,1607.2,1606.2,1606.25,1608.91,94.64,High
30.92426,71.95514,2026-08-10,807,6.69,344.23,298.26,n,32.37,Low,1614.91,1613.92,1613.96,1616.6,96.96,High
30.93043,71.92529,2026-08-10,807,6.31,334.04,298.77,n,26.42,Low,1616.72,1615.73,1615.78,1618.42,91.09,High
30.93421,71.92432,2026-08-10,807,6.31,334.6,298.79,n,26.73,Low,1617.14,1616.15,1616.2,1618.84,91.41,High
31.03724,70.81618,2026-08-10,807,4.71,331.0,304.12,l,23.53,Low,1674.81,1673.78,1673.83,1676.61,90.52,High
30.97559,70.80282,2026-08-10,807,7.21,330.49,304.99,l,25.12,Low,1669.42,1668.38,1668.43,1671.22,91.89,High
29.26117,91.92243,2026-08-10,1849,2.96,300.93,280.17,n,5.51,Low,1885.11,1883.27,1888.68,1903.17,81.11,High
30.06718,96.97577,2026-08-10,1849,1.16,298.83,284.24,n,3.0,Low,2331.36,2328.94,2334.71,2351.86,96.47,High
27.31815,95.26571,2026-08-10,1851,1.48,306.66,288.23,n,7.59,Low,2031.81,2028.92,2034.95,2054.06,89.09,High
27.22307,95.34376,2026-08-10,1851,0.8,308.54,288.42,n,8.12,Low,2033.52,2030.6,2036.65,2055.91,89.69,High
27.22299,95.34394,2026-08-10,1851,1.19,307.29,288.14,n,7.72,Low,2033.53,2030.61,2036.66,2055.92,89.29,High
27.46151,95.47781,2026-08-10,1851,2.14,305.79,285.79,n,7.6,Low,2057.85,2054.97,2061.0,2080.07,90.14,High
26.77199,94.50657,2026-08-10,1851,3.63,307.07,287.31,n,9.43,Low,1936.64,1933.7,1939.76,1959.07,87.12,High
35.99197,94.82977,2026-08-10,2027,1.0,300.52,282.93,n,3.82,Low,2603.51,2602.37,2607.07,2617.53,108.12,High
35.99315,94.82987,2026-08-10,2027,0.76,295.44,281.78,n,0.81,Low,2603.61,2602.47,2607.17,2617.64,105.12,High
37.34717,97.4121,2026-08-10,2027,1.11,295.35,284.66,n,1.03,Low,2871.72,2870.48,2875.52,2886.37,116.07,High
35.96609,68.6862,2026-08-10,2029,2.5700000000000003,303.69,290.08,n,6.76,Low,2250.67,2249.67,2249.71,2252.39,96.78,High
33.40569,71.93793,2026-08-10,2029,0.51,307.04,292.13,n,7.07,Low,1868.9,1867.96,1867.99,1870.48,81.82,High
23.75578,85.85191,2026-08-10,2032,5.25,315.07,290.47,n,15.09,Low,1028.37,1026.32,1031.85,1047.59,56.43,Medium
23.78816,85.55405,2026-08-10,2032,1.27,308.19,289.81,n,8.28,Low,1008.12,1006.19,1011.65,1026.82,48.81,Low
29.26332,91.92432,2026-08-10,2032,1.32,305.14,283.89,n,6.62,Low,1885.4,1883.57,1888.98,1903.46,82.23,High
29.37813,91.15085,2026-08-10,2032,0.76,305.5,281.64,n,6.4,Low,1837.98,1836.28,1841.61,1855.25,80.11,High
23.74609,85.50594,2026-08-10,2032,0.92,304.91,289.89,n,6.2,Low,1001.35,999.43,1004.88,1020.06,46.46,Low
23.78002,85.57363,2026-08-10,2032,2.75,308.17,290.36,n,9.38,Low,1008.98,1007.05,1012.51,1027.73,49.94,Low
23.78163,85.56542,2026-08-10,2032,1.44,310.99,289.95,n,9.96,Low,1008.48,1006.55,1012.01,1027.21,50.5,Medium
29.22212,88.35135,2026-08-10,2032,0.68,295.74,281.25,n,0.92,Low,1638.45,1637.24,1642.22,1652.97,66.63,Medium
23.76469,86.40427,2026-08-10,2032,1.8,304.0,282.6,n,6.35,Low,1072.14,1069.89,1075.55,1092.12,49.45,Low
23.74069,86.43222,2026-08-10,2032,1.6,303.33,285.19,n,5.83,Low,1072.69,1070.43,1076.1,1092.75,48.95,Low
23.73635,86.43119,2026-08-10,2032,1.6,309.38,283.53,n,9.19,Low,1072.31,1070.04,1075.71,1092.38,52.29,Medium
23.74017,86.43353,2026-08-10,2032,1.47,305.53,284.99,n,6.95,Low,1072.76,1070.49,1076.16,1092.83,50.07,Medium
23.71038,86.44572,2026-08-10,2032,0.96,303.13,283.23,n,5.24,Low,1071.67,1069.39,1075.07,1091.81,48.32,Low
23.73582,86.4325,2026-08-10,2032,1.47,307.8,284.03,n,8.21,Low,1072.38,1070.11,1075.78,1092.45,51.32,Medium
23.6797,86.39513,2026-08-10,2032,1.54,304.13,282.86,n,6.23,Low,1065.52,1063.24,1068.92,1085.64,49.06,Low
23.67876,86.3997,2026-08-10,2032,1.54,302.17,283.07,n,5.14,Low,1065.82,1063.53,1069.22,1085.95,47.99,Low
23.75876,85.85487,2026-08-10,2032,2.36,306.85,289.0,n,8.35,Low,1028.81,1026.77,1032.3,1048.03,49.71,Low
23.75457,85.85389,2026-08-10,2032,2.36,308.66,290.0,n,9.36,Low,1028.43,1026.38,1031.92,1047.66,50.7,Medium
23.82257,85.49671,2026-08-10,2032,1.94,308.19,290.96,n,8.78,Low,1006.4,1004.51,1009.95,1024.94,49.24,Low
23.82469,85.49886,2026-08-10,2032,2.63,307.93,290.74,n,9.16,Low,1006.72,1004.83,1010.27,1025.26,49.63,Low
23.69617,85.29114,2026-08-10,2034,1.31,313.71,289.32,n,11.38,Low,981.53,979.65,985.08,999.98,50.84,Medium
18.71598,79.53969,2026-08-10,2034,1.6,307.68,289.3,n,8.24,Low,170.66,169.41,174.44,187.42,15.26,Low
18.71994,79.53657,2026-08-10,2034,1.69,309.87,289.56,n,9.53,Low,170.81,169.57,174.6,187.5,16.55,Low
19.96435,79.33541,2026-08-10,2034,1.08,308.94,289.41,n,8.55,Low,284.16,284.54,285.64,292.13,20.01,Low
20.86358,84.98724,2026-08-10,2034,2.21,310.48,285.82,n,10.26,Low,771.84,768.46,774.74,795.84,41.37,Low
20.86698,84.99238,2026-08-10,2034,2.35,305.69,286.46,n,7.7,Low,772.49,769.11,775.38,796.48,38.83,Low
20.86225,84.98945,2026-08-10,2034,3.24,303.1,286.36,n,6.93,Low,771.97,768.6,774.87,795.97,38.04,Low
20.86561,84.9946,2026-08-10,2034,2.5700000000000003,308.58,286.6,n,9.47,Low,772.62,769.24,775.52,796.62,40.61,Low
22.79967,86.0918,2026-08-10,2034,2.5,312.26,284.01,n,11.46,Low,982.04,979.42,985.3,1003.44,50.96,Medium
22.79259,86.1953,2026-08-10,2034,2.71,306.0,282.34,n,8.14,Low,990.27,987.62,993.52,1011.81,47.97,Low
22.87322,86.06417,2026-08-10,2034,1.81,311.97,286.43,n,10.79,Low,984.48,981.92,987.77,1005.71,50.39,Medium
25.38742,68.58064,2026-08-10,2034,1.64,317.53,283.9,n,13.75,Low,1326.97,1325.73,1325.85,1329.26,66.83,Medium
23.71813,85.00859,2026-08-10,2034,0.65,304.69,288.6,n,5.87,Low,962.45,960.67,966.05,980.37,44.57,Low
23.72211,85.0095,2026-08-10,2034,0.65,304.33,288.82,n,5.67,Low,962.83,961.05,966.42,980.74,44.38,Low
23.73483,85.00838,2026-08-10,2034,0.8,303.67,289.21,n,5.42,Low,963.73,961.96,967.33,981.62,44.17,Low
23.73657,85.02082,2026-08-10,2034,1.07,306.38,289.07,n,7.12,Low,964.77,962.99,968.37,982.68,45.91,Low
23.73882,85.00931,2026-08-10,2034,1.47,304.21,289.03,n,6.22,Low,964.11,962.34,967.71,981.99,44.98,Low
23.69358,85.36925,2026-08-10,2034,1.3,320.89,289.53,n,15.36,Low,987.16,985.26,990.7,1005.75,55.05,Medium
23.69766,85.37018,2026-08-10,2034,1.3,304.92,289.46,n,6.49,Low,987.54,985.64,991.08,1006.12,46.19,Low
9.90036,77.68868,2026-08-10,2038,2.83,330.49,290.67,n,21.84,Low,823.87,821.81,833.58,834.85,54.98,Medium
9.89699,77.68813,2026-08-10,2038,2.01,321.31,290.67,n,16.12,Low,824.25,822.19,833.95,835.23,49.28,Low
9.20653,77.49845,2026-08-10,2038,1.56,310.68,293.23,n,9.88,Low,902.32,900.27,912.24,913.18,46.16,Low
8.69899,78.05886,2026-08-10,2038,1.16,316.48,293.48,n,12.8,Low,953.84,951.73,962.68,965.2,51.13,Medium
8.29562,80.34652,2026-08-10,2038,2.86,320.93,291.09,n,16.55,Low,1015.59,1016.79,1024.39,1032.37,57.44,Medium
7.38877,81.22155,2026-08-10,2038,6.13,339.66,284.24,n,29.41,Low,1134.38,1135.6,1143.37,1152.71,75.07,Medium
7.36113,80.89506,2026-08-10,2038,1.04,307.16,288.27,n,7.54,Low,1128.99,1130.2,1137.89,1146.59,52.98,Medium
6.86747,81.55627,2026-08-10,2038,1.39,307.5,284.61,n,7.99,Low,1199.56,1200.79,1208.6,1218.29,56.26,Medium
9.72326,77.61427,2026-08-10,2038,0.32,303.75,290.64,n,5.1,Low,844.15,842.1,853.97,855.08,39.05,Low
9.71671,77.59083,2026-08-10,2038,1.08,305.73,290.88,n,6.77,Low,845.13,843.09,854.99,856.04,40.76,Low
9.70653,77.58966,2026-08-10,2038,1.61,309.63,292.62,n,9.34,Low,846.27,844.22,856.13,857.17,43.38,Low
9.28078,77.39169,2026-08-10,2038,2.94,329.87,291.78,n,21.58,Low,895.49,893.46,905.62,906.26,57.59,Medium
9.70315,77.58917,2026-08-10,2038,6.37,344.88,294.0,n,32.49,Low,846.65,844.6,856.5,857.55,66.54,Medium
9.53022,77.44653,2026-08-10,2038,3.14,342.64,294.87,n,28.82,Low,867.38,865.35,877.47,878.17,63.7,Medium
9.52966,77.44995,2026-08-10,2038,3.14,337.96,293.68,n,26.22,Low,867.4,865.37,877.48,878.19,61.1,Medium
9.52627,77.44958,2026-08-10,2038,3.14,320.1,292.59,n,16.3,Low,867.78,865.74,877.86,878.57,51.2,Medium
9.52684,77.44609,2026-08-10,2038,3.14,315.95,293.58,n,13.99,Low,867.76,865.73,877.85,878.55,48.89,Low
34.44133,71.02061,2026-08-10,2210,1.53,302.32,288.94,n,5.21,Low,2007.25,2006.29,2006.33,2008.86,85.5,High
35.96784,68.68665,2026-08-10,2210,1.41,302.47,288.39,n,5.21,Low,2250.82,2249.82,2249.87,2252.54,95.24,High
28.06321,95.35553,2026-08-11,608,4.22,327.28,293.7,n,21.1,Low,2080.52,2077.82,2083.75,2102.09,104.54,High
37.35823,97.43069,2026-08-11,610,3.69,336.87,310.56,l,26.03,Low,2873.75,2872.51,2877.55,2888.4,141.15,Critical
7.90745,81.47761,2026-08-11,741,1.57,332.43,288.44,n,21.97,Low,1086.54,1087.77,1095.63,1105.75,65.73,Medium
6.37665,81.13255,2026-08-11,741,4.36,329.86,288.76,n,22.64,Low,1240.96,1242.18,1249.87,1258.58,72.56,Medium
6.65509,81.18199,2026-08-11,741,3.37,332.54,297.2,n,23.38,Low,1212.17,1213.38,1221.1,1230.02,72.15,Medium
6.6595,81.18127,2026-08-11,741,3.37,334.1,294.78,n,24.25,Low,1211.67,1212.89,1220.61,1229.53,73.0,Medium
6.7003900000000005,81.40369,2026-08-11,741,6.7,331.46,294.81,n,25.28,Low,1213.12,1214.34,1222.11,1231.45,74.09,Medium
6.68748,81.3247,2026-08-11,741,11.45,344.69,295.91,n,36.19,Low,1212.37,1213.6,1221.35,1230.54,84.97,High
6.65942,81.1833,2026-08-11,741,5.83,341.39,295.17,n,30.14,Low,1211.73,1212.95,1220.67,1229.59,78.89,Medium
6.68776,81.32225,2026-08-11,741,4.67,341.77,295.01,n,29.49,Low,1212.28,1213.5,1221.26,1230.44,78.26,Medium
6.7392,81.33511,2026-08-11,741,3.63,336.69,295.0,n,25.88,Low,1207.1,1208.32,1216.08,1225.32,74.45,Medium
6.76589,81.44145,2026-08-11,741,2.06,334.51,293.71,n,23.49,Low,1207.14,1208.37,1216.15,1225.59,72.06,Medium
6.73881,81.27922,2026-08-11,741,3.35,331.02,295.47,n,22.52,Low,1205.66,1206.88,1214.63,1223.76,71.03,Medium
6.75822,81.31496,2026-08-11,741,2.7,334.62,294.47,n,24.04,Low,1204.52,1205.74,1213.5,1222.71,72.5,Medium
6.82637,81.59361,2026-08-11,741,19.63,343.07,297.88,n,41.43,Medium,1205.03,1206.26,1214.08,1223.82,89.92,High
6.8257,81.58957,2026-08-11,741,19.63,340.34,297.74,n,39.91,Low,1204.98,1206.21,1214.03,1223.76,88.4,High
6.83064,81.59292,2026-08-11,741,4.59,332.16,295.03,n,24.09,Low,1204.56,1205.79,1213.6,1223.34,72.56,Medium
6.90791,81.62111,2026-08-11,741,3.99,335.65,294.65,n,25.58,Low,1197.16,1198.39,1206.21,1216.04,73.76,Medium
6.90725,81.61715,2026-08-11,741,3.99,336.73,296.69,n,26.18,Low,1197.11,1198.34,1206.17,1215.99,74.36,Medium
6.91217,81.62042,2026-08-11,741,3.99,330.19,295.45,n,22.54,Low,1196.68,1197.91,1205.74,1215.57,70.7,Medium
6.96316,81.59194,2026-08-11,741,4.5600000000000005,330.07,296.68,n,22.9,Low,1190.4,1191.64,1199.46,1209.26,70.81,Medium
6.96249,81.588,2026-08-11,741,2.43,332.65,295.85,n,22.74,Low,1190.36,1191.59,1199.41,1209.21,70.65,Medium
6.96741,81.59118,2026-08-11,741,7.47,348.3,296.17,n,35.21,Low,1189.93,1191.16,1198.98,1208.79,83.1,High
7.14803,81.09077,2026-08-11,741,2.03,330.98,290.13,n,21.51,Low,1156.79,1158.01,1165.74,1174.71,68.06,Medium
7.3861,81.2234,2026-08-11,741,8.58,342.56,294.12,n,32.86,Low,1134.71,1135.94,1143.71,1153.05,78.53,Medium
7.40687,81.32104,2026-08-11,741,3.62,336.07,290.73,n,25.53,Low,1135.2,1136.43,1144.22,1153.76,71.23,Medium
7.39043,81.22261,2026-08-11,741,9.55,342.94,294.26,n,33.8,Low,1134.23,1135.45,1143.22,1152.57,79.45,Medium
7.41117,81.32027,2026-08-11,741,3.62,333.42,291.15,n,24.06,Low,1134.72,1135.95,1143.74,1153.28,69.74,Medium
7.38883,81.13251,2026-08-11,741,1.43,337.3,293.69,n,24.57,Low,1131.98,1133.2,1140.95,1150.12,70.13,Medium
7.42013,81.15775,2026-08-11,741,3.02,333.81,290.39,n,23.83,Low,1129.29,1130.51,1138.27,1147.51,69.29,Medium
7.42813,81.15214,2026-08-11,741,5.09,329.51,290.29,n,22.99,Low,1128.28,1129.51,1137.26,1146.49,68.41,Medium
7.47229,81.30639,2026-08-11,741,3.51,335.81,290.21,n,25.3,Low,1127.79,1129.02,1136.81,1146.36,70.7,Medium
7.65809,81.07646,2026-08-11,741,5.39,340.34,283.5,n,29.23,Low,1101.59,1102.81,1110.56,1119.76,73.58,Medium
7.76478,80.79965,2026-08-11,741,6.5,343.36,288.86,n,31.74,Low,1083.12,1084.34,1092.03,1100.72,75.34,Medium
7.89212,81.48428,2026-08-11,741,2.25,330.24,288.13,n,21.27,Low,1088.37,1089.61,1097.46,1107.58,65.1,Medium
7.89147,81.48035,2026-08-11,741,2.25,333.41,287.78,n,23.03,Low,1088.32,1089.55,1097.41,1107.52,66.86,Medium
8.0036,81.25312,2026-08-11,741,9.78,343.11,289.99,n,34.06,Low,1069.53,1070.76,1078.58,1088.31,77.13,Medium
8.09114,81.10897,2026-08-11,741,5.24,334.11,279.84,n,25.66,Low,1056.06,1057.29,1065.07,1074.57,68.19,Medium
8.37599,80.77338,2026-08-11,741,3.98,327.7,284.65,n,21.15,Low,1016.58,1017.79,1025.51,1034.46,62.09,Medium
8.84146,80.9937,2026-08-11,741,4.82,332.16,268.98,n,24.26,Low,972.61,973.84,981.65,991.35,63.45,Medium
9.16179,77.91492,2026-08-11,741,3.53,341.92,272.28,n,28.71,Low,903.47,901.38,912.62,914.71,65.03,Medium
10.93614,78.50137,2026-08-11,744,7.51,334.18,295.06,n,27.4,Low,705.65,703.58,713.76,717.46,55.8,Medium
10.83465,78.6193,2026-08-11,744,11.21,340.31,288.36,n,33.58,Low,716.88,715.09,725.0,729.08,62.44,Medium
10.93295,78.50113,2026-08-11,744,2.47,335.0,295.8,n,24.07,Low,706.01,703.93,714.11,717.81,52.49,Medium
11.65238,79.1266,2026-08-11,744,9.66,341.69,291.4,n,33.18,Low,629.07,629.01,637.5,643.56,58.57,Medium
12.29835,78.21772,2026-08-11,744,3.83,331.88,295.98,n,23.36,Low,555.34,553.22,564.21,566.74,45.76,Low
13.35804,80.23712,2026-08-11,744,4.38,330.27,298.49,n,22.88,Low,471.75,473.01,481.01,493.07,42.07,Low
13.36924,80.1537,2026-08-11,744,1.87,333.26,296.81,n,22.66,Low,467.33,468.59,476.56,488.32,41.67,Low
13.46839,79.86543,2026-08-11,744,5.22,330.21,297.42,n,23.48,Low,446.73,447.97,455.86,466.56,41.65,Low
14.28755,77.5889,2026-08-11,744,8.36,332.14,295.76,n,26.9,Low,346.11,344.24,357.8,355.85,40.94,Low
14.65185,79.52352,2026-08-11,744,4.74,335.67,299.11,n,26.15,Low,310.78,312.03,319.94,331.12,38.89,Low
14.20572,76.8857,2026-08-11,744,2.48,333.73,295.27,n,23.38,Low,380.51,378.92,390.02,388.42,38.76,Low
14.72405,79.54469,2026-08-11,744,2.55,336.35,297.26,n,24.88,Low,303.96,305.21,313.15,324.63,37.35,Low
14.79489,79.71674,2026-08-11,744,2.24,341.48,301.17,n,27.5,Low,303.34,304.6,312.63,325.31,39.96,Low
14.8896,79.33846,2026-08-11,744,3.12,330.6,300.12,n,22.12,Low,279.73,280.96,288.8,299.35,33.61,Low
14.8567,76.95497,2026-08-11,744,3.81,347.51,296.43,n,32.03,Low,313.04,311.58,321.41,320.17,44.69,Low
14.85612,76.95194,2026-08-11,744,3.81,333.96,295.53,n,24.5,Low,313.26,311.8,321.61,320.37,37.17,Low
14.92106,76.83829,2026-08-11,744,3.24,333.55,295.04,n,23.85,Low,313.35,311.98,320.97,319.97,36.51,Low
15.56061,79.96441,2026-08-11,744,3.18,331.98,299.56,n,22.93,Low,242.67,243.95,252.02,268.63,33.0,Low
15.50542,79.54381,2026-08-11,744,1.58,333.42,302.44,n,22.53,Low,224.14,225.41,233.49,247.4,31.83,Low
15.28784,78.3216,2026-08-11,744,5.03,333.38,299.14,n,25.09,Low,224.4,222.28,233.63,235.84,34.25,Low
15.61035,79.47829,2026-08-11,744,2.44,333.92,300.29,n,23.45,Low,210.61,211.89,219.96,233.83,32.21,Low
15.74237,79.7478,2026-08-11,744,13.35,367.0,301.79,h,50.01,Medium,212.77,214.05,222.14,238.35,58.88,Medium
15.82722,80.0759,2026-08-11,744,3.41,337.76,299.81,n,26.31,Low,227.78,229.04,236.96,255.16,35.8,Low
15.76487,79.08978,2026-08-11,744,4.03,335.82,300.82,n,25.7,Low,179.28,180.52,188.39,199.52,33.18,Low
16.18703,79.21886,2026-08-11,744,5.58,341.68,298.18,n,30.12,Low,141.13,142.41,150.51,165.07,36.11,Low
16.19199,79.22189,2026-08-11,744,3.79,337.02,298.02,n,26.19,Low,140.8,142.08,150.17,164.8,32.17,Low
16.1912,79.21764,2026-08-11,744,3.79,333.73,298.91,n,24.36,Low,140.67,141.94,150.04,164.62,30.33,Low
16.58509,80.65373,2026-08-11,744,9.49,351.25,296.0,n,38.37,Low,233.11,234.12,240.23,262.53,48.07,Low
17.03344,80.86896,2026-08-11,744,3.2,330.45,297.1,n,22.09,Low,243.21,244.12,248.69,271.75,32.17,Low
17.14975,80.77999,2026-08-11,744,6.13,336.15,296.25,n,27.46,Low,232.32,232.54,237.46,260.54,37.09,Low
17.07935,79.29828,2026-08-11,744,4.78,343.28,293.19,n,30.41,Low,78.64,79.65,85.88,108.06,33.93,Low
23.67661,86.40046,2026-08-11,746,5.3,339.43,299.61,n,28.66,Low,1065.73,1063.44,1069.13,1085.87,71.5,Medium
23.67603,86.39613,2026-08-11,746,5.3,332.7,297.42,n,24.92,Low,1065.35,1063.06,1068.74,1085.48,67.75,Medium
23.68312,86.39497,2026-08-11,746,8.3,337.76,297.42,n,29.98,Low,1065.74,1063.46,1069.14,1085.86,72.82,Medium
23.68666,86.39442,2026-08-11,746,5.02,331.94,296.98,n,24.29,Low,1065.94,1063.66,1069.34,1086.06,67.14,Medium
23.70852,86.44854,2026-08-11,746,5.08,331.98,296.71,n,24.35,Low,1071.77,1069.48,1075.17,1091.91,67.43,Medium
23.71266,86.45232,2026-08-11,746,8.07,345.01,298.38,n,33.84,Low,1072.36,1070.07,1075.75,1092.5,76.95,Medium
23.73859,86.43661,2026-08-11,746,4.86,336.81,295.44,n,26.87,Low,1072.9,1070.63,1076.3,1092.97,70.0,Medium
23.73802,86.43224,2026-08-11,746,4.86,335.93,297.09,n,26.38,Low,1072.51,1070.24,1075.91,1092.58,69.49,Medium
23.75939,86.4022,2026-08-11,746,3.56,334.36,290.89,n,24.54,Low,1071.61,1069.36,1075.02,1091.6,67.62,Medium
23.76351,86.40594,2026-08-11,746,3.56,335.54,290.67,n,25.19,Low,1072.19,1069.94,1075.6,1092.18,68.29,Medium
23.7795,86.39009,2026-08-11,746,4.26,336.13,290.25,n,26.04,Low,1072.05,1069.81,1075.47,1091.98,69.13,Medium
23.79607,86.3521,2026-08-11,746,5.15,334.26,289.52,n,25.67,Low,1070.21,1067.99,1073.63,1090.06,68.69,Medium
23.82317,85.4987,2026-08-11,746,6.34,331.16,302.17,l,24.84,Low,1006.6,1004.7,1010.14,1025.14,65.31,Medium
23.8239,84.57516,2026-08-11,746,8.57,338.45,301.98,n,30.57,Low,940.08,938.49,943.75,956.98,68.36,Medium
23.82334,84.57131,2026-08-11,746,2.24,337.01,301.02,n,25.02,Low,939.77,938.18,943.44,956.66,62.8,Medium
25.23994,97.27036,2026-08-11,746,6.35,337.19,288.29,n,28.2,Low,2118.44,2114.79,2121.19,2142.64,113.17,High
26.9619,90.02505,2026-08-11,748,5.16,333.23,293.56,n,25.11,Low,1578.36,1576.31,1581.85,1597.49,88.45,High
26.85012,90.44472,2026-08-11,748,4.4,330.6,293.27,n,23.08,Low,1603.24,1601.05,1606.67,1622.88,87.42,High
26.9697,90.05672,2026-08-11,748,12.92,343.06,294.86,n,36.39,Low,1581.35,1579.29,1584.83,1600.49,99.85,High
27.24553,88.29237,2026-08-11,748,3.14,340.22,294.71,n,27.48,Low,1472.19,1470.57,1475.85,1489.12,86.56,High
28.12306,81.62691,2026-08-11,748,2.25,330.77,298.97,n,21.56,Low,1216.23,1216.84,1217.89,1222.84,70.3,Medium
30.66816,71.78967,2026-08-11,750,3.15,337.42,288.62,n,25.93,Low,1595.97,1594.97,1595.02,1597.7,89.77,High
36.96894,81.35172,2026-08-11,750,4.89,340.98,299.94,n,29.21,Low,2171.38,2172.41,2173.35,2175.83,116.14,High
36.96436,81.34357,2026-08-11,750,2.44,333.01,298.75,n,22.95,Low,2170.77,2171.8,2172.75,2175.22,109.86,High
30.66321,71.79121,2026-08-11,750,2.94,343.03,289.12,n,28.89,Low,1595.41,1594.41,1594.46,1597.14,92.7,High
30.66169,71.88341,2026-08-11,930,9.27,341.2,286.92,n,32.62,Low,1591.45,1590.45,1590.49,1593.17,96.28,High
35.99015,94.82831,2026-08-11,2010,1.25,300.33,285.95,n,3.9,Low,2603.27,2602.13,2606.83,2617.3,108.2,High
29.78707,91.60531,2026-08-11,2012,0.94,299.61,283.1,n,3.27,Low,1901.09,1899.4,1904.73,1918.31,79.51,Medium
29.26308,91.92442,2026-08-11,2012,0.9,297.31,282.73,n,1.96,Low,1885.39,1883.56,1888.97,1903.45,77.57,Medium
29.22609,88.34823,2026-08-11,2012,1.32,305.48,284.74,n,6.81,Low,1638.59,1637.39,1642.36,1653.11,72.52,Medium
30.94722,97.36116,2026-08-11,2012,1.09,296.64,283.33,n,1.73,Low,2415.69,2413.42,2419.1,2435.59,98.57,High
25.03476,87.37252,2026-08-11,2014,0.98,307.52,292.23,n,7.69,Low,1237.71,1235.69,1241.21,1256.76,57.4,Medium
24.3549,93.26946,2026-08-11,2014,0.72,304.35,289.06,n,5.73,Low,1706.53,1703.04,1709.37,1730.6,74.23,Medium
26.75969,83.19914,2026-08-11,2014,2.97,312.73,291.03,n,12.08,Low,1131.88,1131.89,1133.49,1141.27,57.47,Medium
25.54239,91.23597,2026-08-11,2014,1.11,308.27,287.89,n,8.2,Low,1585.52,1582.74,1588.71,1607.43,71.84,Medium
28.34927,77.25589,2026-08-11,2014,3.29,306.44,289.2,n,8.82,Low,1202.44,1201.17,1201.75,1203.56,56.91,Medium
28.6487,77.58789,2026-08-11,2014,5.8,307.21,290.5,n,11.13,Low,1232.68,1231.82,1232.47,1234.19,60.44,Medium
28.65111,77.58927,2026-08-11,2014,6.51,306.15,290.38,n,11.08,Low,1232.94,1232.08,1232.73,1234.45,60.4,Medium
21.80238,82.03889,2026-08-11,2014,1.02,309.42,286.82,n,8.78,Low,600.66,599.39,604.44,616.01,32.98,Low
21.80074,85.56535,2026-08-11,2014,0.48,300.14,281.48,n,3.22,Low,875.56,872.57,878.66,898.35,38.47,Low
21.9254,85.22261,2026-08-11,2014,2.73,321.36,284.15,n,16.69,Low,853.31,850.52,856.5,875.39,51.05,Medium
21.92939,85.21943,2026-08-11,2014,1.54,299.69,283.28,n,3.76,Low,853.28,850.5,856.47,875.35,38.12,Low
21.96887,85.31376,2026-08-11,2014,0.61,299.0,278.57,n,2.68,Low,863.81,861.01,866.99,885.92,37.46,Low
22.20957,84.86221,2026-08-11,2014,1.66,304.71,284.19,n,6.64,Low,841.4,838.93,844.72,862.32,40.51,Low
22.21289,84.86283,2026-08-11,2014,1.5,304.32,283.6,n,6.3,Low,841.68,839.2,845.0,862.59,40.18,Low
22.38987,85.77188,2026-08-11,2014,0.8200000000000001,300.14,280.51,n,3.47,Low,929.08,926.36,932.3,950.9,40.86,Low
22.24713,87.38735,2026-08-11,2014,1.82,319.68,290.25,n,15.08,Low,1063.27,1060.0,1066.22,1087.03,57.85,Medium
22.36411,87.30314,2026-08-11,2014,2.22,311.38,290.1,n,10.76,Low,1061.84,1058.65,1064.84,1085.33,53.47,Medium
22.36491,87.29871,2026-08-11,2014,2.22,313.98,290.28,n,12.21,Low,1061.49,1058.29,1064.48,1084.97,54.9,Medium
22.36769,87.30388,2026-08-11,2014,2.22,313.1,288.6,n,11.72,Low,1062.1,1058.91,1065.1,1085.58,54.44,Medium
22.79881,86.0896,2026-08-11,2014,1.04,305.07,286.49,n,6.37,Low,981.8,979.18,985.06,1003.2,45.86,Low
22.80221,86.09029,2026-08-11,2014,1.55,314.38,286.15,n,11.93,Low,982.08,979.46,985.34,1003.47,51.43,Medium
22.78914,86.20744,2026-08-11,2014,0.62,300.76,276.53,n,3.66,Low,991.07,988.41,994.32,1012.64,43.52,Low
22.8097,86.08765,2026-08-11,2014,0.98,306.51,284.74,n,7.13,Low,982.34,979.73,985.6,1003.71,46.64,Low
22.81786,86.03994,2026-08-11,2014,0.5,299.89,281.86,n,3.09,Low,978.88,976.29,982.15,1000.18,42.47,Low
22.79121,86.19544,2026-08-11,2014,3.88,334.83,278.41,n,25.04,Low,990.19,987.54,993.44,1011.74,64.87,Medium
22.79186,86.21217,2026-08-11,2014,0.62,300.15,277.91,n,3.33,Low,991.64,988.98,994.89,1013.21,43.22,Low
22.79393,86.20012,2026-08-11,2014,1.06,299.38,277.75,n,3.23,Low,990.76,988.11,994.01,1012.31,43.08,Low
22.79597,86.20885,2026-08-11,2014,0.59,300.74,274.47,n,3.63,Low,991.62,988.97,994.87,1013.18,43.52,Low
22.79735,86.20081,2026-08-11,2014,1.21,302.57,276.85,n,5.11,Low,991.04,988.38,994.28,1012.58,44.97,Low
22.81718,86.085,2026-08-11,2014,0.52,303.35,283.4,n,5.03,Low,982.6,979.99,985.86,1003.95,44.55,Low
23.70293,86.07401,2026-08-11,2014,6.82,307.24,286.71,n,11.92,Low,1041.79,1039.63,1045.23,1061.43,53.8,Medium
23.7036,86.07006,2026-08-11,2014,6.82,312.66,286.71,n,14.93,Low,1041.53,1039.37,1044.97,1061.16,56.8,Medium
23.7063,86.07467,2026-08-11,2014,6.82,310.76,288.25,n,13.87,Low,1042.08,1039.92,1045.52,1061.72,55.76,Medium
23.70697,86.07074,2026-08-11,2014,6.82,330.69,288.41,n,24.94,Low,1041.82,1039.66,1045.27,1061.45,66.82,Medium
23.48925,87.36892,2026-08-11,2014,2.63,304.39,287.82,n,7.19,Low,1133.02,1130.33,1136.25,1154.63,52.73,Medium
23.75401,85.85337,2026-08-11,2014,1.87,315.37,290.59,n,12.72,Low,1028.35,1026.3,1031.84,1047.58,54.06,Medium
23.75737,85.85403,2026-08-11,2014,1.87,315.63,291.2,n,12.86,Low,1028.65,1026.6,1032.13,1047.87,54.21,Medium
23.67521,86.40223,2026-08-11,2014,1.61,303.92,280.73,n,6.16,Low,1065.78,1063.49,1069.17,1085.92,49.0,Low
23.6759,86.3982,2026-08-11,2014,1.2,309.38,282.45,n,8.89,Low,1065.5,1063.22,1068.9,1085.64,51.72,Medium
23.67658,86.39417,2026-08-11,2014,1.2,300.57,280.55,n,3.99,Low,1065.23,1062.94,1068.63,1085.36,46.81,Low
23.67889,86.39733,2026-08-11,2014,0.8300000000000001,301.55,280.82,n,4.26,Low,1065.64,1063.35,1069.04,1085.77,47.1,Low
23.68299,86.394,2026-08-11,2014,0.8300000000000001,304.58,282.9,n,5.94,Low,1065.66,1063.38,1069.06,1085.77,48.78,Low
23.7731,86.19726,2026-08-11,2014,2.38,315.9,290.85,n,13.4,Low,1056.41,1054.25,1059.86,1076.1,55.87,Medium
23.77445,86.20985,2026-08-11,2014,1.13,308.54,291.0,n,8.37,Low,1057.5,1055.32,1060.94,1077.2,50.88,Medium
23.77784,86.21052,2026-08-11,2014,1.13,307.26,288.9,n,7.66,Low,1057.79,1055.62,1061.23,1077.48,50.18,Medium
23.77852,86.20654,2026-08-11,2014,1.13,308.56,292.09,n,8.38,Low,1057.53,1055.36,1060.97,1077.21,50.89,Medium
23.78123,86.21118,2026-08-11,2014,3.42,326.79,290.48,n,20.23,Low,1058.08,1055.91,1061.52,1077.77,62.76,Medium
23.79478,86.2345,2026-08-11,2014,1.58,306.62,289.15,n,7.64,Low,1060.87,1058.7,1064.31,1080.56,50.28,Medium
23.8033,86.32986,2026-08-11,2014,1.34,309.99,283.47,n,9.33,Low,1068.96,1066.76,1072.39,1088.77,52.3,Medium
24.11535,86.86154,2026-08-11,2014,2.08,313.02,291.3,n,11.57,Low,1132.76,1130.51,1136.17,1152.7,57.09,Medium
24.11607,86.85741,2026-08-11,2014,2.08,307.05,290.83,n,8.25,Low,1132.48,1130.24,1135.89,1152.42,53.76,Medium
24.1188,86.86226,2026-08-11,2014,3.12,307.85,290.72,n,9.48,Low,1133.05,1130.81,1136.47,1152.99,55.01,Medium
25.03586,87.38855,2026-08-11,2014,1.34,313.95,292.6,n,11.53,Low,1239.02,1236.99,1242.51,1258.09,61.3,Medium
22.87343,86.06207,2026-08-11,2014,1.32,310.08,280.28,n,9.37,Low,984.32,981.76,987.61,1005.54,48.96,Low
23.64553,85.43775,2026-08-11,2014,1.34,308.94,281.96,n,8.75,Low,988.71,986.76,992.23,1007.5,48.5,Low
23.64823,85.44222,2026-08-11,2014,1.1,304.68,282.53,n,6.2,Low,989.25,987.3,992.77,1008.04,45.97,Low
23.6495,85.43458,2026-08-11,2014,1.34,305.0,283.27,n,6.56,Low,988.76,986.82,992.29,1007.54,46.31,Low
23.64886,85.43839,2026-08-11,2014,1.34,329.68,281.34,n,20.27,Low,989.0,987.06,992.53,1007.79,60.03,Medium
23.82094,84.57207,2026-08-11,2014,1.47,306.88,280.72,n,7.7,Low,939.63,938.03,943.3,956.53,45.47,Low
23.82424,84.57269,2026-08-11,2014,1.47,322.48,281.69,n,16.37,Low,939.94,938.35,943.61,956.83,54.16,Medium
23.82754,84.57332,2026-08-11,2014,0.88,306.58,280.53,n,7.09,Low,940.25,938.66,943.92,957.14,44.89,Low
23.74338,85.50407,2026-08-11,2014,0.53,303.06,283.43,n,4.88,Low,1001.01,999.08,1004.54,1019.72,45.12,Low
23.66853,86.09152,2026-08-11,2014,0.88,305.9,284.0,n,6.72,Low,1040.72,1038.54,1044.16,1060.45,48.56,Low
23.67595,86.08894,2026-08-11,2014,1.19,305.32,284.67,n,6.63,Low,1041.04,1038.87,1044.48,1060.76,48.48,Low
23.67662,86.08499,2026-08-11,2014,2.78,323.01,286.71,n,17.65,Low,1040.78,1038.61,1044.22,1060.49,59.49,Medium
23.68136,86.0982,2026-08-11,2014,1.22,302.28,282.37,n,4.96,Low,1042.15,1039.97,1045.59,1061.87,46.86,Low
23.68203,86.09425,2026-08-11,2014,3.39,324.49,284.05,n,18.93,Low,1041.89,1039.71,1045.33,1061.6,60.82,Medium
23.68405,86.08242,2026-08-11,2014,3.23,327.32,286.5,n,20.38,Low,1041.11,1038.94,1044.55,1060.79,62.23,Medium
23.77981,85.57465,2026-08-11,2014,2.52,309.27,289.81,n,9.82,Low,1009.04,1007.11,1012.57,1027.79,50.39,Medium
23.78109,85.56696,2026-08-11,2014,1.35,310.23,289.15,n,9.47,Low,1008.56,1006.63,1012.09,1027.29,50.02,Medium
23.78698,85.55224,2026-08-11,2014,1.93,318.72,288.19,n,14.63,Low,1007.89,1005.97,1011.42,1026.59,55.15,Medium
10.93105,77.06483,2026-08-11,2017,1.31,305.29,281.43,n,6.7,Low,720.87,718.93,732.16,731.0,35.73,Low
16.36971,82.32138,2026-08-11,2017,1.81,321.87,283.29,n,16.29,Low,410.08,411.01,416.42,439.22,33.06,Low
15.17621,77.1011,2026-08-11,2017,1.22,309.63,290.82,n,9.04,Low,274.56,273.12,282.76,281.56,20.16,Low
15.02405,78.01597,2026-08-11,2017,1.89,311.37,292.13,n,10.51,Low,256.79,254.81,267.75,267.34,20.98,Low
7.71748,80.1267,2026-08-11,2017,1.26,308.07,282.59,n,8.21,Low,1074.58,1075.73,1083.26,1090.52,51.45,Medium
7.77641,80.48136,2026-08-11,2017,0.97,310.32,283.1,n,9.24,Low,1074.78,1075.97,1083.58,1091.62,52.5,Medium
9.52184,77.45166,2026-08-11,2017,0.75,305.29,290.26,n,6.28,Low,868.24,866.2,878.31,879.03,41.2,Low
9.53687,77.45146,2026-08-11,2017,3.07,318.31,290.55,n,15.25,Low,866.59,864.56,876.67,877.38,50.1,Medium
10.61676,77.42188,2026-08-11,2017,0.72,305.01,291.08,n,6.1,Low,748.54,746.54,758.98,759.16,36.23,Low
21.30995,81.5898,2026-08-11,2017,1.06,296.74,276.97,n,1.76,Low,529.08,527.83,532.87,544.34,23.1,Low
21.24532,81.77042,2026-08-11,2017,0.8200000000000001,304.8,287.12,n,6.06,Low,535.14,533.73,538.88,551.31,27.65,Low
17.95764,80.79329,2026-08-11,2017,2.07,312.94,288.7,n,11.52,Low,241.69,237.27,243.97,266.43,21.41,Low
17.95707,80.7972,2026-08-11,2017,2.07,311.76,290.83,n,10.86,Low,242.08,237.66,244.36,266.83,20.77,Low
17.46195,80.6544,2026-08-11,2017,1.61,308.67,288.28,n,8.8,Low,218.46,216.42,222.44,245.32,17.83,Low
17.02991,81.78046,2026-08-11,2017,0.7000000000000001,305.16,283.9,n,6.17,Low,339.59,339.8,344.76,367.85,20.09,Low
13.39368,80.10179,2026-08-11,2019,1.0,304.89,284.2,n,6.24,Low,462.83,464.09,472.05,483.63,25.07,Low
13.8981,76.56383,2026-08-11,2019,0.73,304.39,289.5,n,5.76,Low,426.42,424.89,435.26,433.89,22.96,Low
12.74482,77.6194,2026-08-11,2019,0.42,297.44,278.88,n,1.67,Low,512.58,510.6,523.4,523.04,22.37,Low
6.39361,80.91185,2026-08-11,2019,0.63,307.94,284.24,n,7.66,Low,1234.02,1235.22,1242.87,1251.19,57.29,Medium
28.42528,69.70116,2026-08-11,2153,0.52,307.19,281.39,n,7.16,Low,1490.72,1489.58,1489.66,1492.76,66.79,Medium
32.88791,71.61516,2026-08-11,2153,1.93,308.03,289.42,n,8.69,Low,1827.08,1826.11,1826.15,1828.71,81.77,High
35.96798,68.68655,2026-08-11,2153,1.23,306.61,294.11,n,7.37,Low,2250.84,2249.84,2249.88,2252.56,97.4,High
36.10521,69.34921,2026-08-11,2153,0.74,295.61,283.97,n,0.89,Low,2237.93,2236.95,2236.99,2239.6,90.4,High
7.87641,81.48878,2026-08-12,724,2.36,326.88,281.21,n,19.48,Low,1090.18,1091.41,1099.27,1109.39,63.38,Medium
21.74449,83.84071,2026-08-12,729,5.0,331.0,293.85,n,23.75,Low,726.72,724.43,730.11,746.98,53.03,Medium
26.32264,87.24606,2026-08-12,729,2.36,332.6,296.22,n,22.66,Low,1326.33,1324.71,1329.99,1343.24,75.9,Medium
23.16594,82.33984,2026-08-12,729,3.73,329.58,287.56,n,22.01,Low,741.88,741.0,744.78,754.67,51.83,Medium
23.66504,87.15353,2026-08-12,729,6.77,337.81,295.99,l,28.86,Low,1126.19,1123.65,1129.48,1147.26,74.13,Medium
21.74932,83.8451,2026-08-12,729,2.72,334.46,292.71,n,23.96,Low,727.41,725.13,730.8,747.66,53.27,Medium
9.03714,77.75275,2026-08-12,905,3.41,343.0,290.36,n,29.22,Low,918.42,916.34,927.85,929.52,66.14,Medium
8.9007,77.85759,2026-08-12,905,7.56,353.63,292.7,n,38.24,Low,932.68,930.59,941.9,943.87,75.73,Medium
8.90267,77.85844,2026-08-12,905,8.51,353.95,292.49,n,39.13,Low,932.45,930.36,941.68,943.65,76.61,Medium
8.89707,77.86404,2026-08-12,905,7.0,335.18,292.34,n,27.57,Low,933.03,930.94,942.25,944.24,65.07,Medium
8.72599,77.55264,2026-08-12,905,4.2,335.39,282.5,n,25.59,Low,954.59,952.53,964.32,965.55,63.96,Medium
8.72601,77.55209,2026-08-12,905,5.69,336.48,282.7,n,27.31,Low,954.59,952.54,964.33,965.55,65.68,Medium
9.39539,78.73707,2026-08-12,905,4.63,344.08,289.38,n,30.74,Low,876.25,874.64,884.38,888.69,65.98,Medium
9.39776,78.73965,2026-08-12,905,12.13,354.56,289.32,n,42.19,Medium,876.0,874.39,884.12,888.44,77.42,Medium
9.08511,77.74313,2026-08-12,905,3.19,336.57,291.66,n,25.49,Low,913.21,911.13,922.67,924.3,62.2,Medium
9.07997,77.74262,2026-08-12,905,1.53,336.58,291.71,n,24.25,Low,913.78,911.71,923.24,924.87,60.99,Medium
9.40201,78.73626,2026-08-12,905,4.63,338.73,289.02,n,27.77,Low,875.52,873.9,883.64,887.96,62.98,Medium
29.76524,72.71796,2026-08-12,909,3.21,330.41,290.53,n,22.08,Low,1467.63,1466.64,1466.69,1469.31,80.78,High
29.84647,71.29039,2026-08-12,909,2.92,341.6,296.23,n,28.08,Low,1537.15,1536.11,1536.17,1538.97,89.56,High
30.30019,73.51273,2026-08-12,909,7.14,338.0,290.59,n,29.24,Low,1494.14,1493.21,1493.24,1495.7,89.0,High
30.57857,71.62238,2026-08-12,909,8.85,367.0,295.37,h,46.64,Medium,1594.11,1593.1,1593.15,1595.86,110.4,High
30.63067,72.02832,2026-08-12,909,8.91,367.0,292.74,h,46.68,Medium,1582.43,1581.43,1581.48,1584.13,109.97,High
30.63098,72.03254,2026-08-12,909,8.91,338.06,291.53,n,30.6,Low,1582.29,1581.29,1581.34,1583.99,93.89,High
30.87823,71.93729,2026-08-12,909,2.66,333.98,294.84,n,23.65,Low,1610.99,1610.0,1610.04,1612.69,88.09,High
31.41129,72.3446,2026-08-12,909,6.05,349.65,292.36,n,34.9,Low,1649.46,1648.5,1648.54,1651.1,100.88,High
31.40686,72.34518,2026-08-12,909,4.05,338.42,292.53,n,27.16,Low,1648.99,1648.03,1648.06,1650.62,93.12,High
31.41257,72.34469,2026-08-12,909,3.11,330.33,291.88,n,21.96,Low,1649.59,1648.63,1648.67,1651.23,87.94,High
37.34636,97.41018,2026-08-12,1951,0.65,301.18,285.92,n,3.92,Low,2871.54,2870.29,2875.33,2886.18,118.95,High
35.99252,94.83054,2026-08-12,1951,0.76,296.9,283.31,n,1.63,Low,2603.6,2602.46,2607.16,2617.63,105.94,High
35.98915,94.82964,2026-08-12,1951,0.76,299.06,283.6,n,2.83,Low,2603.27,2602.13,2606.83,2617.3,107.13,High
30.94972,97.36299,2026-08-12,1951,1.13,297.17,284.84,n,2.05,Low,2415.99,2413.72,2419.4,2435.89,98.9,High
27.60436,95.40337,2026-08-12,1953,3.89,306.69,291.03,n,9.41,Low,2059.14,2056.31,2062.31,2081.18,92.0,High
26.64153,79.47498,2026-08-12,1953,1.03,306.13,284.86,n,6.96,Low,1012.95,1014.03,1014.96,1017.17,47.55,Low
21.2409,79.22372,2026-08-12,1955,0.42,299.56,275.54,n,2.85,Low,417.42,418.23,419.24,423.26,19.63,Low
21.24105,79.22495,2026-08-12,1955,0.63,300.81,276.01,n,3.7,Low,417.47,418.27,419.28,423.3,20.48,Low
21.24658,79.22227,2026-08-12,1955,0.52,299.72,275.96,n,3.01,Low,418.01,418.82,419.82,423.83,19.81,Low
21.24792,79.20891,2026-08-12,1955,0.56,303.12,275.52,n,4.93,Low,417.88,418.7,419.7,423.65,21.73,Low
21.33618,78.96775,2026-08-12,1955,1.17,312.5,274.2,n,10.6,Low,423.37,424.38,425.32,428.19,27.61,Low
21.37776,81.68217,2026-08-12,1955,1.87,305.45,284.92,n,7.21,Low,540.87,539.6,544.65,556.26,29.02,Low
21.92072,83.35049,2026-08-12,1955,1.14,306.51,265.65,n,7.25,Low,701.69,699.78,705.23,720.42,35.52,Low
22.00658,82.66907,2026-08-12,1955,1.29,298.55,273.22,n,2.94,Low,659.66,658.13,663.35,676.39,29.52,Low
22.0304,83.36609,2026-08-12,1955,0.61,295.62,269.92,n,0.8,Low,711.26,709.4,714.82,729.74,29.45,Low
22.35942,82.30392,2026-08-12,1955,0.97,302.34,277.31,n,4.81,Low,666.31,665.15,670.06,680.96,31.63,Low
24.16736,82.62198,2026-08-12,1955,0.77,297.19,274.84,n,1.79,Low,851.33,850.73,853.79,863.0,35.98,Low
24.20536,82.71243,2026-08-12,1955,2.5700000000000003,303.22,279.26,n,6.49,Low,859.66,859.01,862.19,871.49,41.01,Low
25.03583,87.3895,2026-08-12,1955,3.04,312.2,289.33,n,11.84,Low,1239.09,1237.06,1242.58,1258.16,61.61,Medium
10.92167,78.51196,2026-08-12,2000,1.22,310.24,278.06,n,9.38,Low,707.25,705.19,715.35,719.08,37.85,Low
6.8556,81.5332,2026-08-12,2000,1.22,310.08,283.19,n,9.29,Low,1200.15,1201.38,1209.19,1218.84,57.59,Medium
10.94384,76.3857,2026-08-12,2000,0.58,301.34,271.92,n,3.96,Low,737.71,735.9,749.18,746.96,33.66,Low
10.94375,76.38715,2026-08-12,2000,0.45,297.97,271.91,n,1.99,Low,737.67,735.86,749.14,746.92,31.69,Low
35.96698,68.68506,2026-08-12,2133,1.6800000000000002,312.77,296.13,n,11.13,Low,2250.8,2249.8,2249.85,2252.53,101.16,High
26.64256,79.48462,2026-08-12,2133,2.46,310.31,286.31,n,10.35,Low,1013.16,1014.25,1015.18,1017.4,50.95,Medium
26.64242,79.48309,2026-08-12,2133,2.67,313.16,286.19,n,12.09,Low,1013.13,1014.22,1015.15,1017.37,52.69,Medium
31.25882,76.92647,2026-08-12,2133,0.61,304.8,288.82,n,5.9,Low,1526.52,1525.25,1525.83,1527.64,66.95,Medium
33.29638,71.18766,2026-08-12,2133,3.45,307.57,293.14,n,9.57,Low,1884.5,1883.53,1883.57,1886.15,84.95,High
25.38832,68.58551,2026-08-12,2136,2.97,316.2,291.8,n,14.01,Low,1326.65,1325.41,1325.53,1328.95,67.08,Medium
23.73618,86.43395,2026-08-13,707,4.16,332.8,289.47,n,24.12,Low,1072.52,1070.25,1075.92,1092.59,67.23,Medium
23.73811,86.43422,2026-08-13,707,5.16,333.43,289.49,n,25.22,Low,1072.67,1070.4,1076.08,1092.74,68.34,Medium
23.77803,86.38847,2026-08-13,707,3.67,329.59,283.41,n,21.97,Low,1071.82,1069.58,1075.23,1091.75,65.05,Medium
23.80264,86.33192,2026-08-13,707,4.15,330.43,281.98,n,22.8,Low,1069.08,1066.87,1072.5,1088.89,65.77,Medium
27.75595,96.12046,2026-08-13,709,8.28,342.54,296.07,n,32.62,Low,2129.16,2126.28,2132.31,2151.39,118.01,High
27.95328,94.17912,2026-08-13,709,4.8100000000000005,333.1,296.61,n,24.77,Low,1975.61,1973.05,1978.9,1996.64,104.01,High
28.2101,95.63686,2026-08-13,709,2.9,331.73,296.51,n,22.58,Low,2112.59,2109.89,2115.82,2134.16,107.3,High
7.18049,81.00858,2026-08-13,843,4.38,337.71,291.58,n,27.01,Low,1151.24,1152.45,1160.16,1168.99,73.34,Medium
7.18077,81.00758,2026-08-13,843,4.57,347.77,291.97,n,32.74,Low,1151.18,1152.39,1160.11,1168.94,79.07,Medium
6.68782,81.21521,2026-08-13,843,6.02,334.78,292.55,n,26.61,Low,1209.48,1210.7,1218.43,1227.43,75.27,Medium
6.68831,81.21883,2026-08-13,843,6.02,367.0,294.08,h,44.52,Medium,1209.52,1210.74,1218.47,1227.47,93.18,High
6.38202,81.0257,2026-08-13,843,8.8,338.06,293.95,n,30.52,Low,1237.86,1239.06,1246.74,1255.25,80.31,High
6.3825,81.02918,2026-08-13,843,16.19,367.0,295.44,h,52.14,Medium,1237.88,1239.09,1246.77,1255.29,101.93,High
8.58456,80.87868,2026-08-13,845,1.26,333.07,287.52,n,22.09,Low,996.9,998.12,1005.88,1015.17,62.25,Medium
8.38041,80.17516,2026-08-13,845,1.57,330.13,291.27,n,20.69,Low,1003.05,1004.24,1011.79,1019.42,61.08,Medium
11.54044,79.12389,2026-08-13,845,2.58,339.14,278.6,n,26.46,Low,641.38,641.27,649.79,655.8,52.34,Medium
8.15321,81.32706,2026-08-13,845,2.49,331.23,291.49,n,22.0,Low,1055.8,1057.04,1064.88,1074.85,64.53,Medium
7.93612,80.75471,2026-08-13,845,6.15,354.15,291.01,n,37.47,Low,1063.55,1064.76,1072.45,1081.14,80.29,High
7.91424,81.47617,2026-08-13,845,4.65,342.26,292.16,n,29.74,Low,1085.77,1087.01,1094.86,1104.98,73.47,Medium
9.00208,80.6894,2026-08-13,845,3.68,331.06,289.85,n,22.79,Low,947.07,948.29,956.03,965.15,60.96,Medium
8.965160000000001,80.32503,2026-08-13,845,3.03,333.72,290.98,n,23.78,Low,942.43,943.63,951.27,959.51,61.75,Medium
9.16139,80.66515,2026-08-13,845,4.14,340.52,290.07,n,28.39,Low,929.32,930.54,938.29,947.44,65.85,Medium
9.13136,80.44212,2026-08-13,845,6.48,334.15,291.52,n,26.61,Low,927.06,928.26,935.94,944.56,63.97,Medium
8.76691,77.69192,2026-08-13,845,2.92,337.11,296.64,n,25.58,Low,948.74,946.66,958.24,959.81,63.71,Medium
9.13221,80.44027,2026-08-13,845,3.69,341.79,291.83,n,28.76,Low,926.92,928.13,935.81,944.42,66.11,Medium
9.16061,80.66372,2026-08-13,845,4.06,331.66,288.72,n,23.41,Low,929.37,930.59,938.33,947.48,60.87,Medium
9.47122,78.82121,2026-08-13,845,4.5600000000000005,336.94,289.42,n,26.72,Low,868.1,866.68,876.25,880.8,61.64,Medium
9.67933,78.15241,2026-08-13,845,7.88,343.29,298.39,n,32.74,Low,845.11,843.0,853.86,856.53,66.73,Medium
10.16619,78.93098,2026-08-13,845,5.27,335.29,293.51,n,26.34,Low,791.71,790.67,799.94,804.91,58.21,Medium
10.77735,79.65633,2026-08-13,845,5.45,351.27,292.13,n,35.35,Low,732.22,733.4,740.91,748.32,64.9,Medium
8.72843,80.47789,2026-08-13,845,5.72,335.24,289.94,n,26.65,Low,971.46,972.66,980.33,988.81,65.78,Medium
8.72888,80.48133,2026-08-13,845,5.72,354.36,290.51,n,37.27,Low,971.49,972.69,980.36,988.85,76.4,Medium
8.62785,80.65689,2026-08-13,845,2.32,330.35,290.42,n,21.38,Low,986.55,987.76,995.47,1004.3,61.12,Medium
11.04338,78.72183,2026-08-13,845,2.94,330.37,294.1,n,21.86,Low,693.98,692.46,702.11,706.56,49.81,Low
8.50201,80.25056,2026-08-13,845,8.17,346.28,291.65,n,34.62,Low,991.24,992.43,1000.01,1007.86,74.54,Medium
8.50331,80.26043,2026-08-13,845,3.89,330.37,290.69,n,22.57,Low,991.29,992.48,1000.06,1007.94,62.49,Medium
25.20996,68.73409,2026-08-13,850,1.25,331.13,296.98,n,21.01,Low,1302.59,1301.35,1301.47,1304.89,73.11,Medium
25.38725,68.58302,2026-08-13,850,2.51,333.81,298.7,n,23.44,Low,1326.77,1325.53,1325.65,1329.07,76.51,Medium
25.41183,68.25375,2026-08-13,850,1.74,335.85,302.68,n,24.0,Low,1354.36,1353.12,1353.24,1356.67,78.17,Medium
25.5373,68.85468,2026-08-13,850,3.36,334.98,297.43,n,24.73,Low,1316.4,1315.17,1315.28,1318.68,77.39,Medium
31.03059,70.82815,2026-08-13,852,4.69,330.22,303.46,l,23.08,Low,1673.62,1672.59,1672.64,1675.41,90.02,High
30.7853,72.02888,2026-08-13,852,3.51,335.81,297.31,n,25.3,Low,1597.96,1596.97,1597.02,1599.66,89.22,High
30.65683,71.97965,2026-08-13,852,2.66,330.24,297.4,n,21.57,Low,1587.03,1586.03,1586.08,1588.74,85.05,High
30.63265,72.03162,2026-08-13,852,4.78,346.91,295.82,n,32.42,Low,1582.49,1581.5,1581.54,1584.2,95.72,High
30.63135,72.03081,2026-08-13,852,3.8,342.08,296.25,n,29.01,Low,1582.39,1581.4,1581.44,1584.1,92.3,High
30.716,72.87063,2026-08-13,852,6.98,330.12,299.05,n,24.75,Low,1559.13,1558.17,1558.21,1560.74,87.11,High
30.62984,72.17395,2026-08-13,852,2.84,337.62,298.09,n,25.81,Low,1576.51,1575.52,1575.57,1578.2,88.87,High
30.55099,71.64114000000001,2026-08-13,852,3.9,331.74,303.12,l,23.34,Low,1590.57,1589.56,1589.61,1592.32,86.96,High
29.87196,72.63807,2026-08-13,852,5.43,338.26,292.52,n,28.11,Low,1481.57,1480.59,1480.63,1483.25,87.37,High
29.64513,71.6638,2026-08-13,852,2.33,332.63,294.15,n,22.65,Low,1500.29,1499.26,1499.31,1502.09,82.66,High
29.64557,71.66782,2026-08-13,852,3.02,330.4,294.52,n,21.93,Low,1500.15,1499.12,1499.17,1501.95,81.93,High
28.1092,69.16533,2026-08-13,852,11.82,342.19,301.24,n,35.08,Low,1496.71,1495.55,1495.64,1498.81,94.95,High
35.83731,71.41198,2026-08-13,854,3.12,341.46,309.78,n,28.15,Low,2138.23,2137.3,2137.35,2139.77,113.68,High
35.99004,94.83039,2026-08-13,1932,0.8,298.82,280.66,n,2.72,Low,2603.39,2602.25,2606.95,2617.42,107.02,High
37.34792,97.41002,2026-08-13,1932,0.71,300.21,285.02,n,3.43,Low,2871.65,2870.4,2875.44,2886.29,118.47,High
29.26384,91.9249,2026-08-13,1934,2.11,309.09,285.76,n,9.41,Low,1885.48,1883.65,1889.06,1903.54,85.03,High
29.37553,91.15138,2026-08-13,1934,1.46,300.84,280.97,n,4.34,Low,1837.82,1836.12,1841.45,1855.09,78.04,Medium
29.6605,90.89847,2026-08-13,1934,0.7000000000000001,295.22,282.3,n,0.65,Low,1841.87,1840.28,1845.54,1858.6,74.51,Medium
29.6602,90.89964,2026-08-13,1934,1.21,296.79,282.72,n,1.9,Low,1841.93,1840.33,1845.6,1858.66,75.77,Medium
30.07011,96.97737,2026-08-13,1934,0.85,302.28,287.89,n,4.68,Low,2331.67,2329.25,2335.01,2352.16,98.16,High
30.94826,97.36237,2026-08-13,1934,0.8200000000000001,298.25,285.35,n,2.42,Low,2415.85,2413.58,2419.26,2435.75,99.26,High
23.75365,86.41747,2026-08-13,1936,1.44,297.17,282.94,n,2.29,Low,1072.42,1070.16,1075.83,1092.44,45.4,Low
23.74908,86.41685,2026-08-13,1936,2.09,296.97,283.17,n,2.66,Low,1072.05,1069.79,1075.46,1092.08,45.75,Low
23.73823,86.43073,2026-08-13,1936,2.09,298.21,282.81,n,3.35,Low,1072.4,1070.14,1075.81,1092.47,46.46,Low
24.54147,97.73922,2026-08-13,1936,1.27,299.76,289.69,n,3.6,Low,2138.09,2134.23,2140.71,2162.43,89.35,High
23.75298,86.41855,2026-08-13,1936,2.36,298.67,283.46,n,3.81,Low,1072.46,1070.2,1075.87,1092.48,46.92,Low
22.06728,88.11946,2026-08-13,1938,3.26,323.97,288.71,n,18.54,Low,1121.85,1118.32,1124.66,1145.96,63.65,Medium
22.06281,88.12262,2026-08-13,1938,3.35,305.38,288.82,n,8.28,Low,1121.93,1118.4,1124.75,1146.05,53.39,Medium
22.06258,88.11909,2026-08-13,1938,4.17,325.03,288.7,n,19.81,Low,1121.59,1118.06,1124.4,1145.71,64.91,Medium
22.06327,88.11887,2026-08-13,1938,4.92,332.34,289.18,n,24.43,Low,1121.6,1118.08,1124.42,1145.72,69.53,Medium
6.75746,80.83669,2026-08-13,1942,1.58,319.82,289.08,n,14.97,Low,1192.93,1194.14,1201.78,1210.11,62.96,Medium
7.20609,81.10449,2026-08-13,1942,1.35,310.6,290.1,n,9.68,Low,1150.89,1152.11,1159.85,1168.87,56.0,Medium
35.96593,68.68664,2026-08-13,2114,1.0,309.89,294.98,n,9.02,Low,2250.63,2249.63,2249.68,2252.36,99.04,High
32.88816,71.61708,2026-08-13,2116,2.65,313.07,295.31,n,12.03,Low,1827.03,1826.07,1826.11,1828.67,85.11,High
32.29366,70.73075,2026-08-13,2116,1.49,313.79,297.18,n,11.56,Low,1802.11,1801.1,1801.15,1803.84,83.64,High
32.28909,70.73813,2026-08-13,2116,1.33,311.09,297.01,n,9.94,Low,1801.34,1800.33,1800.38,1803.08,81.99,High
25.94058,72.19393,2026-08-13,2116,2.2,304.94,290.17,n,7.17,Low,1122.47,1121.35,1121.43,1124.47,52.07,Medium
24.66126,74.63389,2026-08-13,2118,0.71,296.63,272.55,n,1.44,Low,874.64,873.61,873.66,876.42,36.42,Low
19.36947,71.35176,2026-08-13,2118,3.02,310.92,290.37,n,11.11,Low,757.62,756.38,756.54,760.07,41.42,Low
12.98518,74.85353,2026-08-13,2121,0.59,303.49,271.73,n,5.16,Low,612.37,611.21,617.84,617.56,29.75,Low
22.70188,97.5589,2026-08-14,650,2.98,336.01,296.06,n,25.02,Low,2066.54,2062.4,2069.01,2091.19,107.91,High
29.70123,91.11729,2026-08-14,652,6.32,332.09,305.78,l,25.35,Low,1860.23,1858.6,1863.89,1877.11,99.95,High
29.66986,90.99896,2026-08-14,652,4.8100000000000005,333.94,301.63,n,25.24,Low,1849.57,1847.96,1853.24,1866.38,99.41,High
29.70388,91.11877,2026-08-14,652,6.41,336.3,303.36,n,27.75,Low,1860.54,1858.91,1864.2,1877.42,102.36,High
29.6841,91.14074,2026-08-14,652,3.76,334.97,305.12,l,25.03,Low,1860.55,1858.92,1864.21,1877.48,99.64,High
29.55282,90.96188,2026-08-14,652,2.72,331.65,304.02,l,22.4,Low,1837.98,1836.35,1841.64,1854.88,96.11,High
37.35157,95.85977,2026-08-14,654,2.19,344.78,303.8,n,29.3,Low,2777.07,2776.0,2780.47,2790.75,140.54,Critical
37.3482,95.86053,2026-08-14,654,2.19,335.5,305.26,n,24.14,Low,2776.84,2775.76,2780.24,2790.52,135.37,Critical
8.06051,80.6891,2026-08-14,826,6.96,335.1,288.84,n,27.5,Low,1048.56,1049.77,1057.45,1066.06,69.72,Medium
8.12584,81.42531,2026-08-14,826,4.62,336.64,295.31,n,26.6,Low,1061.74,1062.98,1070.83,1080.98,69.37,Medium
7.90225,81.48327,2026-08-14,826,4.13,331.82,296.51,n,23.55,Low,1087.26,1088.5,1096.36,1106.48,67.34,Medium
7.88716,81.43616,2026-08-14,826,5.15,343.79,297.63,n,30.97,Low,1087.41,1088.64,1096.49,1106.51,74.76,Medium
7.88768,81.43986,2026-08-14,826,6.46,342.63,297.79,n,31.31,Low,1087.47,1088.7,1096.55,1106.58,75.1,Medium
7.87329,81.48734,2026-08-14,826,4.01,339.46,295.12,n,27.71,Low,1090.46,1091.7,1099.55,1109.67,71.62,Medium
7.86656,81.46929,2026-08-14,826,17.08,355.08,298.99,n,46.19,Medium,1090.62,1091.85,1099.7,1109.78,90.11,High
7.86916,81.48792,2026-08-14,826,4.01,344.85,295.15,n,30.7,Low,1090.92,1092.16,1100.01,1110.13,74.63,Medium
7.86968,81.49164,2026-08-14,826,4.01,346.08,295.05,n,31.39,Low,1090.98,1092.22,1100.07,1110.19,75.32,Medium
7.79772,81.47552,2026-08-14,826,2.61,336.68,299.66,n,25.11,Low,1098.12,1099.35,1107.2,1117.25,69.33,Medium
7.69964,81.30701,2026-08-14,826,15.08,346.15,298.0,n,39.73,Low,1103.53,1104.76,1112.56,1122.23,84.16,High
8.80066,80.57003,2026-08-14,826,5.05,334.6,296.09,n,25.79,Low,965.8,967.01,974.7,983.43,64.7,Medium
8.80016,80.57328,2026-08-14,826,4.24,339.74,296.35,n,28.04,Low,965.93,967.14,974.84,983.57,66.95,Medium
8.80411,80.57274,2026-08-14,826,4.24,330.54,293.78,n,22.92,Low,965.49,966.7,974.4,983.13,61.82,Medium
8.82694,80.67886,2026-08-14,826,4.62,334.58,296.91,n,25.45,Low,965.64,966.86,974.59,983.58,64.36,Medium
7.70016,81.31061,2026-08-14,826,8.54,342.13,296.52,n,32.59,Low,1103.57,1104.8,1112.61,1122.29,77.02,Medium
7.69557,81.30759,2026-08-14,826,15.08,356.3,299.95,n,45.37,Medium,1103.98,1105.21,1113.01,1122.68,89.82,High
7.69609,81.31118,2026-08-14,826,8.54,343.16,297.2,n,33.16,Low,1104.03,1105.26,1113.06,1122.74,77.61,Medium
7.53184,81.66215,2026-08-14,826,3.62,337.53,293.06,n,26.34,Low,1132.16,1133.4,1141.27,1151.52,71.92,Medium
7.52985,81.67784,2026-08-14,826,6.31,342.28,291.39,n,31.0,Low,1132.87,1134.11,1141.98,1152.26,76.61,Medium
7.51518,81.66447,2026-08-14,826,2.07,334.28,294.11,n,23.37,Low,1134.0,1135.24,1143.11,1153.35,69.03,Medium
7.41772,81.64791,2026-08-14,826,1.33,335.83,296.67,n,23.68,Low,1143.8,1145.04,1152.9,1163.05,69.73,Medium
7.29912,81.1978,2026-08-14,826,4.35,337.71,294.44,n,26.99,Low,1143.35,1144.57,1152.33,1161.58,73.01,Medium
9.015,80.6757,2026-08-14,826,3.45,336.11,297.85,n,25.43,Low,945.33,946.55,954.29,963.38,63.53,Medium
7.27627,81.3829,2026-08-14,826,4.32,344.73,298.89,n,30.87,Low,1150.92,1152.14,1159.94,1169.53,77.2,Medium
7.26114,81.30737,2026-08-14,826,13.43,356.27,300.1,n,44.11,Medium,1150.41,1151.63,1159.42,1168.85,90.41,High
7.21928,81.10368,2026-08-14,826,4.99,334.58,296.86,n,25.73,Low,1149.45,1150.67,1158.41,1167.44,71.99,Medium
7.23446,81.77828,2026-08-14,826,5.77,342.69,296.12,n,30.82,Low,1167.35,1168.59,1176.47,1186.75,77.81,Medium
7.06421,81.81426,2026-08-14,826,2.99,337.07,299.42,n,25.61,Low,1186.53,1187.77,1195.63,1205.89,73.37,Medium
6.86874,81.71575,2026-08-14,826,8.71,339.26,300.77,n,31.12,Low,1204.18,1205.41,1213.26,1223.23,79.58,Medium
6.8008500000000005,81.47522,2026-08-14,826,5.55,349.9,293.67,n,34.66,Low,1204.35,1205.58,1213.37,1222.88,83.12,High
6.79066,81.46186,2026-08-14,826,7.08,334.12,287.95,n,27.04,Low,1205.06,1206.29,1214.08,1223.56,75.53,Medium
6.78809,81.47303,2026-08-14,826,4.27,346.08,291.08,n,31.58,Low,1205.65,1206.88,1214.67,1224.17,80.09,High
6.76902,81.36734,2026-08-14,826,8.53,351.93,285.58,n,38.03,Low,1204.77,1205.99,1213.76,1223.07,86.51,High
6.76952,81.3709,2026-08-14,826,8.53,342.65,285.29,n,32.87,Low,1204.81,1206.04,1213.81,1223.12,81.35,High
9.01102,80.67626,2026-08-14,826,3.45,334.4,297.93,n,24.48,Low,945.77,946.99,954.73,963.82,62.59,Medium
6.75863,81.78897,2026-08-14,826,6.09,331.63,300.64,n,24.92,Low,1218.13,1219.36,1227.21,1237.26,73.94,Medium
6.71394,81.47736,2026-08-14,826,3.67,331.43,294.62,n,22.99,Low,1213.7,1214.93,1222.72,1232.19,71.83,Medium
6.77634,81.53474,2026-08-14,826,3.22,336.47,294.06,n,25.45,Low,1208.66,1209.89,1217.69,1227.3,74.09,Medium
6.78043,81.5342,2026-08-14,826,3.22,338.06,296.85,n,26.34,Low,1208.21,1209.44,1217.24,1226.85,74.96,Medium
6.77589,81.53412,2026-08-14,826,2.8,338.45,295.33,n,26.24,Low,1208.69,1209.92,1217.72,1227.33,74.88,Medium
6.77998,81.53358,2026-08-14,826,2.8,341.37,297.4,n,27.86,Low,1208.24,1209.47,1217.27,1226.88,76.48,Medium
9.57666,78.31569,2026-08-14,826,5.44,336.05,300.88,n,26.89,Low,856.08,853.95,864.49,867.64,61.31,Medium
9.57608,78.31172,2026-08-14,826,4.92,335.35,300.96,n,26.11,Low,856.15,854.02,864.57,867.7,60.53,Medium
8.80139,80.57509,2026-08-14,826,3.59,334.87,294.74,n,24.84,Low,965.84,967.05,974.75,983.49,63.75,Medium
8.83132,80.89387,2026-08-14,826,2.66,330.97,296.6,n,21.98,Low,970.87,972.1,979.88,989.35,61.1,Medium
8.68916,80.46336,2026-08-14,826,6.47,341.02,294.43,n,30.42,Low,975.38,976.59,984.24,992.67,69.71,Medium
9.49049,78.61933,2026-08-14,826,6.35,342.11,301.52,n,30.93,Low,865.55,863.7,873.67,877.66,65.74,Medium
9.41698,77.81709,2026-08-14,826,14.1,344.56,300.93,n,38.11,Low,876.0,873.92,885.37,887.14,73.33,Medium
9.01351,80.67845,2026-08-14,826,6.88,334.27,297.46,n,26.98,Low,945.56,946.78,954.52,963.61,65.08,Medium
8.69729,77.84816000000001,2026-08-14,826,1.51,337.29,299.86,n,24.63,Low,955.19,953.1,964.41,966.4,63.02,Medium
9.0128,80.67327,2026-08-14,826,9.77,337.17,298.68,n,30.76,Low,945.5,946.72,954.46,963.54,68.86,Medium
9.0321,80.0744,2026-08-14,826,7.09,338.55,296.03,n,29.51,Low,930.13,931.32,938.88,946.55,66.98,Medium
8.76233,77.79604,2026-08-14,826,2.81,339.05,301.72,n,26.58,Low,948.39,946.31,957.71,959.55,64.7,Medium
9.31116,80.1535,2026-08-14,826,5.96,342.32,296.78,n,30.76,Low,901.29,902.48,910.08,918.09,67.08,Medium
8.66231,80.89346,2026-08-14,826,4.04,335.5,297.97,n,25.53,Low,988.96,990.18,997.95,1007.32,65.37,Medium
8.65779,80.8905,2026-08-14,826,3.2,330.83,298.36,n,22.31,Low,989.36,990.59,998.36,1007.72,62.17,Medium
8.5659,80.46375,2026-08-14,826,4.44,336.3,296.2,n,26.27,Low,988.74,989.94,997.59,1005.96,66.09,Medium
8.566040000000001,80.46652,2026-08-14,826,3.5,333.18,294.91,n,23.84,Low,988.79,989.99,997.64,1006.01,63.66,Medium
8.56307,80.58379,2026-08-14,826,3.64,334.57,292.09,n,24.71,Low,991.79,993.0,1000.68,1009.31,64.66,Medium
8.58222,80.85816,2026-08-14,826,16.38,344.61,298.69,n,39.85,Low,996.6,997.82,1005.58,1014.82,80.0,High
8.55964,80.872,2026-08-14,826,9.23,337.16,297.43,n,30.34,Low,999.39,1000.61,1008.37,1017.63,70.6,Medium
8.41071,80.52218,2026-08-14,826,7.43,337.57,298.34,n,29.22,Low,1006.85,1008.06,1015.71,1024.13,69.77,Medium
8.4068,80.52273,2026-08-14,826,13.78,348.21,298.59,n,39.9,Low,1007.29,1008.49,1016.15,1024.57,80.46,High
14.33251,77.40853,2026-08-14,828,7.7,353.07,291.88,n,38.04,Low,346.75,344.96,358.22,355.96,52.1,Medium
9.94017,78.72459,2026-08-14,828,3.47,338.41,298.15,n,26.72,Low,815.98,814.38,824.11,828.44,59.55,Medium
9.94318,78.71989,2026-08-14,828,3.47,337.56,298.43,n,26.25,Low,815.64,814.02,823.76,828.08,59.06,Medium
9.94619,78.71519,2026-08-14,828,4.78,344.65,298.15,n,31.17,Low,815.29,813.67,823.42,827.72,63.97,Medium
10.16352,78.93459,2026-08-14,828,3.95,335.38,300.67,n,25.4,Low,792.02,790.99,800.25,805.24,57.28,Medium
10.15349,78.50438,2026-08-14,828,3.96,335.53,298.72,n,25.49,Low,792.22,790.14,800.33,804.01,57.36,Medium
10.6441,79.07843,2026-08-14,828,5.06,342.53,291.63,n,30.2,Low,739.84,739.32,748.18,753.73,60.01,Medium
10.79085,77.71056,2026-08-14,828,0.61,334.83,293.83,n,22.59,Low,725.61,723.56,735.47,736.53,51.8,Medium
11.10117,78.03844,2026-08-14,828,1.67,330.35,288.39,n,20.89,Low,688.54,686.44,697.71,699.79,48.61,Low
12.34427,76.94675,2026-08-14,828,2.02,332.13,290.9,n,22.14,Low,571.83,569.99,583.51,581.3,45.21,Low
12.92848,80.18225,2026-08-14,828,3.63,340.81,293.11,n,28.17,Low,514.24,515.49,523.42,534.61,49.05,Low
13.13813,79.96019,2026-08-14,828,4.8,341.06,290.79,n,29.19,Low,484.67,485.91,493.79,504.4,48.88,Low
13.85388,78.33376,2026-08-14,828,2.34,336.45,297.39,n,24.78,Low,382.96,380.83,391.68,394.48,40.28,Low
14.31833,77.41064,2026-08-14,828,2.89,335.06,290.17,n,24.42,Low,348.17,346.38,359.67,357.41,38.54,Low
14.32246,77.41421,2026-08-14,828,2.89,338.61,289.42,n,26.4,Low,347.62,345.83,359.13,356.86,40.49,Low
14.32188,77.41011,2026-08-14,828,2.89,340.84,290.02,n,27.63,Low,347.82,346.02,359.31,357.04,41.73,Low
14.3213,77.40604,2026-08-14,828,3.25,340.06,289.05,n,27.47,Low,348.01,346.22,359.49,357.23,41.58,Low
14.326,77.41369,2026-08-14,828,3.04,338.16,289.44,n,26.26,Low,347.26,345.47,358.77,356.5,40.34,Low
14.32542,77.40958,2026-08-14,828,3.04,341.0,289.59,n,27.84,Low,347.46,345.67,358.95,356.68,41.93,Low
14.32896,77.40906,2026-08-14,828,3.04,346.67,290.23,n,30.99,Low,347.1,345.31,358.58,356.32,45.06,Low
14.33192,77.40444,2026-08-14,828,2.83,336.96,288.56,n,25.43,Low,346.94,345.16,358.4,356.15,39.5,Low
14.88612,77.45694,2026-08-14,828,4.17,334.57,292.58,n,25.11,Low,287.16,285.44,298.01,295.95,36.78,Low
15.17322,76.69418,2026-08-14,828,3.3,335.93,298.56,n,25.21,Low,299.25,298.06,305.31,304.79,37.28,Low
15.17222,76.66235,2026-08-14,828,4.86,343.64,298.9,n,30.67,Low,301.43,300.25,307.33,306.87,42.83,Low
15.16369,76.38303,2026-08-14,828,3.96,334.16,294.54,n,24.73,Low,321.44,320.4,326.06,325.99,37.67,Low
15.68431,80.11327,2026-08-14,828,3.22,340.56,298.04,n,27.73,Low,242.14,243.4,251.38,269.15,37.79,Low
15.74877,80.01529,2026-08-14,828,3.47,346.84,296.82,n,31.4,Low,229.85,231.12,239.11,256.72,40.97,Low
15.61406,78.3792,2026-08-14,828,12.98,336.76,296.62,n,32.93,Low,188.14,186.01,197.09,199.76,40.64,Low
15.84728,80.08014,2026-08-14,828,2.4,334.29,296.58,n,23.63,Low,226.49,227.74,235.65,253.96,33.07,Low
15.67526,78.37572,2026-08-14,828,5.6,332.72,294.49,n,25.16,Low,181.38,179.25,190.39,192.98,32.6,Low
18.68664,73.04058,2026-08-14,830,8.31,336.58,292.42,n,29.33,Low,567.13,565.9,566.07,569.57,52.02,Medium
29.34646,73.11682,2026-08-14,833,3.83,336.71,294.38,n,26.04,Low,1409.67,1408.7,1408.74,1411.33,82.42,High
29.78008,72.30405,2026-08-14,833,4.37,337.19,302.22,n,26.72,Low,1485.79,1484.79,1484.84,1487.52,86.15,High
29.95238,72.94431,2026-08-14,833,3.6,338.9,297.13,n,27.09,Low,1478.06,1477.1,1477.13,1479.71,86.21,High
29.74283,71.27952,2026-08-14,833,3.84,344.03,300.06,n,30.12,Low,1527.63,1526.58,1526.64,1529.46,91.22,High
29.95464,72.57912,2026-08-14,833,4.39,341.73,300.02,n,29.25,Low,1492.26,1491.27,1491.32,1493.94,88.94,High
29.97913,72.60475,2026-08-14,833,22.79,339.93,300.37,n,42.05,Medium,1493.73,1492.75,1492.79,1495.42,101.8,High
29.94082,72.06029,2026-08-14,833,3.12,338.23,299.51,n,26.36,Low,1512.06,1511.05,1511.1,1513.8,86.84,High
30.01564,72.56848,2026-08-14,833,3.24,336.95,300.7,n,25.74,Low,1498.85,1497.87,1497.91,1500.54,85.69,High
29.85568,71.38053,2026-08-14,833,3.16,340.06,300.6,n,27.4,Low,1533.85,1532.81,1532.86,1535.66,88.75,High
30.03947,72.11456,2026-08-14,833,3.51,337.05,303.08,n,25.99,Low,1519.63,1518.62,1518.67,1521.35,86.77,High
30.07664,71.52844,2026-08-14,833,4.27,347.16,300.46,n,32.18,Low,1548.69,1547.66,1547.71,1550.47,94.13,High
30.07075,71.48827,2026-08-14,833,3.16,337.79,299.39,n,26.14,Low,1549.92,1548.89,1548.94,1551.71,88.13,High
30.41155,71.94455,2026-08-14,833,5.06,337.54,300.11,n,27.43,Low,1563.89,1562.89,1562.94,1565.62,89.98,High
30.4149,71.94391,2026-08-14,833,2.34,330.06,298.6,n,21.23,Low,1564.26,1563.25,1563.3,1565.98,83.8,High
30.65054,73.60814,2026-08-14,833,2.72,331.28,296.58,n,22.2,Low,1527.7,1526.77,1526.82,1529.24,83.31,High
30.4806,71.81483,2026-08-14,833,4.41,344.58,299.9,n,30.85,Low,1576.21,1575.2,1575.25,1577.94,93.9,High
30.53525,71.77944,2026-08-14,833,2.08,330.78,298.74,n,21.44,Low,1583.14,1582.13,1582.18,1584.88,84.76,High
30.60707,72.18962,2026-08-14,833,7.94,349.02,299.32,n,35.97,Low,1573.59,1572.6,1572.65,1575.28,98.91,High
30.54259,71.71091,2026-08-14,833,5.68,337.49,301.52,n,27.87,Low,1586.77,1585.76,1585.8,1588.51,91.34,High
30.60084,72.0713,2026-08-14,833,2.65,334.53,298.75,n,23.95,Low,1577.69,1576.7,1576.74,1579.39,87.06,High
30.61927,72.15311,2026-08-14,833,3.17,336.05,298.67,n,25.18,Low,1576.27,1575.28,1575.33,1577.97,88.23,High
30.65344,72.12532,2026-08-14,833,4.74,345.54,300.13,n,31.63,Low,1580.83,1579.84,1579.88,1582.52,94.86,High
30.63605,71.72717,2026-08-14,833,5.93,340.78,299.41,n,29.88,Low,1595.38,1594.38,1594.42,1597.12,93.69,High
30.89181,73.20399,2026-08-14,833,2.93,331.33,301.68,l,22.38,Low,1565.9,1564.97,1565.0,1567.47,85.01,High
30.89121,73.19951,2026-08-14,833,2.93,330.74,301.34,l,22.05,Low,1565.99,1565.05,1565.09,1567.56,84.69,High
30.89827,73.22582,2026-08-14,833,3.06,331.16,302.47,l,22.38,Low,1565.85,1564.92,1564.95,1567.42,85.01,High
30.89589,73.20786,2026-08-14,833,4.5,331.09,301.6,l,23.42,Low,1566.2,1565.27,1565.3,1567.77,86.07,High
30.8953,73.20337,2026-08-14,833,2.93,330.8,301.35,l,22.09,Low,1566.28,1565.35,1565.38,1567.86,84.74,High
30.90756,73.21498,2026-08-14,833,3.47,330.42,301.49,l,22.28,Low,1567.18,1566.25,1566.28,1568.75,84.96,High
30.91165,73.21886,2026-08-14,835,3.47,330.83,301.25,l,22.51,Low,1567.47,1566.54,1566.57,1569.04,85.21,High
30.75119,71.95432,2026-08-14,835,13.73,347.09,299.8,n,39.24,Low,1597.53,1596.54,1596.58,1599.24,103.14,High
30.76738,72.01932,2026-08-14,835,3.81,338.15,298.56,n,26.83,Low,1596.54,1595.55,1595.59,1598.24,90.69,High
30.79395,71.93381,2026-08-14,835,4.45,335.92,297.72,n,26.07,Low,1602.66,1601.66,1601.71,1604.36,90.17,High
30.81083,71.85845,2026-08-14,835,11.4,347.77,301.48,n,37.87,Low,1607.41,1606.42,1606.46,1609.13,102.16,High
31.03194,73.37009,2026-08-14,835,6.75,331.52,301.15,n,25.35,Low,1575.13,1574.2,1574.24,1576.68,88.35,High
31.19237,72.09209,2026-08-14,835,4.1,337.63,299.72,n,26.76,Low,1636.63,1635.65,1635.69,1638.3,92.22,High
31.7036,72.48791,2026-08-14,835,3.79,338.18,296.24,n,26.83,Low,1674.35,1673.4,1673.43,1675.96,93.8,High
31.70236,72.48913,2026-08-14,835,5.11,340.88,296.25,n,29.32,Low,1674.18,1673.23,1673.26,1675.79,96.28,High
32.03644,71.12323,2026-08-14,835,3.69,331.69,305.49,l,23.15,Low,1760.16,1759.16,1759.21,1761.88,93.55,High
32.04037,71.12668,2026-08-14,835,3.45,332.71,306.11,l,23.54,Low,1760.41,1759.41,1759.46,1762.13,93.95,High
32.03977,71.12256000000001,2026-08-14,835,3.45,330.52,305.03,l,22.32,Low,1760.52,1759.52,1759.57,1762.24,92.74,High
32.88853,71.61611,2026-08-14,835,3.3,334.49,301.83,n,24.41,Low,1827.1,1826.14,1826.18,1828.74,97.49,High
27.32576,95.27875,2026-08-14,1917,4.34,311.81,291.58,n,12.59,Low,2033.34,2030.46,2036.49,2055.6,94.15,High
27.03289,94.89212,2026-08-14,1917,5.03,314.82,290.69,n,14.78,Low,1984.13,1981.21,1987.26,2006.49,94.37,High
7.49311,81.1361,2026-08-14,1921,2.42,300.3,275.88,n,4.76,Low,1120.88,1122.1,1129.86,1139.09,49.88,Low
35.9678,68.6875,2026-08-14,2055,1.44,310.43,295.46,n,9.65,Low,2250.78,2249.78,2249.83,2252.51,99.68,High
33.68887,72.71381,2026-08-14,2055,0.95,310.22,291.07,n,9.17,Low,1873.84,1872.87,1872.96,1875.34,84.12,High
33.29664,71.1873,2026-08-14,2055,0.89,305.45,291.6,n,6.47,Low,1884.54,1883.57,1883.61,1886.19,81.85,High
26.60479,73.68352,2026-08-14,2057,1.07,306.63,290.8,n,7.26,Low,1109.98,1108.96,1109.01,1111.74,51.66,Medium
22.9329,69.70402,2026-08-14,2057,0.96,302.22,284.65,n,4.73,Low,1075.25,1073.98,1074.11,1077.64,47.74,Low
23.31558,70.4867,2026-08-14,2057,1.06,303.46,285.88,n,5.49,Low,1033.22,1031.97,1032.09,1035.56,46.82,Low
25.3884,68.58215,2026-08-14,2057,3.33,325.12,292.7,n,19.23,Low,1326.92,1325.68,1325.8,1329.21,72.31,Medium
25.94164,72.19266,2026-08-14,2057,1.49,321.57,291.08,n,15.88,Low,1122.64,1121.52,1121.6,1124.64,60.78,Medium
25.94279,72.19247,2026-08-14,2057,1.72,324.59,291.21,n,17.73,Low,1122.76,1121.64,1121.71,1124.76,62.64,Medium
26.87478,73.51643,2026-08-14,2057,0.84,304.98,287.95,n,6.17,Low,1144.16,1143.13,1143.18,1145.92,51.93,Medium
26.87868,73.51321,2026-08-14,2057,0.84,305.24,287.87,n,6.32,Low,1144.68,1143.66,1143.71,1146.45,52.11,Medium
28.60834,68.63084,2026-08-14,2057,1.6,313.15,293.58,n,11.28,Low,1572.82,1571.65,1571.74,1574.91,74.19,Medium
19.52992,71.29703,2026-08-14,2059,2.67,304.31,286.88,n,7.17,Low,767.78,766.53,766.69,770.23,37.88,Low
19.17778,70.94668,2026-08-14,2059,2.39,310.03,289.34,n,10.14,Low,794.2,792.96,793.13,796.64,41.91,Low
22.3395,69.85548,2026-08-14,2059,1.98,304.65,288.65,n,6.85,Low,1028.08,1026.81,1026.95,1030.49,47.97,Low
21.10971,72.63481,2026-08-14,2059,3.07,316.45,285.7,n,14.22,Low,711.58,710.31,710.44,713.97,42.68,Low
21.11126,72.64643,2026-08-14,2059,1.51,298.17,286.11,n,2.89,Low,710.66,709.39,709.52,713.05,31.32,Low
19.52935,71.30072,2026-08-14,2059,2.78,306.8,287.05,n,8.64,Low,767.39,766.14,766.3,769.84,39.34,Low
15.18089,76.67749,2026-08-14,2101,2.41,298.56,271.88,n,3.79,Low,299.68,298.49,305.62,305.14,15.88,Low
13.74471,76.84552,2026-08-14,2101,0.8,299.46,280.6,n,3.08,Low,428.9,427.25,439.01,437.22,20.4,Low
10.70914,79.85674,2026-08-14,2101,4.8,295.3,283.98,n,3.77,Low,743.32,744.51,752.1,760.08,33.77,Low
15.18296,76.66602,2026-08-14,2101,2.09,307.58,269.21,n,8.56,Low,300.25,299.07,306.13,305.67,20.67,Low
15.22752,76.76139,2026-08-14,2101,0.8,300.97,278.55,n,3.92,Low,290.1,288.89,296.3,295.73,15.63,Low
15.22681,76.76525,2026-08-14,2101,0.8,301.71,279.55,n,4.33,Low,289.91,288.7,296.13,295.56,16.03,Low
15.17404,76.69186,2026-08-14,2101,0.7000000000000001,298.99,270.74,n,2.74,Low,299.33,298.14,305.38,304.86,14.82,Low
23.88082,96.3227,2026-08-15,631,2.08,328.68,293.48,n,20.27,Low,1978.75,1974.85,1981.35,2003.15,99.65,High
27.60563,95.40367,2026-08-15,631,1.91,328.54,291.65,n,20.07,Low,2059.24,2056.41,2062.41,2081.28,102.66,High
29.63094,94.37956,2026-08-15,631,4.52,328.54,301.58,l,22.02,Low,2097.08,2094.93,2100.53,2116.53,106.11,High
7.86798,81.48515,2026-08-15,807,7.95,344.3,298.92,n,33.35,Low,1090.96,1092.2,1100.05,1110.16,77.28,Medium
6.37115,81.1376,2026-08-15,807,2.89,342.49,301.05,n,28.55,Low,1241.68,1242.89,1250.59,1259.3,78.49,Medium
6.37501,81.0518,2026-08-15,807,3.71,336.62,301.05,n,25.9,Low,1239.22,1240.43,1248.11,1256.67,75.74,Medium
6.37833,81.05128,2026-08-15,807,3.71,330.3,297.94,n,22.39,Low,1238.85,1240.06,1247.74,1256.3,72.22,Medium
6.40712,80.86543,2026-08-15,807,61.04,334.18,298.85,n,67.55,Medium,1231.54,1232.74,1240.38,1248.61,117.08,High
6.41216,80.85397,2026-08-15,807,7.89,331.36,298.73,n,26.12,Low,1230.74,1231.94,1239.58,1247.79,75.62,Medium
6.45107,81.01872,2026-08-15,807,5.04,340.98,301.66,n,29.32,Low,1230.23,1231.44,1239.11,1247.64,78.8,Medium
6.74334,81.44843,2026-08-15,807,6.78,339.44,301.97,n,29.77,Low,1209.75,1210.98,1218.76,1228.2,78.45,Medium
6.76617,81.50903,2026-08-15,807,12.22,356.79,304.24,n,43.49,Medium,1209.01,1210.24,1218.04,1227.6,92.14,High
6.76564,81.50555,2026-08-15,807,24.6,344.05,307.61,n,45.7,Medium,1208.97,1210.2,1218.0,1227.55,94.35,High
6.7695,81.50852,2026-08-15,807,7.32,339.15,301.06,n,30.02,Low,1208.64,1209.87,1217.67,1227.23,78.65,Medium
6.76897,81.50504,2026-08-15,807,9.66,343.02,302.74,n,33.92,Low,1208.6,1209.83,1217.63,1227.18,82.55,High
6.75534,81.39326,2026-08-15,807,3.48,337.53,301.16,n,26.24,Low,1206.94,1208.17,1215.94,1225.29,74.8,Medium
6.77933,81.5284,2026-08-15,807,2.22,335.32,297.36,n,24.06,Low,1208.16,1209.39,1217.19,1226.79,72.68,Medium
6.78265,81.5279,2026-08-15,807,2.22,335.84,295.53,n,24.35,Low,1207.79,1209.02,1216.82,1226.42,72.95,Medium
6.79901,81.41767,2026-08-15,807,4.2,341.82,301.54,n,29.16,Low,1202.94,1204.16,1211.94,1221.35,77.56,Medium
6.82552,81.50262,2026-08-15,807,20.84,345.37,298.42,n,43.61,Medium,1202.49,1203.72,1211.52,1221.09,92.0,High
6.87988,81.72637,2026-08-15,807,5.14,332.19,299.29,n,24.52,Low,1203.32,1204.56,1212.4,1222.4,72.95,Medium
6.92249,81.82744,2026-08-15,807,4.07,338.67,301.2,n,27.31,Low,1201.95,1203.19,1211.06,1221.26,75.68,Medium
7.09154,81.80807,2026-08-15,807,15.76,338.98,301.49,n,36.25,Low,1183.43,1184.67,1192.54,1202.8,83.88,High
7.08942,81.79402,2026-08-15,807,1.91,332.81,300.33,n,22.44,Low,1183.21,1184.45,1192.32,1202.55,70.07,Medium
7.08889,81.79051,2026-08-15,807,3.93,331.34,302.19,l,23.14,Low,1183.15,1184.39,1192.26,1202.49,70.76,Medium
7.08783,81.78349,2026-08-15,807,2.56,336.33,302.39,n,24.88,Low,1183.04,1184.28,1192.15,1202.36,72.5,Medium
7.09117,81.78297,2026-08-15,807,2.56,337.21,302.07,n,25.37,Low,1182.67,1183.91,1191.78,1201.99,72.97,Medium
7.08286,81.548,2026-08-15,807,1.91,334.3,296.82,n,23.27,Low,1176.35,1177.58,1185.4,1195.19,70.62,Medium
7.13562,81.78342,2026-08-15,807,3.53,336.51,296.81,n,25.71,Low,1177.98,1179.22,1187.09,1197.33,73.13,Medium
7.2196,81.80241,2026-08-15,807,3.25,342.03,301.67,n,28.57,Low,1169.7,1170.94,1178.82,1189.14,75.66,Medium
7.2127,81.75674,2026-08-15,807,1.36,330.4,299.07,n,20.69,Low,1168.97,1170.21,1178.07,1188.31,67.75,Medium
7.22135,81.79135,2026-08-15,807,1.96,331.91,301.6,n,21.98,Low,1169.16,1170.4,1178.28,1188.58,69.04,Medium
7.17662,81.36192,2026-08-15,807,3.58,331.11,300.56,n,22.75,Low,1160.97,1162.2,1169.99,1179.49,69.48,Medium
7.14985,81.14191,2026-08-15,807,4.04,339.87,301.36,n,27.96,Low,1157.91,1159.13,1166.87,1175.94,74.56,Medium
7.15318,81.14142,2026-08-15,807,3.21,337.71,299.52,n,26.14,Low,1157.54,1158.75,1166.5,1175.57,72.72,Medium
7.17507,81.26253,2026-08-15,807,1.4,332.28,299.68,n,21.76,Low,1158.4,1159.62,1167.39,1176.7,68.38,Medium
7.11188,80.8494,2026-08-15,807,1.73,330.41,293.14,n,20.97,Low,1154.85,1156.06,1163.73,1172.22,67.44,Medium
7.25144,81.69704,2026-08-15,807,2.51,331.64,300.15,n,22.24,Low,1162.97,1164.21,1172.07,1182.22,69.05,Medium
7.20137,81.30119,2026-08-15,807,2.35,331.85,301.29,n,22.23,Low,1156.64,1157.86,1165.64,1175.03,68.78,Medium
7.22044,81.36495,2026-08-15,807,3.92,333.75,300.91,n,24.47,Low,1156.37,1157.6,1165.39,1174.92,71.01,Medium
7.22374,81.20788,2026-08-15,807,3.49,340.75,301.23,n,28.03,Low,1151.71,1152.93,1160.69,1169.92,74.38,Medium
7.226,81.20042,2026-08-15,807,3.14,332.23,301.31,n,23.04,Low,1151.26,1152.49,1160.24,1169.46,69.37,Medium
7.34131,81.7579,2026-08-15,807,3.07,333.99,300.59,n,23.96,Low,1155.39,1156.64,1164.51,1174.82,70.47,Medium
7.37176,81.77847,2026-08-15,807,3.56,331.64,298.51,n,23.03,Low,1152.84,1154.08,1161.96,1172.33,69.44,Medium
7.37122,81.77496,2026-08-15,807,2.62,335.67,298.98,n,24.56,Low,1152.78,1154.03,1161.9,1172.26,70.97,Medium
7.32439,81.22396,2026-08-15,807,4.41,344.63,300.3,n,30.88,Low,1141.34,1142.57,1150.33,1159.65,76.82,Medium
7.32385,81.22048,2026-08-15,807,4.41,346.41,302.53,n,31.87,Low,1141.31,1142.53,1150.3,1159.6,77.81,Medium
7.32174,81.20657,2026-08-15,807,8.01,340.99,302.3,n,31.56,Low,1141.16,1142.38,1150.14,1159.42,77.49,Medium
7.32294,81.19213,2026-08-15,807,2.39,333.69,301.8,n,23.29,Low,1140.64,1141.86,1149.62,1158.87,69.2,Medium
7.32838,81.20554,2026-08-15,807,4.73,335.92,304.61,n,26.28,Low,1140.42,1141.64,1149.4,1158.68,72.18,Medium
7.31725,81.13255,2026-08-15,807,3.6,335.0,304.52,n,24.92,Low,1139.67,1140.89,1148.64,1157.77,70.79,Medium
7.3329,81.19061,2026-08-15,807,2.32,336.68,300.39,n,24.9,Low,1139.53,1140.75,1148.51,1157.77,70.77,Medium
7.35452,81.26561,2026-08-15,807,1.15,331.72,300.28,n,21.26,Low,1139.25,1140.48,1148.26,1157.66,67.12,Medium
7.42865,81.68666,2026-08-15,807,3.55,342.69,301.88,n,29.16,Low,1143.87,1145.11,1152.97,1163.21,75.21,Medium
7.42812,81.68315,2026-08-15,807,3.55,343.47,300.95,n,29.59,Low,1143.81,1145.05,1152.92,1163.14,75.64,Medium
7.4536,81.69365,2026-08-15,807,2.12,335.57,300.67,n,24.13,Low,1141.45,1142.69,1150.56,1160.82,70.09,Medium
7.46201,81.68159,2026-08-15,807,4.77,348.64,301.8,n,33.38,Low,1140.17,1141.41,1149.28,1159.52,79.28,Medium
7.4235,81.29427,2026-08-15,807,4.42,342.35,304.87,n,29.62,Low,1132.67,1133.9,1141.68,1151.18,75.21,Medium
7.43956,81.31653,2026-08-15,807,8.01,354.43,302.12,n,39.02,Low,1131.58,1132.81,1140.6,1150.15,84.57,High
7.44289,81.31603,2026-08-15,807,9.5,346.97,301.04,n,36.0,Low,1131.21,1132.44,1140.23,1149.78,81.54,High
7.45797,81.21402,2026-08-15,807,3.81,335.72,299.89,n,25.48,Low,1126.76,1127.98,1135.75,1145.11,70.84,Medium
7.46977,81.26918,2026-08-15,807,10.19,341.58,302.62,n,33.52,Low,1127.02,1128.24,1136.03,1145.5,78.89,Medium
7.46924,81.26571,2026-08-15,807,5.7,336.66,302.09,n,27.42,Low,1126.98,1128.2,1135.99,1145.45,72.79,Medium
7.55715,81.71012,2026-08-15,807,2.96,339.1,296.11,n,26.72,Low,1131.03,1132.27,1140.14,1150.49,72.26,Medium
7.51134,81.0985,2026-08-15,807,61.88,344.65,313.04,n,73.99,High,1117.93,1119.15,1126.9,1136.07,118.99,High
7.51081,81.09502,2026-08-15,807,8.11,339.29,304.99,n,30.69,Low,1117.89,1119.12,1126.86,1136.02,75.69,Medium
7.51028,81.09155,2026-08-15,807,8.11,343.02,306.56,n,32.76,Low,1117.86,1119.08,1126.83,1135.98,77.76,Medium
7.71951,81.42249,2026-08-15,807,11.86,339.53,299.24,n,33.63,Low,1104.81,1106.05,1113.88,1123.78,78.12,Medium
7.72114,81.34359,2026-08-15,807,6.04,339.52,300.52,n,29.26,Low,1102.3,1103.53,1111.34,1121.1,73.64,Medium
7.72447,81.34308,2026-08-15,807,2.94,331.95,298.41,n,22.73,Low,1101.93,1103.16,1110.97,1120.73,67.1,Medium
7.72394,81.3396,2026-08-15,807,3.61,335.9,297.8,n,25.43,Low,1101.88,1103.11,1110.93,1120.67,69.8,Medium
7.86744,81.48164,2026-08-15,807,6.51,341.65,297.98,n,30.8,Low,1090.91,1092.14,1100.0,1110.1,74.73,Medium
8.18145,80.48837,2026-08-15,807,0.8,331.15,293.83,n,20.68,Low,1030.95,1032.16,1039.79,1048.02,62.19,Medium
8.27499,81.05516,2026-08-15,807,3.53,332.41,297.68,n,23.43,Low,1034.89,1036.12,1043.9,1053.39,65.11,Medium
8.34802,80.2693,2026-08-15,807,8.35,347.84,296.14,n,35.62,Low,1008.36,1009.55,1017.13,1024.96,76.22,Medium
8.35063,80.27195,2026-08-15,807,4.58,343.95,296.75,n,30.63,Low,1008.13,1009.32,1016.9,1024.74,71.22,Medium
8.35009,80.26845,2026-08-15,807,5.07,343.95,296.93,n,31.0,Low,1008.12,1009.31,1016.89,1024.72,71.59,Medium
8.65191,81.13203,2026-08-15,807,5.47,336.93,282.45,n,27.4,Low,996.88,998.11,1005.94,1015.81,67.57,Medium
8.55446,80.49377,2026-08-15,807,1.82,335.03,292.86,n,23.6,Low,990.65,991.85,999.51,1007.94,63.5,Medium
8.61206,80.51968,2026-08-15,807,6.41,346.01,291.86,n,33.15,Low,985.0,986.21,993.88,1002.39,72.82,Medium
8.679310000000001,80.75907,2026-08-15,807,9.82,345.27,285.8,n,35.29,Low,983.57,984.79,992.53,1001.61,74.91,Medium
8.80854,80.32371,2026-08-15,807,1.44,330.01,295.99,n,20.53,Low,959.4,960.6,968.22,976.39,59.18,Medium
8.92352,80.47691,2026-08-15,807,4.58,334.02,297.4,n,25.11,Low,950.33,951.54,959.22,967.8,63.4,Medium
9.06104,80.53681,2026-08-15,807,1.72,335.0,290.03,n,23.51,Low,936.9,938.11,945.81,954.61,61.26,Medium
9.04828,80.18815,2026-08-15,807,4.05,331.15,297.36,n,23.12,Low,930.57,931.76,939.35,947.32,60.61,Medium
11.4172,79.66978,2026-08-15,807,2.76,336.37,289.86,n,25.05,Low,662.62,663.81,671.37,679.21,51.82,Medium
12.37895,76.98724,2026-08-15,807,3.01,330.87,296.66,n,22.19,Low,566.95,565.1,578.63,576.48,45.06,Low
18.66053,79.14503,2026-08-15,809,10.47,331.03,293.71,n,27.87,Low,143.32,143.21,145.58,155.5,33.75,Low
15.10484,76.8101,2026-08-15,809,6.87,338.38,291.65,n,29.25,Low,298.04,296.75,304.93,304.15,41.29,Low
17.53543,79.50681,2026-08-15,809,4.85,333.28,294.2,n,24.9,Low,98.72,94.85,101.55,124.01,29.09,Low
15.30614,78.18951,2026-08-15,809,4.07,335.73,288.89,n,25.68,Low,223.38,221.33,233.55,234.39,34.81,Low
14.66645,79.53525,2026-08-15,809,2.34,334.11,295.43,n,23.48,Low,309.66,310.9,318.82,330.11,36.17,Low
14.05112,79.77888,2026-08-15,809,7.99,347.47,300.54,n,35.14,Low,382.58,383.83,391.76,403.07,50.75,Medium
14.47881,79.97202,2026-08-15,809,3.59,335.54,294.9,n,25.21,Low,346.47,347.74,355.8,369.0,39.4,Low
14.47548,79.97254,2026-08-15,809,4.62,338.98,296.41,n,27.9,Low,346.83,348.1,356.16,369.35,42.1,Low
18.85886,72.92574,2026-08-15,809,6.55,341.49,288.26,n,30.74,Low,583.22,581.98,582.14,585.66,54.07,Medium
22.36821,87.30191,2026-08-15,811,3.8,330.19,283.37,n,22.4,Low,1061.95,1058.76,1064.95,1085.43,65.11,Medium
27.80209,69.54681,2026-08-15,813,6.32,330.09,303.51,l,24.23,Low,1446.49,1445.33,1445.42,1448.58,82.09,High
25.72742,68.40441,2026-08-15,813,5.38,333.58,284.72,n,25.47,Low,1364.56,1363.33,1363.44,1366.84,80.05,High
29.4572,71.3344,2026-08-15,813,6.31,347.98,299.63,n,34.17,Low,1497.45,1496.39,1496.45,1499.29,94.07,High
31.59891,72.30718,2026-08-15,813,5.35,336.52,298.11,n,27.08,Low,1670.04,1669.08,1669.12,1671.67,93.88,High
34.0741,72.14128,2026-08-15,816,2.32,336.42,303.53,n,24.75,Low,1931.65,1930.72,1930.76,1933.19,102.01,High
22.35315,96.7031,2026-08-15,1858,0.66,301.77,287.78,n,4.26,Low,1972.15,1967.98,1974.61,1996.82,83.38,High
22.35743,96.70364,2026-08-15,1858,0.54,302.57,288.66,n,4.61,Low,1972.31,1968.14,1974.77,1996.98,83.73,High
35.96585,68.68399,2026-08-15,2036,1.22,305.92,293.72,n,6.98,Low,2250.74,2249.73,2249.78,2252.46,97.01,High
31.61599,74.3751,2026-08-15,2038,0.5700000000000001,304.18,278.41,n,5.53,Low,1608.68,1607.63,1607.84,1610.09,69.87,Medium
33.24784,71.28815,2026-08-15,2038,3.77,319.75,292.14,n,16.58,Low,1875.81,1874.84,1874.88,1877.46,91.61,High
33.2496,71.28826,2026-08-15,2038,1.43,313.68,291.92,n,11.45,Low,1875.99,1875.02,1875.06,1877.63,86.49,High
33.27397,71.59183,2026-08-15,2038,0.75,309.07,291.86,n,8.38,Low,1867.39,1866.44,1866.47,1869.01,83.07,High
28.4244,69.69858,2026-08-15,2038,1.01,312.95,294.59,n,10.73,Low,1490.8,1489.66,1489.74,1492.83,70.36,Medium
28.27054,69.7699,2026-08-15,2038,0.5700000000000001,307.35,293.77,n,7.29,Low,1473.04,1471.9,1471.98,1475.09,66.21,Medium
28.42625,69.69794,2026-08-15,2038,0.85,307.18,294.14,n,7.4,Low,1491.0,1489.86,1489.94,1493.03,67.04,Medium
23.16633,82.3391,2026-08-15,2040,1.77,297.19,265.95,n,2.54,Low,741.88,741.0,744.78,754.66,32.36,Low
21.10614,72.64859,2026-08-15,2040,1.51,300.38,265.29,n,4.12,Low,710.16,708.89,709.03,712.56,32.53,Low
21.10682,72.64341,2026-08-15,2040,4.1,316.57,269.23,n,15.06,Low,710.65,709.39,709.52,713.05,43.49,Low
25.39021,68.58022,2026-08-15,2040,0.51,306.4,281.86,n,6.72,Low,1327.2,1325.96,1326.07,1329.49,59.81,Medium
25.942,72.1899,2026-08-15,2040,1.12,307.92,288.2,n,8.02,Low,1122.83,1121.71,1121.79,1124.84,52.93,Medium
15.17897,77.10359,2026-08-15,2042,0.75,302.38,284.12,n,4.66,Low,274.16,272.72,282.37,281.17,15.76,Low
15.17622,77.09935,2026-08-15,2042,1.14,300.72,283.57,n,4.03,Low,274.65,273.22,282.85,281.65,15.15,Low
15.02488,78.01537,2026-08-15,2042,0.92,305.29,289.14,n,6.41,Low,256.71,254.73,267.68,267.26,16.87,Low
18.69004,73.0424,2026-08-15,2042,4.35,308.29,288.23,n,10.65,Low,567.03,565.8,565.96,569.46,33.33,Low
12.23028,79.20409,2026-08-15,2042,0.65,303.61,280.63,n,5.27,Low,566.32,566.8,574.85,581.49,28.16,Low
12.29187,78.93195,2026-08-15,2042,0.84,300.29,275.58,n,3.57,Low,556.91,556.36,565.23,570.79,26.06,Low
12.28915,78.93369,2026-08-15,2042,0.9,299.95,275.68,n,3.42,Low,557.22,556.68,565.54,571.11,25.93,Low
13.60553,76.79213,2026-08-15,2042,0.41,301.13,286.81,n,3.71,Low,445.34,443.68,455.45,453.67,21.69,Low
14.37725,79.89831,2026-08-15,2042,1.09,304.74,267.56,n,6.23,Low,353.52,354.78,362.81,375.4,20.7,Low
15.02144,78.01479,2026-08-15,2042,0.92,310.19,289.18,n,9.13,Low,257.1,255.11,268.06,267.65,19.61,Low
13.16287,80.28493,2026-08-15,2042,5.01,313.34,290.47,n,13.95,Low,493.74,495.0,502.99,514.92,34.02,Low
13.15892,80.28419,2026-08-15,2042,11.5,338.12,291.24,n,32.58,Low,494.12,495.38,503.37,515.29,52.66,Medium
18.68268,73.04128,2026-08-15,2042,3.45,305.74,286.79,n,8.55,Low,566.97,565.74,565.91,569.41,31.23,Low
18.68394,73.03215,2026-08-15,2042,4.49,310.27,290.08,n,11.85,Low,567.94,566.71,566.88,570.38,34.57,Low
15.33481,76.28645,2026-08-15,2042,0.97,305.36,286.38,n,6.48,Low,314.96,314.05,318.43,318.7,19.14,Low
11.80888,77.9234,2026-08-15,2044,1.75,309.59,270.04,n,9.42,Low,611.32,609.25,620.93,622.38,34.06,Low
11.81028,77.92094,2026-08-15,2044,0.81,296.33,269.71,n,1.35,Low,611.19,609.12,620.8,622.25,25.98,Low
11.8096,77.92503,2026-08-15,2044,0.81,308.4,269.92,n,8.05,Low,611.22,609.16,620.83,622.29,32.69,Low
11.21336,77.89606,2026-08-15,2044,0.91,304.47,274.78,n,5.94,Low,677.22,675.14,686.75,688.3,33.21,Low
10.62393,79.12068,2026-08-15,2044,1.55,300.22,272.74,n,4.06,Low,742.4,742.0,750.76,756.44,33.98,Low
10.62608,79.11906,2026-08-15,2044,1.41,310.41,272.97,n,9.62,Low,742.15,741.75,750.51,756.18,39.53,Low
10.92917,77.06458,2026-08-15,2044,0.54,302.5,277.82,n,4.57,Low,721.08,719.14,732.37,731.21,33.61,Low
10.61674,77.42191,2026-08-15,2044,0.44,296.05,272.09,n,0.91,Low,748.55,746.54,758.98,759.17,31.04,Low
9.33741,78.60825,2026-08-15,2044,1.12,304.15,277.2,n,5.92,Low,882.47,880.6,890.59,894.55,41.4,Low
6.82898,81.17235,2026-08-15,2044,0.94,306.56,283.54,n,7.13,Low,1193.2,1194.42,1202.15,1211.13,55.14,Medium
6.82814,81.17716,2026-08-15,2044,0.94,301.74,282.98,n,4.45,Low,1193.41,1194.63,1202.36,1211.35,52.47,Medium
6.82433,81.17148,2026-08-15,2044,2.5700000000000003,329.63,284.13,n,21.17,Low,1193.68,1194.9,1202.63,1211.6,69.2,Medium
6.82513,81.16695,2026-08-15,2044,2.05,301.6,282.42,n,5.2,Low,1193.48,1194.7,1202.42,1211.39,53.22,Medium
6.82044,81.16622,2026-08-15,2044,2.05,308.11,284.85,n,8.82,Low,1193.97,1195.18,1202.91,1211.87,56.86,Medium
6.81964,81.17075,2026-08-15,2044,2.5700000000000003,313.61,283.91,n,12.27,Low,1194.17,1195.38,1203.11,1212.08,60.32,Medium
6.8224800000000005,81.16821,2026-08-15,2044,1.84,316.25,284.85,n,13.19,Low,1193.8,1195.01,1202.74,1211.71,61.22,Medium
6.81776,81.16775,2026-08-15,2044,1.84,307.37,285.17,n,8.25,Low,1194.29,1195.51,1203.24,1212.2,56.3,Medium
6.73721,81.02435,2026-08-15,2044,2.02,298.91,280.6,n,3.69,Low,1199.44,1200.65,1208.35,1217.01,51.94,Medium
6.73881,81.02721,2026-08-15,2044,1.29,305.05,282.29,n,6.55,Low,1199.34,1200.55,1208.24,1216.91,54.8,Medium
12.09803,78.35358,2026-08-15,2044,0.7000000000000001,295.31,267.92,n,0.7,Low,577.16,575.02,585.61,588.73,23.97,Low
11.8396,78.97262,2026-08-15,2044,0.92,306.04,280.59,n,6.82,Low,607.12,606.58,615.45,621.0,31.32,Low
33.2472,71.29536,2026-08-15,2218,2.9,309.79,287.99,n,10.39,Low,1875.48,1874.51,1874.55,1877.12,85.41,High
33.24935,71.28817,2026-08-15,2218,5.99,313.25,287.98,n,14.63,Low,1875.96,1875.0,1875.03,1877.61,89.67,High
33.24773,71.29378,2026-08-15,2218,3.28,317.5,287.68,n,14.96,Low,1875.59,1874.62,1874.66,1877.24,89.98,High
33.24991,71.28664,2026-08-15,2218,3.28,306.94,287.96,n,9.09,Low,1876.08,1875.11,1875.15,1877.72,84.13,High
8.05624,81.24507,2026-08-16,748,4.3,334.06,295.23,n,24.93,Low,1063.68,1064.91,1072.73,1082.48,67.77,Medium
7.87655,81.41111,2026-08-16,748,1.79,328.72,290.2,n,20.08,Low,1087.77,1089.0,1096.84,1106.81,63.88,Medium
7.88076,81.48351,2026-08-16,748,5.64,344.73,292.88,n,31.86,Low,1089.55,1090.79,1098.64,1108.76,75.74,Medium
7.87693,81.48414,2026-08-16,748,5.64,334.22,292.35,n,26.02,Low,1089.98,1091.21,1099.07,1109.18,69.91,Medium
7.87898,81.48672,2026-08-16,748,10.65,338.59,293.62,n,32.2,Low,1089.84,1091.08,1098.93,1109.05,76.09,Medium
7.86138,81.47504,2026-08-16,748,10.54,339.81,291.47,n,32.8,Low,1091.34,1092.58,1100.43,1110.52,76.75,Medium
7.73887,81.26031,2026-08-16,748,1.89,327.95,294.07,n,19.72,Low,1098.0,1099.22,1107.02,1116.62,63.93,Medium
7.73834,81.5024,2026-08-16,748,1.61,330.97,293.0,n,21.19,Low,1105.25,1106.49,1114.34,1124.4,65.69,Medium
7.4564,81.34227,2026-08-16,748,4.99,334.64,290.53,n,25.76,Low,1130.51,1131.74,1139.54,1149.15,71.27,Medium
7.31004,80.93993,2026-08-16,748,5.54,327.22,290.27,n,22.06,Low,1135.58,1136.8,1144.5,1153.26,67.76,Medium
7.26022,81.79184,2026-08-16,748,3.77,329.28,286.27,n,21.87,Low,1165.07,1166.31,1174.18,1184.51,68.77,Medium
7.18742,81.82262,2026-08-16,748,3.53,329.86,286.35,n,22.01,Low,1173.76,1175.0,1182.88,1193.22,69.26,Medium
6.72965,81.52991,2026-08-16,748,7.91,337.55,284.2,n,29.57,Low,1213.51,1214.74,1222.54,1232.11,78.4,Medium
8.06344,81.18587,2026-08-16,748,6.49,340.33,293.2,n,30.05,Low,1061.2,1062.43,1070.23,1079.86,72.79,Medium
8.05773,81.24693,2026-08-16,748,3.58,330.12,294.06,n,22.2,Low,1063.58,1064.81,1072.62,1082.38,65.03,Medium
8.05386,81.24757,2026-08-16,748,3.58,331.78,294.43,n,23.12,Low,1064.01,1065.24,1073.06,1082.81,65.97,Medium
11.92912,79.67993,2026-08-16,750,4.37,340.8,298.78,n,28.72,Low,607.12,608.32,615.93,624.18,53.28,Medium
10.95975,78.94122,2026-08-16,750,2.66,336.56,298.68,n,25.08,Low,704.09,703.22,712.35,717.53,53.45,Medium
10.85651,79.07156,2026-08-16,750,6.22,335.25,301.56,n,27.03,Low,716.35,715.87,724.7,730.28,55.9,Medium
10.8337,79.31152,2026-08-16,750,4.59,342.14,300.7,n,29.63,Low,721.16,721.4,729.66,736.01,58.71,Medium
10.53129,79.73779,2026-08-16,750,2.77,332.24,299.65,n,22.77,Low,760.5,761.68,769.2,776.73,53.45,Medium
10.20671,78.83601,2026-08-16,750,3.96,333.99,298.64,n,24.63,Low,786.83,785.53,795.0,799.7,56.3,Medium
9.85071,77.88331,2026-08-16,750,1.3,332.78,297.59,n,21.96,Low,827.64,825.55,836.95,838.81,55.25,Medium
9.85307,77.88065,2026-08-16,750,1.64,335.86,297.51,n,23.93,Low,827.4,825.31,836.71,838.57,57.21,Medium
9.45774,77.60921,2026-08-16,750,5.97,339.95,297.11,n,29.45,Low,873.43,871.38,883.2,884.38,64.57,Medium
9.45867,77.61446,2026-08-16,750,5.97,342.14,296.88,n,30.67,Low,873.28,871.22,883.04,884.23,65.79,Medium
9.6554,80.30992,2026-08-16,750,9.63,355.1,292.62,n,40.61,Medium,867.34,868.54,876.22,884.81,75.58,Medium
9.319,79.30539,2026-08-16,750,4.67,337.47,272.45,n,27.1,Low,887.89,887.66,896.3,902.13,62.84,Medium
9.459,80.47677,2026-08-16,750,4.75,341.37,293.63,n,29.32,Low,892.52,893.73,901.44,910.33,65.3,Medium
9.45503,80.47744,2026-08-16,750,4.75,329.83,293.37,n,22.91,Low,892.96,894.18,901.89,910.77,58.91,Medium
9.3233,80.19555,2026-08-16,750,3.18,333.77,290.77,n,23.92,Low,900.83,902.02,909.64,917.76,60.22,Medium
8.76996,78.10783,2026-08-16,750,2.39,335.8,286.4,n,24.46,Low,945.8,943.68,954.56,957.2,62.47,Medium
8.90999,80.47983,2026-08-16,750,7.28,344.01,295.13,n,32.69,Low,951.86,953.07,960.75,969.33,71.04,Medium
8.8501,80.42207,2026-08-16,750,1.69,334.26,292.67,n,23.08,Low,957.03,958.23,965.89,974.3,61.63,Medium
8.84015,80.60784,2026-08-16,750,3.8,331.63,289.47,n,23.2,Low,962.45,963.67,971.37,980.21,61.98,Medium
14.56621,77.56371,2026-08-16,750,6.17,345.18,294.68,n,32.51,Low,317.11,315.29,328.8,326.57,45.39,Low
14.56593,77.56482,2026-08-16,750,4.13,341.41,294.23,n,28.88,Low,317.11,315.28,328.79,326.57,41.76,Low
14.64689,79.2653,2026-08-16,750,3.94,333.62,287.95,n,24.41,Low,303.67,304.89,312.62,322.14,36.84,Low
14.06632,77.34638,2026-08-16,750,2.69,337.35,297.1,n,25.55,Low,376.85,375.05,388.4,386.12,40.81,Low
12.61864,80.07019,2026-08-16,750,3.24,331.42,301.49,l,22.66,Low,543.11,544.35,552.21,562.57,44.68,Low
12.32878,78.75077,2026-08-16,750,15.33,349.65,303.03,n,41.86,Medium,551.92,550.67,560.08,564.89,64.14,Medium
12.3682,78.99841,2026-08-16,750,6.01,335.85,301.54,n,27.2,Low,548.99,548.74,557.37,563.24,49.38,Low
12.43197,79.43339,2026-08-16,750,3.07,339.44,299.32,n,26.99,Low,547.64,548.83,556.36,564.06,49.16,Low
12.21654,79.85169,2026-08-16,750,3.2,337.97,299.27,n,26.27,Low,579.95,581.16,588.88,598.0,49.75,Low
12.03929,79.50043,2026-08-16,750,3.09,339.7,300.91,n,27.15,Low,591.69,592.88,600.41,608.07,51.08,Medium
11.94788,79.04879,2026-08-16,750,4.5600000000000005,336.96,299.72,n,26.73,Low,595.78,595.55,604.17,610.06,50.79,Medium
11.46932,79.35802,2026-08-16,750,2.64,332.09,299.45,n,22.59,Low,651.89,652.55,660.46,667.26,48.91,Low
11.40386,79.70392,2026-08-16,750,2.19,332.63,299.83,n,22.55,Low,664.73,665.92,673.49,681.44,49.41,Low
10.92125,78.4465,2026-08-16,750,3.75,333.11,300.93,n,23.98,Low,707.32,705.17,715.48,718.99,52.45,Medium
11.08317,79.47999,2026-08-16,750,4.53,338.97,293.66,n,27.83,Low,695.97,696.84,704.58,711.59,55.92,Medium
16.85509,79.1368,2026-08-16,752,4.27,330.97,292.29,n,23.19,Low,76.44,77.68,85.47,104.79,26.63,Low
23.71242,86.45026,2026-08-16,752,2.04,332.31,289.61,n,22.26,Low,1072.18,1069.89,1075.57,1092.31,65.36,Medium
23.80482,86.32938,2026-08-16,752,6.8100000000000005,336.19,290.31,n,27.99,Low,1069.03,1066.83,1072.46,1088.84,70.96,Medium
22.36782,87.30247,2026-08-16,752,2.37,330.84,285.54,n,21.69,Low,1061.98,1058.79,1064.98,1085.46,64.4,Medium
22.37709,87.27881,2026-08-16,752,5.71,332.37,287.18,n,25.04,Low,1060.35,1057.17,1063.35,1083.8,67.69,Medium
27.4415,70.79316,2026-08-16,754,2.1,337.65,298.49,n,25.27,Low,1338.91,1337.78,1337.86,1340.93,78.82,Medium
27.32376,71.15984,2026-08-16,754,2.66,339.18,297.48,n,26.54,Low,1307.05,1305.93,1306.0,1309.05,78.82,Medium
30.03814,71.55405,2026-08-16,756,3.21,331.37,297.92,n,22.61,Low,1543.76,1542.73,1542.79,1545.55,84.36,High
30.65555,74.16005,2026-08-16,756,3.35,336.41,296.81,n,25.52,Low,1511.92,1510.92,1511.05,1513.39,85.99,High
30.56189,72.18955,2026-08-16,756,3.98,336.38,297.4,n,25.97,Low,1569.04,1568.05,1568.09,1570.73,88.73,High
31.0305,73.36909,2026-08-16,756,6.02,330.39,302.55,l,24.18,Low,1575.01,1574.09,1574.12,1576.56,87.18,High
30.68955,71.74601,2026-08-16,756,5.2,337.11,296.32,n,27.29,Low,1599.93,1598.92,1598.97,1601.66,91.28,High
30.89985,71.96447,2026-08-16,756,5.5600000000000005,338.45,296.86,n,28.31,Low,1612.08,1611.09,1611.13,1613.77,92.79,High
31.37678,72.17642,2026-08-16,756,4.21,338.72,297.01,n,27.45,Low,1652.17,1651.2,1651.24,1653.82,93.53,High
30.03752,72.56381,2026-08-16,756,6.57,341.13,298.16,n,30.56,Low,1501.25,1500.27,1500.31,1502.94,90.61,High
29.97123,72.10835,2026-08-16,756,2.95,330.37,298.84,n,21.86,Low,1513.07,1512.06,1512.11,1514.8,82.38,High
30.30352,73.35507,2026-08-16,756,2.95,330.83,297.26,n,22.12,Low,1499.72,1498.78,1498.81,1501.3,82.11,High
30.42686,73.71638,2026-08-16,756,4.55,342.02,296.02,n,29.53,Low,1500.88,1499.94,1499.99,1502.41,89.56,High
27.30517,95.31655,2026-08-16,1838,4.12,299.58,277.63,n,5.63,Low,2035.52,2032.62,2038.66,2057.81,87.28,High
27.32653,95.27569,2026-08-16,2019,1.01,303.59,285.06,n,5.53,Low,2033.12,2030.23,2036.26,2055.37,87.08,High
23.68976,87.09792,2026-08-16,2019,1.13,297.24,268.87,n,2.09,Low,1123.2,1120.69,1126.51,1144.17,47.24,Low
23.79461,86.35178,2026-08-16,2019,1.21,296.15,261.93,n,1.55,Low,1070.08,1067.86,1073.5,1089.93,44.56,Low
23.79429,86.3544,2026-08-16,2019,0.52,296.66,261.64,n,1.31,Low,1070.26,1068.05,1073.69,1090.12,44.33,Low
23.78065,86.34676,2026-08-16,2019,1.23,295.08,264.35,n,0.97,Low,1068.7,1066.48,1072.13,1088.58,43.93,Low
23.78283,86.21016,2026-08-16,2019,0.51,296.19,262.46,n,1.04,Low,1058.11,1055.95,1061.56,1077.8,43.57,Low
23.77923,86.20941,2026-08-16,2019,1.72,309.51,262.94,n,9.35,Low,1057.8,1055.63,1061.24,1077.49,51.87,Medium
23.82256,85.49575,2026-08-16,2019,1.43,302.8,278.35,n,5.41,Low,1006.33,1004.43,1009.87,1024.87,45.87,Low
37.30309,77.71994,2026-08-16,2019,1.12,300.9,283.37,n,4.12,Low,2190.59,2190.31,2191.04,2192.65,91.77,High
23.71088,85.28767,2026-08-16,2019,0.41,300.01,274.78,n,3.09,Low,982.39,980.52,985.95,1000.81,42.59,Low
23.69622,85.37119,2026-08-16,2019,1.19,303.45,276.34,n,5.59,Low,987.51,985.6,991.05,1006.09,45.29,Low
23.75624,85.8518,2026-08-16,2019,2.37,310.63,280.13,n,10.46,Low,1028.4,1026.35,1031.88,1047.61,51.8,Medium
25.03796,87.39037,2026-08-16,2019,0.3,295.34,268.71,n,0.41,Low,1239.31,1237.28,1242.8,1258.38,50.19,Medium
23.75901,85.8569,2026-08-16,2019,1.26,305.05,279.7,n,6.53,Low,1028.99,1026.94,1032.47,1048.21,47.9,Low
23.82388,84.57319,2026-08-16,2019,1.28,307.11,273.38,n,7.69,Low,939.94,938.35,943.62,956.84,45.48,Low
23.69631,85.28904,2026-08-16,2019,0.64,300.29,274.73,n,3.42,Low,981.39,979.51,984.94,999.83,42.88,Low
23.73841,85.00768,2026-08-16,2019,0.87,303.12,278.09,n,5.16,Low,963.96,962.19,967.56,981.84,43.92,Low
23.64884,85.43541,2026-08-16,2019,1.39,304.07,274.32,n,6.08,Low,988.78,986.84,992.3,1007.56,45.83,Low
23.64809,85.43964,2026-08-16,2019,2.02,318.07,273.03,n,14.33,Low,989.04,987.1,992.56,1007.83,54.1,Medium
23.72058,85.00829,2026-08-16,2019,0.44,302.03,274.47,n,4.24,Low,962.62,960.84,966.21,980.53,42.94,Low
23.48163,87.36025,2026-08-16,2019,3.31,311.77,278.91,n,11.8,Low,1131.81,1129.13,1135.04,1153.42,57.29,Medium
23.78699,85.55426,2026-08-16,2019,0.73,304.07,278.48,n,5.59,Low,1008.04,1006.12,1011.57,1026.75,46.11,Low
23.68358,86.09312,2026-08-16,2019,0.87,304.62,274.35,n,6.0,Low,1041.91,1039.74,1045.35,1061.62,47.89,Low
23.68162,86.0834,2026-08-16,2019,0.92,299.64,273.67,n,3.27,Low,1041.01,1038.84,1044.45,1060.71,45.12,Low
23.68001,86.09234,2026-08-16,2019,0.87,303.11,274.08,n,5.16,Low,1041.6,1039.42,1045.03,1061.31,47.03,Low
23.67724,86.0871,2026-08-16,2019,1.11,300.84,273.71,n,4.08,Low,1040.99,1038.81,1044.43,1060.7,45.93,Low
23.63231,86.29353,2026-08-16,2019,0.74,300.99,267.55,n,3.88,Low,1054.15,1051.88,1057.55,1074.22,46.26,Low
23.74492,85.50591,2026-08-16,2019,0.43,299.47,273.56,n,2.81,Low,1001.26,999.34,1004.79,1019.97,43.06,Low
17.06268,76.97933,2026-08-16,2021,1.23,304.44,290.34,n,6.17,Low,145.82,144.87,145.17,147.65,12.01,Low
16.48338,79.32732,2026-08-16,2021,2.43,301.16,283.73,n,5.24,Low,120.24,121.51,129.53,147.15,10.42,Low
16.13906,78.94816,2026-08-16,2021,1.16,306.38,289.05,n,7.19,Low,135.28,136.51,144.35,155.52,12.91,Low
16.80935,79.91482,2026-08-16,2021,2.22,306.66,291.22,n,8.14,Low,150.65,151.69,158.03,180.11,14.54,Low
11.00697,78.65388,2026-08-16,2023,0.34,301.05,275.21,n,3.62,Low,697.86,696.17,705.98,710.2,31.72,Low
15.65948,73.98701,2026-08-16,2023,1.31,305.13,288.56,n,6.61,Low,500.91,499.96,500.31,502.64,26.65,Low
15.22664,76.76346,2026-08-16,2023,0.8200000000000001,300.09,278.08,n,3.44,Low,290.04,288.83,296.25,295.69,15.15,Low
15.17787,77.10235,2026-08-16,2023,0.59,298.51,273.99,n,2.39,Low,274.33,272.9,282.54,281.34,13.5,Low
15.17421,77.10181,2026-08-16,2023,0.59,298.95,274.65,n,2.64,Low,274.71,273.28,282.93,281.72,13.77,Low
15.1829,76.66685,2026-08-16,2023,1.96,316.76,274.66,n,13.56,Low,300.2,299.02,306.09,305.62,25.67,Low
15.17785,76.67564,2026-08-16,2023,1.32,304.74,273.98,n,6.4,Low,300.06,298.88,306.01,305.53,18.5,Low
15.17668,76.65643,2026-08-16,2023,2.73,313.84,279.49,n,12.51,Low,301.43,300.26,307.29,306.84,24.67,Low
15.16656,76.67412,2026-08-16,2023,0.52,295.92,271.83,n,0.9,Low,301.15,299.96,307.13,306.64,13.05,Low
11.81462,77.91779,2026-08-16,2023,1.6800000000000002,306.86,284.95,n,7.85,Low,610.74,608.67,620.36,621.79,32.47,Low
9.55242,80.3984,2026-08-16,2023,2.52,307.71,291.82,n,8.95,Low,880.54,881.75,889.45,898.19,44.45,Low
10.35551,77.15921,2026-08-16,2023,0.65,298.6,279.64,n,2.49,Low,781.55,779.58,792.42,791.92,33.94,Low
10.35654,77.1524,2026-08-16,2023,0.97,312.75,278.28,n,10.59,Low,781.56,779.59,792.45,791.93,42.05,Low
10.35705,77.14909,2026-08-16,2023,0.97,300.2,277.8,n,3.62,Low,781.57,779.6,792.47,791.93,35.08,Low
10.36002,77.15292,2026-08-16,2023,0.97,305.9,278.2,n,6.78,Low,781.18,779.2,792.06,791.54,38.22,Low
10.36054,77.14954,2026-08-16,2023,0.97,307.66,278.32,n,7.76,Low,781.18,779.21,792.08,791.54,39.2,Low
11.17648,79.08794,2026-08-16,2023,0.41,299.38,272.57,n,2.74,Low,681.18,680.84,689.56,695.3,30.21,Low
7.98776,79.86501,2026-08-16,2025,1.82,304.05,292.58,n,6.39,Low,1040.92,1041.61,1049.51,1056.3,48.27,Low
7.34767,81.24226,2026-08-16,2025,1.57,307.5,293.49,n,8.12,Low,1139.35,1140.57,1148.34,1157.7,53.98,Medium
7.35945,81.23593,2026-08-16,2025,3.79,328.47,293.6,n,21.44,Low,1137.91,1139.14,1146.91,1156.26,67.24,Medium
7.437,81.27293,2026-08-16,2025,0.75,305.52,293.31,n,6.41,Low,1130.63,1131.85,1139.64,1149.1,51.92,Medium
7.52707,81.07053,2026-08-16,2025,2.35,323.31,293.47,n,17.49,Low,1115.51,1116.73,1124.47,1133.59,62.39,Medium
7.78494,80.4927,2026-08-16,2025,2.84,330.13,292.38,n,21.65,Low,1074.08,1075.28,1082.89,1090.96,64.88,Medium
6.33424,81.09734,2026-08-16,2025,0.93,310.21,292.51,n,9.15,Low,1244.7,1245.91,1253.6,1262.22,59.21,Medium
6.60892,81.18781,2026-08-16,2025,1.6800000000000002,309.21,291.97,n,9.15,Low,1217.28,1218.5,1226.22,1235.13,58.12,Medium
6.68423,81.03857,2026-08-16,2025,1.51,315.79,291.7,n,12.68,Low,1205.5,1206.71,1214.41,1223.07,61.18,Medium
6.8011,81.494,2026-08-16,2025,2.7,323.83,292.37,n,18.04,Low,1204.85,1206.08,1213.88,1223.43,66.52,Medium
7.38599,80.92137,2026-08-16,2025,1.11,313.44,292.07,n,11.08,Low,1126.94,1128.15,1135.85,1144.61,56.44,Medium
7.38881,80.92573,2026-08-16,2025,1.11,305.81,291.95,n,6.84,Low,1126.74,1127.95,1135.66,1144.42,52.19,Medium
7.397,80.91884,2026-08-16,2025,5.39,342.42,292.9,n,30.39,Low,1125.69,1126.9,1134.6,1143.36,75.7,Medium
32.88736,71.61448,2026-08-16,2157,4.22,310.51,291.46,n,11.78,Low,1827.04,1826.08,1826.12,1828.68,84.86,High
33.25005,71.29332,2026-08-16,2157,1.26,313.83,291.1,n,11.41,Low,1875.84,1874.88,1874.91,1877.49,86.44,High
33.25105,71.28937,2026-08-16,2157,1.26,305.23,291.01,n,6.63,Low,1876.09,1875.12,1875.16,1877.74,81.67,High
33.29679,71.18593,2026-08-16,2157,1.06,310.43,291.16,n,9.37,Low,1884.61,1883.64,1883.68,1886.26,84.75,High
35.96718,68.68407,2026-08-16,2157,1.28,307.09,294.87,n,7.68,Low,2250.86,2249.86,2249.91,2252.59,97.71,High
37.12394,68.40198,2026-08-16,2157,2.04,305.46,292.31,n,7.34,Low,2376.71,2375.72,2375.76,2378.41,102.41,High
37.12806,68.40341,2026-08-16,2157,2.04,325.93,294.63,n,18.71,Low,2377.06,2376.07,2376.12,2378.76,113.79,High
32.29563,70.73203,2026-08-16,2159,3.38,308.42,292.72,n,9.99,Low,1802.25,1801.24,1801.29,1803.98,82.08,High
32.28855,70.73765,2026-08-16,2159,3.53,308.76,293.1,n,10.29,Low,1801.31,1800.3,1800.35,1803.05,82.34,High
7.8946,81.41067,2026-08-17,729,4.6,340.61,294.12,n,28.79,Low,1085.84,1087.07,1094.91,1104.89,72.52,Medium
7.91302,81.45422,2026-08-17,729,3.5700000000000003,336.81,295.21,n,25.91,Low,1085.22,1086.45,1094.3,1104.38,69.61,Medium
7.90644,81.47861,2026-08-17,729,4.88,334.18,294.21,n,25.43,Low,1086.67,1087.91,1095.77,1105.89,69.19,Medium
7.69074,81.1427,2026-08-17,729,5.62,339.47,293.83,n,28.92,Low,1099.87,1101.09,1108.86,1118.21,73.2,Medium
7.68535,81.14362,2026-08-17,729,2.94,334.69,293.08,n,24.26,Low,1100.47,1101.69,1109.46,1118.81,68.56,Medium
7.59237,80.9697,2026-08-17,729,4.47,330.68,293.21,n,23.17,Low,1105.89,1107.11,1114.84,1123.79,67.69,Medium
7.40015,80.90923,2026-08-17,729,11.96,336.2,293.53,n,31.86,Low,1125.12,1126.33,1134.03,1142.77,77.14,Medium
7.39885,80.90202,2026-08-17,729,13.44,367.0,293.17,h,50.08,Medium,1125.08,1126.29,1133.99,1142.72,95.36,High
7.39953,80.90575,2026-08-17,729,13.44,367.0,295.29,h,50.08,Medium,1125.1,1126.31,1134.01,1142.74,95.36,High
7.35611,81.1077,2026-08-17,729,3.45,340.48,293.8,n,27.85,Low,1134.85,1136.07,1143.81,1152.92,73.53,Medium
7.36152,81.10664,2026-08-17,729,2.22,331.12,292.94,n,21.73,Low,1134.24,1135.46,1143.2,1152.31,67.38,Medium
7.4248,81.18104,2026-08-17,729,4.99,335.91,294.15,n,26.47,Low,1129.42,1130.64,1138.4,1147.68,71.93,Medium
7.42786,81.1346,2026-08-17,729,6.06,354.12,293.23,n,37.39,Low,1127.85,1129.07,1136.82,1146.02,82.79,High
7.42131,81.18064,2026-08-17,729,5.13,340.19,294.56,n,28.95,Low,1129.78,1131.0,1138.77,1148.05,74.43,Medium
7.42405,81.13436,2026-08-17,729,4.0,332.66,293.7,n,23.92,Low,1128.25,1129.47,1137.22,1146.42,69.33,Medium
7.42945,81.13339,2026-08-17,729,5.19,343.76,292.72,n,30.98,Low,1127.64,1128.87,1136.62,1145.81,76.37,Medium
7.39652,80.92043,2026-08-17,729,10.54,347.59,293.14,n,37.12,Low,1125.78,1126.99,1134.69,1143.46,82.43,High
9.75891,78.5976,2026-08-17,729,6.91,337.94,290.03,n,29.04,Low,835.85,833.97,843.96,847.91,62.66,Medium
9.75952,78.60124,2026-08-17,729,8.81,343.8,290.07,n,33.72,Low,835.78,833.91,843.9,847.86,67.33,Medium
9.42494,77.81399,2026-08-17,729,5.99,332.66,287.59,n,25.41,Low,875.15,873.07,884.53,886.28,60.6,Medium
8.82915,80.8968,2026-08-17,729,11.63,357.25,288.51,l,43.31,Medium,971.18,972.41,980.19,989.67,82.44,High
8.82977,80.9002,2026-08-17,729,6.06,333.33,288.54,n,25.84,Low,971.21,972.44,980.22,989.71,64.98,Medium
8.83039,80.90359,2026-08-17,729,6.06,332.89,288.51,n,25.59,Low,971.24,972.47,980.25,989.74,64.73,Medium
8.82442,80.90121,2026-08-17,729,5.79,353.07,289.72,n,36.6,Low,971.81,973.04,980.82,990.31,75.76,Medium
8.82503,80.90459,2026-08-17,729,5.79,342.57,288.07,n,30.77,Low,971.84,973.07,980.85,990.34,69.93,Medium
8.09535,81.39194,2026-08-17,729,1.76,336.13,292.9,n,24.17,Low,1063.94,1065.17,1073.02,1083.08,67.02,Medium
7.81238,79.93328,2026-08-17,729,4.71,343.05,289.48,n,30.23,Low,1061.14,1061.92,1069.75,1076.63,72.92,Medium
8.00141,81.46672,2026-08-17,729,21.33,367.0,296.55,h,56.0,Medium,1076.23,1077.47,1085.33,1095.48,99.35,High
7.99094,81.46861,2026-08-17,729,3.67,335.06,294.57,n,25.01,Low,1077.4,1078.64,1086.49,1096.65,68.4,Medium
7.9129,81.45583,2026-08-17,729,2.67,336.79,294.85,n,25.22,Low,1085.28,1086.52,1094.37,1104.45,68.93,Medium
7.90649,81.48015,2026-08-17,729,5.55,332.51,293.81,n,25.0,Low,1086.72,1087.95,1095.81,1105.93,68.76,Medium
7.903,81.49067,2026-08-17,729,5.94,333.62,293.48,n,25.91,Low,1087.42,1088.65,1096.51,1106.65,69.7,Medium
7.12697,81.78335,2026-08-17,731,2.65,330.85,294.31,n,21.9,Low,1178.89,1180.13,1188.0,1198.24,69.35,Medium
6.5092,80.98142,2026-08-17,731,12.47,367.0,291.08,h,49.35,Medium,1223.08,1224.29,1231.96,1240.44,98.55,High
7.10485,81.78197,2026-08-17,731,3.19,336.71,294.7,n,25.56,Low,1181.19,1182.43,1190.3,1200.52,73.1,Medium
7.10559,81.78389,2026-08-17,731,3.92,330.51,294.56,n,22.67,Low,1181.18,1182.41,1190.28,1200.51,70.21,Medium
7.10503,81.78075,2026-08-17,731,1.69,332.65,294.33,n,22.18,Low,1181.13,1182.37,1190.24,1200.46,69.72,Medium
7.12642,81.7802,2026-08-17,731,2.65,340.0,293.97,n,26.99,Low,1178.85,1180.09,1187.96,1198.19,74.44,Medium
7.16783,81.80219,2026-08-17,731,2.12,332.75,294.53,n,22.56,Low,1175.17,1176.41,1184.29,1194.58,69.86,Medium
7.27832,81.82177,2026-08-17,731,2.83,338.68,294.28,n,26.39,Low,1164.13,1165.37,1173.25,1183.64,73.25,Medium
7.27778,81.81866,2026-08-17,731,2.83,333.41,294.77,n,23.46,Low,1164.08,1165.32,1173.2,1183.59,70.32,Medium
7.20693,81.81159,2026-08-17,731,3.5,343.9,295.69,n,29.79,Low,1171.34,1172.58,1180.46,1190.79,76.94,Medium
7.20699,81.81147,2026-08-17,731,3.29,343.26,295.38,n,29.28,Low,1171.33,1172.57,1180.45,1190.78,76.43,Medium
29.91521,71.71583,2026-08-17,735,13.13,367.0,293.58,h,49.85,Medium,1524.46,1523.44,1523.49,1526.24,110.83,High
29.91381,71.71052,2026-08-17,735,13.13,343.62,292.7,n,36.86,Low,1524.56,1523.54,1523.59,1526.34,97.84,High
29.80713,73.34641,2026-08-17,735,2.66,332.94,293.62,n,23.07,Low,1448.6,1447.65,1447.69,1450.21,81.01,High
30.53718,73.88202,2026-08-17,735,1.99,331.82,293.37,n,21.95,Low,1507.42,1506.46,1506.54,1508.93,82.24,High
30.40925,72.10819,2026-08-17,735,3.26,332.07,291.74,n,23.04,Low,1556.94,1555.94,1555.99,1558.65,85.32,High
9.88916,77.87049,2026-08-17,909,3.89,337.09,288.9,n,26.3,Low,823.49,821.41,832.83,834.65,59.42,Medium
9.88751,77.86655,2026-08-17,909,7.76,338.98,289.24,n,30.25,Low,823.7,821.62,833.05,834.86,63.38,Medium
23.50516,69.26018,2026-08-17,915,3.6,330.24,290.98,n,22.28,Low,1147.81,1146.54,1146.67,1150.18,68.19,Medium
26.22446,68.21117,2026-08-17,915,5.76,339.48,296.49,n,29.03,Low,1414.93,1413.7,1413.81,1417.19,85.63,High
23.50567,69.26427,2026-08-17,915,3.46,330.78,292.07,n,22.47,Low,1147.49,1146.23,1146.36,1149.86,68.37,Medium
35.24258,68.10051,2026-08-17,917,3.1,338.67,311.1,n,26.59,Low,2205.51,2204.48,2204.53,2207.3,114.81,High
35.24283,68.10374,2026-08-17,917,2.88,341.91,309.91,n,28.22,Low,2205.39,2204.36,2204.41,2207.18,116.43,High
31.58373,72.28916,2026-08-17,917,3.03,341.91,290.64,n,28.33,Low,1669.14,1668.18,1668.22,1670.77,95.09,High
35.98857,94.83189,2026-08-17,1957,0.72,303.72,276.21,n,5.38,Low,2603.36,2602.22,2606.92,2617.39,109.68,High
29.65801,90.89878,2026-08-17,2000,1.24,303.14,282.46,n,5.45,Low,1841.7,1840.1,1845.37,1858.43,79.31,Medium
21.10202,72.64528,2026-08-17,2002,2.69,306.41,282.12,n,8.36,Low,710.2,708.94,709.07,712.6,36.77,Low
21.1071,72.64555,2026-08-17,2002,3.43,308.27,282.02,n,9.94,Low,710.48,709.22,709.35,712.88,38.36,Low
17.60581,83.20076,2026-08-17,2004,1.01,298.13,269.84,n,2.5,Low,489.3,486.95,493.19,515.99,22.35,Low
17.60875,83.20546,2026-08-17,2004,0.78,305.86,270.46,n,6.62,Low,489.81,487.46,493.7,516.49,26.49,Low
10.91686,78.14649,2026-08-17,2006,1.49,306.58,289.32,n,7.55,Low,708.34,706.23,717.22,719.71,36.07,Low
10.92123,78.14713,2026-08-17,2006,1.49,310.07,290.63,n,9.49,Low,707.85,705.74,716.74,719.23,37.99,Low
8.39024,81.03989,2026-08-17,2006,0.43,307.93,291.67,n,7.51,Low,1022.13,1023.36,1031.15,1040.67,48.68,Low
7.65789,80.73828,2026-08-17,2006,5.23,326.15,291.7,n,21.23,Low,1093.23,1094.44,1102.11,1110.63,65.23,Medium
8.67061,77.99346,2026-08-17,2006,1.29,308.12,292.31,n,8.26,Low,957.28,955.17,966.23,968.59,46.73,Low
10.36333,77.14931,2026-08-17,2006,0.99,310.09,288.41,n,9.13,Low,780.88,778.91,791.78,791.24,40.56,Low
10.36136,77.14999,2026-08-17,2006,1.65,309.71,288.08,n,9.41,Low,781.08,779.11,791.98,791.44,40.85,Low
10.35866,77.14888,2026-08-17,2006,0.99,302.98,287.41,n,5.18,Low,781.4,779.43,792.3,791.76,36.63,Low
8.81313,80.58661,2026-08-17,2006,2.27,308.18,291.13,n,9.02,Low,964.85,966.06,973.76,982.54,47.89,Low
10.36181,77.14661,2026-08-17,2006,1.65,304.57,287.55,n,6.55,Low,781.1,779.13,792.0,791.45,37.99,Low
37.29158,77.764,2026-08-17,2138,0.4,301.35,282.41,n,3.83,Low,2189.18,2188.93,2189.66,2191.27,91.42,High
33.29498,71.1871,2026-08-17,2140,1.98,309.29,292.28,n,9.42,Low,1884.38,1883.41,1883.45,1886.03,84.79,High
32.89033,71.61874,2026-08-17,2140,5.63,309.79,292.9,n,12.44,Low,1827.19,1826.23,1826.27,1828.83,85.53,High
32.28934,70.74017,2026-08-17,2140,3.3,309.19,293.1,n,10.36,Low,1801.28,1800.27,1800.32,1803.02,82.41,High
35.9673,68.68782,2026-08-17,2140,1.59,308.02,295.98,n,8.43,Low,2250.72,2249.72,2249.76,2252.44,98.46,High
25.38917,68.58541,2026-08-17,2142,1.03,307.1,292.28,n,7.49,Low,1326.72,1325.48,1325.6,1329.01,60.56,Medium
8.17521,81.31606,2026-08-18,712,12.11,349.37,290.05,n,39.29,Low,1053.13,1054.36,1062.2,1072.16,81.71,High
8.17243,81.31873,2026-08-18,712,9.68,341.97,289.97,n,33.35,Low,1053.51,1054.74,1062.58,1072.54,75.78,Medium
7.89723,81.41067,2026-08-18,712,5.29,332.88,290.87,n,25.01,Low,1085.56,1086.79,1094.63,1104.62,68.73,Medium
7.89501,81.47443,2026-08-18,712,9.23,334.33,289.97,n,28.77,Low,1087.76,1088.99,1096.85,1106.95,72.58,Medium
7.89822,81.47876,2026-08-18,712,8.31,339.73,289.61,n,31.08,Low,1087.55,1088.79,1096.64,1106.76,74.88,Medium
20.12857,94.99934,2026-08-18,714,2.31,332.36,295.04,n,22.49,Low,1755.71,1751.25,1757.96,1780.45,92.94,High
24.11654,96.44064,2026-08-18,714,10.55,339.0,294.24,n,32.36,Low,1998.2,1994.34,2000.82,2022.56,112.52,High
8.44541,80.87798,2026-08-18,852,6.25,333.68,293.14,n,26.18,Low,1011.81,1013.03,1020.78,1029.99,66.94,Medium
8.99168,77.85832,2026-08-18,852,0.67,335.44,301.12,n,22.97,Low,922.63,920.54,931.86,933.82,60.06,Medium
9.02396,78.0217,2026-08-18,852,5.37,339.33,301.52,n,28.66,Low,918.1,915.99,927.04,929.42,65.57,Medium
9.08152,78.16898,2026-08-18,852,0.54,337.52,299.57,n,24.03,Low,911.15,909.03,919.82,922.59,60.66,Medium
9.39631,80.47998,2026-08-18,852,2.51,336.87,290.03,n,25.14,Low,899.36,900.57,908.28,917.13,61.39,Medium
9.31616,78.82542,2026-08-18,852,2.23,347.61,296.54,n,30.9,Low,885.26,883.83,893.4,897.95,66.5,Medium
9.32526,77.54498,2026-08-18,852,2.5,331.97,300.07,n,22.41,Low,888.72,886.67,898.58,899.62,58.15,Medium
9.31592,77.47726,2026-08-18,852,13.56,344.24,301.44,n,37.53,Low,890.54,888.5,900.53,901.38,73.34,Medium
9.32631,77.54832,2026-08-18,852,3.32,337.57,300.39,n,26.14,Low,888.57,886.52,898.42,899.47,61.87,Medium
9.31747,77.48039,2026-08-18,852,13.78,343.13,300.83,n,37.07,Low,890.33,888.29,900.31,901.18,72.87,Medium
9.3803,77.76629,2026-08-18,852,7.4,347.32,303.89,n,34.62,Low,880.46,878.39,889.92,891.56,70.02,Medium
9.57292,78.26406,2026-08-18,852,1.93,340.68,301.01,n,26.83,Low,856.58,854.45,865.09,868.09,61.27,Medium
10.02321,79.23365,2026-08-18,852,2.5700000000000003,330.52,289.62,n,21.66,Low,809.61,809.38,818.02,823.85,54.27,Medium
9.98813,77.85934,2026-08-18,852,1.89,333.85,299.78,n,23.0,Low,812.66,810.58,822.04,823.8,55.69,Medium
9.97747,77.62643,2026-08-18,852,1.96,333.17,296.86,n,22.68,Low,816.05,813.99,825.89,826.96,55.51,Medium
9.97656,77.62728,2026-08-18,852,2.5700000000000003,344.36,296.89,n,29.35,Low,816.14,814.09,825.98,827.05,62.18,Medium
10.01453,77.60332,2026-08-18,852,3.89,335.04,296.38,n,25.16,Low,812.23,810.18,822.13,823.12,57.84,Medium
10.08427,77.70177,2026-08-18,852,5.9,367.0,295.49,h,44.43,Medium,803.48,801.42,813.2,814.46,76.76,Medium
10.08387,77.69878,2026-08-18,852,2.46,342.31,295.81,n,28.13,Low,803.56,801.5,813.28,814.53,60.46,Medium
10.08721,77.70203,2026-08-18,852,4.08,347.07,294.59,n,31.99,Low,803.16,801.1,812.88,814.14,64.3,Medium
10.08683,77.69904,2026-08-18,852,4.08,354.14,294.99,n,35.92,Low,803.23,801.17,812.95,814.21,68.24,Medium
10.58747,78.2113,2026-08-18,852,2.74,332.8,298.46,n,23.06,Low,744.52,742.4,753.22,755.97,53.02,Medium
10.90674,78.5377,2026-08-18,852,2.85,342.06,292.74,n,28.28,Low,708.88,706.89,716.99,720.81,56.82,Medium
11.14147,78.58251,2026-08-18,852,5.09,367.0,290.57,h,43.82,Medium,682.92,681.05,691.03,695.02,71.32,Medium
11.14694,78.58183,2026-08-18,852,5.09,334.73,289.91,n,25.89,Low,682.31,680.44,690.43,694.41,53.37,Medium
11.14221,78.58167,2026-08-18,852,9.24,367.0,291.46,h,46.93,Medium,682.83,680.96,690.95,694.93,74.43,Medium
11.66242,78.67835,2026-08-18,852,25.85,367.0,295.2,h,59.39,Medium,625.41,623.83,633.54,637.93,84.6,High
11.66187,78.67394,2026-08-18,852,25.85,353.32,288.24,n,51.79,Medium,625.47,623.87,633.59,637.96,77.0,Medium
11.66789,78.67705,2026-08-18,852,25.85,356.8,286.88,l,53.72,Medium,624.81,623.22,632.93,637.32,78.9,Medium
11.70775,78.76962,2026-08-18,852,5.77,340.29,288.77,n,29.49,Low,620.65,619.36,628.81,633.56,54.51,Medium
11.70585,78.76863,2026-08-18,852,3.09,334.85,287.81,n,24.46,Low,620.86,619.56,629.02,633.76,49.49,Low
11.72489,78.6914,2026-08-18,852,9.96,350.81,283.05,n,38.48,Low,618.53,617.0,626.66,631.11,63.41,Medium
7.54263,81.63725,2026-08-18,852,2.87,338.79,286.8,n,26.48,Low,1130.23,1131.47,1139.33,1149.54,71.99,Medium
7.59886,80.97195,2026-08-18,852,2.68,333.14,296.82,n,23.2,Low,1105.25,1106.47,1114.19,1123.15,67.69,Medium
7.86299,81.47017,2026-08-18,852,5.46,331.26,291.52,n,24.24,Low,1091.02,1092.26,1100.11,1110.19,68.18,Medium
7.95368,81.35379,2026-08-18,852,2.85,330.01,293.49,n,21.59,Low,1077.83,1079.07,1086.9,1096.8,65.0,Medium
8.92865,77.50169,2026-08-18,852,9.79,342.66,296.3,n,33.82,Low,932.84,930.79,942.7,943.74,71.32,Medium
8.51392,80.6392,2026-08-18,852,6.33,335.11,294.72,n,27.03,Low,998.41,999.62,1007.32,1016.05,67.24,Medium
8.69215,80.8621,2026-08-18,852,4.23,332.07,292.1,n,23.77,Low,984.91,986.13,993.9,1003.22,63.45,Medium
8.91704,80.38799,2026-08-18,852,2.73,332.03,292.31,n,22.62,Low,949.02,950.23,957.87,966.24,60.85,Medium
7.26419,81.21719,2026-08-18,852,5.88,343.19,295.08,n,31.18,Low,1147.62,1148.84,1156.6,1165.87,77.37,Medium
7.26466,81.21556,2026-08-18,852,5.21,351.28,295.17,n,35.17,Low,1147.52,1148.74,1156.51,1165.77,81.36,High
7.25844,81.21591,2026-08-18,852,5.21,330.6,294.35,n,23.69,Low,1148.2,1149.42,1157.18,1166.45,69.9,Medium
6.69037,80.83154,2026-08-18,852,11.81,355.54,293.05,n,42.49,Medium,1200.09,1201.29,1208.94,1217.22,90.77,High
6.35878,81.14948,2026-08-18,852,32.9,350.74,294.55,n,55.64,Medium,1243.3,1244.51,1252.21,1260.94,105.65,High
6.3594100000000005,81.15408,2026-08-18,852,32.9,367.0,296.81,h,64.68,Medium,1243.35,1244.56,1252.26,1261.0,114.69,High
8.92939,77.50723,2026-08-18,852,13.39,341.8,296.25,n,36.04,Low,932.7,930.65,942.55,943.6,73.53,Medium
8.96803,78.03201,2026-08-18,852,6.52,342.35,302.05,n,31.2,Low,924.23,922.12,933.14,935.56,68.35,Medium
8.9135,77.99487,2026-08-18,852,2.98,340.4,301.01,n,27.46,Low,930.44,928.33,939.41,941.74,64.86,Medium
8.91391,77.99789,2026-08-18,852,4.37,341.03,301.42,n,28.85,Low,930.37,928.27,939.35,941.69,66.25,Medium
8.88123,77.79373,2026-08-18,852,2.78,331.3,299.67,n,22.25,Low,935.29,933.21,944.63,946.44,59.85,Medium
9.06209,80.29271,2026-08-18,852,3.01,333.93,291.04,n,23.89,Low,931.23,932.43,940.05,948.27,61.41,Medium
8.617750000000001,77.96022,2026-08-18,852,1.25,334.7,300.56,n,22.99,Low,963.29,961.19,972.3,974.58,61.7,Medium
8.94732,80.56693,2026-08-18,852,5.0,344.94,290.04,n,31.49,Low,949.9,951.11,958.81,967.62,69.76,Medium
6.36902,81.26952,2026-08-18,852,5.43,336.87,291.37,n,27.33,Low,1245.18,1246.39,1254.12,1263.07,77.42,Medium
7.26356,81.21234,2026-08-18,852,5.88,333.22,293.94,n,25.64,Low,1147.55,1148.78,1156.54,1165.8,71.83,Medium
7.28158,81.30244,2026-08-18,852,3.02,332.6,293.15,n,23.15,Low,1148.08,1149.31,1157.09,1166.53,69.36,Medium
13.98488,77.39144,2026-08-18,854,0.93,332.67,287.86,n,21.63,Low,384.06,382.24,395.75,393.51,37.19,Low
14.07884,77.73779,2026-08-18,854,4.91,334.27,290.17,n,25.5,Low,365.06,363.11,376.39,375.29,40.3,Low
14.46883,78.26192,2026-08-18,854,5.25,338.86,274.94,n,28.3,Low,315.21,313.11,324.44,326.57,41.09,Low
14.46839,78.25809,2026-08-18,854,4.39,336.52,275.26,n,26.36,Low,315.28,313.18,324.53,326.63,39.16,Low
14.474,78.25748,2026-08-18,854,4.46,335.97,275.75,n,26.11,Low,314.66,312.56,323.91,326.01,38.88,Low
22.03904,69.47427,2026-08-18,856,3.92,337.49,296.43,n,26.55,Low,1046.93,1045.66,1045.8,1049.36,68.43,Medium
24.8247,68.06085,2026-08-18,856,4.0,333.28,299.18,n,24.27,Low,1331.02,1329.77,1329.89,1333.37,77.51,Medium
24.9635,68.29146,2026-08-18,856,4.37,332.73,297.0,n,24.24,Low,1321.2,1319.95,1320.07,1323.53,77.09,Medium
25.3872,68.58287,2026-08-18,856,2.79,331.56,298.89,n,22.4,Low,1326.78,1325.54,1325.66,1329.07,75.47,Medium
33.47198,68.28136,2026-08-18,858,7.95,341.6,315.45,l,31.85,Low,2028.31,2027.25,2027.31,2030.17,112.98,High
30.889,72.16714,2026-08-18,858,3.49,341.14,294.79,n,28.25,Low,1602.98,1602.0,1602.04,1604.66,92.37,High
30.64728,71.75764,2026-08-18,858,2.99,332.31,294.96,n,22.97,Low,1595.22,1594.22,1594.27,1596.96,86.78,High
30.47086,73.88448,2026-08-18,858,2.56,334.87,292.14,n,24.07,Low,1500.36,1499.41,1499.48,1501.87,84.08,High
30.47113,73.88796,2026-08-18,858,3.08,330.45,291.9,n,22.0,Low,1500.29,1499.33,1499.41,1501.8,82.01,High
30.4691,73.88613,2026-08-18,858,2.81,341.11,292.43,n,27.72,Low,1500.13,1499.17,1499.25,1501.64,87.72,High
30.01328,72.56928,2026-08-18,858,2.25,330.36,294.94,n,21.33,Low,1498.58,1497.6,1497.64,1500.27,81.27,High
29.90467,72.59055,2026-08-18,858,11.88,343.08,294.96,n,35.62,Low,1486.75,1485.76,1485.81,1488.44,95.09,High
28.73033,68.09136,2026-08-18,858,3.25,341.64,309.03,n,28.35,Low,1617.88,1616.71,1616.8,1620.0,93.06,High
28.73092,68.09602,2026-08-18,858,3.25,341.18,309.09,n,28.09,Low,1617.62,1616.45,1616.54,1619.75,92.79,High
37.34704,97.41084,2026-08-18,1938,0.63,300.86,286.35,n,3.73,Low,2871.63,2870.39,2875.43,2886.28,118.77,High
27.00237,82.48734,2026-08-18,1942,2.13,295.81,285.39,n,2.05,Low,1127.25,1127.53,1128.65,1135.35,47.24,Low
27.22178,95.34567,2026-08-18,1942,1.41,308.29,290.9,n,8.44,Low,2033.62,2030.7,2036.75,2056.01,90.01,High
27.31664,95.26646,2026-08-18,1942,1.42,308.57,290.63,n,8.6,Low,2031.79,2028.9,2034.93,2054.05,90.1,High
27.5312,77.66014,2026-08-18,1942,2.9,312.08,282.5,n,11.66,Low,1108.66,1107.78,1108.43,1110.14,56.01,Medium
27.46271,95.47729,2026-08-18,1942,1.18,305.07,290.42,n,6.48,Low,2057.87,2054.99,2061.02,2080.08,89.02,High
27.46869,95.42249,2026-08-18,1942,1.03,306.92,290.83,n,7.39,Low,2053.45,2050.58,2056.61,2075.63,89.75,High
27.37571,95.08824,2026-08-18,1942,1.65,308.04,290.82,n,8.48,Low,2019.57,2016.73,2022.74,2041.69,89.49,High
27.32538,95.27692,2026-08-18,1942,1.59,311.7,291.21,n,10.47,Low,2033.16,2030.28,2036.31,2055.42,92.02,High
24.25639,91.37678,2026-08-18,1942,0.44,299.17,275.87,n,2.65,Low,1528.11,1524.86,1531.07,1551.69,64.01,Medium
27.53036,77.65813,2026-08-18,1942,2.76,311.81,282.43,n,11.41,Low,1108.58,1107.69,1108.35,1110.06,55.76,Medium
6.863020000000001,81.10007,2026-08-18,1947,0.49,300.57,288.3,n,3.46,Low,1187.72,1188.93,1196.65,1205.51,51.25,Medium
6.85854,81.09821,2026-08-18,1947,0.87,304.43,290.0,n,5.89,Low,1188.15,1189.37,1197.08,1205.94,53.7,Medium
6.69242,80.83759,2026-08-18,1947,3.9,321.53,291.73,n,17.66,Low,1200.0,1201.2,1208.85,1217.14,65.93,Medium
6.43064,80.86023,2026-08-18,1947,3.55,332.72,291.87,n,23.62,Low,1228.87,1230.07,1237.71,1245.95,73.05,Medium
10.48666,79.32134,2026-08-18,1947,1.88,317.51,287.78,n,13.92,Low,759.45,759.6,767.93,774.18,44.53,Low
10.48713,79.31767,2026-08-18,1947,2.41,311.88,287.65,n,11.19,Low,759.36,759.5,767.84,774.08,41.8,Low
6.62802,81.19518,2026-08-18,1947,1.5,306.83,293.45,n,7.7,Low,1215.41,1216.63,1224.35,1233.28,56.6,Medium
6.69147,80.83995,2026-08-18,1947,1.5,308.59,291.54,n,8.67,Low,1200.16,1201.36,1209.0,1217.3,56.95,Medium
6.69223,80.83482,2026-08-18,1947,1.5,309.63,291.81,n,9.25,Low,1199.96,1201.16,1208.81,1217.1,57.52,Medium
6.62906,81.1973,2026-08-18,1947,2.08,312.87,294.04,n,11.49,Low,1215.35,1216.57,1224.3,1233.23,60.38,Medium
7.26242,81.20609,2026-08-18,1949,1.32,304.43,293.31,n,6.23,Low,1147.51,1148.73,1156.49,1165.74,52.41,Medium
6.86124,81.09518,2026-08-18,1949,1.29,302.63,289.27,n,5.21,Low,1187.79,1189.0,1196.72,1205.57,53.0,Medium
6.93897,81.60261,2026-08-18,1949,1.97,317.46,293.72,n,13.96,Low,1193.3,1194.53,1202.35,1212.17,61.98,Medium
7.0516,80.8127,2026-08-18,1949,0.9,301.89,286.73,n,4.5,Low,1160.54,1161.74,1169.4,1177.8,51.19,Medium
7.22923,81.13885,2026-08-18,1949,2.9,305.75,293.13,n,8.15,Low,1149.29,1150.51,1158.26,1167.36,54.4,Medium
7.22851,81.14391,2026-08-18,1949,2.9,339.88,295.22,n,27.11,Low,1149.5,1150.72,1158.47,1167.58,73.37,Medium
7.23261,81.14859,2026-08-18,1949,2.19,314.19,294.23,n,12.3,Low,1149.19,1150.41,1158.15,1167.28,58.55,Medium
7.23396,81.13914,2026-08-18,1949,2.9,305.94,292.86,n,8.25,Low,1148.79,1150.01,1157.76,1166.86,54.48,Medium
7.25981,81.20732,2026-08-18,1949,1.07,305.15,293.51,n,6.44,Low,1147.82,1149.04,1156.8,1166.05,52.64,Medium
7.62339,81.76878,2026-08-18,1949,2.12,309.93,293.58,n,9.88,Low,1125.95,1127.2,1135.09,1145.59,55.22,Medium
7.6244,81.77097,2026-08-18,1949,0.75,308.42,293.5,n,8.02,Low,1125.92,1127.16,1135.06,1145.56,53.36,Medium
9.31313,77.44205,2026-08-18,1949,1.7000000000000002,313.02,288.76,n,11.29,Low,891.29,889.25,901.33,902.09,47.13,Low
7.22388,81.14285,2026-08-18,1949,2.71,312.03,292.89,n,11.49,Low,1149.97,1151.19,1158.94,1168.05,57.77,Medium
7.22787,81.14833,2026-08-18,1949,2.19,308.07,294.08,n,8.9,Low,1149.69,1150.91,1158.65,1167.77,55.17,Medium
6.86042,81.10104,2026-08-18,1949,0.98,302.97,288.71,n,5.16,Low,1188.02,1189.24,1196.95,1205.81,52.96,Medium
37.29039,77.76585,2026-08-18,2121,0.6000000000000001,297.92,283.02,n,2.07,Low,2189.04,2188.79,2189.52,2191.13,89.65,High
35.96759,68.68444,2026-08-18,2121,2.19,311.85,298.07,n,11.0,Low,2250.89,2249.89,2249.93,2252.61,101.03,High
33.54516,71.54924,2026-08-18,2123,2.75,307.28,293.9,n,8.88,Low,1896.7,1895.75,1895.79,1898.32,84.75,High
32.88902,71.61536,2026-08-18,2123,3.74,318.82,295.72,n,16.04,Low,1827.18,1826.22,1826.26,1828.82,89.12,High
32.57403,72.5666,2026-08-18,2123,1.33,308.16,294.69,n,8.31,Low,1761.8,1760.87,1760.9,1763.36,78.78,Medium
32.29366,70.73219,2026-08-18,2123,1.15,311.79,295.71,n,10.19,Low,1802.05,1801.04,1801.08,1803.78,82.27,High
32.2889,70.73969,2026-08-18,2123,1.19,310.03,295.63,n,9.24,Low,1801.26,1800.25,1800.3,1802.99,81.29,High
28.4253,69.70142,2026-08-18,2123,1.61,321.55,298.1,n,15.96,Low,1490.7,1489.57,1489.65,1492.74,75.59,Medium
26.25886,74.09746,2026-08-18,2125,0.44,302.57,284.31,n,4.54,Low,1057.62,1056.62,1056.67,1059.36,46.84,Low
25.38887,68.5822,2026-08-18,2125,2.5,324.11,296.54,n,18.05,Low,1326.95,1325.71,1325.83,1329.24,71.13,Medium
20.95116,86.04971,2026-08-19,657,4.92,330.14,287.21,n,23.21,Low,875.27,871.64,878.02,899.48,58.45,Medium
6.83494,81.45702,2026-08-19,833,5.19,337.33,302.58,n,27.41,Low,1200.19,1201.42,1209.21,1218.71,75.71,Medium
6.83975,81.55939,2026-08-19,833,2.04,334.49,301.3,n,23.47,Low,1202.6,1203.83,1211.64,1221.33,71.86,Medium
6.7623,81.50774,2026-08-19,833,3.66,332.37,302.75,l,23.51,Low,1209.39,1210.62,1218.41,1227.97,72.17,Medium
6.73667,81.62422,2026-08-19,833,12.96,344.86,299.91,n,37.42,Low,1215.49,1216.72,1224.54,1234.29,86.33,High
6.7373,81.62887,2026-08-19,833,12.96,367.0,302.68,h,49.72,Medium,1215.56,1216.79,1224.61,1234.37,98.63,High
6.73724,81.6267,2026-08-19,833,14.53,357.52,301.76,n,45.63,Medium,1215.51,1216.74,1224.55,1234.31,94.54,High
6.73792,81.63136,2026-08-19,833,10.86,347.12,301.58,n,37.1,Low,1215.57,1216.8,1224.62,1234.38,86.01,High
6.64284,81.09991,2026-08-19,833,3.64,335.38,298.34,n,25.16,Low,1211.45,1212.66,1220.37,1229.13,73.9,Medium
6.51853,81.10849,2026-08-19,833,4.06,336.64,299.29,n,26.18,Low,1225.07,1226.28,1233.98,1242.71,75.46,Medium
6.42231,81.122,2026-08-19,833,3.17,335.05,300.2,n,24.63,Low,1235.78,1236.99,1244.69,1253.4,74.34,Medium
6.41853,81.12688,2026-08-19,833,3.4,333.13,300.9,n,23.73,Low,1236.31,1237.52,1245.22,1253.93,73.46,Medium
6.28867,80.91139,2026-08-19,833,5.86,336.88,298.15,n,27.66,Low,1245.38,1246.58,1254.23,1262.5,77.75,Medium
6.29997,80.98937,2026-08-19,833,2.95,335.51,297.45,n,24.72,Low,1245.9,1247.1,1254.77,1263.18,74.83,Medium
6.23047,81.06284,2026-08-19,833,5.29,337.63,298.73,n,27.65,Low,1255.1,1256.31,1263.99,1272.51,78.13,Medium
6.23004,81.06303,2026-08-19,833,5.31,334.03,298.82,n,25.67,Low,1255.16,1256.36,1264.04,1272.56,76.15,Medium
8.73711,80.99287,2026-08-19,833,6.69,338.6,296.44,n,29.24,Low,983.73,984.96,992.76,1002.39,68.88,Medium
8.69701,80.86628,2026-08-19,833,8.54,343.09,295.46,n,33.12,Low,984.5,985.73,993.49,1002.82,72.79,Medium
8.66704,80.74513,2026-08-19,833,5.98,331.19,296.63,n,24.59,Low,984.54,985.75,993.49,1002.53,64.25,Medium
8.607990000000001,80.5139,2026-08-19,833,5.89,338.86,296.4,n,28.78,Low,985.31,986.52,994.18,1002.68,68.47,Medium
8.62317,80.87952,2026-08-19,833,2.1,336.76,292.87,n,24.77,Low,992.78,994.0,1001.77,1011.08,64.77,Medium
8.61871,80.88013,2026-08-19,833,3.86,333.61,295.33,n,24.35,Low,993.27,994.49,1002.26,1011.57,64.37,Medium
8.56811,80.90949,2026-08-19,833,10.1,350.22,296.8,n,38.25,Low,999.49,1000.71,1008.48,1017.83,78.52,Medium
8.5687,80.91391,2026-08-19,833,5.25,331.19,294.68,n,24.04,Low,999.55,1000.77,1008.54,1017.9,64.31,Medium
8.56571,80.90945,2026-08-19,833,10.95,345.33,297.58,n,36.17,Low,999.75,1000.97,1008.74,1018.09,76.45,Medium
8.56634,80.91386,2026-08-19,833,7.84,341.31,295.72,n,31.61,Low,999.8,1001.02,1008.79,1018.15,71.89,Medium
8.47922,80.3933,2026-08-19,833,5.73,341.14,295.83,n,29.93,Low,996.62,997.82,1005.44,1013.6,70.06,Medium
8.47491,80.3939,2026-08-19,833,5.73,334.07,296.32,n,26.0,Low,997.1,998.3,1005.92,1014.08,66.15,Medium
8.51689,80.75557,2026-08-19,833,10.51,345.77,298.34,n,36.09,Low,1000.96,1002.17,1009.9,1018.89,76.41,Medium
8.49986,80.66592,2026-08-19,833,2.16,330.18,295.89,n,21.16,Low,1000.57,1001.78,1009.49,1018.27,61.46,Medium
8.50443,80.82825,2026-08-19,833,4.9,335.23,295.9,n,26.03,Low,1004.16,1005.38,1013.13,1022.27,66.48,Medium
8.41088,80.18614,2026-08-19,833,4.33,334.15,295.23,n,25.0,Low,999.93,1001.12,1008.67,1016.34,65.26,Medium
8.44913,80.87863,2026-08-19,833,5.77,337.09,297.38,n,27.71,Low,1011.43,1012.65,1020.4,1029.62,68.45,Medium
8.395199999999999,80.68755,2026-08-19,833,2.77,331.71,296.05,n,22.47,Low,1012.39,1013.6,1021.3,1030.07,63.24,Medium
8.31046,80.65611,2026-08-19,833,7.09,338.47,297.27,n,29.47,Low,1020.78,1021.99,1029.68,1038.34,70.58,Medium
8.29942,81.03003,2026-08-19,833,1.58,331.03,296.97,n,21.2,Low,1031.58,1032.8,1040.58,1050.03,62.75,Medium
8.12639,80.55296,2026-08-19,833,2.51,334.29,297.23,n,23.71,Low,1038.33,1039.54,1047.19,1055.53,65.52,Medium
8.1191,80.59635,2026-08-19,833,6.74,336.38,295.93,n,28.04,Low,1040.09,1041.3,1048.96,1057.4,69.92,Medium
8.19289,81.20457,2026-08-19,833,8.19,342.81,299.14,n,32.7,Low,1047.93,1049.16,1056.97,1066.72,74.91,Medium
8.19289,81.20832,2026-08-19,833,7.25,341.82,298.87,n,31.45,Low,1048.04,1049.27,1057.08,1066.84,73.66,Medium
8.06456,81.14703,2026-08-19,833,7.79,345.76,297.93,n,34.04,Low,1059.97,1061.2,1069.0,1078.55,76.73,Medium
8.06318,81.14916,2026-08-19,833,4.58,342.05,298.27,n,29.57,Low,1060.18,1061.41,1069.2,1078.76,72.27,Medium
7.90849,81.36997,2026-08-19,833,10.52,352.52,303.68,n,39.85,Low,1083.13,1084.36,1092.19,1102.1,83.47,High
7.82808,80.84888,2026-08-19,833,3.14,336.97,296.65,n,25.67,Low,1077.49,1078.7,1086.41,1095.24,69.05,Medium
7.85508,81.42368,2026-08-19,833,15.68,339.31,301.64,n,36.38,Low,1090.43,1091.67,1099.51,1109.49,80.29,High
7.85574,81.42837,2026-08-19,833,15.09,343.44,296.67,n,38.23,Low,1090.51,1091.74,1099.58,1109.58,82.14,High
7.70519,80.39142,2026-08-19,833,6.57,342.15,295.28,n,31.12,Low,1080.72,1081.91,1089.49,1097.31,74.61,Medium
7.70094,80.39207,2026-08-19,833,2.23,332.5,294.76,n,22.51,Low,1081.19,1082.38,1089.96,1097.79,66.02,Medium
7.75295,81.25404,2026-08-19,833,4.92,337.8,302.74,n,27.47,Low,1096.31,1097.54,1105.34,1114.94,71.61,Medium
7.75189,81.25346,2026-08-19,833,6.8,343.8,303.53,n,32.21,Low,1096.41,1097.64,1105.44,1115.03,76.36,Medium
7.52671,80.90238,2026-08-19,833,8.58,342.91,303.28,n,33.05,Low,1111.3,1112.51,1120.22,1129.0,77.78,Medium
7.52232,80.90304,2026-08-19,833,5.82,339.11,303.57,n,28.87,Low,1111.79,1113.0,1120.7,1129.49,73.62,Medium
7.59265,81.4476,2026-08-19,833,5.37,330.13,291.82,n,23.54,Low,1119.07,1120.3,1128.13,1138.01,68.6,Medium
7.53314,81.11317,2026-08-19,833,7.15,335.15,278.76,n,27.67,Low,1115.98,1117.2,1124.95,1134.16,72.59,Medium
7.52691,81.10084,2026-08-19,833,4.07,341.13,285.18,n,28.68,Low,1116.32,1117.54,1125.29,1134.47,73.62,Medium
7.5275,81.10516,2026-08-19,833,4.07,330.83,280.49,n,22.96,Low,1116.37,1117.59,1125.34,1134.53,67.9,Medium
7.5281,81.10955,2026-08-19,833,7.15,338.78,279.53,n,29.68,Low,1116.42,1117.64,1125.4,1134.59,74.62,Medium
7.5287,81.11393,2026-08-19,833,7.15,351.31,279.95,n,36.65,Low,1116.47,1117.69,1125.45,1134.65,81.59,High
7.52304,81.1058,2026-08-19,833,5.86,335.87,283.83,n,27.1,Low,1116.87,1118.09,1125.84,1135.02,72.06,Medium
7.52928,81.10335,2026-08-19,833,4.94,344.25,281.47,n,31.07,Low,1116.13,1117.35,1125.1,1134.29,76.0,Medium
7.5299,81.10768,2026-08-19,833,5.92,333.05,278.81,n,25.58,Low,1116.18,1117.4,1125.15,1134.35,70.51,Medium
7.53053,81.11201,2026-08-19,833,5.92,353.48,279.82,n,36.93,Low,1116.23,1117.45,1125.2,1134.4,81.86,High
7.52482,81.10393,2026-08-19,833,6.73,333.25,285.96,n,26.3,Low,1116.63,1117.85,1125.6,1134.78,71.25,Medium
7.52545,81.10831,2026-08-19,833,5.58,335.83,280.99,n,26.87,Low,1116.67,1117.89,1125.65,1134.84,71.82,Medium
7.52607,81.11268,2026-08-19,833,5.58,352.29,280.67,n,36.01,Low,1116.72,1117.94,1125.7,1134.9,80.96,High
7.51386,81.65334,2026-08-19,833,5.04,332.75,298.8,n,24.75,Low,1133.79,1135.02,1142.89,1153.11,70.4,Medium
7.44826,81.24146,2026-08-19,833,7.17,343.7,305.24,n,32.43,Low,1128.55,1129.77,1137.55,1146.96,77.86,Medium
7.44888,81.24596,2026-08-19,833,10.77,339.96,305.73,n,33.06,Low,1128.61,1129.83,1137.61,1147.03,78.49,Medium
7.44681,81.24532,2026-08-19,833,4.54,338.77,305.16,n,27.72,Low,1128.81,1130.04,1137.82,1147.23,73.16,Medium
7.38174,81.10937,2026-08-19,833,2.72,336.12,304.01,n,24.88,Low,1132.14,1133.36,1141.1,1150.22,70.45,Medium
7.39605,81.24292,2026-08-19,833,2.6,334.8,303.34,n,24.06,Low,1134.18,1135.41,1143.18,1152.57,69.71,Medium
7.39155,81.24351,2026-08-19,833,5.32,335.74,304.95,n,26.62,Low,1134.68,1135.9,1143.68,1153.06,72.29,Medium
7.39219,81.24805,2026-08-19,833,5.32,347.37,303.46,n,33.08,Low,1134.74,1135.96,1143.74,1153.13,78.76,Medium
7.3813,81.23574,2026-08-19,833,4.71,337.56,304.71,n,27.18,Low,1135.56,1136.79,1144.56,1153.93,72.89,Medium
7.39139,81.30784,2026-08-19,833,4.15,342.57,304.57,n,29.54,Low,1136.48,1137.71,1145.5,1155.01,75.29,Medium
7.44215,81.70579,2026-08-19,833,4.17,342.61,294.55,n,29.58,Low,1143.05,1144.29,1152.16,1162.44,75.6,Medium
7.42954,81.75178,2026-08-19,833,5.29,337.26,296.18,n,27.45,Low,1145.87,1147.11,1154.99,1165.34,73.58,Medium
7.31318,81.17209,2026-08-19,833,4.2,340.67,303.31,n,28.52,Low,1141.15,1142.37,1150.13,1159.34,74.45,Medium
7.31527,81.17111,2026-08-19,833,3.98,343.27,305.23,n,29.8,Low,1140.9,1142.12,1149.88,1159.09,75.72,Medium
7.30184,81.26899,2026-08-19,833,3.17,330.73,299.32,n,22.23,Low,1144.99,1146.21,1153.99,1163.38,68.32,Medium
7.32558,81.43645,2026-08-19,833,16.41,342.47,300.76,n,38.68,Low,1147.2,1148.43,1156.24,1165.95,84.86,High
7.23752,81.13548,2026-08-19,833,2.34,338.24,299.75,n,25.78,Low,1148.32,1149.54,1157.28,1166.38,72.0,Medium
7.23305,81.13596,2026-08-19,833,15.44,343.86,302.31,n,38.72,Low,1148.81,1150.03,1157.77,1166.87,84.95,High
7.22807,81.13277,2026-08-19,833,4.99,330.19,299.78,n,23.29,Low,1149.26,1150.48,1158.22,1167.31,69.54,Medium
7.22857,81.1364,2026-08-19,833,15.44,367.0,304.61,h,51.58,Medium,1149.3,1150.52,1158.26,1167.36,97.83,High
7.29642,81.83806,2026-08-19,833,5.71,331.24,295.66,n,24.42,Low,1162.75,1163.99,1171.88,1182.31,71.23,Medium
7.21426,81.77812,2026-08-19,833,6.34,344.56,302.48,n,32.29,Low,1169.49,1170.73,1178.6,1188.87,79.37,Medium
7.12555,81.73818,2026-08-19,833,4.47,331.84,302.16,l,23.82,Low,1177.61,1178.85,1186.71,1196.87,71.22,Medium
7.08648,81.79789,2026-08-19,833,5.84,337.01,303.77,n,27.72,Low,1183.64,1184.88,1192.75,1202.99,75.36,Medium
7.08782,81.79578,2026-08-19,833,5.44,334.31,303.73,n,25.92,Low,1183.44,1184.68,1192.54,1202.78,73.55,Medium
6.91316,81.45554,2026-08-19,833,3.78,332.07,298.86,n,23.43,Low,1191.79,1193.01,1200.81,1210.34,71.39,Medium
8.89924,77.86769,2026-08-19,835,7.97,340.38,301.81,n,31.19,Low,932.77,930.68,941.97,943.98,68.68,Medium
21.1031,72.63488,2026-08-19,835,1.57,331.79,289.06,n,21.62,Low,711.18,709.91,710.04,713.57,50.07,Medium
18.67997,73.0383,2026-08-19,835,3.89,335.52,295.19,n,25.43,Low,567.21,565.98,566.15,569.65,48.12,Low
11.14616,76.89647,2026-08-19,835,4.96,336.2,294.92,n,26.61,Low,701.55,699.65,713.24,711.4,54.87,Medium
11.14976,76.89596,2026-08-19,835,4.96,331.53,297.02,n,24.01,Low,701.17,699.27,712.86,711.03,52.25,Medium
15.17723,76.65598,2026-08-19,835,6.24,337.58,294.67,n,28.34,Low,301.42,300.24,307.27,306.82,40.5,Low
10.95679,78.40086,2026-08-19,835,6.15,335.84,300.64,n,27.3,Low,703.37,701.23,711.65,715.0,55.61,Medium
10.93714,78.49078,2026-08-19,835,8.01,341.28,300.71,n,31.72,Low,705.55,703.45,713.66,717.32,60.12,Medium
10.75007,78.63698,2026-08-19,835,9.85,339.53,301.41,n,32.13,Low,726.25,724.5,734.37,738.51,61.37,Medium
10.03752,78.66753,2026-08-19,835,2.84,330.97,295.48,n,22.11,Low,805.1,803.38,813.23,817.4,54.5,Medium
9.57684,78.31702,2026-08-19,835,10.51,340.72,301.62,n,33.28,Low,856.06,853.92,864.47,867.62,67.7,Medium
9.52467,78.22387,2026-08-19,835,5.7,342.78,298.01,n,30.82,Low,862.0,859.87,870.59,873.48,65.48,Medium
9.52153,78.22908,2026-08-19,835,2.8200000000000003,341.77,297.44,n,28.1,Low,862.34,860.21,870.92,873.82,62.77,Medium
9.52219,78.23375,2026-08-19,835,2.8200000000000003,336.27,297.65,n,25.04,Low,862.25,860.12,870.82,873.74,59.71,Medium
9.51772,78.22963,2026-08-19,835,2.8200000000000003,337.42,298.46,n,25.68,Low,862.76,860.63,871.34,874.24,60.37,Medium
9.78078,80.23373,2026-08-19,835,4.99,336.93,294.03,n,27.04,Low,852.04,853.24,860.9,869.37,61.4,Medium
9.45543,78.69313,2026-08-19,835,5.02,337.51,299.76,n,27.38,Low,869.52,867.82,877.65,881.84,62.35,Medium
9.38257,78.68613,2026-08-19,835,6.44,338.68,300.46,n,29.1,Low,877.57,875.85,885.69,889.86,64.39,Medium
9.36352,78.6637,2026-08-19,835,4.18,341.86,300.46,n,29.17,Low,879.64,877.88,887.76,891.87,64.54,Medium
9.13059,77.62038,2026-08-19,835,2.56,339.34,298.57,n,26.55,Low,909.34,907.28,919.03,920.32,63.11,Medium
9.42854,80.37435,2026-08-19,835,5.7,344.88,295.23,n,31.99,Low,893.36,894.56,902.24,910.86,68.0,Medium
9.43555,80.42497,2026-08-19,835,2.97,336.17,296.0,n,25.1,Low,893.79,895.0,902.7,911.44,61.13,Medium
9.03474,77.75704,2026-08-19,835,11.46,350.59,305.75,n,39.48,Low,918.65,916.57,928.07,929.76,76.41,Medium
9.03537,77.76139,2026-08-19,835,9.87,345.75,305.95,n,35.6,Low,918.54,916.46,927.96,929.65,72.53,Medium
9.03106,77.75757,2026-08-19,835,9.32,345.88,306.08,n,35.26,Low,919.05,916.97,928.47,930.16,72.21,Medium
9.03169,77.76192,2026-08-19,835,11.65,344.0,305.97,n,35.96,Low,918.94,916.87,928.36,930.06,72.9,Medium
9.39435,80.58342,2026-08-19,835,7.93,342.97,295.86,n,32.6,Low,902.17,903.38,911.12,920.22,68.97,Medium
9.38992,80.58401,2026-08-19,835,6.79,342.04,295.67,n,31.23,Low,902.66,903.87,911.61,920.71,67.62,Medium
8.97893,77.73409,2026-08-19,835,6.63,343.11,303.8,n,31.7,Low,925.0,922.92,934.45,936.09,68.88,Medium
9.39086,80.58241,2026-08-19,835,8.48,355.55,295.52,n,40.0,Medium,902.51,903.73,911.47,920.57,76.38,Medium
8.90883,77.7077,2026-08-19,835,2.39,336.15,303.21,n,24.65,Low,932.95,930.88,942.45,944.03,62.15,Medium
8.90407,77.80566,2026-08-19,835,7.93,349.6,303.82,n,36.28,Low,932.68,930.59,942.0,943.83,73.77,Medium
8.90469,77.81,2026-08-19,835,7.93,354.05,304.26,n,38.75,Low,932.58,930.49,941.89,943.74,76.24,Medium
8.90038,77.80621,2026-08-19,835,8.58,349.37,303.92,n,36.64,Low,933.08,931.0,942.4,944.24,74.15,Medium
8.90412,77.85908,2026-08-19,835,9.84,356.97,305.53,l,41.81,Medium,932.29,930.2,941.51,943.49,79.28,Medium
8.9035,77.85469,2026-08-19,835,15.94,348.35,304.9,n,41.59,Medium,932.39,930.3,941.62,943.58,79.07,Medium
8.90474,77.86346,2026-08-19,835,9.84,341.44,305.68,n,33.18,Low,932.19,930.1,941.4,943.39,70.65,Medium
8.8998,77.85522,2026-08-19,835,7.59,341.75,304.64,n,31.66,Low,932.79,930.7,942.02,943.99,69.16,Medium
8.90042,77.8596,2026-08-19,835,6.75,351.01,304.5,n,36.18,Low,932.69,930.6,941.91,943.89,73.67,Medium
8.90104,77.86399,2026-08-19,835,6.75,348.91,303.75,n,35.01,Low,932.6,930.5,941.81,943.8,72.5,Medium
8.89859,77.86332,2026-08-19,835,9.44,350.18,302.22,n,37.74,Low,932.87,930.78,942.08,944.07,75.24,Medium
8.91504,78.00077,2026-08-19,835,11.0,342.35,304.47,n,34.56,Low,930.24,928.13,939.2,941.55,71.95,Medium
8.83535,77.7394,2026-08-19,835,3.06,337.15,302.31,n,25.71,Low,940.78,938.71,950.21,951.89,63.53,Medium
9.21012,80.80761,2026-08-19,835,3.16,331.87,293.79,n,22.85,Low,927.94,929.16,936.95,946.46,60.26,Medium
8.74087,77.59978,2026-08-19,835,5.47,336.15,302.15,n,26.96,Low,952.47,950.41,962.12,963.46,65.24,Medium
9.1541,80.74639,2026-08-19,835,6.37,340.57,295.37,n,30.09,Low,932.26,933.48,941.25,950.58,67.67,Medium
8.71938,77.94218,2026-08-19,835,5.73,345.04,305.13,n,32.1,Low,952.17,950.07,961.22,963.44,70.37,Medium
8.71568,77.94273,2026-08-19,835,5.73,351.14,305.18,n,35.49,Low,952.57,950.47,961.62,963.85,73.78,Medium
8.71631,77.94712,2026-08-19,835,10.01,343.37,306.07,n,34.38,Low,952.48,950.38,961.52,963.76,72.66,Medium
8.64296,77.89849,2026-08-19,835,8.57,349.3,303.38,n,36.59,Low,960.87,958.77,969.99,972.11,75.21,Medium
8.64359,77.90287000000001,2026-08-19,835,12.23,342.47,303.55,n,35.54,Low,960.77,958.67,969.88,972.01,74.15,Medium
8.63544,78.02991,2026-08-19,835,3.21,333.63,299.02,n,23.87,Low,960.99,958.88,969.88,972.33,62.49,Medium
9.02323,80.83984,2026-08-19,835,5.11,340.52,293.86,n,29.12,Low,948.83,950.06,957.84,967.31,67.36,Medium
9.02384,80.84435,2026-08-19,835,5.11,337.3,294.26,n,27.33,Low,948.89,950.12,957.9,967.38,65.57,Medium
8.60867,77.97512,2026-08-19,835,4.86,338.07,301.3,n,27.57,Low,964.21,962.11,973.2,975.52,66.32,Medium
8.80154,80.3954,2026-08-19,835,10.19,345.86,297.36,n,35.9,Low,961.7,962.9,970.55,978.88,74.64,Medium
26.3985,71.93286,2026-08-19,837,4.5,338.78,307.98,n,27.7,Low,1179.0,1177.88,1177.95,1180.99,74.86,Medium
30.43392,73.87374,2026-08-19,839,7.54,338.98,296.91,n,30.09,Low,1496.8,1495.84,1495.91,1498.31,89.96,High
30.63585,73.59945,2026-08-19,839,2.33,336.02,293.37,n,24.54,Low,1526.44,1525.5,1525.55,1527.97,85.59,High
29.96772,71.26892,2026-08-19,839,7.85,341.22,302.05,n,31.57,Low,1549.92,1548.88,1548.93,1551.73,93.56,High
29.97767,72.18323,2026-08-19,839,5.89,331.41,298.32,n,24.65,Low,1510.59,1509.58,1509.63,1512.31,85.07,High
29.97413,72.18383,2026-08-19,839,5.89,347.71,300.65,n,33.7,Low,1510.21,1509.2,1509.25,1511.93,94.11,High
29.95266,72.0762,2026-08-19,839,4.51,339.04,300.62,n,27.85,Low,1512.57,1511.56,1511.61,1514.31,88.35,High
30.01381,72.62862,2026-08-19,839,5.91,337.11,297.92,n,27.83,Low,1496.32,1495.34,1495.38,1498.0,87.68,High
30.0102,72.62923,2026-08-19,839,5.91,338.31,300.6,n,28.49,Low,1495.93,1494.95,1494.99,1497.61,88.32,High
30.01081,72.63397,2026-08-19,839,9.02,331.26,297.94,n,26.91,Low,1495.81,1494.83,1494.87,1497.49,86.74,High
31.52647,72.2468,2026-08-19,839,6.98,337.63,296.36,n,28.92,Low,1664.83,1663.87,1663.9,1666.47,95.51,High
30.89714,71.94514,2026-08-19,839,4.05,334.7,297.31,n,25.09,Low,1612.58,1611.59,1611.63,1614.28,89.59,High
30.63913,71.97771,2026-08-19,839,2.9,338.85,297.14,n,26.54,Low,1585.33,1584.33,1584.38,1587.04,89.95,High
30.41897,71.74954,2026-08-19,839,3.1,332.68,297.94,n,23.26,Low,1572.84,1571.82,1571.87,1574.58,86.17,High
29.96822,71.26781,2026-08-19,839,6.72,340.56,302.08,n,30.35,Low,1550.02,1548.98,1549.03,1551.84,92.35,High
29.95557,72.60442,2026-08-19,839,3.23,331.66,300.19,n,22.79,Low,1491.36,1490.38,1490.42,1493.04,82.44,High
29.90848,74.94983,2026-08-19,839,3.03,333.01,295.88,n,23.39,Low,1411.6,1410.55,1410.76,1413.0,79.85,Medium
29.97657,72.62513,2026-08-19,839,7.35,336.9,296.93,n,28.79,Low,1492.68,1491.7,1491.74,1494.36,88.49,High
29.97297,72.62572,2026-08-19,839,7.35,339.54,299.08,n,30.26,Low,1492.29,1491.31,1491.35,1493.97,89.95,High
30.32824,72.15308,2026-08-19,839,2.77,334.61,297.49,n,24.08,Low,1546.98,1545.98,1546.02,1548.68,85.96,High
30.12338,71.33872,2026-08-19,839,2.27,333.13,300.03,n,22.89,Low,1561.85,1560.82,1560.87,1563.65,85.36,High
30.32764,72.14849,2026-08-19,839,2.77,336.66,299.23,n,25.22,Low,1547.1,1546.11,1546.15,1548.81,87.1,High
27.22185,95.34703,2026-08-19,1921,3.23,307.97,290.42,n,9.63,Low,2033.74,2030.82,2036.87,2056.13,91.21,High
27.32527,95.27496,2026-08-19,1921,2.05,309.52,290.12,n,9.6,Low,2032.99,2030.1,2036.13,2055.24,91.14,High
20.95201,86.04612,2026-08-19,1923,3.94,322.73,287.32,n,18.36,Low,874.97,871.34,877.72,899.18,53.59,Medium
20.95163,86.04997,2026-08-19,1923,1.2,306.94,286.95,n,7.53,Low,875.32,871.68,878.07,899.52,42.78,Low
20.94607,86.04922,2026-08-19,1923,1.2,305.35,287.13,n,6.65,Low,874.99,871.35,877.74,899.2,41.88,Low
20.97523,85.17226,2026-08-19,1923,1.5,303.35,285.27,n,5.76,Low,794.63,791.27,797.54,818.62,37.78,Low
20.96893,85.17625,2026-08-19,1923,1.5,315.76,285.58,n,12.66,Low,794.67,791.3,797.57,818.66,44.68,Low
22.57185,85.89693,2026-08-19,1923,1.56,310.32,287.17,n,9.68,Low,951.13,948.47,954.38,972.74,47.95,Low
22.36426,87.01864,2026-08-19,1923,1.23,317.31,288.0,n,13.32,Low,1036.33,1033.21,1039.36,1059.56,55.0,Medium
20.18982,94.93205,2026-08-19,1923,0.59,303.92,283.89,n,5.4,Low,1749.56,1745.11,1751.82,1774.3,75.61,Medium
20.99923,86.01053,2026-08-19,1923,1.12,307.18,286.89,n,7.61,Low,873.82,870.22,876.59,898.0,42.8,Low
20.99886,86.01447,2026-08-19,1923,0.94,307.0,287.07,n,7.37,Low,874.17,870.58,876.95,898.35,42.57,Low
21.00053,86.01202,2026-08-19,1923,1.62,309.94,287.39,n,9.51,Low,874.02,870.43,876.79,898.2,44.7,Low
21.07718,85.03671,2026-08-19,1923,2.6,307.33,285.01,n,8.8,Low,787.65,784.4,790.62,811.41,40.54,Low
21.07631,85.046,2026-08-19,1923,1.01,304.51,284.84,n,6.04,Low,788.45,785.19,791.41,812.22,37.81,Low
23.68837,87.1004,2026-08-19,1923,1.21,302.69,283.48,n,5.18,Low,1123.31,1120.8,1126.62,1144.29,50.33,Medium
22.61078,85.91381,2026-08-19,1923,0.49,303.74,286.77,n,5.22,Low,955.03,952.38,958.28,976.58,43.64,Low
23.56234,87.08282,2026-08-19,1923,1.05,301.66,277.02,n,4.49,Low,1113.69,1111.13,1116.98,1134.87,49.26,Low
23.56008,87.08398,2026-08-19,1923,0.72,298.21,276.82,n,2.32,Low,1113.64,1111.08,1116.93,1134.82,47.08,Low
22.79074,86.20767,2026-08-19,1923,1.58,307.3,285.79,n,8.02,Low,991.19,988.53,994.44,1012.76,47.89,Low
22.58936,85.90438,2026-08-19,1923,1.15,305.62,287.33,n,6.76,Low,952.87,950.21,956.12,974.45,45.1,Low
25.54247,91.23459,2026-08-19,1923,1.51,305.72,280.72,n,7.09,Low,1585.41,1582.63,1588.6,1607.31,70.73,Medium
25.61233,89.81267,2026-08-19,1923,2.28,307.28,287.43,n,8.53,Low,1470.65,1468.19,1473.98,1491.37,67.57,Medium
25.60961,89.81148,2026-08-19,1923,3.35,313.78,287.97,n,12.95,Low,1470.38,1467.92,1473.71,1491.1,71.98,Medium
24.28024,91.38567,2026-08-19,1923,3.5,309.04,288.48,n,10.43,Low,1530.11,1526.87,1533.08,1553.67,71.87,Medium
23.69443,87.0937,2026-08-19,1923,1.73,307.52,285.64,n,8.25,Low,1123.16,1120.65,1126.47,1144.11,53.39,Medium
23.69341,87.10468,2026-08-19,1923,1.21,302.52,285.04,n,5.09,Low,1124.0,1121.49,1127.3,1144.97,50.27,Medium
23.69172,87.12292,2026-08-19,1923,2.18,310.51,284.78,n,10.25,Low,1125.39,1122.87,1128.7,1146.38,55.48,Medium
23.68871,87.09673,2026-08-19,1923,1.73,302.28,285.59,n,5.34,Low,1123.03,1120.52,1126.34,1144.0,50.48,Medium
20.80461,85.25742,2026-08-19,1925,1.98,307.64,285.28,n,8.51,Low,793.89,790.39,796.72,817.99,40.5,Low
20.96412,85.1883,2026-08-19,1925,2.18,308.22,285.69,n,8.98,Low,795.53,792.16,798.43,819.53,41.04,Low
20.96539,85.175,2026-08-19,1925,2.73,308.01,285.56,n,9.28,Low,794.38,791.0,797.27,818.37,41.29,Low
20.96581,85.17046,2026-08-19,1925,3.26,312.59,285.52,n,12.22,Low,793.98,790.61,796.88,817.97,44.21,Low
20.97085,85.18008,2026-08-19,1925,1.2,306.86,285.19,n,7.49,Low,795.13,791.75,798.03,819.11,39.53,Low
20.97128,85.17556,2026-08-19,1925,1.2,307.44,285.47,n,7.81,Low,794.73,791.36,797.63,818.72,39.83,Low
7.57253,80.92683,2026-08-19,1928,1.46,301.28,272.55,n,4.58,Low,1106.96,1108.17,1115.89,1124.74,49.14,Low
7.57323,80.92142,2026-08-19,1928,1.97,302.92,271.22,n,5.88,Low,1106.75,1107.96,1115.68,1124.52,50.43,Medium
7.57451,80.92145,2026-08-19,1928,1.42,301.17,271.23,n,4.49,Low,1106.61,1107.83,1115.54,1124.39,49.03,Low
7.57378,80.92686,2026-08-19,1928,1.42,300.8,272.25,n,4.29,Low,1106.82,1108.04,1115.75,1124.61,48.84,Low
6.60867,81.18574,2026-08-19,1928,5.18,341.77,273.07,n,29.87,Low,1217.26,1218.47,1226.2,1235.1,78.84,Medium
31.24975,76.93059,2026-08-19,2101,0.32,298.28,276.07,n,2.06,Low,1525.48,1524.21,1524.79,1526.6,63.07,Medium
31.25838,76.92349,2026-08-19,2101,0.41,296.85,278.55,n,1.34,Low,1526.5,1525.23,1525.81,1527.62,62.39,Medium
32.08467,74.16386,2026-08-19,2101,2.53,307.0,290.12,n,8.56,Low,1664.07,1663.02,1663.22,1665.48,75.12,Medium
32.08796,74.16459,2026-08-19,2101,2.73,310.46,291.04,n,10.64,Low,1664.4,1663.36,1663.56,1665.82,77.21,Medium
21.00072,86.03053,2026-08-19,2104,0.67,302.51,283.95,n,4.67,Low,875.77,872.17,878.54,899.95,39.93,Low
20.96749,86.01265,2026-08-19,2104,6.1,320.45,284.02,n,18.71,Low,872.53,868.92,875.29,896.72,53.84,Medium
26.0932,68.88027,2026-08-19,2104,0.85,308.76,296.84,n,8.28,Low,1355.29,1354.07,1354.17,1357.52,62.49,Medium
22.78883,86.20107,2026-08-19,2104,3.62,300.7,284.83,n,5.88,Low,990.52,987.86,993.76,1012.08,45.72,Low
22.87589,86.06185,2026-08-19,2104,1.9,306.21,284.44,n,7.65,Low,984.46,981.9,987.75,1005.68,47.25,Low
22.87391,86.06372,2026-08-19,2104,1.74,304.33,284.84,n,6.49,Low,984.49,981.92,987.77,1005.71,46.09,Low
25.94172,72.19282,2026-08-19,2104,1.78,315.34,295.0,n,12.63,Low,1122.64,1121.52,1121.59,1124.64,57.53,Medium
24.14009,82.70357,2026-08-19,2104,0.72,300.69,285.61,n,3.7,Low,853.01,852.34,855.57,864.93,37.96,Low
26.25635,74.09737,2026-08-19,2104,0.62,308.4,293.69,n,7.91,Low,1057.38,1056.37,1056.42,1059.11,50.2,Medium
23.68032,86.39847,2026-08-19,2104,3.34,297.79,271.76,n,4.06,Low,1065.83,1063.54,1069.23,1085.96,46.91,Low
23.68212,86.39163,2026-08-19,2104,2.84,300.13,272.32,n,4.98,Low,1065.41,1063.13,1068.81,1085.52,47.81,Low
23.76052,86.40015,2026-08-19,2104,4.7,302.24,274.57,n,7.55,Low,1071.52,1069.28,1074.93,1091.51,50.62,Medium
23.69582,87.09637,2026-08-19,2104,2.39,297.9,273.75,n,3.4,Low,1123.47,1120.96,1126.78,1144.43,48.56,Low
23.69837,87.09444,2026-08-19,2104,2.73,296.23,273.35,n,2.73,Low,1123.48,1120.97,1126.79,1144.43,47.89,Low
26.87381,73.5167,2026-08-19,2104,2.95,308.59,293.46,n,9.76,Low,1144.05,1143.03,1143.08,1145.82,55.52,Medium
26.87778,73.51348,2026-08-19,2104,1.56,301.9,287.87,n,5.0,Low,1144.58,1143.56,1143.61,1146.35,50.78,Medium
28.30434,68.08573,2026-08-19,2104,0.74,311.52,297.0,n,9.73,Low,1583.57,1582.39,1582.48,1585.72,73.07,Medium
28.42477,69.7021,2026-08-19,2104,1.36,320.23,297.76,n,15.04,Low,1490.62,1489.48,1489.56,1492.65,74.66,Medium
29.12563,75.77744,2026-08-19,2104,2.07,307.57,292.72,n,8.54,Low,1308.86,1307.73,1308.05,1310.17,60.89,Medium
25.38717,68.58005,2026-08-19,2104,1.46,314.92,296.36,n,12.16,Low,1327.0,1325.76,1325.87,1329.29,65.24,Medium
25.38654,68.58464,2026-08-19,2104,1.46,306.93,295.93,n,7.72,Low,1326.6,1325.36,1325.47,1328.89,60.78,Medium
22.80233,86.09171,2026-08-19,2104,2.03,302.09,284.97,n,5.46,Low,982.2,979.59,985.47,1003.6,44.97,Low
20.99709,86.02748,2026-08-19,2104,1.34,304.22,284.09,n,6.13,Low,875.31,871.71,878.09,899.5,41.38,Low
20.96512,85.19021,2026-08-19,2106,2.37,306.9,283.52,n,8.39,Low,795.76,792.38,798.66,819.76,40.46,Low
20.95084,86.04825,2026-08-19,2106,2.2,304.82,283.78,n,7.11,Low,875.12,871.49,877.87,899.32,42.35,Low
21.081,85.04028,2026-08-19,2106,1.92,296.85,283.39,n,2.47,Low,788.19,784.93,791.15,811.94,34.23,Low
21.07434,85.03826,2026-08-19,2106,1.92,296.86,283.23,n,2.47,Low,787.64,784.39,790.6,811.41,34.21,Low
20.9768,85.17226,2026-08-19,2106,3.04,305.85,283.58,n,8.31,Low,794.72,791.35,797.62,818.7,40.33,Low
20.97995,85.13054,2026-08-19,2106,1.89,305.17,283.4,n,7.07,Low,791.05,787.7,793.96,815.02,38.95,Low
20.97829,85.13718,2026-08-19,2106,1.89,300.87,283.46,n,4.68,Low,791.57,788.22,794.48,815.54,36.58,Low
20.9701,85.17019,2026-08-19,2106,3.04,319.84,283.67,n,16.08,Low,794.18,790.81,797.08,818.16,48.08,Low
20.96847,85.17673,2026-08-19,2106,3.04,310.25,283.36,n,10.75,Low,794.69,791.32,797.59,818.68,42.77,Low
20.96682,85.18336,2026-08-19,2106,2.37,311.96,283.3,n,11.2,Low,795.22,791.84,798.12,819.21,43.24,Low
20.75727,85.29929,2026-08-19,2106,1.49,303.61,283.86,n,5.9,Low,795.49,791.95,798.29,819.63,37.95,Low
20.75887,85.29279,2026-08-19,2106,2.83,305.28,283.96,n,7.83,Low,794.96,791.42,797.76,819.1,39.86,Low
20.79777,85.25298,2026-08-19,2106,4.38,306.61,283.39,n,9.74,Low,793.14,789.63,795.96,817.25,41.7,Low
20.75702,85.29877,2026-08-19,2106,2.06,301.57,283.57,n,5.19,Low,795.43,791.88,798.23,819.57,37.24,Low
20.75867,85.29228,2026-08-19,2106,2.06,302.97,283.55,n,5.97,Low,794.9,791.36,797.71,819.04,38.0,Low
20.78761,85.26431,2026-08-19,2106,2.28,302.5,283.34,n,5.88,Low,793.7,790.18,796.52,817.81,37.86,Low
20.79788,85.25243,2026-08-19,2106,2.83,305.54,283.36,n,7.98,Low,793.09,789.59,795.92,817.2,39.94,Low
20.86326,84.99146,2026-08-19,2106,2.29,298.26,282.38,n,3.53,Low,772.21,768.83,775.11,796.21,34.65,Low
20.96339,85.16812,2026-08-19,2106,2.94,305.31,283.71,n,7.93,Low,793.64,790.27,796.54,817.63,39.91,Low
17.98492,80.8302,2026-08-19,2106,1.37,303.98,284.61,n,6.02,Low,246.17,241.77,248.47,270.92,16.09,Low
19.37153,71.3558,2026-08-19,2106,3.41,331.25,291.57,n,22.7,Low,757.27,756.02,756.19,759.72,52.99,Medium
19.37213,71.35212,2026-08-19,2106,5.9,307.08,291.67,n,11.14,Low,757.66,756.41,756.58,760.11,41.45,Low
19.36821,71.3552,2026-08-19,2106,3.41,320.19,291.91,n,16.55,Low,757.24,755.99,756.15,759.69,46.84,Low
18.68423,73.03175,2026-08-19,2106,0.77,301.89,283.24,n,4.41,Low,567.99,566.76,566.93,570.42,27.13,Low
8.73753,77.59727,2026-08-19,2108,7.6,329.03,289.86,n,24.61,Low,952.86,950.8,962.52,963.86,62.91,Medium
8.73686,77.60081,2026-08-19,2108,7.27,337.37,290.24,n,28.99,Low,952.9,950.84,962.55,963.9,67.29,Medium
15.65996,73.98722,2026-08-19,2108,1.46,298.88,280.81,n,3.25,Low,500.87,499.91,500.27,502.6,23.29,Low
15.65748,73.98986,2026-08-19,2108,1.1,303.04,281.03,n,5.29,Low,500.73,499.77,500.13,502.46,25.32,Low
8.74296,77.59831,2026-08-19,2108,21.46,367.0,291.41,h,56.1,Medium,952.25,950.19,961.91,963.25,94.38,High
8.7423,77.60185,2026-08-19,2108,9.46,355.88,292.11,n,40.92,Medium,952.29,950.23,961.94,963.29,79.2,Medium
8.74163,77.60539,2026-08-19,2108,9.46,307.47,289.76,n,14.02,Low,952.33,950.27,961.98,963.33,52.3,Medium
7.57133,80.92029,2026-08-19,2110,2.18,297.71,277.79,n,3.14,Low,1106.93,1108.14,1115.85,1124.7,47.7,Low
6.54586,80.97478,2026-08-20,813,2.84,330.9,300.53,n,22.07,Low,1218.96,1220.17,1227.84,1236.33,71.1,Medium
10.57315,79.49966,2026-08-20,813,2.25,330.82,291.05,n,21.59,Low,752.18,752.88,760.76,767.59,51.92,Medium
10.20464,78.83772,2026-08-20,813,11.72,339.24,302.04,n,33.37,Low,787.07,785.77,795.24,799.94,65.05,Medium
9.43061,80.44665,2026-08-20,813,2.42,336.91,300.61,n,25.1,Low,894.85,896.06,903.76,912.55,61.17,Medium
9.41284,80.44965,2026-08-20,813,4.4,348.03,298.31,n,32.76,Low,896.84,898.05,905.75,914.54,68.91,Medium
8.92556,77.96257,2026-08-20,813,8.49,348.38,298.95,n,36.02,Low,929.28,927.18,938.31,940.56,73.37,Medium
9.0254,79.83466,2026-08-20,813,1.97,331.19,294.77,n,21.58,Low,926.77,927.74,935.41,942.5,58.9,Medium
9.00601,79.87824,2026-08-20,813,4.06,338.67,296.45,n,27.31,Low,929.58,930.65,938.24,945.43,64.75,Medium
9.00053,79.86462,2026-08-20,813,3.48,336.71,294.45,n,25.78,Low,929.96,930.99,938.61,945.77,63.23,Medium
8.95379,80.75946,2026-08-20,813,2.26,332.3,296.4,n,22.42,Low,954.1,955.32,963.07,972.32,60.87,Medium
8.87924,81.03294,2026-08-20,813,9.71,339.85,299.87,n,32.2,Low,969.73,970.96,978.78,988.58,71.28,Medium
8.82787,80.89571,2026-08-20,813,3.25,331.38,296.56,n,22.65,Low,971.29,972.52,980.3,989.77,61.79,Medium
8.68966,80.85621,2026-08-20,813,4.11,330.75,278.73,n,22.94,Low,985.02,986.24,994.01,1003.31,62.63,Medium
8.65339,80.63652,2026-08-20,813,2.64,332.32,287.95,n,22.71,Low,983.3,984.51,992.21,1001.01,62.32,Medium
8.68008,80.83871,2026-08-20,813,3.44,331.34,274.97,n,22.77,Low,985.58,986.8,994.56,1003.82,62.48,Medium
8.45045,80.81741,2026-08-20,813,3.69,330.74,288.96,n,22.62,Low,1009.69,1010.9,1018.64,1027.73,63.29,Medium
8.41734,81.08703,2026-08-20,813,2.9,334.09,274.8,n,23.89,Low,1020.57,1021.8,1029.6,1039.24,65.0,Medium
8.16379,79.83366,2026-08-20,813,5.84,347.02,292.76,n,33.28,Low,1021.17,1021.85,1029.76,1036.53,74.37,Medium
8.21754,81.10218,2026-08-20,813,3.07,330.44,281.72,n,21.99,Low,1042.35,1043.58,1051.37,1060.93,63.97,Medium
7.9938,80.16321,2026-08-20,813,2.49,330.74,286.19,n,21.72,Low,1045.02,1046.2,1053.72,1061.17,63.78,Medium
7.94184,81.19656,2026-08-20,813,4.82,337.62,283.16,n,27.29,Low,1074.49,1075.72,1083.52,1093.11,70.56,Medium
7.94464,81.31114,2026-08-20,813,3.91,335.61,282.41,n,25.49,Low,1077.52,1078.75,1086.58,1096.39,68.88,Medium
7.9452,81.3149,2026-08-20,813,6.62,334.77,284.29,n,27.06,Low,1077.57,1078.81,1086.63,1096.45,70.45,Medium
7.9423,81.31919,2026-08-20,813,3.72,332.49,283.91,n,23.62,Low,1078.01,1079.24,1087.07,1096.9,67.03,Medium
7.92285,81.39185,2026-08-20,813,3.61,338.55,285.73,n,26.9,Low,1082.26,1083.5,1091.33,1101.29,70.48,Medium
7.79305,81.15463,2026-08-20,813,6.44,336.72,299.84,n,28.01,Low,1089.23,1090.46,1098.24,1107.66,71.87,Medium
7.72984,81.24775,2026-08-20,813,12.48,350.83,304.44,n,40.38,Medium,1098.6,1099.83,1107.63,1117.2,84.61,High
7.64166,80.67686,2026-08-20,813,3.46,336.86,294.0,n,25.85,Low,1093.6,1094.8,1102.46,1110.84,69.87,Medium
7.70978,81.25452,2026-08-20,813,5.0,338.33,300.73,n,27.82,Low,1100.94,1102.17,1109.96,1119.54,72.15,Medium
7.64815,80.93231,2026-08-20,813,2.7,331.57,300.03,n,22.34,Low,1098.95,1100.16,1107.88,1116.79,66.58,Medium
7.61461,80.96349,2026-08-20,813,3.96,335.63,299.85,n,25.54,Low,1103.34,1104.56,1112.28,1121.23,69.95,Medium
7.61121,80.964,2026-08-20,813,3.96,347.49,299.44,n,32.13,Low,1103.72,1104.94,1112.66,1121.61,76.56,Medium
7.57791,80.85709,2026-08-20,813,5.69,346.72,296.07,n,33.0,Low,1104.68,1105.89,1113.58,1122.3,77.46,Medium
7.53321,80.93436,2026-08-20,813,3.36,332.12,300.46,n,23.14,Low,1111.38,1112.6,1120.31,1129.16,67.87,Medium
7.52927,80.93124,2026-08-20,813,4.45,342.64,301.62,n,29.8,Low,1111.73,1112.94,1120.66,1129.5,74.55,Medium
7.52982,80.93488,2026-08-20,813,4.45,339.22,301.13,n,27.9,Low,1111.76,1112.98,1120.69,1129.54,72.65,Medium
7.50024,80.96915,2026-08-20,813,3.78,336.72,301.6,n,26.01,Low,1115.8,1117.02,1124.74,1133.64,70.92,Medium
7.50069,81.27799,2026-08-20,813,3.74,338.29,292.39,n,26.86,Low,1123.96,1125.18,1132.97,1142.48,72.11,Medium
7.45547,81.08854,2026-08-20,813,4.91,339.59,298.74,n,28.45,Low,1123.67,1124.89,1132.64,1141.75,73.68,Medium
7.45602,81.09219,2026-08-20,813,6.89,341.46,300.15,n,30.98,Low,1123.71,1124.93,1132.67,1141.8,76.21,Medium
7.4271,80.96945,2026-08-20,813,4.02,337.48,301.21,n,26.62,Low,1123.69,1124.9,1132.62,1141.49,71.85,Medium
7.38893,81.10962,2026-08-20,813,4.26,353.09,301.89,n,35.47,Low,1131.37,1132.59,1140.34,1149.46,81.01,High
7.38948,81.11331,2026-08-20,813,4.26,331.24,299.88,n,23.33,Low,1131.41,1132.63,1140.38,1149.51,68.87,Medium
7.38552,81.11015,2026-08-20,813,1.97,343.3,300.03,n,28.31,Low,1131.75,1132.97,1140.72,1149.84,73.86,Medium
7.38607,81.11382,2026-08-20,813,1.97,330.98,300.35,n,21.47,Low,1131.79,1133.01,1140.75,1149.89,67.02,Medium
7.40332,81.2776,2026-08-20,813,3.27,334.13,295.31,n,24.19,Low,1134.36,1135.59,1143.37,1152.83,69.85,Medium
7.3295,81.04007,2026-08-20,813,3.78,334.27,297.01,n,24.65,Low,1135.97,1137.19,1144.92,1153.88,70.37,Medium
7.33495,81.21577,2026-08-20,813,3.1,333.8,294.24,n,23.88,Low,1139.99,1141.21,1148.98,1158.28,69.76,Medium
7.33097,81.21256,2026-08-20,813,6.96,346.04,296.19,n,33.58,Low,1140.33,1141.55,1149.32,1158.61,79.48,Medium
7.33153,81.21626,2026-08-20,813,3.1,340.26,294.76,n,27.47,Low,1140.37,1141.59,1149.36,1158.66,73.37,Medium
7.32756,81.21307,2026-08-20,813,3.91,336.06,294.63,n,25.74,Low,1140.71,1141.93,1149.7,1158.99,71.65,Medium
7.27521,81.11919,2026-08-20,813,2.61,334.07,296.52,n,23.66,Low,1143.84,1145.06,1152.8,1161.89,69.7,Medium
7.34035,81.75928,2026-08-20,813,3.59,335.49,291.33,n,25.19,Low,1155.54,1156.78,1164.66,1174.97,71.71,Medium
7.32988,81.76083,2026-08-20,813,2.56,338.64,292.51,n,26.16,Low,1156.7,1157.94,1165.81,1176.12,72.73,Medium
7.2488,81.26661,2026-08-20,813,2.65,340.23,290.57,n,27.12,Low,1150.61,1151.83,1159.6,1168.96,73.43,Medium
7.31885,81.75852,2026-08-20,813,9.86,345.08,295.81,n,35.22,Low,1157.79,1159.03,1166.9,1177.2,81.83,High
7.32287,81.78553,2026-08-20,813,4.13,342.25,294.83,n,29.35,Low,1158.24,1159.48,1167.36,1177.71,75.98,Medium
7.32629,81.8325,2026-08-20,813,6.35,339.07,291.25,n,29.25,Low,1159.41,1160.65,1168.54,1178.98,75.93,Medium
7.2192,81.13906,2026-08-20,813,4.19,331.21,293.6,n,23.26,Low,1150.38,1151.6,1159.34,1168.44,69.56,Medium
7.21973,81.14264,2026-08-20,813,2.06,336.15,293.15,n,24.41,Low,1150.41,1151.63,1159.38,1168.48,70.71,Medium
7.30599,81.79197,2026-08-20,813,10.5,347.92,296.19,n,37.28,Low,1160.23,1161.47,1169.35,1179.7,83.99,High
7.30823,81.83119,2026-08-20,813,5.92,330.47,295.54,n,24.15,Low,1161.27,1162.52,1170.4,1180.83,70.9,Medium
7.30818,81.85501,2026-08-20,813,6.5,335.17,295.63,n,27.19,Low,1162.06,1163.31,1171.2,1181.66,73.97,Medium
7.19321,81.76139,2026-08-20,813,5.62,336.44,301.04,n,27.24,Low,1171.18,1172.42,1180.29,1190.52,74.38,Medium
7.04992,81.78621,2026-08-20,813,2.52,336.11,298.23,n,24.73,Low,1187.15,1188.39,1196.25,1206.45,72.51,Medium
6.95979,81.57388,2026-08-20,813,2.5700000000000003,335.24,298.94,n,24.28,Low,1190.23,1191.46,1199.28,1209.05,72.18,Medium
6.96545,81.61172,2026-08-20,813,35.28,351.89,303.5,n,58.07,Medium,1190.75,1191.98,1199.81,1209.65,105.99,High
6.80653,81.24734,2026-08-20,813,3.4,331.85,298.55,n,23.02,Low,1197.55,1198.77,1206.51,1215.62,71.2,Medium
6.83426,81.43214,2026-08-20,813,1.38,333.02,300.34,n,22.16,Low,1199.57,1200.79,1208.58,1218.03,70.43,Medium
6.82714,81.50195,2026-08-20,813,4.96,342.25,302.17,n,29.97,Low,1202.3,1203.53,1211.32,1220.9,78.35,Medium
6.77621,81.18446,2026-08-20,813,5.73,347.85,298.8,n,33.66,Low,1199.19,1200.41,1208.14,1217.11,81.91,High
6.71841,80.84508,2026-08-20,813,2.78,333.17,297.79,n,23.29,Low,1197.35,1198.55,1206.2,1214.52,71.46,Medium
6.77269,81.20744,2026-08-20,813,3.34,334.47,297.52,n,24.43,Low,1200.16,1201.37,1209.11,1218.12,72.72,Medium
6.8106,81.48529,2026-08-20,813,5.58,345.87,301.07,n,32.45,Low,1203.59,1204.82,1212.61,1222.15,80.88,High
6.73328,81.05975,2026-08-20,813,24.32,355.31,300.3,n,51.75,Medium,1200.72,1201.93,1209.63,1218.36,100.06,High
6.72991,81.06036,2026-08-20,813,10.21,356.7,299.67,n,41.94,Medium,1201.1,1202.31,1210.01,1218.73,90.26,High
6.73046,81.06409,2026-08-20,813,10.21,346.72,296.21,n,36.39,Low,1201.13,1202.34,1210.04,1218.77,84.71,High
6.72654,81.06101,2026-08-20,813,10.21,350.79,299.01,n,38.65,Low,1201.48,1202.69,1210.39,1219.11,86.99,High
6.7872,81.46957,2026-08-20,813,3.08,336.68,299.78,n,25.47,Low,1205.65,1206.88,1214.67,1224.16,73.98,Medium
6.72316,81.06162,2026-08-20,813,3.0,335.84,297.22,n,24.94,Low,1201.86,1203.07,1210.77,1219.49,73.29,Medium
6.70792,80.98251,2026-08-20,813,4.57,338.65,297.44,n,27.68,Low,1201.62,1202.83,1210.51,1219.08,76.02,Medium
6.72233,81.24533,2026-08-20,813,2.22,337.11,298.65,n,25.06,Low,1206.55,1207.77,1215.51,1224.57,73.6,Medium
6.75499,81.74423,2026-08-20,813,6.92,343.94,299.7,n,32.38,Low,1217.14,1218.37,1226.21,1236.18,81.36,High
6.60576,80.88501,2026-08-20,813,1.81,332.03,299.29,n,21.93,Low,1210.44,1211.64,1219.3,1227.65,70.62,Medium
6.6253,81.24866,2026-08-20,813,6.04,335.44,304.65,n,27.0,Low,1217.07,1218.29,1226.02,1235.05,75.96,Medium
6.62535,81.24851,2026-08-20,813,2.46,334.21,304.46,l,23.63,Low,1217.06,1218.28,1226.01,1235.04,72.59,Medium
6.6259,81.25217,2026-08-20,813,2.46,331.08,303.44,l,21.89,Low,1217.09,1218.31,1226.05,1235.08,70.86,Medium
6.56569,80.94603,2026-08-20,813,2.49,338.96,300.94,n,26.29,Low,1216.16,1217.36,1225.03,1233.47,75.21,Medium
6.48633,80.71687,2026-08-20,813,11.31,345.02,294.02,n,36.27,Low,1219.8,1220.99,1228.6,1236.59,85.33,High
6.52056,81.05968,2026-08-20,813,8.84,347.19,300.28,n,35.62,Low,1223.68,1224.89,1232.58,1241.22,84.84,High
6.35923,81.14768,2026-08-20,813,4.63,337.82,294.97,n,27.26,Low,1243.21,1244.42,1252.12,1260.85,77.27,Medium
6.3817,81.29693,2026-08-20,813,5.74,336.87,295.15,n,27.57,Low,1244.51,1245.73,1253.46,1262.46,77.63,Medium
6.35584,81.14819,2026-08-20,813,4.63,338.11,295.78,n,27.42,Low,1243.59,1244.8,1252.5,1261.23,77.44,Medium
6.29387,81.24715,2026-08-20,813,4.01,336.98,290.41,n,26.33,Low,1252.71,1253.92,1261.64,1270.51,76.72,Medium
6.21973,80.87165,2026-08-20,813,2.19,331.93,289.93,n,22.16,Low,1251.99,1253.2,1260.83,1269.0,72.51,Medium
6.21678,80.89765,2026-08-20,813,5.99,336.55,290.98,n,27.58,Low,1252.88,1254.08,1261.71,1269.93,77.97,Medium
12.66698,79.70408,2026-08-20,816,1.45,331.27,298.22,n,21.24,Low,527.78,528.99,536.69,545.69,42.63,Low
17.54337,83.00231,2026-08-20,816,3.18,335.63,291.61,n,24.96,Low,467.94,465.79,471.93,494.78,43.96,Low
17.79435,83.16505,2026-08-20,816,6.14,341.11,291.69,n,30.22,Low,487.04,484.05,490.58,513.2,49.97,Low
17.955940000000002,80.79374,2026-08-20,816,6.47,337.11,297.0,n,28.25,Low,241.69,237.28,243.98,266.44,38.14,Low
17.77165,79.02434,2026-08-20,816,2.96,336.41,295.03,n,25.23,Low,58.01,55.15,61.1,81.95,27.79,Low
12.54274,79.87836,2026-08-20,816,4.92,347.01,293.15,n,32.58,Low,545.6,546.83,554.6,564.15,54.69,Medium
12.89302,78.87909,2026-08-20,816,1.83,331.01,285.21,n,21.38,Low,490.18,489.62,498.49,504.06,41.2,Low
13.07203,79.95014,2026-08-20,816,3.38,330.69,296.86,n,22.36,Low,491.33,492.57,500.44,510.92,42.31,Low
13.04383,79.59259,2026-08-20,816,2.46,335.61,300.02,n,24.41,Low,484.44,485.65,493.35,502.29,44.07,Low
13.40582,80.21592,2026-08-20,816,6.25,334.97,295.65,n,26.89,Low,465.99,467.25,475.25,487.31,45.85,Low
13.34752,79.09665,2026-08-20,816,1.8,337.78,303.6,n,25.12,Low,442.2,442.9,450.75,457.66,43.06,Low
13.66444,79.61813,2026-08-20,816,6.06,341.5,300.91,n,30.38,Low,418.41,419.63,427.43,437.29,47.41,Low
14.28543,79.97816,2026-08-20,816,2.41,338.42,299.04,n,25.93,Low,366.25,367.52,375.56,388.33,40.91,Low
14.34493,79.72159,2026-08-20,816,5.86,345.53,292.28,n,32.47,Low,349.87,351.13,359.08,370.7,46.78,Low
15.26779,78.92377,2026-08-20,816,3.8,336.08,296.02,n,25.67,Low,229.14,230.31,237.82,245.93,35.1,Low
15.1724,76.69444,2026-08-20,816,2.38,335.7,298.46,n,24.4,Low,299.31,298.11,305.37,304.85,36.48,Low
15.16424,76.3814,2026-08-20,816,5.53,338.7,298.01,n,28.43,Low,321.51,320.48,326.12,326.05,41.37,Low
15.1676,76.38084,2026-08-20,816,5.97,330.62,299.2,l,24.27,Low,321.28,320.24,325.87,325.81,37.2,Low
16.07655,79.14837,2026-08-20,816,1.46,330.86,298.08,n,21.02,Low,148.96,150.22,158.25,171.45,27.31,Low
16.07496,79.11341,2026-08-20,816,3.87,341.12,298.92,n,28.52,Low,147.7,148.96,156.96,169.77,34.75,Low
15.58879,75.15228,2026-08-20,816,5.86,332.36,301.44,l,25.15,Low,395.06,394.39,394.72,396.52,40.96,Low
17.29004,82.58302,2026-08-20,816,1.58,331.27,293.78,n,21.33,Low,423.1,421.9,427.58,450.59,38.56,Low
17.50736,82.95307,2026-08-20,816,3.79,335.65,294.23,n,25.43,Low,462.57,460.54,466.63,489.5,44.22,Low
17.50684,82.94902,2026-08-20,816,3.79,342.7,294.09,n,29.34,Low,462.14,460.11,466.2,489.07,48.12,Low
17.51158,82.95251,2026-08-20,816,6.78,348.49,293.97,n,34.8,Low,462.53,460.49,466.58,489.44,53.59,Medium
21.10092,72.63459,2026-08-20,818,10.43,334.49,296.82,n,29.76,Low,711.07,709.8,709.94,713.46,58.2,Medium
21.10331,72.64813,2026-08-20,818,7.57,335.83,297.18,l,28.36,Low,710.03,708.76,708.9,712.43,56.76,Medium
20.96745,86.01298,2026-08-20,818,7.71,349.96,288.46,n,36.32,Low,872.56,868.95,875.32,896.75,71.46,Medium
21.10694,72.64742,2026-08-20,818,13.54,340.92,299.37,n,35.67,Low,710.31,709.04,709.18,712.71,64.08,Medium
20.95271,86.0482,2026-08-20,818,4.49,329.15,287.39,n,22.34,Low,875.2,871.57,877.95,899.41,57.58,Medium
30.43244,73.96255,2026-08-20,820,4.15,334.16,301.78,n,24.87,Low,1493.99,1493.02,1493.11,1495.49,84.63,High
31.14108,73.58968,2026-08-20,820,5.6,330.28,302.73,l,23.8,Low,1579.77,1578.82,1578.89,1581.29,86.99,High
24.80284,71.78471,2026-08-20,820,4.64,338.32,297.97,n,27.55,Low,1048.66,1047.49,1047.58,1050.8,69.5,Medium
25.09726,68.29532,2026-08-20,820,3.84,339.12,299.91,n,27.39,Low,1329.77,1328.53,1328.65,1332.1,80.58,High
27.93253,68.64394,2026-08-20,820,1.41,331.31,299.95,n,21.23,Low,1516.04,1514.86,1514.95,1518.18,81.87,High
30.40259,73.87827,2026-08-20,820,3.35,340.93,299.56,n,28.03,Low,1493.36,1492.41,1492.48,1494.88,87.76,High
22.36499,87.0154,2026-08-20,1906,2.08,298.17,274.56,n,3.32,Low,1036.08,1032.96,1039.11,1059.31,44.99,Low
23.69259,87.12586,2026-08-20,1906,0.75,295.1,272.1,n,0.62,Low,1125.69,1123.17,1128.99,1146.69,45.87,Low
22.36236,87.01414,2026-08-20,1906,2.1,296.48,274.4,n,2.4,Low,1035.83,1032.7,1038.86,1059.06,44.06,Low
23.69758,87.09327,2026-08-20,1906,1.38,298.4,275.21,n,2.92,Low,1123.33,1120.82,1126.64,1144.28,48.07,Low
23.69671,87.10807,2026-08-20,1906,0.63,296.93,273.98,n,1.54,Low,1124.49,1121.98,1127.8,1145.46,46.74,Low
23.69627,87.11548,2026-08-20,1906,0.63,295.82,272.87,n,0.93,Low,1125.07,1122.56,1128.38,1146.05,46.15,Low
23.69583,87.12293,2026-08-20,1906,1.59,298.65,274.04,n,3.22,Low,1125.66,1123.14,1128.96,1146.65,48.46,Low
23.69451,87.0962,2026-08-20,1906,2.15,296.66,273.52,n,2.53,Low,1123.37,1120.86,1126.68,1144.33,47.68,Low
23.69403,87.10361,2026-08-20,1906,0.98,297.31,273.74,n,2.02,Low,1123.95,1121.44,1127.26,1144.92,47.2,Low
23.69355,87.111,2026-08-20,1906,0.98,298.67,273.4,n,2.77,Low,1124.53,1122.01,1127.83,1145.5,47.97,Low
23.69308,87.11836,2026-08-20,1906,0.75,299.47,272.76,n,3.05,Low,1125.1,1122.59,1128.41,1146.09,48.27,Low
32.57585,72.56123,2026-08-20,2044,2.78,310.55,293.24,n,10.72,Low,1762.17,1761.24,1761.27,1763.73,81.2,High
32.57539,72.56554,2026-08-20,2044,2.4,305.87,292.99,n,7.84,Low,1761.98,1761.05,1761.08,1763.54,78.32,Medium
31.25985,76.92484,2026-08-20,2044,0.5,302.16,289.51,n,4.35,Low,1526.65,1525.38,1525.96,1527.77,65.41,Medium
31.2492,76.92705,2026-08-20,2044,0.66,304.76,288.69,n,5.92,Low,1525.46,1524.19,1524.76,1526.57,66.93,Medium
29.91072,74.94928,2026-08-20,2044,2.62,307.57,292.31,n,8.95,Low,1411.85,1410.8,1411.02,1413.26,65.42,Medium
29.45876,76.86543,2026-08-20,2044,3.34,316.16,292.37,n,14.26,Low,1328.64,1327.39,1327.92,1329.79,67.4,Medium
28.77214,76.70122,2026-08-20,2044,2.28,310.21,289.31,n,10.16,Low,1255.07,1253.85,1254.33,1256.26,60.36,Medium
28.27534,77.18294,2026-08-20,2044,0.74,302.62,283.37,n,4.79,Low,1194.95,1193.68,1194.25,1196.08,52.58,Medium
20.96588,86.01382,2026-08-20,2046,1.91,318.18,282.08,n,14.31,Low,872.57,868.95,875.33,896.76,49.45,Low
27.79252,75.33192,2026-08-20,2046,0.81,306.87,292.48,n,7.2,Low,1175.41,1174.38,1174.55,1176.85,54.21,Medium
25.03646,87.38701,2026-08-20,2046,0.72,304.58,281.72,n,5.86,Low,1238.94,1236.92,1242.44,1258.01,55.62,Medium
25.03673,87.38658,2026-08-20,2046,0.67,303.78,281.24,n,5.38,Low,1238.93,1236.91,1242.42,1257.99,55.14,Medium
23.69376,87.12176,2026-08-20,2046,1.51,305.75,277.41,n,7.1,Low,1125.43,1122.91,1128.73,1146.42,52.33,Medium
23.69202,87.10435,2026-08-20,2046,1.24,298.55,275.24,n,2.9,Low,1123.88,1121.37,1127.19,1144.85,48.07,Low
23.68785,87.10063,2026-08-20,2046,1.13,301.76,276.75,n,4.6,Low,1123.3,1120.79,1126.61,1144.28,49.75,Low
23.66421,87.1534,2026-08-20,2046,0.31,298.63,264.14,n,2.25,Low,1126.12,1123.58,1129.42,1147.2,47.51,Low
23.66331,87.15736,2026-08-20,2046,0.27,296.41,264.16,n,0.99,Low,1126.39,1123.85,1129.69,1147.47,46.26,Low
23.66743,86.9369,2026-08-20,2046,0.73,307.82,282.4,n,7.67,Low,1108.5,1106.03,1111.83,1129.32,52.23,Medium
23.78109,86.38872,2026-08-20,2046,2.9,306.48,286.55,n,8.55,Low,1072.05,1069.82,1075.47,1091.98,51.64,Medium
23.76735,86.40035,2026-08-20,2046,1.24,306.55,285.85,n,7.35,Low,1072.02,1069.77,1075.43,1091.99,50.44,Medium
23.76655,86.40386,2026-08-20,2046,1.24,307.05,285.05,n,7.62,Low,1072.24,1069.99,1075.65,1092.21,50.72,Medium
23.76131,86.40248,2026-08-20,2046,1.24,322.91,285.65,n,16.44,Low,1071.76,1069.51,1075.17,1091.75,59.52,Medium
23.75525,86.40467,2026-08-20,2046,0.91,306.53,286.53,n,7.09,Low,1071.52,1069.26,1074.93,1091.51,50.16,Medium
23.56212,87.24074,2026-08-20,2046,0.94,303.44,273.47,n,5.39,Low,1126.84,1124.22,1130.1,1148.19,50.68,Medium
23.5566,87.23922,2026-08-20,2046,0.94,303.93,274.86,n,5.67,Low,1126.36,1123.74,1129.62,1147.72,50.94,Medium
23.7374,86.4341,2026-08-20,2046,3.28,324.26,286.38,n,18.72,Low,1072.62,1070.34,1076.02,1092.69,61.84,Medium
23.72326,86.4229,2026-08-20,2046,1.26,305.68,286.03,n,6.88,Low,1070.74,1068.47,1074.15,1090.83,49.92,Low
23.71226,86.44649,2026-08-20,2046,1.84,316.2,282.43,n,13.16,Low,1071.86,1069.58,1075.26,1092.0,56.25,Medium
23.71143,86.45005,2026-08-20,2046,1.84,318.51,282.44,n,14.44,Low,1072.09,1069.8,1075.49,1092.23,57.54,Medium
23.56388,87.08366,2026-08-20,2046,1.58,310.88,284.26,n,10.01,Low,1113.86,1111.3,1117.15,1135.03,54.78,Medium
23.71398,86.45003,2026-08-20,2046,1.32,316.78,282.64,n,13.09,Low,1072.27,1069.98,1075.66,1092.4,56.19,Medium
23.71431,86.42361,2026-08-20,2046,1.54,304.75,285.0,n,6.57,Low,1070.18,1067.9,1073.58,1090.28,49.59,Low
23.70951,86.44509,2026-08-20,2046,1.32,307.26,282.19,n,7.8,Low,1071.56,1069.28,1074.96,1091.7,50.88,Medium
23.70871,86.44867,2026-08-20,2046,1.32,309.25,282.46,n,8.91,Low,1071.79,1069.5,1075.19,1091.93,51.99,Medium
23.5599,87.08255,2026-08-20,2046,1.07,308.76,284.24,n,8.45,Low,1113.51,1110.95,1116.8,1134.69,53.21,Medium
23.51662,87.27167,2026-08-20,2046,0.73,303.04,280.4,n,5.01,Low,1126.55,1123.9,1129.8,1148.01,50.29,Medium
23.61549,86.78763000000001,2026-08-20,2046,0.68,303.7,283.3,n,5.34,Low,1092.85,1090.41,1096.19,1113.59,49.27,Low
23.61454,86.79183,2026-08-20,2046,0.68,304.84,283.34,n,5.98,Low,1093.13,1090.68,1096.47,1113.88,49.92,Low
23.68841,86.39032,2026-08-20,2046,1.63,305.25,285.93,n,6.92,Low,1065.74,1063.46,1069.14,1085.84,49.76,Low
23.68763,86.39378,2026-08-20,2046,1.11,308.4,285.7,n,8.28,Low,1065.96,1063.68,1069.36,1086.07,51.13,Medium
23.68236,86.39249,2026-08-20,2046,1.46,312.1,285.51,n,10.6,Low,1065.49,1063.21,1068.89,1085.61,53.43,Medium
23.68157,86.39599,2026-08-20,2046,1.46,308.75,284.97,n,8.73,Low,1065.72,1063.43,1069.12,1085.84,51.57,Medium
23.68076,86.39959,2026-08-20,2046,0.95,303.5,284.68,n,5.43,Low,1065.95,1063.66,1069.35,1086.08,48.28,Low
23.6763,86.39473,2026-08-20,2046,1.46,308.25,284.09,n,8.46,Low,1065.25,1062.97,1068.65,1085.38,51.28,Medium
23.67549,86.39829,2026-08-20,2046,0.95,307.45,284.27,n,7.63,Low,1065.48,1063.19,1068.88,1085.62,50.46,Medium
23.67467,86.40192,2026-08-20,2046,0.95,306.13,284.73,n,6.9,Low,1065.72,1063.43,1069.11,1085.86,49.74,Low
23.82381,85.49748,2026-08-20,2046,1.25,301.5,283.37,n,4.55,Low,1006.55,1004.66,1010.1,1025.09,45.01,Low
23.68078,86.08385,2026-08-20,2046,1.77,307.33,286.05,n,8.18,Low,1040.99,1038.81,1044.43,1060.68,50.03,Medium
23.82423,85.49743,2026-08-20,2046,1.08,302.7,283.19,n,5.09,Low,1006.58,1004.69,1010.13,1025.12,45.56,Low
23.68017,86.08412,2026-08-20,2046,1.56,305.76,286.04,n,7.15,Low,1040.96,1038.79,1044.4,1060.66,49.0,Low
23.67731,86.07244,2026-08-20,2046,1.04,302.65,285.32,n,5.03,Low,1039.85,1037.68,1043.29,1059.53,46.83,Low
16.20556,75.20766,2026-08-20,2046,0.67,303.43,291.13,n,5.19,Low,356.92,355.97,356.33,358.66,19.47,Low
15.3343,76.28691,2026-08-20,2046,1.13,312.86,290.5,n,10.77,Low,314.96,314.06,318.43,318.71,23.43,Low
15.02354,78.01447,2026-08-20,2046,1.4,308.12,291.12,n,8.34,Low,256.88,254.89,267.84,267.42,18.81,Low
15.22626,76.76389,2026-08-20,2046,0.8200000000000001,304.55,292.0,n,5.92,Low,290.05,288.84,296.26,295.69,17.63,Low
15.18207,76.66643,2026-08-20,2046,3.01,323.44,291.62,n,18.06,Low,300.3,299.12,306.19,305.72,30.17,Low
15.17391,76.69331,2026-08-20,2046,2.81,323.79,291.38,n,18.1,Low,299.25,298.05,305.3,304.78,30.17,Low
15.17659,76.6776,2026-08-20,2046,1.7000000000000002,305.91,291.87,n,7.34,Low,300.04,298.86,306.01,305.52,19.44,Low
15.17717,76.65337,2026-08-20,2046,2.8,323.16,292.18,n,17.74,Low,301.59,300.42,307.43,306.98,29.9,Low
15.17649,76.6573,2026-08-20,2046,4.52,333.4,292.62,n,24.72,Low,301.39,300.22,307.26,306.8,36.88,Low
15.17371,76.65274,2026-08-20,2046,1.05,304.58,289.83,n,6.11,Low,301.94,300.76,307.79,307.33,18.29,Low
15.17304,76.65667,2026-08-20,2046,1.74,307.97,291.12,n,8.51,Low,301.74,300.56,307.61,307.15,20.68,Low
15.16689,76.67173,2026-08-20,2046,1.09,305.06,290.88,n,6.41,Low,301.28,300.09,307.25,306.76,18.56,Low
15.16889,76.67329,2026-08-20,2046,0.89,306.37,290.86,n,6.98,Low,301.0,299.81,306.97,306.48,19.12,Low
15.14843,76.71026,2026-08-20,2046,0.81,304.65,290.87,n,5.97,Low,300.4,299.18,306.63,306.06,18.09,Low
15.13803,76.70839,2026-08-20,2046,0.85,304.91,290.35,n,6.14,Low,301.44,300.22,307.7,307.12,18.3,Low
14.60754,79.6615,2026-08-20,2046,2.56,308.19,290.14,n,9.25,Low,320.37,321.63,329.6,341.49,22.38,Low
15.16817,76.38058,2026-08-20,2046,1.14,304.25,290.12,n,5.99,Low,321.25,320.22,325.83,325.78,18.92,Low
23.67428,86.08614,2026-08-20,2046,1.08,306.76,286.31,n,7.34,Low,1040.7,1038.53,1044.14,1060.42,49.18,Low
23.7864,85.55096,2026-08-20,2046,1.48,308.04,285.87,n,8.35,Low,1007.75,1005.83,1011.28,1026.45,48.86,Low
23.78225,85.57,2026-08-20,2046,1.34,302.54,285.61,n,5.19,Low,1008.87,1006.94,1012.4,1027.61,45.75,Low
23.66762,86.09156,2026-08-20,2046,0.94,306.33,286.03,n,7.0,Low,1040.66,1038.48,1044.09,1060.39,48.84,Low
23.66165,85.55202,2026-08-20,2046,0.37,303.54,284.34,n,5.02,Low,998.55,996.58,1002.06,1017.5,45.17,Low
23.69603,85.37061,2026-08-20,2046,1.96,309.89,280.7,n,9.74,Low,987.45,985.54,990.99,1006.03,49.44,Low
23.65573,85.50697,2026-08-20,2046,1.16,308.42,284.46,n,8.33,Low,994.7,992.74,998.21,1013.58,48.32,Low
23.65035,85.43598,2026-08-20,2046,0.6900000000000001,305.16,284.58,n,6.16,Low,988.93,986.99,992.46,1007.71,45.92,Low
23.64966,85.43914,2026-08-20,2046,0.6900000000000001,314.37,284.87,n,11.28,Low,989.12,987.18,992.64,1007.91,51.05,Medium
23.61622,85.42603,2026-08-20,2046,0.49,302.01,285.62,n,4.26,Low,985.64,983.69,989.16,1004.47,43.89,Low
22.7945,86.20801,2026-08-20,2046,0.89,299.78,277.36,n,3.32,Low,991.46,988.8,994.71,1013.02,43.2,Low
22.81689,86.08504,2026-08-20,2046,0.24,301.13,281.23,n,3.59,Low,982.58,979.98,985.85,1003.94,43.11,Low
22.79169,86.19576,2026-08-20,2046,0.37,299.44,271.1,n,2.74,Low,990.25,987.6,993.5,1011.8,42.57,Low
22.79088,86.19932,2026-08-20,2046,0.37,298.49,275.6,n,2.22,Low,990.5,987.84,993.75,1012.05,42.06,Low
22.78925,86.20647,2026-08-20,2046,0.89,305.09,279.7,n,6.27,Low,991.0,988.34,994.24,1012.56,46.13,Low
22.78398,86.20503,2026-08-20,2046,0.97,301.39,279.38,n,4.28,Low,990.54,987.88,993.79,1012.12,44.12,Low
24.71524,75.95329,2026-08-20,2046,0.89,304.87,288.14,n,6.15,Low,830.7,829.75,829.82,832.22,39.37,Low
22.7973,86.20584,2026-08-20,2046,1.63,304.34,275.14,n,6.41,Low,991.46,988.8,994.7,1013.0,46.29,Low
22.81808,86.08607,2026-08-20,2046,0.22,302.52,281.19,n,4.34,Low,982.74,980.14,986.01,1004.1,43.87,Low
22.79364,86.19712,2026-08-20,2046,0.58,297.16,272.18,n,1.64,Low,990.49,987.84,993.74,1012.03,41.48,Low
22.78835,86.19575,2026-08-20,2046,0.55,298.96,273.72,n,2.61,Low,990.04,987.38,993.28,1011.59,42.43,Low
22.78678,86.20286,2026-08-20,2046,0.78,301.24,278.89,n,4.05,Low,990.54,987.88,993.78,1012.1,43.89,Low
22.78599,86.20644,2026-08-20,2046,0.78,305.61,279.74,n,6.48,Low,990.79,988.13,994.03,1012.36,46.33,Low
22.80075,86.08921,2026-08-20,2046,1.75,313.38,284.61,n,11.52,Low,981.89,979.28,985.16,1003.29,51.02,Medium
25.39003,68.58031,2026-08-20,2046,2.26,311.58,294.68,n,10.91,Low,1327.18,1325.94,1326.05,1329.47,64.0,Medium
22.05638,88.12125,2026-08-20,2046,0.8200000000000001,302.14,280.14,n,4.58,Low,1121.5,1117.97,1124.31,1145.62,49.67,Low
22.0552,88.12618,2026-08-20,2046,0.8200000000000001,308.08,279.31,n,7.88,Low,1121.91,1118.37,1124.72,1146.03,52.99,Medium
22.08609,83.11594,2026-08-20,2046,2.44,316.03,286.41,n,13.51,Low,697.41,695.69,701.03,715.12,41.6,Low
20.96791,86.00322,2026-08-20,2046,2.6,300.73,280.79,n,5.13,Low,871.66,868.05,874.43,895.85,40.23,Low
20.96618,86.01083,2026-08-20,2046,1.93,309.48,281.45,n,9.49,Low,872.3,868.68,875.06,896.49,44.62,Low
20.96533,86.01462,2026-08-20,2046,1.93,308.0,282.04,n,8.67,Low,872.62,869.0,875.38,896.81,43.81,Low
20.96671,86.01003,2026-08-20,2046,1.91,302.63,280.92,n,5.67,Low,872.25,868.63,875.01,896.44,40.79,Low
18.57617,72.24023,2026-08-20,2049,3.65,306.94,293.57,n,9.37,Low,647.83,646.62,646.79,650.25,35.28,Low
12.66991,76.85605,2026-08-20,2049,0.73,302.15,285.08,n,4.52,Low,540.17,538.38,551.51,549.32,26.31,Low
12.98436,74.85372,2026-08-20,2049,0.45,300.05,286.35,n,3.14,Low,612.43,611.27,617.9,617.62,27.73,Low
12.68449,76.45203,2026-08-20,2049,0.81,306.01,287.99,n,6.72,Low,553.6,551.93,563.81,562.0,29.03,Low
8.73957,77.60084,2026-08-20,2049,2.37,314.99,270.0,n,12.88,Low,952.6,950.54,962.26,963.6,51.17,Medium
7.39811,81.10191,2026-08-20,2049,1.65,313.18,289.24,n,11.34,Low,1130.18,1131.4,1139.15,1148.26,56.83,Medium
7.32876,81.21317,2026-08-20,2049,0.45,303.7,287.21,n,5.17,Low,1140.58,1141.81,1149.57,1158.87,51.08,Medium
7.25554,81.11653,2026-08-20,2049,1.0,309.52,288.53,n,8.82,Low,1145.89,1147.11,1154.85,1163.92,54.94,Medium
6.86581,81.57717,2026-08-20,2049,3.85,347.18,281.25,n,31.88,Low,1200.34,1201.57,1209.39,1219.12,80.18,High
6.86048,81.57622,2026-08-20,2049,0.91,308.61,281.38,n,8.24,Low,1200.88,1202.11,1209.93,1219.65,56.57,Medium
6.64764,80.81381,2026-08-20,2049,0.43,301.23,283.76,n,3.78,Low,1204.33,1205.54,1213.17,1221.41,52.22,Medium
6.64705,80.81706,2026-08-20,2049,0.41,302.64,283.88,n,4.55,Low,1204.47,1205.67,1213.31,1221.55,53.0,Medium
6.64253,80.81303,2026-08-20,2049,1.13,302.78,283.56,n,5.17,Low,1204.87,1206.07,1213.71,1221.94,53.64,Medium
6.64198,80.81609,2026-08-20,2049,1.04,317.08,283.12,n,13.05,Low,1205.0,1206.2,1213.84,1222.07,61.52,Medium
6.64509,80.81454,2026-08-20,2049,1.37,327.34,283.66,n,18.99,Low,1204.63,1205.83,1213.47,1221.7,67.45,Medium
6.64453,80.81778,2026-08-20,2049,1.37,302.41,283.32,n,5.14,Low,1204.76,1205.96,1213.6,1221.84,53.6,Medium
6.56044,81.14934,2026-08-20,2049,0.52,302.17,282.41,n,4.37,Low,1221.55,1222.76,1230.47,1239.29,53.51,Medium
18.71585,79.53936,2026-08-20,2049,2.11,301.57,288.1,n,5.23,Low,170.63,169.38,174.41,187.39,12.25,Low
24.26015,97.75832,2026-08-21,618,5.24,332.76,293.39,n,24.91,Low,2130.63,2126.73,2133.23,2155.04,110.37,High
11.71266,79.13078,2026-08-21,756,13.01,335.7,299.97,l,32.37,Low,622.47,622.45,630.9,637.0,57.5,Medium
11.3864,77.68139,2026-08-21,756,3.66,337.39,302.13,n,26.29,Low,660.47,658.44,670.57,671.28,52.9,Medium
11.17986,76.86322,2026-08-21,756,7.75,352.61,299.65,n,37.82,Low,698.76,696.87,710.45,708.56,65.97,Medium
10.94861,77.29926,2026-08-21,756,1.82,332.62,302.59,n,22.27,Low,714.31,712.33,725.12,724.72,51.03,Medium
10.8355,78.05512,2026-08-21,756,5.12,348.83,306.32,n,33.75,Low,717.78,715.68,726.87,729.07,62.64,Medium
10.89906,78.69358,2026-08-21,756,8.39,335.4,303.41,n,28.74,Low,709.87,708.26,718.0,722.34,57.32,Medium
10.90762,78.79076,2026-08-21,756,4.54,339.02,306.52,n,27.86,Low,709.19,707.85,717.34,722.01,56.42,Medium
10.86351,78.60498,2026-08-21,756,3.6,334.68,304.43,n,24.74,Low,713.67,711.85,721.79,725.83,53.47,Medium
10.86179,78.60693,2026-08-21,756,3.75,332.53,303.6,l,23.66,Low,713.87,712.05,721.98,726.03,52.4,Medium
10.46239,77.96943,2026-08-21,756,2.2,332.02,302.17,l,22.22,Low,759.52,757.42,768.74,770.73,52.78,Medium
10.06246,77.61354,2026-08-21,756,3.37,338.53,301.37,n,26.71,Low,806.84,804.79,816.73,817.73,59.17,Medium
10.40818,77.98702,2026-08-21,756,8.58,344.36,300.35,n,33.86,Low,765.39,763.29,774.56,776.62,64.66,Medium
10.05175,77.94893,2026-08-21,756,7.89,344.09,300.57,n,33.19,Low,804.99,802.9,814.19,816.21,65.57,Medium
7.39327,81.09946,2026-08-21,756,6.4,345.34,293.06,l,32.77,Low,1130.64,1131.86,1139.6,1148.71,78.28,Medium
9.74707,77.88758,2026-08-21,756,1.44,336.81,305.26,n,24.31,Low,839.05,836.96,848.33,850.23,58.06,Medium
9.46089,77.93649,2026-08-21,756,2.92,343.41,304.98,n,29.08,Low,870.31,868.21,879.46,881.55,64.08,Medium
9.31269,78.05367,2026-08-21,756,7.06,338.9,305.16,n,29.68,Low,886.04,883.93,894.95,897.38,65.3,Medium
11.25114,77.55007,2026-08-21,756,1.81,335.0,302.87,n,23.58,Low,677.11,675.1,687.48,687.78,50.85,Medium
12.35125,77.01255,2026-08-21,756,5.9,340.97,293.35,n,29.96,Low,569.18,567.32,580.87,578.76,52.92,Medium
12.30416,76.82388,2026-08-21,756,6.57,339.02,296.98,n,29.38,Low,579.84,578.03,591.39,589.13,52.76,Medium
12.0637,76.96976,2026-08-21,756,6.65,336.06,299.1,n,27.8,Low,601.12,599.25,612.81,610.75,52.04,Medium
12.05267,79.61187,2026-08-21,756,4.25,334.23,300.37,l,24.98,Low,592.32,593.51,601.1,609.19,48.94,Low
11.52693,77.66856,2026-08-21,756,1.03,331.72,300.84,n,21.17,Low,645.2,643.17,655.38,655.98,47.17,Low
11.71186,79.12611,2026-08-21,756,49.23,335.37,306.57,l,59.35,Medium,622.51,622.48,630.94,637.02,84.48,High
7.80986,81.37318,2026-08-21,756,5.27,339.32,304.17,l,28.57,Low,1093.72,1094.95,1102.78,1112.64,72.61,Medium
7.8134,81.37262,2026-08-21,756,10.42,333.7,303.44,l,29.31,Low,1093.33,1094.56,1102.39,1112.25,73.34,Medium
7.81277,81.36861,2026-08-21,756,13.76,349.14,303.85,n,40.4,Medium,1093.27,1094.51,1102.33,1112.19,84.42,High
8.07838,80.0887,2026-08-21,756,15.5,331.6,294.15,n,31.96,Low,1034.49,1035.67,1043.18,1050.49,73.6,Medium
8.24257,80.90491,2026-08-21,756,7.18,333.1,296.23,l,26.55,Low,1034.3,1035.52,1043.27,1052.43,68.21,Medium
8.43317,80.33639,2026-08-21,756,14.02,334.3,295.35,l,32.35,Low,1000.44,1001.63,1009.24,1017.25,72.64,Medium
8.77498,80.40853,2026-08-21,756,7.54,335.22,293.95,l,28.0,Low,964.87,966.07,973.72,982.06,66.87,Medium
8.77386,80.41042,2026-08-21,756,15.2,349.35,295.37,n,41.59,Medium,965.03,966.23,973.88,982.23,80.46,High
8.58488,77.95021,2026-08-21,756,2.49,335.12,298.77,n,24.16,Low,966.98,964.88,976.0,978.26,63.02,Medium
9.34518,78.81236,2026-08-21,756,1.58,335.72,301.64,n,23.81,Low,882.01,880.55,890.15,894.66,59.28,Medium
9.3194,78.58262,2026-08-21,756,1.47,336.47,303.54,n,24.14,Low,884.45,882.53,892.57,896.45,59.7,Medium
9.36559,78.66248,2026-08-21,756,10.37,367.0,306.38,h,47.78,Medium,879.41,877.65,887.53,891.64,83.14,High
9.74367,77.84486,2026-08-21,756,1.11,336.43,303.98,n,23.85,Low,839.74,837.66,849.11,850.88,57.62,Medium
10.04823,77.95352,2026-08-21,756,5.9,349.94,300.86,n,34.95,Low,805.35,803.26,814.54,816.57,67.35,Medium
10.05242,77.9528,2026-08-21,756,5.9,337.08,296.24,n,27.8,Low,804.89,802.8,814.09,816.11,60.18,Medium
7.81049,81.37718,2026-08-21,756,5.27,335.63,301.8,l,26.52,Low,1093.77,1095.01,1102.83,1112.7,70.56,Medium
7.51083,81.69547,2026-08-21,756,5.97,334.46,296.31,l,26.4,Low,1135.45,1136.69,1144.56,1154.86,72.12,Medium
7.39688,81.09885,2026-08-21,756,6.4,332.08,293.05,l,25.4,Low,1130.24,1131.45,1139.2,1148.31,70.89,Medium
19.48988,85.20114,2026-08-21,758,3.89,328.82,281.45,n,21.71,Low,734.81,730.63,737.26,759.48,51.33,Medium
17.60843,83.20383,2026-08-21,758,4.98,335.84,299.16,n,26.42,Low,489.64,487.28,493.53,516.32,46.29,Low
16.29151,80.82072,2026-08-21,758,4.54,334.45,298.58,n,25.32,Low,262.34,263.42,270.06,291.78,36.2,Low
15.34653,77.09008,2026-08-21,758,1.89,330.63,300.14,n,21.21,Low,259.1,257.74,266.67,265.66,31.7,Low
14.52306,77.43476,2026-08-21,758,4.98,336.84,295.01,n,26.98,Low,325.83,324.06,337.16,334.95,40.2,Low
15.1363,79.88412,2026-08-21,758,3.42,332.13,297.87,n,23.19,Low,277.38,278.66,286.76,301.4,34.63,Low
14.60819,79.65999,2026-08-21,758,20.66,344.84,298.95,l,43.18,Medium,320.25,321.51,329.48,341.35,56.31,Medium
14.60742,79.66074,2026-08-21,758,24.47,347.79,301.13,n,47.68,Medium,320.36,321.61,329.59,341.46,60.81,Medium
23.67844,86.39668,2026-08-21,801,8.2,331.72,295.56,n,26.55,Low,1065.56,1063.27,1068.95,1085.69,69.38,Medium
23.75674,85.85435,2026-08-21,801,5.93,334.01,295.91,n,26.12,Low,1028.63,1026.58,1032.11,1047.85,67.47,Medium
23.66432,87.15331,2026-08-21,801,2.74,330.29,293.42,n,21.66,Low,1126.12,1123.58,1129.42,1147.2,66.92,Medium
23.78134,86.2098,2026-08-21,801,9.1,345.58,293.89,n,34.92,Low,1057.98,1055.81,1061.42,1077.67,77.45,Medium
23.68191,86.0946,2026-08-21,801,7.7,349.84,293.37,n,36.24,Low,1041.91,1039.73,1045.35,1061.62,78.13,Medium
23.67682,86.08707,2026-08-21,801,4.24,330.7,294.62,n,23.01,Low,1040.96,1038.78,1044.4,1060.67,64.86,Medium
23.71468,86.45161,2026-08-21,801,8.89,338.05,291.86,n,30.58,Low,1072.44,1070.15,1075.84,1092.57,73.69,Medium
23.70997,86.44798,2026-08-21,801,7.64,334.64,292.54,n,27.75,Low,1071.83,1069.54,1075.22,1091.96,70.84,Medium
23.68639,86.39134,2026-08-21,801,5.68,330.74,294.17,n,24.12,Low,1065.68,1063.4,1069.08,1085.79,66.96,Medium
23.68265,86.39607,2026-08-21,801,5.68,334.93,295.22,n,26.44,Low,1065.8,1063.52,1069.2,1085.92,69.28,Medium
30.4877,71.85971,2026-08-21,803,5.77,338.94,295.55,n,28.74,Low,1575.03,1574.03,1574.08,1576.76,91.74,High
33.55837,70.22543,2026-08-21,803,4.64,338.62,306.3,n,27.71,Low,1948.73,1947.73,1947.77,1950.45,105.66,High
31.53478,72.39529,2026-08-21,803,3.29,342.48,297.46,n,28.85,Low,1660.28,1659.32,1659.36,1661.9,95.26,High
31.32454,72.16799,2026-08-21,803,2.45,339.5,297.32,n,26.56,Low,1647.17,1646.2,1646.24,1648.83,92.44,High
30.6631,72.1522,2026-08-21,803,7.36,347.82,298.0,n,34.86,Low,1580.73,1579.74,1579.79,1582.42,98.09,High
30.62073,72.08163,2026-08-21,803,3.93,337.31,297.63,n,26.45,Low,1579.28,1578.29,1578.33,1580.98,89.62,High
30.48677,71.85528,2026-08-21,803,7.01,343.91,297.25,n,32.43,Low,1575.13,1574.12,1574.17,1576.86,95.43,High
30.4485,71.695,2026-08-21,803,2.2,338.49,295.83,n,25.81,Low,1578.1,1577.08,1577.13,1579.84,88.93,High
30.47054,72.13536,2026-08-21,803,4.49,342.1,297.91,n,29.53,Low,1562.0,1561.01,1561.05,1563.7,92.01,High
30.46146,72.13331,2026-08-21,803,3.37,338.91,297.68,n,26.92,Low,1561.17,1560.18,1560.22,1562.87,89.36,High
29.56096,69.60496,2026-08-21,803,9.47,335.89,299.63,n,29.82,Low,1597.38,1596.27,1596.34,1599.36,93.71,High
30.00368,72.55402,2026-08-21,803,3.67,337.29,298.77,n,26.25,Low,1498.21,1497.22,1497.27,1499.9,86.18,High
29.98619,72.59346,2026-08-21,803,2.98,334.45,298.45,n,24.15,Low,1494.89,1493.91,1493.95,1496.57,83.94,High
29.82557,72.8396,2026-08-21,803,2.06,334.4,297.57,n,23.43,Low,1469.06,1468.08,1468.13,1470.72,82.19,High
29.48029,71.78488,2026-08-21,803,6.67,341.43,298.78,n,30.8,Low,1478.65,1477.62,1477.67,1480.45,89.94,High
29.47919,71.78834,2026-08-21,803,7.1,342.21,299.83,n,31.55,Low,1478.39,1477.35,1477.41,1480.18,90.68,High
27.43876,70.85847,2026-08-21,803,8.02,344.68,302.88,n,33.62,Low,1334.84,1333.71,1333.79,1336.85,87.01,High
35.78532,71.34322,2026-08-21,2023,1.39,297.04,284.07,n,2.18,Low,2134.99,2134.06,2134.1,2136.53,87.58,High
35.77929,71.34325,2026-08-21,2023,2.09,319.44,284.89,n,15.15,Low,2134.36,2133.43,2133.47,2135.9,100.52,High
35.77944,71.34021,2026-08-21,2023,2.09,299.71,283.88,n,4.18,Low,2134.47,2133.54,2133.58,2136.01,89.56,High
23.67846,86.08486,2026-08-21,2025,2.61,307.47,284.66,n,8.89,Low,1040.9,1038.73,1044.34,1060.6,50.74,Medium
23.6783,86.10711,2026-08-21,2025,0.56,305.64,285.15,n,6.33,Low,1042.63,1040.45,1046.07,1062.37,48.25,Low
23.56004,87.24049,2026-08-21,2025,2.79,307.65,286.15,n,9.12,Low,1126.68,1124.07,1129.95,1148.04,54.41,Medium
23.66372,87.15993,2026-08-21,2025,0.59,302.49,278.95,n,4.6,Low,1126.63,1124.09,1129.93,1147.72,49.88,Low
32.88974,71.61488,2026-08-21,2025,2.91,307.6,293.29,n,9.18,Low,1827.27,1826.31,1826.35,1828.91,82.27,High
32.57627,72.55994,2026-08-21,2025,2.9,307.64,293.93,n,9.2,Low,1762.25,1761.32,1761.35,1763.81,79.69,Medium
28.77367,77.56798,2026-08-21,2025,2.5700000000000003,309.15,283.53,n,9.79,Low,1246.64,1245.76,1246.41,1248.13,59.66,Medium
24.92917,84.14589,2026-08-21,2025,2.88,308.3,288.84,n,9.55,Low,1006.92,1005.85,1010.37,1020.84,49.99,Low
24.92936,84.14852,2026-08-21,2025,2.91,310.02,289.28,n,10.53,Low,1007.09,1006.02,1010.55,1021.02,50.98,Medium
23.71933,85.00983,2026-08-21,2025,1.6,300.63,272.32,n,4.33,Low,962.63,960.85,966.23,980.55,43.03,Low
24.18137,82.64606,2026-08-21,2025,0.93,307.55,281.64,n,7.67,Low,853.92,853.3,856.39,865.62,41.96,Low
22.36072,87.01704,2026-08-21,2027,0.73,303.37,275.6,n,5.2,Low,1035.99,1032.87,1039.02,1059.23,46.87,Low
22.36491,87.01798,2026-08-21,2027,0.73,303.61,275.64,n,5.33,Low,1036.31,1033.19,1039.34,1059.54,47.01,Low
22.37519,87.27901,2026-08-21,2027,1.07,306.49,274.56,n,7.19,Low,1060.27,1057.08,1063.27,1083.71,49.83,Low
22.36667,87.29975,2026-08-21,2027,1.47,307.2,275.03,n,7.88,Low,1061.68,1058.48,1064.67,1085.16,50.58,Medium
22.37945,87.28,2026-08-21,2027,1.79,312.84,275.6,n,11.25,Low,1060.59,1057.4,1063.58,1084.03,53.91,Medium
22.37663,87.28174,2026-08-21,2027,1.69,311.32,275.48,n,10.33,Low,1060.59,1057.4,1063.59,1084.04,52.99,Medium
22.37751,87.2774,2026-08-21,2027,1.69,313.32,276.0,n,11.45,Low,1060.25,1057.06,1063.25,1083.69,54.09,Medium
22.78901,86.19763,2026-08-21,2027,0.95,300.01,273.29,n,3.5,Low,990.24,987.58,993.48,1011.79,43.33,Low
24.76452,74.60926,2026-08-21,2027,0.71,304.28,282.05,n,5.69,Low,886.01,884.98,885.03,887.79,41.13,Low
16.871950000000002,80.02106,2026-08-21,2027,1.5,308.57,290.85,n,8.66,Low,158.91,159.9,165.82,188.27,15.39,Low
17.08458,79.32294,2026-08-21,2027,2.91,309.57,292.48,n,10.28,Low,80.94,81.93,88.04,110.32,13.89,Low
17.37035,77.44494,2026-08-21,2027,0.79,304.8,292.06,n,6.04,Low,88.52,87.56,87.74,90.6,9.58,Low
17.29117,78.40939,2026-08-21,2027,0.73,314.49,290.12,n,11.38,Low,2.58,0.48,14.06,15.68,11.71,Low
17.29336,78.40997,2026-08-21,2027,1.01,316.83,290.6,n,12.89,Low,2.36,0.27,13.81,15.48,13.21,Low
18.8016,74.25277,2026-08-21,2027,0.73,301.85,279.71,n,4.35,Low,446.8,445.55,445.71,449.26,22.22,Low
22.05068,88.12516,2026-08-21,2027,1.92,298.93,269.97,n,3.62,Low,1121.6,1118.06,1124.41,1145.72,48.72,Low
22.05519,88.12621,2026-08-21,2027,1.92,303.92,269.79,n,6.4,Low,1121.91,1118.38,1124.72,1146.03,51.51,Medium
15.17962,76.67133,2026-08-21,2029,1.16,304.09,291.72,n,5.92,Low,300.19,299.01,306.11,305.64,18.03,Low
15.1802,76.66738,2026-08-21,2029,2.11,311.52,292.67,n,10.76,Low,300.4,299.22,306.3,305.83,22.88,Low
15.18368,76.66792,2026-08-21,2029,2.11,326.21,293.0,n,18.92,Low,300.06,298.89,305.95,305.49,31.02,Low
15.18423,76.63964,2026-08-21,2029,1.51,308.44,292.75,n,8.6,Low,301.9,300.73,307.64,307.22,20.77,Low
10.93034,77.06337,2026-08-21,2029,0.63,300.84,281.61,n,3.72,Low,720.98,719.04,732.27,731.11,32.75,Low
11.11709,77.75499,2026-08-21,2029,0.46,302.08,277.9,n,4.28,Low,689.21,687.16,699.06,700.15,32.04,Low
11.42601,77.51267,2026-08-21,2029,0.62,301.37,272.63,n,4.0,Low,658.53,656.52,669.04,669.12,30.53,Low
13.89879,76.56554,2026-08-21,2029,0.49,296.53,274.71,n,1.22,Low,426.26,424.74,435.11,433.74,18.42,Low
13.39369,80.10202,2026-08-21,2029,0.81,305.09,284.92,n,6.21,Low,462.84,464.09,472.06,483.64,25.04,Low
13.8039,78.06523,2026-08-21,2029,0.25,305.05,282.42,n,5.77,Low,390.11,388.05,399.95,401.14,21.56,Low
15.33752,76.27949,2026-08-21,2029,1.38,307.45,289.54,n,7.95,Low,315.28,314.38,318.71,319.0,20.62,Low
15.33276,76.28716,2026-08-21,2029,0.96,306.84,288.33,n,7.3,Low,315.06,314.16,318.54,318.81,19.97,Low
15.17908,77.10468,2026-08-21,2029,0.81,303.34,287.2,n,5.24,Low,274.09,272.65,282.31,281.1,16.34,Low
15.17623,77.10031,2026-08-21,2029,1.16,305.69,287.88,n,6.81,Low,274.6,273.17,282.8,281.6,17.93,Low
14.82645,79.31465,2026-08-21,2029,0.8,303.62,269.66,n,5.39,Low,285.75,286.98,294.79,305.03,17.12,Low
15.02356,78.01485,2026-08-21,2029,1.27,311.86,287.15,n,10.32,Low,256.87,254.88,267.83,267.41,20.79,Low
15.18658,76.6724,2026-08-21,2029,0.71,305.96,291.38,n,6.62,Low,299.51,298.34,305.41,304.94,18.7,Low
15.33696,76.27781,2026-08-21,2029,1.07,307.42,290.03,n,7.7,Low,315.45,314.56,318.88,319.17,20.38,Low
14.60582,78.52377,2026-08-21,2029,0.67,302.1,278.49,n,4.45,Low,299.68,297.78,307.78,311.87,16.62,Low
15.07157,76.86326,2026-08-21,2029,1.66,302.8,290.44,n,5.58,Low,297.89,296.56,305.16,304.27,17.62,Low
15.16771,76.37908,2026-08-21,2029,0.87,300.81,289.77,n,3.88,Low,321.39,320.36,325.98,325.92,16.82,Low
15.13683,76.70946,2026-08-21,2029,0.6900000000000001,303.89,291.68,n,5.46,Low,301.48,300.25,307.74,307.16,17.63,Low
15.16701,76.67386,2026-08-21,2029,1.71,317.3,291.08,n,13.67,Low,301.13,299.94,307.11,306.62,25.82,Low
15.17346,76.65458,2026-08-21,2029,2.09,313.46,290.96,n,11.82,Low,301.84,300.66,307.7,307.24,23.99,Low
15.1716,76.69071,2026-08-21,2029,0.76,305.37,291.44,n,6.33,Low,299.62,298.43,305.67,305.15,18.42,Low
15.17635,76.65906,2026-08-21,2029,2.09,308.83,292.1,n,9.25,Low,301.29,300.11,307.16,306.7,21.4,Low
15.17694,76.65511,2026-08-21,2029,2.09,335.65,294.53,n,24.15,Low,301.5,300.33,307.35,306.9,36.31,Low
15.17382,76.66235,2026-08-21,2029,1.39,306.23,292.1,n,7.28,Low,301.29,300.11,307.19,306.72,19.43,Low
15.17439,76.65839,2026-08-21,2029,1.69,305.16,291.75,n,6.91,Low,301.5,300.33,307.38,306.92,19.07,Low
15.17497,76.65443,2026-08-21,2029,1.69,328.13,292.84,n,19.67,Low,301.72,300.54,307.57,307.12,31.84,Low
15.17787,76.65893,2026-08-21,2029,1.69,306.97,292.38,n,7.92,Low,301.17,299.99,307.03,306.57,20.07,Low
15.17327,76.69061,2026-08-21,2029,1.63,321.24,292.62,n,15.8,Low,299.48,298.29,305.52,305.01,27.88,Low
15.17844,76.65497,2026-08-21,2029,1.69,327.64,293.6,n,19.4,Low,301.38,300.2,307.22,306.77,31.56,Low
15.17905,76.67529,2026-08-21,2029,1.16,309.64,292.86,n,9.0,Low,299.98,298.8,305.92,305.44,21.1,Low
10.61491,77.41926,2026-08-21,2032,0.5,300.63,276.99,n,3.5,Low,748.79,746.78,759.23,759.4,33.64,Low
10.2504,77.21418,2026-08-21,2032,2.02,318.29,281.29,n,14.45,Low,792.02,790.04,802.76,802.47,46.32,Low
10.24929,77.22139,2026-08-21,2032,0.7000000000000001,301.71,278.37,n,4.25,Low,792.02,790.03,802.74,802.48,36.12,Low
10.24707,77.21375,2026-08-21,2032,3.49,340.55,281.06,n,27.92,Low,792.39,790.41,803.13,802.84,59.81,Medium
10.24651,77.21736,2026-08-21,2032,3.49,330.64,281.18,n,22.42,Low,792.39,790.41,803.12,802.85,54.31,Medium
10.24596,77.22096,2026-08-21,2032,0.45,296.36,273.85,n,1.09,Low,792.39,790.4,803.11,802.85,32.98,Low
10.24541,77.22453,2026-08-21,2032,0.45,299.32,272.63,n,2.74,Low,792.39,790.4,803.1,802.85,34.63,Low
10.24319,77.2169,2026-08-21,2032,3.49,308.07,272.56,n,9.88,Low,792.76,790.78,803.49,803.22,41.78,Low
10.04985,77.95205,2026-08-21,2032,0.42,302.63,270.2,n,4.55,Low,805.18,803.09,814.38,816.4,36.94,Low
10.09488,77.23631,2026-08-21,2032,1.76,300.78,282.58,n,4.53,Low,808.63,806.64,819.27,819.13,37.07,Low
10.09154,77.23588,2026-08-21,2032,1.76,332.12,283.06,n,21.94,Low,809.0,807.01,819.64,819.5,54.49,Medium
10.08821,77.23543,2026-08-21,2032,6.59,341.68,282.74,n,30.88,Low,809.37,807.38,820.01,819.87,63.45,Medium
10.08768,77.23882,2026-08-21,2032,0.84,306.06,282.22,n,6.77,Low,809.38,807.38,820.01,819.88,39.34,Low
9.24785,77.32679,2026-08-21,2032,0.4,304.23,264.54,n,5.43,Low,899.99,897.97,910.23,910.7,41.62,Low
8.74099,77.59838,2026-08-21,2032,0.8200000000000001,309.44,280.22,n,8.64,Low,952.47,950.41,962.13,963.46,46.92,Low
8.74044,77.60186,2026-08-21,2032,0.68,310.06,281.68,n,8.88,Low,952.5,950.43,962.15,963.49,47.17,Low
8.59524,77.89958,2026-08-21,2032,0.29,300.64,278.2,n,3.35,Low,966.13,964.03,975.24,977.37,42.18,Low
7.88986,80.12818,2026-08-21,2032,1.92,315.13,272.23,n,12.62,Low,1055.76,1056.94,1064.45,1071.78,55.11,Medium
35.78955,71.32182,2026-08-21,2203,2.28,296.02,279.83,n,2.28,Low,2136.1,2135.18,2135.21,2137.65,87.72,High
35.78323,71.34509,2026-08-21,2203,2.51,316.02,286.15,n,13.56,Low,2134.71,2133.78,2133.82,2136.25,98.95,High
35.78896,71.32448,2026-08-21,2203,2.06,299.59,279.54,n,4.09,Low,2135.96,2135.03,2135.07,2137.5,89.53,High
35.78307,71.34697,2026-08-21,2203,2.48,312.25,285.66,n,11.44,Low,2134.63,2133.71,2133.74,2136.18,96.82,High
32.29071,70.73856,2026-08-21,2205,3.07,306.65,291.92,n,8.77,Low,1801.48,1800.48,1800.52,1803.22,80.83,High
32.28937,70.73895,2026-08-21,2205,1.86,306.47,291.96,n,7.77,Low,1801.33,1800.33,1800.37,1803.07,79.82,Medium
32.29176,70.73003,2026-08-21,2205,3.24,306.58,291.68,n,8.86,Low,1801.95,1800.94,1800.99,1803.69,80.94,High
27.50491,68.73128,2026-08-21,2208,1.16,305.99,292.47,n,6.98,Low,1475.54,1474.35,1474.45,1477.7,66.0,Medium
27.50355,68.7322,2026-08-21,2208,1.28,314.2,292.54,n,11.63,Low,1475.37,1474.18,1474.27,1477.52,70.64,Medium
6.71469,81.05596,2026-08-22,735,5.45,336.11,284.13,n,26.93,Low,1202.63,1203.84,1211.54,1220.25,75.31,Medium
6.17408,80.89262,2026-08-22,735,1.55,328.94,285.24,n,20.02,Low,1257.4,1258.6,1266.23,1274.43,70.59,Medium
6.32669,81.36333,2026-08-22,735,4.03,332.28,291.14,n,23.73,Low,1252.14,1253.36,1261.11,1270.2,74.1,Medium
6.34838,81.34315,2026-08-22,735,11.74,342.58,296.87,n,35.24,Low,1249.29,1250.51,1258.25,1267.32,85.49,High
6.35328,81.34239,2026-08-22,735,11.74,342.42,292.37,n,35.15,Low,1248.74,1249.96,1257.7,1266.77,85.38,High
6.4117,81.11542,2026-08-22,735,22.91,350.41,290.03,n,47.97,Medium,1236.77,1237.98,1245.68,1254.37,97.72,High
6.43771,81.08816,2026-08-22,735,8.35,341.55,289.68,n,32.12,Low,1233.31,1234.52,1242.21,1250.86,81.73,High
6.439,81.09145,2026-08-22,735,6.58,340.14,289.27,n,30.01,Low,1233.25,1234.46,1242.15,1250.81,79.62,Medium
6.76744,81.79575,2026-08-22,735,4.34,335.16,292.8,n,25.57,Low,1217.4,1218.64,1226.49,1236.55,74.56,Medium
6.7659400000000005,81.58269,2026-08-22,735,6.37,328.81,288.58,n,23.56,Low,1211.16,1212.39,1220.2,1229.89,72.3,Medium
6.76642,81.58532,2026-08-22,735,4.94,330.53,289.07,n,23.44,Low,1211.18,1212.41,1220.22,1229.92,72.18,Medium
6.77002,81.52097,2026-08-22,735,4.78,339.64,288.65,n,28.38,Low,1208.94,1210.17,1217.97,1227.55,77.03,Medium
6.72955,81.2878,2026-08-22,735,6.07,331.18,290.25,n,24.65,Low,1206.88,1208.1,1215.85,1224.99,73.21,Medium
6.78047,81.52434,2026-08-22,735,5.67,331.85,289.22,n,24.72,Low,1207.92,1209.15,1216.95,1226.54,73.33,Medium
6.8743300000000005,81.61431,2026-08-22,735,7.21,330.59,292.71,n,25.18,Low,1200.53,1201.76,1209.59,1219.38,73.49,Medium
6.87378,81.61257,2026-08-22,735,4.9,330.28,292.96,n,23.27,Low,1200.54,1201.77,1209.59,1219.39,71.58,Medium
6.92842,80.95791,2026-08-22,735,3.47,329.42,291.57,n,21.72,Low,1177.21,1178.42,1186.11,1194.73,69.08,Medium
7.32284,81.83524,2026-08-22,735,3.62,332.59,292.97,n,23.6,Low,1159.86,1161.11,1168.99,1179.43,70.29,Medium
7.33841,81.84257,2026-08-22,735,4.32,332.59,292.75,n,24.12,Low,1158.46,1159.71,1167.59,1178.06,70.76,Medium
7.32121,81.73981,2026-08-22,735,2.77,333.03,291.96,n,23.21,Low,1156.94,1158.18,1166.05,1176.32,69.78,Medium
7.33737,81.80772,2026-08-22,735,3.98,337.37,293.59,n,26.52,Low,1157.43,1158.67,1166.55,1176.95,73.12,Medium
7.33641,81.84488,2026-08-22,735,5.49,343.04,293.85,n,30.81,Low,1158.75,1159.99,1167.88,1178.35,77.46,Medium
7.33425,81.80524,2026-08-22,735,4.57,335.6,293.68,n,25.98,Low,1157.68,1158.92,1166.8,1177.19,72.59,Medium
7.36009,81.76063,2026-08-22,735,5.19,341.67,295.43,n,29.82,Low,1153.5,1154.74,1162.61,1172.94,76.26,Medium
7.39444,81.76482,2026-08-22,735,4.55,333.56,295.13,n,24.83,Low,1150.0,1151.24,1159.12,1169.47,71.13,Medium
7.4015,81.54913,2026-08-22,735,7.2,346.53,299.83,n,34.03,Low,1142.47,1143.7,1151.54,1161.51,80.02,High
7.40222,81.54768,2026-08-22,735,8.19,342.18,300.09,n,32.35,Low,1142.35,1143.58,1151.42,1161.38,78.34,Medium
7.4526,81.38583,2026-08-22,735,8.7,343.64,298.44,n,33.55,Low,1132.17,1133.4,1141.21,1150.9,79.13,Medium
7.51929,81.26375,2026-08-22,735,7.14,333.2,292.03,n,26.58,Low,1121.57,1122.79,1130.58,1140.07,71.73,Medium
7.87591,81.39789,2026-08-22,735,3.11,334.98,287.37,n,24.54,Low,1087.44,1088.67,1096.51,1106.45,68.33,Medium
7.90395,81.47636,2026-08-22,735,4.51,339.6,289.96,n,28.16,Low,1086.87,1088.11,1095.96,1106.07,71.93,Medium
7.68064,80.17931,2026-08-22,735,2.2,327.95,291.6,n,19.96,Low,1079.5,1080.68,1088.19,1095.56,63.4,Medium
7.90481,81.42422,2026-08-22,735,3.86,333.99,288.13,n,24.56,Low,1085.17,1086.4,1094.24,1104.26,68.26,Medium
8.0697,81.24239,2026-08-22,735,13.1,341.28,292.31,n,35.54,Low,1062.17,1063.4,1071.21,1080.97,78.32,Medium
8.0688,81.23716,2026-08-22,735,13.1,341.01,293.77,n,35.39,Low,1062.11,1063.34,1071.16,1080.9,78.17,Medium
8.13909,81.41647,2026-08-22,735,5.38,334.56,292.38,n,26.01,Low,1060.06,1061.29,1069.15,1079.29,68.71,Medium
8.18642,81.32485,2026-08-22,735,9.57,342.21,292.39,n,33.41,Low,1052.21,1053.44,1061.28,1071.27,75.79,Medium
8.3067,80.45334,2026-08-22,735,3.16,338.58,296.14,n,26.58,Low,1016.62,1017.82,1025.45,1033.66,67.52,Medium
8.50192,80.8325,2026-08-22,735,4.76,333.29,292.81,n,24.84,Low,1004.54,1005.76,1013.51,1022.66,65.3,Medium
8.61922,81.18944,2026-08-22,735,10.33,333.89,296.8,n,29.35,Low,1002.08,1003.32,1011.15,1021.13,69.73,Medium
8.63243,80.87387,2026-08-22,735,3.96,333.89,296.65,n,24.58,Low,991.63,992.85,1000.62,1009.93,64.53,Medium
8.38548,77.54631,2026-08-22,735,5.8,332.37,294.62,n,25.11,Low,992.15,990.09,1001.83,1003.13,64.98,Medium
9.29744,77.75079,2026-08-22,735,1.45,330.78,287.77,n,20.97,Low,889.73,887.66,899.21,900.82,56.74,Medium
9.29573,77.75149,2026-08-22,737,1.47,333.98,287.66,n,22.76,Low,889.91,887.84,899.39,901.0,58.54,Medium
9.29351,77.3167,2026-08-22,737,7.09,334.7,287.41,n,27.37,Low,895.13,893.11,905.39,905.82,63.36,Medium
10.75991,79.65319,2026-08-22,737,2.68,336.62,291.23,n,25.13,Low,734.08,735.26,742.76,750.15,54.75,Medium
11.41039,78.7151,2026-08-22,737,1.96,339.14,297.26,n,25.99,Low,653.38,651.87,661.5,665.99,52.32,Medium
11.40803,78.71432,2026-08-22,737,2.35,336.41,297.37,n,24.77,Low,653.64,652.13,661.76,666.25,51.11,Medium
11.72925,78.6898,2026-08-22,737,1.86,331.96,290.07,n,21.93,Low,618.05,616.51,626.18,630.62,46.84,Low
11.72656,78.68904,2026-08-22,737,0.95,333.4,289.76,n,22.05,Low,618.34,616.8,626.47,630.91,46.98,Low
12.23923,79.42413,2026-08-22,737,2.81,332.77,295.75,n,23.09,Low,568.54,569.72,577.23,584.74,46.09,Low
15.16347,77.15242,2026-08-22,737,5.49,330.11,293.56,n,23.62,Low,273.04,271.58,281.58,280.27,34.68,Low
15.16272,77.14871,2026-08-22,737,5.69,331.26,293.65,n,24.41,Low,273.31,271.84,281.83,280.52,35.48,Low
15.20629,77.16636,2026-08-22,737,6.06,337.41,292.33,n,28.11,Low,268.18,266.72,276.66,275.37,38.98,Low
15.20609,77.16582,2026-08-22,737,6.3,330.78,292.09,n,24.6,Low,268.23,266.77,276.71,275.41,35.47,Low
16.19788,78.35836,2026-08-22,737,3.75,333.26,282.6,n,24.07,Low,123.62,121.51,133.25,135.13,29.21,Low
16.66123,77.32803,2026-08-22,737,4.72,335.42,294.4,n,26.0,Low,135.51,135.06,135.97,136.99,31.44,Low
21.92436,85.22442,2026-08-22,739,2.33,328.0,287.89,n,20.08,Low,853.4,850.61,856.59,875.49,54.44,Medium
22.36426,87.3003,2026-08-22,739,3.04,333.91,294.57,n,23.9,Low,1061.6,1058.4,1064.59,1085.08,66.6,Medium
22.36824,87.3037,2026-08-22,739,7.65,339.4,295.97,n,30.4,Low,1062.12,1058.92,1065.11,1085.6,73.12,Medium
22.3785,87.27773,2026-08-22,739,4.94,331.88,294.66,n,24.19,Low,1060.33,1057.15,1063.33,1083.77,66.84,Medium
23.55723,87.24088,2026-08-22,739,5.86,336.79,284.1,n,27.61,Low,1126.54,1123.92,1129.8,1147.89,72.89,Medium
23.56066,87.24033,2026-08-22,739,5.86,338.44,285.8,n,28.53,Low,1126.71,1124.1,1129.97,1148.06,73.82,Medium
23.55952,87.23223,2026-08-22,739,4.78,339.73,286.05,n,28.44,Low,1125.96,1123.35,1129.23,1147.3,73.7,Medium
23.66381,87.15797,2026-08-22,739,2.97,334.21,298.17,n,24.01,Low,1126.47,1123.93,1129.77,1147.56,69.29,Medium
23.66324,87.15393,2026-08-22,739,2.97,339.39,298.38,n,26.89,Low,1126.1,1123.56,1129.4,1147.18,72.15,Medium
23.68436,86.39455,2026-08-22,739,6.05,340.32,296.73,n,29.72,Low,1065.8,1063.51,1069.19,1085.91,72.56,Medium
23.76498,86.40456,2026-08-22,739,7.66,340.68,295.23,n,31.12,Low,1072.18,1069.94,1075.6,1092.16,74.22,Medium
25.03907,96.37116,2026-08-22,739,3.74,326.69,287.84,n,20.41,Low,2025.73,2022.11,2028.49,2049.91,101.67,High
25.38784,86.15111,2026-08-22,739,1.86,332.18,294.15,n,22.05,Low,1175.61,1174.02,1179.29,1192.4,69.26,Medium
25.98661,90.07365,2026-08-22,739,2.88,330.23,278.18,n,21.73,Low,1516.13,1513.74,1519.49,1536.57,82.59,High
29.45792,76.8695,2026-08-22,741,14.92,330.42,294.61,n,30.87,Low,1328.5,1327.25,1327.78,1329.65,84.0,High
29.45699,76.86504,2026-08-22,741,13.33,346.56,298.27,n,38.64,Low,1328.45,1327.2,1327.73,1329.6,91.77,High
29.46118,76.86392,2026-08-22,741,13.33,339.97,293.77,n,34.98,Low,1328.92,1327.67,1328.2,1330.07,88.13,High
29.46026,76.85947,2026-08-22,741,13.33,330.53,292.28,n,29.74,Low,1328.87,1327.62,1328.15,1330.02,82.89,High
29.88109,72.81339,2026-08-22,741,3.04,338.62,297.12,n,26.51,Low,1475.71,1474.74,1474.78,1477.38,85.54,High
29.95708,72.17453,2026-08-22,741,15.89,367.0,296.48,h,51.92,Medium,1508.89,1507.88,1507.93,1510.62,112.27,High
30.0458,71.99122,2026-08-22,744,4.78,335.37,295.3,n,26.01,Low,1525.45,1524.44,1524.48,1527.19,87.03,High
30.04478,71.98708,2026-08-22,744,4.78,347.51,295.46,n,32.76,Low,1525.52,1524.51,1524.56,1527.26,93.78,High
30.57678,72.26831,2026-08-22,744,1.63,330.49,294.83,n,20.94,Low,1567.43,1566.44,1566.49,1569.11,83.63,High
30.57812,72.26745,2026-08-22,744,1.88,331.67,294.64,n,21.78,Low,1567.6,1566.61,1566.65,1569.28,84.48,High
31.57732,73.91469,2026-08-22,744,6.0,334.27,294.19,n,26.32,Low,1616.51,1615.51,1615.65,1617.98,90.98,High
31.24405,70.69089,2026-08-22,744,2.99,331.79,293.6,n,22.68,Low,1700.67,1699.63,1699.68,1702.46,90.7,High
35.78005,71.34366,2026-08-22,744,5.71,367.0,310.03,h,44.28,Medium,2134.43,2133.5,2133.53,2135.97,129.65,Critical
35.77949,71.34142,2026-08-22,744,5.71,352.2,306.67,n,36.06,Low,2134.44,2133.51,2133.55,2135.98,121.43,Critical
35.78503,71.34227,2026-08-22,744,3.86,337.64,304.99,n,26.58,Low,2134.99,2134.06,2134.1,2136.53,111.98,High
25.38739,68.584,2026-08-22,922,2.2,336.12,295.4,n,24.49,Low,1326.7,1325.47,1325.58,1329.0,77.56,Medium
30.07782,72.41095,2026-08-22,924,5.66,338.8,292.54,n,28.58,Low,1511.37,1510.38,1510.43,1513.07,89.03,High
37.34826,97.40997,2026-08-22,2004,1.03,299.33,283.49,n,3.18,Low,2871.67,2870.43,2875.47,2886.31,118.22,High
35.98956,94.83291,2026-08-22,2004,1.45,298.28,277.92,n,2.91,Low,2603.5,2602.36,2607.06,2617.53,107.21,High
23.75426,85.85425,2026-08-22,2008,1.37,314.65,284.25,n,11.94,Low,1028.44,1026.39,1031.92,1047.67,53.28,Medium
20.86423,84.99176,2026-08-22,2008,1.15,305.53,284.32,n,6.71,Low,772.29,768.91,775.18,796.29,37.84,Low
20.86481,84.9881,2026-08-22,2008,1.27,309.45,284.82,n,8.98,Low,771.98,768.61,774.88,795.98,40.09,Low
20.87026,84.99661,2026-08-22,2008,1.75,305.12,285.6,n,6.93,Low,773.05,769.67,775.94,797.04,38.09,Low
20.88578,84.98428,2026-08-22,2008,1.23,304.65,286.19,n,6.28,Low,772.72,769.36,775.62,796.7,37.42,Low
20.94061,86.0614,2026-08-22,2008,0.62,305.0,276.55,n,6.02,Low,875.89,872.25,878.64,900.1,41.29,Low
20.95027,86.04403,2026-08-22,2008,1.39,300.51,276.88,n,4.1,Low,874.69,871.06,877.45,898.9,39.32,Low
20.96898,86.01307,2026-08-22,2008,2.65,319.71,280.53,n,15.72,Low,872.64,869.03,875.4,896.83,50.86,Medium
20.96958,86.00936,2026-08-22,2008,2.65,330.3,280.45,n,21.6,Low,872.32,868.71,875.08,896.51,56.73,Medium
20.9735,86.00627,2026-08-22,2008,1.39,304.37,278.98,n,6.25,Low,872.21,868.6,874.98,896.4,41.37,Low
21.00038,86.02657,2026-08-22,2008,0.51,299.94,273.93,n,3.13,Low,875.38,871.78,878.16,899.56,38.38,Low
22.00386,82.66874,2026-08-22,2008,1.93,310.8,278.79,n,10.23,Low,659.41,657.88,663.1,676.15,36.8,Low
22.03203,83.36678,2026-08-22,2008,1.44,303.47,285.55,n,5.79,Low,711.44,709.58,715.0,729.91,34.45,Low
22.03156,83.36552,2026-08-22,2008,1.15,308.14,285.71,n,8.16,Low,711.31,709.45,714.87,729.78,36.81,Low
22.01341,83.75511,2026-08-22,2008,1.06,304.08,286.39,n,5.84,Low,739.39,737.33,742.87,758.77,35.62,Low
22.06613,83.70398,2026-08-22,2008,1.05,312.11,286.88,n,10.29,Low,739.38,737.39,742.88,758.52,40.07,Low
22.05333,85.46575,2026-08-22,2008,0.32,299.31,275.48,n,2.63,Low,882.05,879.25,885.23,904.18,38.14,Low
22.21849,84.75478,2026-08-22,2008,0.71,306.41,283.8,n,6.87,Low,833.22,830.8,836.57,853.95,40.42,Low
22.22124,84.75909,2026-08-22,2008,0.71,302.73,283.0,n,4.83,Low,833.76,831.34,837.1,854.49,38.4,Low
22.57128,85.89787,2026-08-22,2008,1.74,311.38,289.7,n,10.4,Low,951.18,948.51,954.42,972.79,48.67,Low
22.57247,85.89046,2026-08-22,2008,1.49,309.05,289.7,n,8.92,Low,950.63,947.96,953.87,972.23,47.17,Low
22.57577,85.89106,2026-08-22,2008,1.53,308.49,290.06,n,8.64,Low,950.89,948.22,954.13,972.48,46.9,Low
22.59049,85.90527,2026-08-22,2008,2.02,309.42,289.55,n,9.53,Low,953.02,950.36,956.26,974.6,47.87,Low
22.6097,85.91267,2026-08-22,2008,1.21,309.26,282.62,n,8.83,Low,954.87,952.21,958.11,976.42,47.25,Low
23.16562,82.3415,2026-08-22,2008,0.63,305.08,263.61,n,6.07,Low,741.95,741.06,744.85,754.74,35.9,Low
22.78465,86.0052,2026-08-22,2008,0.64,304.08,284.43,n,5.52,Low,973.84,971.24,977.11,995.16,44.69,Low
22.79791,86.09208,2026-08-22,2008,1.36,316.12,280.64,n,12.75,Low,981.95,979.33,985.21,1003.35,52.25,Medium
22.808,86.08934,2026-08-22,2008,0.51,301.5,280.42,n,3.99,Low,982.37,979.76,985.63,1003.75,43.51,Low
22.792,86.20931,2026-08-22,2008,1.59,306.36,280.75,n,7.5,Low,991.41,988.75,994.66,1012.97,47.38,Low
22.79591,86.2062,2026-08-22,2008,0.85,303.11,279.63,n,5.14,Low,991.4,988.74,994.64,1012.95,45.02,Low
22.87344,86.06319,2026-08-22,2008,1.49,316.43,285.9,n,13.02,Low,984.42,981.85,987.7,1005.64,52.62,Medium
24.66097,74.6322,2026-08-22,2008,1.35,303.48,289.72,n,5.72,Low,874.69,873.66,873.71,876.47,40.71,Low
24.71618,75.953,2026-08-22,2008,0.56,302.53,287.47,n,4.6,Low,830.81,829.85,829.93,832.32,37.83,Low
23.6631,85.00007,2026-08-22,2008,0.78,307.72,284.51,n,7.65,Low,957.56,955.76,961.15,975.58,46.15,Low
23.66699,84.99687,2026-08-22,2008,0.78,305.87,284.1,n,6.62,Low,957.63,955.83,961.22,975.63,45.12,Low
23.60973,85.67503,2026-08-22,2008,0.76,308.45,282.97,n,8.04,Low,1004.14,1002.09,1007.62,1023.37,48.41,Low
23.64662,85.43901,2026-08-22,2008,0.88,314.18,281.11,n,11.32,Low,988.88,986.94,992.41,1007.67,51.08,Medium
23.6472,85.43526,2026-08-22,2008,0.88,304.38,280.87,n,5.87,Low,988.64,986.7,992.17,1007.43,45.62,Low
23.64993,85.43962,2026-08-22,2008,0.53,303.86,281.64,n,5.32,Low,989.18,987.23,992.7,1007.96,45.09,Low
23.65051,85.43587,2026-08-22,2008,0.53,306.44,281.3,n,6.75,Low,988.94,987.0,992.46,1007.72,46.51,Low
23.71957,85.01024,2026-08-22,2008,0.74,308.24,282.87,n,7.91,Low,962.68,960.9,966.28,980.6,46.61,Low
23.67462,85.32437,2026-08-22,2008,1.02,304.67,283.89,n,6.14,Low,982.38,980.48,985.92,1000.93,45.64,Low
23.65651,85.50643,2026-08-22,2008,0.8200000000000001,302.38,280.17,n,4.71,Low,994.72,992.76,998.23,1013.6,44.7,Low
23.73948,85.00904,2026-08-22,2008,1.92,310.65,285.88,n,10.13,Low,964.14,962.37,967.74,982.02,48.89,Low
23.69452,85.36971,2026-08-22,2008,1.49,308.97,283.86,n,8.88,Low,987.27,985.36,990.81,1005.85,48.57,Low
23.71059,85.28751,2026-08-22,2008,0.8,308.75,280.99,n,8.24,Low,982.36,980.48,985.91,1000.77,47.74,Low
23.82228,84.57104,2026-08-22,2008,0.72,302.53,272.31,n,4.72,Low,939.67,938.07,943.34,956.56,42.5,Low
23.82564,84.57165,2026-08-22,2008,0.72,302.04,273.03,n,4.45,Low,939.98,938.39,943.65,956.87,42.24,Low
23.82765,84.92325,2026-08-22,2008,0.43,302.42,282.28,n,4.44,Low,964.88,963.17,968.51,982.43,43.23,Low
23.74471,85.50642,2026-08-22,2008,0.62,307.52,284.25,n,7.42,Low,1001.29,999.36,1004.82,1019.99,47.67,Low
23.67667,86.08633,2026-08-22,2008,0.8300000000000001,308.2,279.07,n,7.96,Low,1040.89,1038.71,1044.33,1060.6,49.81,Low
23.68147,86.0988,2026-08-22,2008,0.33,300.33,272.9,n,3.21,Low,1042.21,1040.03,1045.64,1061.92,45.11,Low
23.68207,86.09506,2026-08-22,2008,0.33,304.46,271.19,n,5.5,Low,1041.96,1039.78,1045.39,1061.67,47.39,Low
23.78123,85.57403,2026-08-22,2008,1.57,305.43,284.26,n,6.97,Low,1009.1,1007.17,1012.63,1027.85,47.54,Low
23.78473,85.55153,2026-08-22,2008,0.47,303.07,281.53,n,4.84,Low,1007.67,1005.74,1011.2,1026.37,45.35,Low
23.78804,85.55214,2026-08-22,2008,1.26,314.76,282.58,n,11.92,Low,1007.96,1006.04,1011.49,1026.66,52.44,Medium
28.66381,77.57708,2026-08-22,2008,1.14,314.6,288.43,n,11.74,Low,1234.43,1233.56,1234.21,1235.92,61.12,Medium
23.75485,85.8505,2026-08-22,2008,1.25,304.65,283.43,n,6.3,Low,1028.19,1026.15,1031.68,1047.41,47.63,Low
23.75756,85.85487,2026-08-22,2008,1.37,312.65,284.12,n,10.83,Low,1028.73,1026.68,1032.21,1047.95,52.19,Medium
23.67349,86.40237,2026-08-22,2008,1.25,303.05,278.73,n,5.41,Low,1065.67,1063.38,1069.06,1085.81,48.25,Low
23.6741,86.39861,2026-08-22,2008,1.47,304.95,279.27,n,6.63,Low,1065.41,1063.12,1068.81,1085.55,49.46,Low
23.6774,86.39924,2026-08-22,2008,1.47,318.96,280.77,n,14.41,Low,1065.69,1063.4,1069.09,1085.82,57.25,Medium
23.67801,86.39548,2026-08-22,2008,1.47,313.67,280.63,n,11.47,Low,1065.43,1063.15,1068.83,1085.56,54.3,Medium
23.68131,86.39611,2026-08-22,2008,1.78,312.42,281.27,n,11.01,Low,1065.71,1063.43,1069.11,1085.83,53.85,Medium
23.68522,86.39298,2026-08-22,2008,2.79,318.66,280.76,n,15.24,Low,1065.73,1063.45,1069.13,1085.84,58.08,Medium
23.70707,86.44749,2026-08-22,2008,1.4,302.79,275.82,n,5.38,Low,1071.59,1069.3,1074.98,1091.73,48.46,Low
23.71037,86.44811,2026-08-22,2008,1.4,316.07,277.41,n,12.76,Low,1071.86,1069.58,1075.26,1092.0,55.85,Medium
23.71462,86.42181,2026-08-22,2008,1.19,307.49,278.36,n,7.83,Low,1070.06,1067.78,1073.46,1090.16,50.84,Medium
23.71307,86.4525,2026-08-22,2008,1.28,314.36,274.01,n,11.72,Low,1072.4,1070.11,1075.8,1092.54,54.83,Medium
23.71368,86.44874,2026-08-22,2008,1.28,305.31,275.58,n,6.69,Low,1072.14,1069.86,1075.54,1092.27,49.79,Low
23.7182,86.44186,2026-08-22,2008,1.76,306.47,277.84,n,7.69,Low,1071.91,1069.62,1075.3,1092.02,50.78,Medium
23.72453,86.4237,2026-08-22,2008,1.02,303.85,274.68,n,5.68,Low,1070.9,1068.62,1074.3,1090.98,48.73,Low
23.77052,86.19984,2026-08-22,2008,0.5700000000000001,302.18,281.08,n,4.42,Low,1056.43,1054.26,1059.87,1076.13,46.89,Low
23.77112,86.19609,2026-08-22,2008,0.5700000000000001,308.73,280.99,n,8.06,Low,1056.18,1054.01,1059.62,1075.87,50.52,Medium
23.73694,86.42928,2026-08-22,2008,2.38,308.1,282.51,n,9.06,Low,1072.2,1069.93,1075.6,1092.26,52.16,Medium
23.73633,86.43303,2026-08-22,2008,2.38,330.14,283.11,n,21.31,Low,1072.46,1070.19,1075.86,1092.53,64.42,Medium
23.77592,86.20858,2026-08-22,2008,1.6,303.47,281.17,n,5.91,Low,1057.5,1055.33,1060.94,1077.2,48.42,Low
23.77922,86.20919,2026-08-22,2008,1.47,321.79,282.09,n,15.99,Low,1057.78,1055.61,1061.22,1077.47,58.51,Medium
23.75233,86.39735,2026-08-22,2008,0.95,305.3,281.57,n,6.43,Low,1070.73,1068.48,1074.14,1090.73,49.47,Low
23.78252,86.20982,2026-08-22,2008,1.47,306.98,282.05,n,7.76,Low,1058.07,1055.9,1061.51,1077.75,50.29,Medium
23.75259,86.41676,2026-08-22,2008,1.47,310.5,284.06,n,9.71,Low,1072.29,1070.03,1075.7,1092.31,52.81,Medium
23.75772,86.40613,2026-08-22,2008,1.76,307.26,284.32,n,8.13,Low,1071.8,1069.55,1075.21,1091.8,51.21,Medium
23.75833,86.40237,2026-08-22,2008,1.76,321.39,285.21,n,15.98,Low,1071.55,1069.3,1074.96,1091.54,59.05,Medium
23.76224,86.39925,2026-08-22,2008,1.64,308.2,284.46,n,8.56,Low,1071.57,1069.33,1074.98,1091.55,51.63,Medium
23.76345,86.39174,2026-08-22,2008,2.08,307.6,284.56,n,8.56,Low,1071.06,1068.82,1074.47,1091.03,51.61,Medium
23.76163,86.403,2026-08-22,2008,2.89,325.95,285.26,n,19.36,Low,1071.83,1069.58,1075.24,1091.81,62.44,Medium
23.76554,86.39987,2026-08-22,2008,1.64,309.21,284.91,n,9.12,Low,1071.85,1069.61,1075.26,1091.82,52.21,Medium
23.76493,86.40363,2026-08-22,2008,2.89,327.37,285.66,n,20.15,Low,1072.11,1069.86,1075.52,1092.09,63.25,Medium
23.76823,86.40426,2026-08-22,2008,1.61,313.83,284.92,n,11.67,Low,1072.39,1070.14,1075.8,1092.36,54.78,Medium
23.7749,86.36295,2026-08-22,2008,2.66,322.61,284.94,n,17.33,Low,1069.58,1067.35,1073.0,1089.49,60.32,Medium
23.77457,86.38611,2026-08-22,2008,1.52,308.73,285.05,n,8.77,Low,1071.39,1069.15,1074.81,1091.33,51.84,Medium
23.78062,86.34858,2026-08-22,2008,2.08,315.53,284.61,n,12.97,Low,1068.85,1066.63,1072.27,1088.72,55.93,Medium
23.77727,86.39049,2026-08-22,2008,1.76,314.36,284.97,n,12.08,Low,1071.93,1069.69,1075.34,1091.86,55.17,Medium
23.77787,86.38673,2026-08-22,2008,2.2,312.67,284.99,n,11.47,Low,1071.67,1069.43,1075.09,1091.6,54.55,Medium
23.7803,86.37172,2026-08-22,2008,1.29,308.3,284.73,n,8.36,Low,1070.65,1068.42,1074.07,1090.56,51.4,Medium
23.78514,86.3417,2026-08-22,2008,1.08,309.47,284.94,n,8.85,Low,1068.62,1066.4,1072.04,1088.48,51.81,Medium
23.78057,86.39111,2026-08-22,2008,1.76,317.42,285.83,n,13.78,Low,1072.2,1069.97,1075.62,1092.14,56.88,Medium
23.66223,87.1543,2026-08-22,2008,1.5,310.48,267.81,n,9.73,Low,1126.07,1123.53,1129.36,1147.15,54.99,Medium
23.79383,86.35108,2026-08-22,2008,1.52,309.25,285.21,n,9.06,Low,1069.97,1067.75,1073.39,1089.83,52.07,Medium
23.66493,87.15879,2026-08-22,2008,0.19,298.22,265.75,n,1.93,Low,1126.61,1124.07,1129.91,1147.7,47.21,Low
23.66556,87.15495,2026-08-22,2008,0.53,297.9,268.08,n,2.01,Low,1126.34,1123.8,1129.63,1147.41,47.28,Low
23.79713,86.35172,2026-08-22,2008,2.06,318.21,285.52,n,14.44,Low,1070.25,1068.04,1073.68,1090.1,57.46,Medium
23.80076,86.32919,2026-08-22,2008,2.14,313.28,285.2,n,11.76,Low,1068.73,1066.53,1072.16,1088.54,54.72,Medium
23.80196,86.32169,2026-08-22,2008,3.01,327.12,285.89,n,20.1,Low,1068.22,1066.02,1071.65,1088.03,63.04,Medium
23.80466,86.32607,2026-08-22,2008,2.14,305.78,285.54,n,7.59,Low,1068.76,1066.56,1072.19,1088.56,50.55,Medium
23.80406,86.32982,2026-08-22,2008,2.14,334.6,287.18,n,23.61,Low,1069.01,1066.81,1072.44,1088.82,66.58,Medium
23.68862,87.11987,2026-08-22,2008,0.15,296.46,263.58,n,0.92,Low,1124.94,1122.42,1128.24,1145.93,46.14,Low
23.69131,87.12435,2026-08-22,2008,0.16,295.39,264.22,n,0.34,Low,1125.48,1122.96,1128.79,1146.48,45.58,Low
23.69195,87.12051,2026-08-22,2008,0.48,297.67,263.87,n,1.84,Low,1125.21,1122.69,1128.51,1146.2,47.07,Low
23.6964,87.09367,2026-08-22,2008,0.29,297.41,264.68,n,1.56,Low,1123.28,1120.78,1126.59,1144.24,46.71,Low
24.1144,86.86147,2026-08-22,2008,1.07,308.81,283.21,n,8.47,Low,1132.68,1130.44,1136.1,1152.63,53.99,Medium
24.11502,86.85769,2026-08-22,2008,1.07,307.86,282.2,n,7.95,Low,1132.43,1130.19,1135.84,1152.37,53.46,Medium
25.5415,91.23676,2026-08-22,2008,1.22,301.27,277.81,n,4.4,Low,1585.54,1582.75,1588.73,1607.44,68.04,Medium
28.34062,77.22081,2026-08-22,2008,0.35,299.75,275.94,n,2.9,Low,1201.8,1200.53,1201.11,1202.92,50.96,Medium
15.18365,76.66782,2026-08-22,2010,3.25,299.67,269.5,n,5.03,Low,300.07,298.89,305.96,305.5,17.13,Low
15.17784,76.67703,2026-08-22,2010,2.83,302.6,271.96,n,6.34,Low,299.97,298.79,305.93,305.44,18.44,Low
15.18495,76.66499,2026-08-22,2010,1.01,295.13,269.54,n,0.83,Low,300.15,298.97,306.02,305.56,12.94,Low
15.18033,76.66441,2026-08-22,2010,1.2,296.01,270.58,n,1.46,Low,300.59,299.41,306.47,306.01,13.58,Low
15.17907,76.67417,2026-08-22,2010,1.99,298.84,271.44,n,3.63,Low,300.05,298.87,305.99,305.51,15.73,Low
21.109,72.63563,2026-08-22,2010,2.38,296.9,276.1,n,2.84,Low,711.46,710.2,710.33,713.86,31.3,Low
21.10789,72.63438,2026-08-22,2010,1.56,297.41,276.62,n,2.51,Low,711.51,710.24,710.37,713.9,30.97,Low
21.10257,72.63496,2026-08-22,2010,3.3,314.08,277.35,n,13.07,Low,711.14,709.87,710.0,713.53,41.52,Low
21.10811,72.64683,2026-08-22,2010,1.89,299.65,276.31,n,4.0,Low,710.43,709.17,709.3,712.83,32.42,Low
21.10692,72.64557,2026-08-22,2010,2.11,306.14,276.15,n,7.77,Low,710.47,709.21,709.34,712.87,36.19,Low
21.10145,72.63374,2026-08-22,2010,2.52,312.46,278.17,n,11.59,Low,711.18,709.91,710.04,713.57,40.04,Low
17.14179,77.18325,2026-08-22,2010,0.97,300.35,286.5,n,3.7,Low,122.42,121.47,121.77,124.26,8.6,Low
10.08541,77.24478,2026-08-22,2012,1.5,316.57,289.35,n,13.11,Low,809.52,807.53,820.14,820.03,45.68,Low
10.0821,77.23841,2026-08-22,2012,1.95,305.95,289.39,n,7.55,Low,809.99,808.0,820.62,820.5,40.14,Low
9.63003,77.42585,2026-08-22,2012,0.75,299.48,270.94,n,3.05,Low,856.69,854.67,866.84,867.45,37.51,Low
9.00172,80.64706,2026-08-22,2012,1.01,309.5,281.17,n,8.81,Low,946.03,947.24,954.97,963.99,46.93,Low
8.55599,80.63945,2026-08-22,2012,0.71,303.77,269.28,n,5.4,Low,993.88,995.09,1002.78,1011.54,45.43,Low
8.06492,80.76916,2026-08-22,2012,0.42,299.13,273.3,n,2.61,Low,1050.0,1051.21,1058.91,1067.69,44.89,Low
8.06154,80.76864,2026-08-22,2012,4.08,336.76,274.31,n,26.26,Low,1050.35,1051.56,1059.27,1068.04,68.55,Medium
7.91703,81.22473,2026-08-22,2012,0.37,299.45,280.44,n,2.75,Low,1077.95,1079.18,1086.98,1096.61,46.16,Low
7.90925,81.23074,2026-08-22,2012,0.31,301.02,281.8,n,3.58,Low,1078.95,1080.18,1087.98,1097.62,47.03,Low
11.81559,77.91829,2026-08-22,2012,1.22,302.45,280.35,n,5.05,Low,610.63,608.56,620.25,621.68,29.66,Low
10.68565,77.50634,2026-08-22,2012,1.55,316.98,292.29,n,13.37,Low,739.75,737.73,750.03,750.45,43.15,Low
10.61528,77.4217,2026-08-22,2012,0.7000000000000001,309.99,292.12,n,8.85,Low,748.71,746.7,759.14,759.33,38.99,Low
10.2395,77.21495,2026-08-22,2012,1.38,306.04,285.61,n,7.17,Low,793.2,791.22,803.93,803.65,39.09,Low
10.93126,77.0644,2026-08-22,2012,0.62,306.28,289.45,n,6.73,Low,720.85,718.92,732.15,730.99,35.76,Low
10.92703,77.06378,2026-08-22,2012,0.53,300.75,289.03,n,3.59,Low,721.33,719.39,732.62,731.46,32.64,Low
6.59516,81.25749,2026-08-22,2014,3.59,337.62,282.28,n,26.37,Low,1220.54,1221.75,1229.49,1238.52,75.47,Medium
6.85888,81.5591,2026-08-22,2014,0.4,306.71,280.03,n,6.81,Low,1200.55,1201.79,1209.6,1219.29,55.12,Medium
7.00877,81.18748,2026-08-22,2014,0.91,299.81,275.77,n,3.35,Low,1174.26,1175.47,1183.22,1192.31,50.6,Medium
6.93446,81.59588,2026-08-22,2014,0.56,298.79,276.78,n,2.53,Low,1193.58,1194.81,1202.63,1212.43,50.56,Medium
6.81104,81.30546,2026-08-22,2014,1.46,310.87,277.41,n,9.91,Low,1198.6,1199.82,1207.58,1216.79,58.14,Medium
7.21913,81.1442,2026-08-22,2014,0.46,302.36,284.96,n,4.43,Low,1150.52,1151.74,1159.48,1168.59,50.73,Medium
7.01209,81.18801,2026-08-22,2014,1.6,317.06,277.21,n,13.46,Low,1173.91,1175.13,1182.87,1191.97,60.7,Medium
7.00823,81.19087,2026-08-22,2014,0.43,298.18,276.65,n,2.09,Low,1174.4,1175.62,1183.36,1192.46,49.35,Low
6.96207,81.59312,2026-08-22,2014,1.71,320.4,277.46,n,15.39,Low,1190.55,1191.79,1199.61,1209.42,63.3,Medium
7.10348,80.99658,2026-08-22,2014,0.77,301.12,281.62,n,3.98,Low,1159.24,1160.46,1168.16,1176.94,50.63,Medium
6.939,80.96082,2026-08-22,2014,0.74,304.14,271.98,n,5.63,Low,1176.14,1177.35,1185.04,1193.67,52.95,Medium
6.93567,80.96031,2026-08-22,2014,0.54,295.53,270.9,n,0.7,Low,1176.49,1177.7,1185.38,1194.01,48.04,Low
6.78544,81.53284,2026-08-22,2014,0.66,306.42,280.53,n,6.84,Low,1207.63,1208.86,1216.67,1226.28,55.43,Medium
6.81436,81.30598,2026-08-22,2014,1.46,317.36,278.17,n,13.52,Low,1198.26,1199.48,1207.24,1216.45,61.73,Medium
32.0888,74.16383,2026-08-22,2146,0.77,302.24,282.9,n,4.6,Low,1664.51,1663.47,1663.67,1665.92,71.18,Medium
28.42265,69.70271,2026-08-22,2148,1.24,306.25,293.81,n,7.18,Low,1490.39,1489.26,1489.34,1492.43,66.79,Medium
26.25974,74.09682,2026-08-22,2148,0.87,301.85,288.7,n,4.46,Low,1057.74,1056.73,1056.78,1059.47,46.77,Low
24.66165,74.63514,2026-08-22,2148,1.61,301.51,288.82,n,4.82,Low,874.62,873.6,873.65,876.41,39.8,Low
21.10465,72.63463,2026-08-22,2150,1.71,303.18,287.89,n,5.83,Low,711.29,710.02,710.16,713.68,34.28,Low
21.1083,72.64712,2026-08-22,2150,1.43,305.07,288.17,n,6.67,Low,710.42,709.15,709.28,712.81,35.09,Low
6.38365,81.1438,2026-08-23,716,6.25,330.47,284.67,n,24.39,Low,1240.48,1241.69,1249.39,1258.12,74.29,Medium
6.37194,81.33924,2026-08-23,716,12.65,347.15,286.21,n,38.46,Low,1246.65,1247.87,1255.61,1264.69,88.61,High
6.38213,81.1468,2026-08-23,716,6.68,333.25,285.36,n,26.26,Low,1240.72,1241.93,1249.63,1258.37,76.17,Medium
6.36817,81.33694,2026-08-23,716,14.47,328.48,285.99,n,29.45,Low,1247.0,1248.22,1255.96,1265.02,79.61,Medium
8.5725,80.62511,2026-08-23,718,10.15,331.61,286.57,n,27.95,Low,991.75,992.96,1000.65,1009.38,67.9,Medium
8.47523,80.67675,2026-08-23,718,5.61,332.86,287.79,n,25.24,Low,1003.49,1004.7,1012.41,1021.2,65.66,Medium
8.07671,80.76878,2026-08-23,718,14.65,344.09,279.93,n,38.26,Low,1048.72,1049.93,1057.63,1066.42,80.49,High
8.07786,80.77467,2026-08-23,718,14.89,333.38,279.72,n,32.49,Low,1048.74,1049.95,1057.65,1066.45,74.72,Medium
8.07391,80.77219,2026-08-23,718,18.56,354.43,281.55,n,46.94,Medium,1049.1,1050.32,1058.02,1066.81,89.18,High
8.99527,80.7809,2026-08-23,718,9.1,332.78,287.89,n,27.81,Low,950.22,951.44,959.21,968.52,66.1,Medium
7.80901,81.38439,2026-08-23,718,8.14,343.87,290.73,n,33.26,Low,1094.15,1095.38,1103.21,1113.09,77.32,Medium
7.80918,81.38655,2026-08-23,718,9.2,336.18,290.84,n,29.78,Low,1094.19,1095.43,1103.26,1113.14,73.84,Medium
7.30336,81.1138,2026-08-23,718,4.61,329.2,290.33,n,22.46,Low,1140.68,1141.89,1149.64,1158.73,68.37,Medium
7.35866,81.40395,2026-08-23,718,7.21,328.15,293.27,n,23.82,Low,1142.72,1143.95,1151.76,1161.43,69.82,Medium
7.34757,81.45149,2026-08-23,718,8.35,331.66,294.63,n,26.63,Low,1145.29,1146.52,1154.34,1164.09,72.73,Medium
7.34827,81.45456,2026-08-23,718,7.2,327.95,294.82,n,23.71,Low,1145.31,1146.54,1154.36,1164.11,69.81,Medium
7.32968,81.81718,2026-08-23,718,5.91,328.91,290.42,n,23.27,Low,1158.55,1159.79,1167.68,1178.09,69.91,Medium
7.32888,81.82094,2026-08-23,718,9.07,335.59,290.03,n,29.35,Low,1158.76,1160.0,1167.88,1178.3,76.0,Medium
7.30796,81.81413,2026-08-23,718,4.73,329.27,290.47,n,22.59,Low,1160.74,1161.99,1169.87,1180.26,69.32,Medium
8.78643,80.98024,2026-08-23,718,6.7,331.0,288.49,n,25.03,Low,978.1,979.33,987.13,996.76,64.44,Medium
6.98739,81.59515,2026-08-23,718,4.74,331.91,291.81,n,24.06,Low,1187.92,1189.15,1196.98,1206.8,71.87,Medium
6.7437000000000005,81.28638,2026-08-23,718,10.99,336.34,291.35,n,31.21,Low,1205.32,1206.54,1214.29,1223.44,79.71,Medium
6.73045,81.28866,2026-08-23,718,9.77,333.87,292.41,n,28.92,Low,1206.81,1208.03,1215.78,1224.92,77.48,Medium
6.71637,81.49741,2026-08-23,718,5.16,327.59,289.92,n,21.98,Low,1214.01,1215.24,1223.03,1232.54,70.83,Medium
24.07692,96.54836,2026-08-23,722,5.15,328.57,286.08,n,22.51,Low,2007.26,2003.38,2009.86,2031.62,103.03,High
24.07321,96.04733,2026-08-23,722,4.17,332.14,287.37,n,23.76,Low,1958.74,1954.89,1961.36,1983.08,102.34,High
24.07573,96.04757,2026-08-23,722,4.06,339.63,287.67,n,27.84,Low,1958.85,1955.0,1961.47,1983.19,106.43,High
23.67774,86.39987,2026-08-23,722,6.8100000000000005,333.05,295.05,l,26.25,Low,1065.76,1063.48,1069.16,1085.9,69.09,Medium
23.68413,86.3939,2026-08-23,722,6.14,334.02,294.75,l,26.28,Low,1065.73,1063.45,1069.13,1085.84,69.12,Medium
23.71326,86.45322,2026-08-23,722,7.52,334.56,295.7,l,27.62,Low,1072.47,1070.18,1075.87,1092.61,70.73,Medium
23.76439,86.40546,2026-08-23,722,9.11,337.61,295.16,l,30.5,Low,1072.21,1069.97,1075.63,1092.2,73.6,Medium
25.70774,93.52971,2026-08-23,722,3.21,330.99,289.44,n,22.4,Low,1794.95,1791.85,1797.99,1818.01,94.43,High
26.96694,90.04264,2026-08-23,722,1.8,325.3,273.84,n,18.18,Low,1580.07,1578.01,1583.55,1599.2,81.59,High
26.96781,89.97786,2026-08-23,722,3.79,339.06,272.36,n,27.32,Low,1575.16,1573.12,1578.65,1594.23,90.53,High
28.90347,89.5985,2026-08-23,722,3.41,331.37,300.18,n,22.76,Low,1693.27,1691.75,1696.97,1709.57,90.68,High
29.24969,88.8512,2026-08-23,722,3.49,338.83,299.31,n,26.97,Low,1672.26,1670.95,1676.03,1687.34,94.04,High
29.25687,88.85385,2026-08-23,722,4.48,337.9,298.97,n,27.19,Low,1673.03,1671.72,1676.8,1688.1,94.29,High
29.22488,88.35183,2026-08-23,722,2.99,330.47,304.2,l,21.95,Low,1638.71,1637.5,1642.48,1653.23,87.67,High
29.45837,76.8635,2026-08-23,724,4.4,335.25,289.51,n,25.66,Low,1328.62,1327.37,1327.9,1329.77,78.8,Medium
7.93745,81.35905,2026-08-23,858,6.03,331.44,282.48,n,24.77,Low,1079.72,1080.95,1088.78,1098.69,68.25,Medium
7.93791,81.36346,2026-08-23,858,6.32,332.71,282.91,n,25.69,Low,1079.8,1081.03,1088.87,1098.78,69.17,Medium
8.20317,79.9137,2026-08-23,858,9.28,338.28,282.14,n,31.0,Low,1018.03,1018.89,1026.65,1033.62,71.97,Medium
8.43758,80.66031,2026-08-23,858,10.95,335.86,288.19,n,30.91,Low,1007.16,1008.37,1016.06,1024.8,71.47,Medium
8.60119,77.89647,2026-08-23,858,3.94,336.19,297.6,n,25.84,Low,965.49,963.39,974.61,976.73,64.64,Medium
9.11287,77.61896,2026-08-23,858,1.9,331.28,297.74,n,21.58,Low,911.31,909.25,920.99,922.29,58.22,Medium
9.40167,78.73985,2026-08-23,858,4.17,338.39,292.39,n,27.23,Low,875.56,873.96,883.69,888.01,62.44,Medium
9.33903,77.85733,2026-08-23,858,3.16,333.04,296.88,n,23.5,Low,884.3,882.21,893.58,895.47,59.06,Medium
9.30156,77.52041,2026-08-23,858,2.15,337.02,298.79,n,24.96,Low,891.61,889.56,901.51,902.49,60.81,Medium
9.75798,77.86183,2026-08-23,858,4.86,333.4,290.13,n,24.98,Low,838.03,835.95,847.37,849.19,58.69,Medium
7.30424,81.11216,2026-08-23,858,5.52,330.98,295.21,n,24.13,Low,1140.54,1141.76,1149.5,1158.59,70.03,Medium
6.43755,81.07249,2026-08-23,858,5.15,326.26,275.03,n,21.23,Low,1232.95,1234.16,1241.85,1250.47,70.82,Medium
7.18133,81.19161,2026-08-23,858,5.51,334.1,287.27,n,25.85,Low,1155.83,1157.05,1164.8,1173.98,72.37,Medium
7.3016,81.11191,2026-08-23,858,3.86,328.46,294.0,n,21.48,Low,1140.82,1142.03,1149.78,1158.86,67.39,Medium
7.42141,81.16647,2026-08-23,858,3.34,332.98,293.49,n,23.61,Low,1129.39,1130.61,1138.37,1147.62,69.07,Medium
30.39994,73.71344,2026-08-23,905,4.05,344.3,293.14,n,30.43,Low,1498.15,1497.21,1497.26,1499.68,90.35,High
30.50964,72.80186,2026-08-23,905,1.56,330.7,293.55,n,21.0,Low,1540.39,1539.43,1539.47,1542.02,82.61,High
30.45492,72.11394,2026-08-23,905,4.82,330.65,293.73,n,23.42,Low,1561.29,1560.3,1560.34,1563.0,85.87,High
31.00338,72.18047,2026-08-23,905,3.01,338.92,293.04,n,26.66,Low,1614.06,1613.08,1613.12,1615.73,91.22,High
31.40315,72.50063,2026-08-23,905,2.43,333.35,292.06,n,23.13,Low,1642.99,1642.03,1642.07,1644.61,88.85,High
29.45934,76.86684,2026-08-23,1947,3.52,311.09,280.2,n,11.58,Low,1328.69,1327.44,1327.97,1329.84,64.72,Medium
29.45968,76.85906,2026-08-23,1947,2.79,307.01,279.1,n,8.76,Low,1328.81,1327.56,1328.09,1329.96,61.9,Medium
29.45605,76.86481,2026-08-23,1947,4.86,326.44,279.86,n,21.11,Low,1328.35,1327.1,1327.63,1329.5,74.24,Medium
35.98909,94.83257,2026-08-23,1947,0.81,295.22,283.08,n,0.73,Low,2603.44,2602.3,2607.0,2617.47,105.03,High
35.98978,94.82835,2026-08-23,1947,0.81,299.61,285.5,n,3.17,Low,2603.24,2602.1,2606.8,2617.27,107.46,High
37.34708,97.41191,2026-08-23,1947,0.43,300.18,287.42,n,3.2,Low,2871.7,2870.46,2875.5,2886.35,118.24,High
23.68479,86.39607,2026-08-23,1949,1.98,308.93,286.78,n,9.22,Low,1065.95,1063.67,1069.35,1086.06,52.07,Medium
22.37808,87.27902,2026-08-23,1949,6.18,335.54,287.71,n,27.16,Low,1060.42,1057.24,1063.42,1083.87,69.81,Medium
22.38041,87.28827,2026-08-23,1949,2.54,307.22,285.8,n,8.69,Low,1061.38,1058.2,1064.38,1084.83,51.38,Medium
22.37646,87.2821,2026-08-23,1949,3.46,311.21,286.62,n,11.6,Low,1060.61,1057.43,1063.61,1084.06,54.26,Medium
22.37705,87.27776,2026-08-23,1949,3.46,331.69,287.58,n,22.98,Low,1060.26,1057.07,1063.25,1083.7,65.62,Medium
22.37884,87.29135,2026-08-23,1949,1.24,304.28,286.06,n,6.09,Low,1061.57,1058.39,1064.57,1085.03,48.79,Low
22.37943,87.28702,2026-08-23,1949,1.24,304.16,286.03,n,6.02,Low,1061.22,1058.03,1064.21,1084.66,48.7,Low
23.67103,86.11588,2026-08-23,1949,1.63,308.29,276.87,n,8.61,Low,1042.81,1040.62,1046.24,1062.57,50.53,Medium
23.675,86.08497,2026-08-23,1949,0.74,311.06,262.8,n,9.48,Low,1040.66,1038.49,1044.1,1060.37,51.32,Medium
23.67659,86.3998,2026-08-23,1949,3.66,319.75,287.62,n,16.5,Low,1065.68,1063.39,1069.07,1085.81,59.34,Medium
23.67725,86.39486,2026-08-23,1949,1.95,309.09,287.15,n,9.29,Low,1065.33,1063.04,1068.73,1085.46,52.12,Medium
23.68102,86.39546,2026-08-23,1949,1.95,308.42,287.08,n,8.92,Low,1065.64,1063.35,1069.04,1085.76,51.76,Medium
23.68546,86.39105,2026-08-23,1949,1.98,315.22,287.03,n,12.72,Low,1065.59,1063.31,1068.99,1085.7,55.56,Medium
23.67588,86.40126,2026-08-23,1949,1.83,314.16,287.11,n,12.02,Low,1065.75,1063.46,1069.14,1085.88,54.86,Medium
23.67651,86.3963,2026-08-23,1949,1.83,313.29,287.7,n,11.53,Low,1065.39,1063.11,1068.79,1085.53,54.36,Medium
23.68028,86.39692,2026-08-23,1949,1.83,310.89,286.89,n,10.2,Low,1065.7,1063.42,1069.1,1085.83,53.04,Medium
23.68469,86.39252,2026-08-23,1949,4.18,319.99,287.19,n,17.02,Low,1065.66,1063.38,1069.06,1085.77,59.86,Medium
23.70849,86.44699,2026-08-23,1949,1.32,306.06,284.37,n,7.13,Low,1071.64,1069.36,1075.04,1091.78,50.21,Medium
23.71161,86.45256,2026-08-23,1949,2.32,316.85,284.65,n,13.88,Low,1072.3,1070.01,1075.7,1092.45,56.98,Medium
23.71226,86.44759,2026-08-23,1949,1.32,304.5,284.46,n,6.27,Low,1071.95,1069.67,1075.35,1092.09,49.36,Low
23.71483,86.4277,2026-08-23,1949,1.37,303.14,282.95,n,5.55,Low,1070.54,1068.27,1073.94,1090.65,48.58,Low
23.71547,86.42276,2026-08-23,1949,1.37,309.67,284.04,n,9.18,Low,1070.19,1067.92,1073.59,1090.29,52.2,Medium
23.71666,86.44323,2026-08-23,1949,2.41,307.55,284.24,n,8.78,Low,1071.91,1069.62,1075.31,1092.03,51.87,Medium
23.71924,86.42335,2026-08-23,1949,0.68,302.48,282.02,n,4.67,Low,1070.5,1068.23,1073.9,1090.59,47.7,Low
23.69247,87.10574,2026-08-23,1949,1.4,304.11,286.05,n,6.11,Low,1124.02,1121.51,1127.33,1145.0,51.29,Medium
23.69184,87.11031,2026-08-23,1949,2.47,304.34,286.12,n,7.04,Low,1124.36,1121.84,1127.66,1145.34,52.23,Medium
23.77302,86.36568,2026-08-23,1949,2.7,319.44,286.74,n,15.6,Low,1069.67,1067.44,1073.08,1089.58,58.6,Medium
23.76398,86.40508,2026-08-23,1949,3.24,320.1,286.71,n,16.37,Low,1072.16,1069.91,1075.57,1092.14,59.47,Medium
23.76086,86.39946,2026-08-23,1949,3.24,312.32,286.91,n,12.05,Low,1071.49,1069.24,1074.9,1091.47,55.12,Medium
23.7507,86.41822,2026-08-23,1949,3.23,311.61,286.58,n,11.65,Low,1072.28,1070.02,1075.68,1092.3,54.75,Medium
23.73744,86.43132,2026-08-23,1949,3.36,315.58,283.11,n,13.95,Low,1072.4,1070.13,1075.8,1092.46,57.06,Medium
23.73679,86.43628,2026-08-23,1949,0.7000000000000001,301.72,280.07,n,4.26,Low,1072.75,1070.47,1076.15,1092.82,47.38,Low
23.72484,86.43946,2026-08-23,1949,1.33,305.83,284.04,n,7.01,Low,1072.17,1069.89,1075.57,1092.27,50.11,Medium
23.72365,86.41901,2026-08-23,1949,1.4,304.57,284.1,n,6.37,Low,1070.46,1068.19,1073.86,1090.54,49.4,Low
23.72301,86.42394,2026-08-23,1949,0.68,302.85,283.39,n,4.87,Low,1070.81,1068.54,1074.21,1090.89,47.91,Low
23.68946,87.10056,2026-08-23,1949,1.4,303.81,285.44,n,5.94,Low,1123.4,1120.89,1126.71,1144.37,51.09,Medium
23.77992,86.37187,2026-08-23,1949,2.64,307.54,286.83,n,8.95,Low,1070.64,1068.41,1074.06,1090.55,51.99,Medium
23.77368,86.36065,2026-08-23,1949,2.7,305.88,285.7,n,8.07,Low,1069.31,1067.09,1072.73,1089.22,51.05,Medium
25.03607,87.38985,2026-08-23,1949,0.78,300.94,276.37,n,3.88,Low,1239.13,1237.11,1242.62,1258.2,53.65,Medium
24.11867,86.86238,2026-08-23,1949,1.2,304.73,283.7,n,6.31,Low,1133.05,1130.81,1136.47,1152.99,51.84,Medium
24.11497,86.86179,2026-08-23,1949,1.2,315.04,284.19,n,12.03,Low,1132.75,1130.51,1136.16,1152.7,57.55,Medium
23.79316,86.35529,2026-08-23,1949,3.48,302.79,285.79,n,6.94,Low,1070.25,1068.04,1073.68,1090.12,49.96,Low
23.6977,87.09478,2026-08-23,1949,2.05,303.2,287.02,n,6.09,Low,1123.46,1120.95,1126.77,1144.41,51.25,Medium
23.69225,87.10797,2026-08-23,1949,3.18,302.31,286.2,n,6.45,Low,1124.19,1121.68,1127.5,1145.17,51.64,Medium
23.79394,86.35359,2026-08-23,1949,3.37,310.56,285.98,n,11.17,Low,1070.18,1067.96,1073.6,1090.03,54.19,Medium
22.04995,88.12524,2026-08-23,1949,0.97,300.72,274.65,n,3.91,Low,1121.57,1118.04,1124.38,1145.7,49.01,Low
22.05338,88.12582,2026-08-23,1949,0.97,312.77,274.86,n,10.6,Low,1121.79,1118.25,1124.6,1145.91,55.71,Medium
22.24415,87.38719,2026-08-23,1949,2.84,316.48,289.59,n,14.06,Low,1063.1,1059.82,1066.05,1086.87,56.82,Medium
22.36347,87.01639,2026-08-23,1949,1.1,307.08,281.28,n,7.54,Low,1036.09,1032.96,1039.12,1059.32,49.21,Low
22.36707,87.01698,2026-08-23,1949,1.1,305.19,280.79,n,6.49,Low,1036.34,1033.22,1039.37,1059.56,48.17,Low
22.35846,87.28915,2026-08-23,1949,3.44,315.8,289.23,n,14.14,Low,1060.28,1057.08,1063.27,1083.77,56.78,Medium
22.36435,87.29896,2026-08-23,1949,3.59,320.25,289.13,n,16.72,Low,1061.48,1058.28,1064.47,1084.96,59.41,Medium
17.6089,83.2031,2026-08-23,1951,2.51,312.06,285.59,n,11.36,Low,489.56,487.21,493.45,516.24,31.22,Low
11.1382,77.34947,2026-08-23,1951,0.63,295.69,265.86,n,0.86,Low,692.72,690.74,703.49,703.16,28.76,Low
17.60466,83.20252,2026-08-23,1951,1.86,308.79,284.47,n,9.06,Low,489.48,487.13,493.37,516.17,28.92,Low
7.27776,81.28109,2026-08-23,1953,1.23,306.72,287.4,n,7.43,Low,1147.9,1149.13,1156.9,1166.3,53.63,Medium
10.07149,77.25207,2026-08-23,1953,2.47,301.66,276.97,n,5.55,Low,810.92,808.93,821.52,821.44,38.18,Low
10.07236,77.25639,2026-08-23,1953,1.63,313.63,276.72,n,11.57,Low,810.76,808.76,821.35,821.28,44.19,Low
10.07274,77.25336,2026-08-23,1953,1.63,313.23,276.82,n,11.35,Low,810.77,808.77,821.36,821.29,43.97,Low
10.0711,77.255,2026-08-23,1953,1.65,318.01,277.2,n,14.02,Low,810.92,808.92,821.51,821.44,46.65,Low
10.07071,77.25803,2026-08-23,1953,1.65,298.24,276.35,n,3.04,Low,810.91,808.91,821.5,821.44,35.67,Low
7.09819,81.07236,2026-08-23,1953,2.2,303.83,282.86,n,6.56,Low,1161.69,1162.91,1170.63,1179.54,53.31,Medium
7.09879,81.06809,2026-08-23,1953,2.99,326.48,282.59,n,19.73,Low,1161.52,1162.73,1170.46,1179.36,66.47,Medium
7.22024,81.14927,2026-08-23,1953,1.48,304.43,280.97,n,6.35,Low,1150.53,1151.75,1159.5,1168.62,52.65,Medium
7.16669,81.71954,2026-08-23,1953,0.84,302.1,277.31,n,4.57,Low,1172.67,1173.91,1181.76,1191.91,51.77,Medium
7.09829,81.06927,2026-08-23,1953,2.8,328.06,282.99,n,20.47,Low,1161.6,1162.82,1170.54,1179.45,67.21,Medium
7.27879,81.28441,2026-08-23,1953,1.21,304.32,287.87,n,6.09,Low,1147.88,1149.11,1156.89,1166.29,52.29,Medium
6.73874,81.20061,2026-08-23,1953,0.89,302.52,275.04,n,4.85,Low,1203.63,1204.85,1212.58,1221.57,53.28,Medium
7.0567,81.00087,2026-08-23,1953,1.89,324.92,288.11,n,18.04,Low,1164.4,1165.61,1173.31,1182.07,64.89,Medium
7.0977,81.07322,2026-08-23,1953,1.21,301.64,283.16,n,4.6,Low,1161.77,1162.98,1170.7,1179.62,51.35,Medium
27.66743,76.13509,2026-08-23,2127,0.76,303.8,288.75,n,5.46,Low,1143.5,1142.37,1142.7,1144.81,51.19,Medium
31.26044,76.92447,2026-08-23,2127,1.21,303.03,289.55,n,5.37,Low,1526.72,1525.45,1526.03,1527.84,66.43,Medium
29.35946,76.95735,2026-08-23,2127,0.77,305.21,288.28,n,6.25,Low,1316.72,1315.46,1316.01,1317.86,58.91,Medium
33.5474,71.55044,2026-08-23,2127,1.1,307.58,296.19,n,7.81,Low,1896.89,1895.94,1895.97,1898.5,83.68,High
33.29773,71.18772,2026-08-23,2127,1.22,309.52,294.72,n,8.98,Low,1884.63,1883.66,1883.7,1886.29,84.36,High
32.88889,71.6182,2026-08-23,2127,2.84,320.66,297.89,n,16.39,Low,1827.06,1826.1,1826.14,1828.7,89.47,High
31.25972,76.92417,2026-08-23,2127,1.06,303.56,289.44,n,5.55,Low,1526.64,1525.37,1525.95,1527.76,66.61,Medium
32.29051,70.73896,2026-08-23,2127,0.6900000000000001,297.42,275.97,n,1.86,Low,1801.45,1800.44,1800.49,1803.18,73.92,Medium
29.45798,76.88937,2026-08-23,2127,1.17,307.07,286.24,n,7.58,Low,1328.29,1327.04,1327.58,1329.44,60.7,Medium
29.45706,76.87043,2026-08-23,2127,3.77,345.96,287.56,n,31.14,Low,1328.4,1327.15,1327.68,1329.55,84.27,High
29.45788,76.86697,2026-08-23,2127,2.77,309.22,287.34,n,9.98,Low,1328.52,1327.27,1327.81,1329.67,63.11,Medium
28.425,69.69938,2026-08-23,2129,1.53,315.86,294.06,n,12.74,Low,1490.8,1489.66,1489.74,1492.84,72.37,Medium
24.68984,73.00451,2026-08-23,2129,1.64,307.66,291.76,n,8.26,Low,962.24,961.11,961.19,964.26,46.75,Low
16.7534,74.28566000000001,2026-08-23,2131,0.63,301.79,282.91,n,4.24,Low,431.68,430.71,430.88,433.76,21.51,Low
20.96418,94.86232,2026-08-24,701,1.74,333.63,291.78,n,22.77,Low,1755.11,1750.78,1757.46,1779.86,93.2,High
29.66766,91.91384,2026-08-24,703,2.43,329.32,292.36,n,20.89,Low,1914.24,1912.48,1917.84,1931.85,97.65,High
29.08405,88.01155,2026-08-24,703,4.66,330.14,304.52,n,23.02,Low,1605.66,1604.5,1609.31,1619.93,87.41,High
31.99853,78.5369,2026-08-24,705,4.85,333.62,298.58,n,25.09,Low,1601.05,1601.39,1602.21,1603.7,89.17,High
7.44249,81.39476,2026-08-24,837,2.24,330.5,293.64,n,21.4,Low,1133.51,1134.74,1142.55,1152.25,67.03,Medium
7.31644,81.84643,2026-08-24,837,2.89,339.07,291.41,n,26.65,Low,1160.91,1162.15,1170.04,1180.5,73.39,Medium
7.30441,81.79688,2026-08-24,837,2.08,332.84,290.93,n,22.58,Low,1160.56,1161.8,1169.68,1180.04,69.3,Medium
7.16641,80.96938,2026-08-24,837,20.36,354.16,294.2,n,48.14,Medium,1151.79,1153.01,1160.71,1169.46,94.49,High
7.16158,80.97058,2026-08-24,837,22.92,367.0,298.01,h,57.19,Medium,1152.34,1153.56,1161.26,1170.01,103.56,High
7.15662,80.97082,2026-08-24,837,22.92,352.63,295.98,n,49.21,Medium,1152.89,1154.1,1161.8,1170.55,95.6,High
7.16425,80.96798,2026-08-24,837,15.32,350.82,296.84,n,42.5,Medium,1151.99,1153.21,1160.91,1169.65,88.86,High
7.1649,80.97253,2026-08-24,837,15.32,343.27,296.97,n,38.31,Low,1152.03,1153.25,1160.95,1169.7,84.67,High
7.15935,80.96866,2026-08-24,837,15.32,339.98,294.89,n,36.48,Low,1152.54,1153.75,1161.45,1170.2,82.86,High
7.16001,80.97327,2026-08-24,837,15.32,341.89,294.59,n,37.54,Low,1152.58,1153.79,1161.49,1170.25,83.92,High
7.16668,81.01984,2026-08-24,837,4.18,330.62,295.18,n,22.92,Low,1153.0,1154.22,1161.93,1170.78,69.32,Medium
7.15503,80.97341,2026-08-24,837,13.5,345.3,294.49,n,38.07,Low,1153.12,1154.33,1162.03,1170.79,84.47,High
6.85608,81.75537,2026-08-24,837,17.37,354.45,292.1,n,46.06,Medium,1206.74,1207.98,1215.83,1225.86,94.62,High
6.79838,81.44492,2026-08-24,837,5.18,332.22,290.14,n,24.56,Low,1203.76,1204.99,1212.77,1222.23,73.0,Medium
6.71762,81.08398,2026-08-24,837,7.81,336.16,289.92,n,28.72,Low,1203.0,1204.21,1211.91,1220.68,77.12,Medium
6.74807,81.51759,2026-08-24,837,2.92,332.68,291.31,n,23.12,Low,1211.19,1212.42,1220.22,1229.78,71.86,Medium
7.32001,81.79483,2026-08-24,837,5.67,351.6,290.42,n,35.7,Low,1158.84,1160.08,1167.96,1178.33,82.35,High
6.52771,81.11231,2026-08-24,837,4.55,332.84,294.46,n,24.43,Low,1224.17,1225.39,1233.09,1241.82,73.67,Medium
7.30329,81.19003,2026-08-24,837,9.89,338.57,293.6,n,31.62,Low,1142.69,1143.91,1151.67,1160.91,77.61,Medium
7.38769,81.77917,2026-08-24,837,5.9,351.78,291.45,n,35.97,Low,1151.18,1152.42,1160.3,1170.68,82.32,High
7.34063,81.42898,2026-08-24,837,2.2,330.92,292.17,n,21.61,Low,1145.37,1146.6,1154.41,1164.12,67.72,Medium
9.61047,80.29727,2026-08-24,839,3.54,338.24,296.02,n,26.68,Low,871.91,873.11,880.78,889.31,61.83,Medium
7.69291,81.59333,2026-08-24,839,3.38,335.54,289.91,n,25.06,Low,1112.92,1114.16,1122.02,1132.23,69.87,Medium
7.88901,80.67115,2026-08-24,839,6.95,343.1,290.9,n,31.93,Low,1066.69,1067.9,1075.57,1084.05,74.87,Medium
8.01478,80.62977,2026-08-24,839,4.21,330.11,289.11,n,22.66,Low,1052.14,1053.35,1061.01,1069.47,65.02,Medium
8.01957,80.31305,2026-08-24,839,6.13,342.68,289.59,n,31.09,Low,1044.97,1046.16,1053.73,1061.52,73.15,Medium
8.30899,80.57829,2026-08-24,839,4.19,332.05,288.19,n,23.73,Low,1019.13,1020.34,1028.0,1036.5,64.77,Medium
8.49439,80.82851,2026-08-24,839,15.6,341.74,287.07,n,37.67,Low,1005.25,1006.47,1014.21,1023.35,78.16,Medium
8.56913,80.77627,2026-08-24,839,6.43,337.4,288.92,n,28.38,Low,995.86,997.08,1004.82,1013.88,68.5,Medium
8.61324,80.83712,2026-08-24,839,26.33,356.02,283.41,n,53.65,Medium,992.71,993.93,1001.68,1010.9,93.64,High
8.61819,80.8364,2026-08-24,839,26.33,334.97,281.66,n,41.95,Medium,992.16,993.38,1001.13,1010.35,81.92,High
8.56977,80.46552,2026-08-24,839,9.45,338.31,286.46,n,31.15,Low,988.36,989.56,997.21,1005.59,70.96,Medium
8.62935,80.6543,2026-08-24,839,11.03,331.68,288.33,n,28.65,Low,986.32,987.54,995.24,1004.07,68.38,Medium
8.62862,80.64883,2026-08-24,839,10.64,340.74,288.93,n,33.39,Low,986.27,987.48,995.19,1004.0,73.12,Medium
8.92843,80.69376,2026-08-24,839,7.31,340.86,290.6,n,30.96,Low,955.1,956.32,964.06,973.14,69.45,Medium
8.92972,80.69118,2026-08-24,839,9.03,339.81,287.48,n,31.67,Low,954.9,956.12,963.85,972.93,70.15,Medium
8.86875,78.15804,2026-08-24,839,5.2,341.5,289.45,n,29.73,Low,934.71,932.59,943.38,946.15,67.3,Medium
8.86698,78.08605,2026-08-24,839,3.33,332.97,286.72,n,23.59,Low,935.16,933.04,943.97,946.54,61.18,Medium
9.4129,80.40137,2026-08-24,839,12.45,341.51,294.88,n,35.18,Low,895.68,896.89,904.57,913.25,71.28,Medium
9.41015,80.39861,2026-08-24,839,11.22,349.18,295.47,n,38.52,Low,895.91,897.12,904.8,913.47,74.63,Medium
9.42267,80.38055,2026-08-24,839,3.37,330.97,293.91,n,22.51,Low,894.14,895.34,903.02,911.65,58.55,Medium
9.61269,80.30055,2026-08-24,839,1.85,334.09,294.89,n,23.1,Low,871.74,872.95,880.61,889.15,58.24,Medium
16.55141,82.59755,2026-08-24,841,7.24,347.47,279.29,n,34.58,Low,434.03,434.92,439.88,462.86,52.3,Medium
31.51264,72.28911,2026-08-24,845,7.14,335.05,301.76,n,27.61,Low,1661.86,1660.9,1660.94,1663.5,94.08,High
31.40357,72.55518000000001,2026-08-24,845,3.16,338.43,299.32,n,26.5,Low,1641.09,1640.14,1640.17,1642.7,92.14,High
31.08036,74.34518,2026-08-24,845,2.38,332.85,297.56,n,22.81,Low,1552.16,1551.13,1551.31,1553.59,84.89,High
30.80869,71.99914,2026-08-24,845,6.94,339.51,300.96,n,29.93,Low,1601.51,1600.52,1600.56,1603.21,93.99,High
30.89104,73.20267,2026-08-24,845,9.8,332.43,306.76,l,28.14,Low,1565.86,1564.93,1564.96,1567.44,90.77,High
30.63301,73.60488,2026-08-24,845,1.26,331.62,298.88,n,21.29,Low,1525.97,1525.04,1525.08,1527.51,82.33,High
30.4505,74.18115,2026-08-24,845,4.16,332.79,297.29,n,24.11,Low,1489.58,1488.59,1488.72,1491.06,83.69,High
29.95974,72.17165,2026-08-24,845,3.61,336.35,300.78,n,25.68,Low,1509.27,1508.27,1508.32,1511.0,86.05,High
28.42584,69.70153,2026-08-24,845,3.88,333.73,303.62,n,24.43,Low,1490.74,1489.61,1489.69,1492.78,84.06,High
32.88841,71.6194,2026-08-24,845,3.56,332.27,305.94,l,23.38,Low,1826.97,1826.01,1826.05,1828.61,96.46,High
29.08693,88.00976,2026-08-24,1928,1.73,296.87,278.34,n,2.34,Low,1605.8,1604.64,1609.45,1620.06,66.74,Medium
22.58779,85.89744,2026-08-24,1930,1.66,301.86,286.83,n,5.06,Low,952.19,949.53,955.43,973.77,43.37,Low
27.37654,95.08727,2026-08-24,1930,1.51,307.83,286.2,n,8.26,Low,2019.53,2016.69,2022.7,2041.65,89.27,High
23.55243,87.23839,2026-08-24,1930,2.3,302.43,275.19,n,5.85,Low,1126.02,1123.41,1129.29,1147.39,51.11,Medium
22.86855,86.05769,2026-08-24,1930,0.98,301.01,286.9,n,4.07,Low,983.64,981.07,986.93,1004.86,43.63,Low
22.58832,85.90031,2026-08-24,1930,1.24,303.06,286.7,n,5.41,Low,952.47,949.8,955.71,974.04,43.73,Low
22.58314,85.89967,2026-08-24,1930,1.24,302.78,286.6,n,5.25,Low,952.08,949.42,955.32,973.67,43.55,Low
22.56736,85.89178,2026-08-24,1930,1.65,306.82,286.55,n,7.8,Low,950.42,947.75,953.66,972.02,46.04,Low
22.37227,87.27415,2026-08-24,1930,5.77,325.21,288.95,n,21.11,Low,1059.67,1056.49,1062.67,1083.12,63.73,Medium
22.3605,87.29447,2026-08-24,1930,3.51,314.52,288.5,n,13.48,Low,1060.87,1057.67,1063.86,1084.36,56.15,Medium
22.36139,87.01068,2026-08-24,1930,3.56,308.79,289.02,n,10.33,Low,1035.46,1032.34,1038.49,1058.69,51.98,Medium
22.36172,87.01392,2026-08-24,1930,2.67,310.09,288.97,n,10.39,Low,1035.77,1032.65,1038.8,1059.0,52.05,Medium
7.64049,80.96828,2026-08-24,1934,0.87,304.64,289.47,n,6.01,Low,1100.68,1101.89,1109.62,1118.6,50.32,Medium
7.2735,81.28102,2026-08-24,1936,0.8200000000000001,304.67,289.37,n,5.99,Low,1148.36,1149.58,1157.36,1166.75,52.21,Medium
33.85027,72.87061,2026-08-24,2108,1.01,307.87,296.18,n,7.91,Low,1886.3,1885.31,1885.43,1887.78,83.36,High
33.90289,71.91724,2026-08-24,2108,1.75,309.84,296.82,n,9.56,Low,1921.05,1920.12,1920.15,1922.62,86.4,High
33.90868,71.46279,2026-08-24,2108,0.66,306.75,296.36,n,7.02,Low,1937.05,1936.1,1936.14,1938.66,84.5,High
33.68822,72.71246,2026-08-24,2108,1.55,313.03,295.85,n,11.18,Low,1873.81,1872.85,1872.93,1875.31,86.13,High
33.54464,71.54842,2026-08-24,2108,0.6900000000000001,311.57,297.55,n,9.72,Low,1896.68,1895.73,1895.76,1898.29,85.58,High
33.29536,71.18689,2026-08-24,2108,0.78,314.36,297.94,n,11.34,Low,1884.43,1883.45,1883.49,1886.08,86.71,High
37.30453,77.71964,2026-08-24,2108,0.99,305.03,281.26,n,6.31,Low,2190.75,2190.47,2191.2,2192.81,93.96,High
37.30347,77.71786,2026-08-24,2108,0.81,301.96,281.16,n,4.47,Low,2190.63,2190.36,2191.08,2192.7,92.12,High
31.25866,76.92591,2026-08-24,2110,1.06,304.88,290.63,n,6.28,Low,1526.51,1525.24,1525.82,1527.63,67.33,Medium
32.08799,74.16105,2026-08-24,2110,1.38,309.75,297.87,n,9.23,Low,1664.49,1663.45,1663.65,1665.91,75.81,Medium
32.10258,74.17775,2026-08-24,2110,1.18,313.6,297.89,n,11.22,Low,1665.64,1664.59,1664.79,1667.05,77.84,Medium
32.57596,72.56307,2026-08-24,2110,2.72,317.37,299.84,n,14.47,Low,1762.12,1761.19,1761.22,1763.68,84.95,High
32.88977,71.61715,2026-08-24,2110,2.53,324.91,300.33,n,18.51,Low,1827.19,1826.23,1826.27,1828.83,91.6,High
32.71789,72.77715,2026-08-24,2110,0.6000000000000001,307.23,296.25,n,7.24,Low,1770.09,1769.16,1769.2,1771.63,78.04,Medium
25.94131,72.19123,2026-08-24,2110,1.76,311.79,295.8,n,10.65,Low,1122.7,1121.57,1121.65,1124.7,55.56,Medium
26.25756,74.09525,2026-08-24,2110,1.39,308.52,293.4,n,8.55,Low,1057.59,1056.58,1056.63,1059.32,50.85,Medium
26.87662,73.51538,2026-08-24,2110,1.23,307.36,294.83,n,7.79,Low,1144.38,1143.36,1143.41,1146.15,53.56,Medium
28.42683,69.69943,2026-08-24,2110,1.17,316.43,297.34,n,12.78,Low,1490.96,1489.82,1489.9,1493.0,72.42,Medium
29.45879,76.8923,2026-08-24,2110,2.12,303.48,287.77,n,6.3,Low,1328.35,1327.1,1327.64,1329.5,59.43,Medium
32.28942,70.74173,2026-08-24,2110,2.64,310.18,297.47,n,10.41,Low,1801.22,1800.21,1800.26,1802.96,82.46,High
32.29401,70.73388,2026-08-24,2110,2.41,312.37,298.06,n,11.46,Low,1802.01,1801.0,1801.05,1803.75,83.54,High
22.34174,69.87002,2026-08-24,2112,1.78,322.14,292.79,n,16.41,Low,1026.9,1025.63,1025.77,1029.32,57.49,Medium
22.93641,69.69853,2026-08-24,2112,2.55,325.35,295.02,n,18.77,Low,1075.93,1074.66,1074.79,1078.32,61.81,Medium
22.3408,69.85459,2026-08-24,2112,1.87,305.94,294.23,n,7.48,Low,1028.23,1026.96,1027.1,1030.65,48.61,Low
22.92933,70.10716,2026-08-24,2112,1.04,313.68,294.86,n,11.16,Low,1040.31,1039.05,1039.18,1042.69,52.77,Medium
23.05546,69.99567,2026-08-24,2112,0.63,308.71,294.75,n,8.09,Low,1057.57,1056.31,1056.44,1059.94,50.39,Medium
23.10639,70.1897,2026-08-24,2112,0.54,306.28,295.39,n,6.67,Low,1044.32,1043.06,1043.19,1046.69,48.44,Low
25.38534,68.57845,2026-08-24,2112,2.22,316.67,295.13,n,13.7,Low,1327.0,1325.76,1325.87,1329.29,66.78,Medium
24.68826,72.99875,2026-08-24,2112,1.05,309.39,290.77,n,8.78,Low,962.44,961.31,961.39,964.46,47.28,Low
24.8168,73.0893,2026-08-24,2112,0.76,306.65,290.19,n,7.04,Low,968.82,967.7,967.77,970.82,45.79,Low
21.11144,72.63482,2026-08-24,2112,2.9,311.12,293.41,n,11.13,Low,711.68,710.41,710.55,714.08,39.6,Low
22.93583,69.70226,2026-08-24,2112,3.69,321.57,295.22,n,17.53,Low,1075.57,1074.31,1074.44,1077.96,60.55,Medium
21.1091,72.64789,2026-08-24,2112,3.01,309.92,293.66,n,10.55,Low,710.4,709.13,709.27,712.79,38.97,Low
21.10552,72.64716,2026-08-24,2112,10.73,337.64,295.31,n,31.74,Low,710.25,708.98,709.11,712.64,60.15,Medium
21.10352,72.63773,2026-08-24,2112,9.49,330.98,293.45,n,27.11,Low,710.95,709.68,709.82,713.35,55.55,Medium
23.3162,70.48951,2026-08-24,2112,1.26,309.1,295.62,n,8.78,Low,1033.03,1031.78,1031.9,1035.37,50.1,Medium
23.25788,70.26331,2026-08-24,2112,0.65,307.92,295.12,n,7.67,Low,1047.85,1046.6,1046.72,1050.2,49.58,Low
23.2488,69.87011,2026-08-24,2112,0.8200000000000001,307.12,295.5,n,7.35,Low,1080.22,1078.96,1079.08,1082.59,50.56,Medium
20.91151,71.45895,2026-08-24,2112,1.54,310.03,293.19,n,9.5,Low,807.08,805.8,805.95,809.52,41.78,Low
20.35698,72.95097,2026-08-24,2112,2.0,301.25,288.29,n,4.97,Low,640.76,639.48,639.62,643.19,30.6,Low
22.34504,69.87063,2026-08-24,2112,1.78,323.05,292.53,n,16.92,Low,1027.03,1025.76,1025.9,1029.44,58.0,Medium
22.93312,69.69794,2026-08-24,2112,2.55,324.97,295.2,n,18.56,Low,1075.79,1074.52,1074.65,1078.18,61.59,Medium
18.68346,73.03221,2026-08-24,2114,1.88,304.3,288.14,n,6.58,Low,567.92,566.69,566.86,570.36,29.3,Low
18.68722,73.03297,2026-08-24,2114,1.88,305.75,288.63,n,7.38,Low,567.93,566.7,566.87,570.37,30.1,Low
28.49712,97.02263,2026-08-25,644,4.41,332.53,295.64,n,24.16,Low,2246.36,2243.56,2249.55,2268.31,114.24,High
28.49912,97.02243,2026-08-25,644,5.91,332.25,295.98,n,25.13,Low,2246.45,2243.65,2249.64,2268.4,115.21,High
29.69793,91.15185,2026-08-25,646,3.79,325.94,296.97,l,20.03,Low,1862.39,1860.76,1866.05,1879.31,94.72,High
29.68351,91.14562,2026-08-25,646,14.14,348.33,300.22,n,40.23,Medium,1860.85,1859.22,1864.51,1877.78,114.85,High
29.66602,91.18839,2026-08-25,646,4.17,325.57,292.84,n,20.11,Low,1862.51,1860.86,1866.16,1879.49,94.8,High
8.17185,80.48933,2026-08-25,820,5.88,337.53,291.39,n,28.04,Low,1032.02,1033.22,1040.85,1049.08,69.59,Medium
8.22376,79.9154,2026-08-25,820,8.69,335.11,289.18,n,28.8,Low,1015.8,1016.67,1024.43,1031.41,69.68,Medium
6.62764,81.1975,2026-08-25,820,6.36,348.58,301.61,n,34.54,Low,1215.51,1216.73,1224.45,1233.39,83.44,High
6.6325,81.20537,2026-08-25,820,22.55,350.36,301.65,n,47.67,Medium,1215.19,1216.4,1224.13,1233.08,96.56,High
6.73775,81.53931,2026-08-25,820,3.99,332.76,295.47,n,23.97,Low,1212.91,1214.14,1221.94,1231.54,72.78,Medium
6.70154,81.22091,2026-08-25,820,7.97,353.96,301.2,n,38.73,Low,1208.15,1209.37,1217.11,1226.11,87.34,High
6.70091,81.21671,2026-08-25,820,5.69,340.74,301.17,n,29.68,Low,1208.11,1209.33,1217.07,1226.07,78.29,Medium
6.72609,81.36019,2026-08-25,820,6.66,343.27,298.05,n,31.81,Low,1209.18,1210.4,1218.17,1227.44,80.46,High
6.70517,81.22038,2026-08-25,820,7.97,342.63,300.01,n,32.44,Low,1207.75,1208.97,1216.7,1225.71,81.03,High
6.70454,81.21617,2026-08-25,820,5.69,347.56,298.45,n,33.47,Low,1207.71,1208.93,1216.66,1225.66,82.06,High
6.70943,81.22404,2026-08-25,820,5.82,346.17,297.47,n,32.79,Low,1207.39,1208.6,1216.34,1225.36,81.37,High
6.7088,81.21983,2026-08-25,820,5.82,331.02,296.52,n,24.38,Low,1207.35,1208.56,1216.3,1225.31,72.96,Medium
6.70817,81.21564,2026-08-25,820,3.26,332.43,298.38,n,23.24,Low,1207.31,1208.52,1216.26,1225.26,71.81,Medium
6.72541,81.36154,2026-08-25,820,6.46,336.4,298.46,n,27.84,Low,1209.29,1210.51,1218.28,1227.55,76.5,Medium
6.70529,81.22145,2026-08-25,820,8.62,334.79,297.94,n,28.57,Low,1207.76,1208.98,1216.72,1225.73,77.16,Medium
6.70469,81.21725,2026-08-25,820,6.58,352.33,299.65,n,36.78,Low,1207.72,1208.94,1216.67,1225.68,85.37,High
6.70953,81.22513,2026-08-25,820,8.62,340.38,298.2,n,31.68,Low,1207.4,1208.62,1216.36,1225.38,80.26,High
6.7083200000000005,81.21671,2026-08-25,820,6.58,336.35,297.73,n,27.91,Low,1207.32,1208.54,1216.27,1225.27,76.48,Medium
6.74745,81.38467,2026-08-25,820,9.27,338.5,295.52,n,31.12,Low,1207.55,1208.78,1216.55,1225.88,79.71,Medium
6.76355,81.4702,2026-08-25,820,3.69,337.33,296.39,n,26.28,Low,1208.2,1209.42,1217.21,1226.7,74.9,Medium
6.75111,81.38413,2026-08-25,820,4.68,332.28,293.89,n,24.22,Low,1207.15,1208.37,1216.14,1225.47,72.79,Medium
6.7767,81.53517,2026-08-25,820,6.92,343.23,300.37,n,31.98,Low,1208.64,1209.86,1217.67,1227.28,80.61,High
6.79162,81.55989,2026-08-25,820,9.54,350.53,300.59,n,38.0,Low,1207.75,1208.98,1216.79,1226.45,86.6,High
6.75276,81.09026,2026-08-25,820,6.7,340.77,295.73,n,30.45,Low,1199.36,1200.57,1208.28,1217.07,78.7,Medium
6.8122,81.16679,2026-08-25,820,3.79,337.27,296.7,n,26.33,Low,1194.87,1196.08,1203.81,1212.77,74.41,Medium
6.81303,81.1674,2026-08-25,820,4.76,333.67,295.9,n,25.05,Low,1194.79,1196.01,1203.74,1212.7,73.12,Medium
6.88819,81.66446,2026-08-25,820,3.5700000000000003,337.67,297.83,n,26.38,Low,1200.55,1201.79,1209.62,1219.52,74.69,Medium
6.86466,81.47404,2026-08-25,820,6.06,340.1,298.21,n,29.6,Low,1197.49,1198.72,1206.52,1216.06,77.79,Medium
6.86836,81.47356,2026-08-25,820,6.06,341.88,297.47,n,30.59,Low,1197.08,1198.31,1206.11,1215.65,78.76,Medium
6.87965,81.52573,2026-08-25,820,6.91,338.09,299.5,n,29.12,Low,1197.37,1198.6,1206.41,1216.05,77.3,Medium
6.87901,81.52132,2026-08-25,820,6.91,337.32,299.21,n,28.69,Low,1197.31,1198.54,1206.35,1215.98,76.87,Medium
6.88335,81.52519,2026-08-25,820,6.91,337.45,298.35,n,28.77,Low,1196.96,1198.19,1206.0,1215.64,76.94,Medium
6.88271,81.52078,2026-08-25,820,6.91,336.86,299.0,n,28.44,Low,1196.9,1198.13,1205.94,1215.57,76.61,Medium
6.87135,81.44212,2026-08-25,820,2.2,331.31,296.26,n,21.82,Low,1195.88,1197.1,1204.89,1214.38,69.94,Medium
6.90784,81.4859,2026-08-25,820,56.74,339.31,298.22,n,67.17,Medium,1193.22,1194.45,1202.25,1211.83,115.19,High
6.91892,81.48431,2026-08-25,820,2.34,330.33,294.76,n,21.38,Low,1191.99,1193.22,1201.02,1210.61,69.35,Medium
6.99311,81.48762,2026-08-25,820,3.08,332.26,297.78,n,23.01,Low,1184.16,1185.39,1193.19,1202.83,70.67,Medium
6.99681,81.48708,2026-08-25,820,16.58,340.92,298.24,n,37.95,Low,1183.75,1184.98,1192.78,1202.42,85.59,High
6.9783,81.33369,2026-08-25,820,5.87,342.41,294.87,n,30.74,Low,1181.42,1182.65,1190.42,1199.77,78.28,Medium
7.00675,81.50349,2026-08-25,820,3.8,335.27,297.38,n,25.22,Low,1183.16,1184.39,1192.2,1201.87,72.84,Medium
6.98196,81.33311,2026-08-25,820,12.19,340.19,295.01,n,34.25,Low,1181.02,1182.24,1190.01,1199.36,81.78,High
7.01044,81.50293,2026-08-25,820,3.8,337.65,297.62,n,26.54,Low,1182.75,1183.98,1191.79,1201.46,74.14,Medium
7.10648,81.71599,2026-08-25,820,6.16,344.34,297.64,n,32.03,Low,1178.94,1180.18,1188.03,1198.14,79.48,Medium
7.10736,81.71725,2026-08-25,820,4.59,333.35,295.75,n,24.75,Low,1178.89,1180.13,1187.98,1198.09,72.2,Medium
7.10673,81.71281,2026-08-25,820,5.72,337.37,297.25,n,27.83,Low,1178.82,1180.05,1187.91,1198.01,75.28,Medium
7.29373,81.78432,2026-08-25,820,5.05,337.62,298.18,n,27.47,Low,1161.28,1162.52,1170.4,1180.73,74.22,Medium
7.29306,81.77975,2026-08-25,820,5.51,340.33,299.06,n,29.32,Low,1161.2,1162.44,1170.32,1180.64,76.07,Medium
7.30826,81.85727,2026-08-25,820,2.31,332.35,294.62,n,22.48,Low,1162.13,1163.37,1171.26,1181.73,69.26,Medium
7.30556,81.83883,2026-08-25,820,3.69,339.33,294.58,n,27.4,Low,1161.81,1163.05,1170.94,1181.37,74.17,Medium
7.29885,81.79293,2026-08-25,820,7.42,336.01,297.82,n,28.35,Low,1161.02,1162.26,1170.14,1180.49,75.09,Medium
7.2975,81.78377,2026-08-25,820,5.05,339.7,297.17,n,28.62,Low,1160.86,1162.1,1169.98,1180.31,75.35,Medium
7.29684,81.77921,2026-08-25,820,5.51,336.78,296.96,n,27.34,Low,1160.79,1162.03,1169.9,1180.23,74.07,Medium
7.28552,81.70193,2026-08-25,820,1.86,330.33,294.56,n,21.02,Low,1159.52,1160.75,1168.62,1178.79,67.7,Medium
7.3017,81.75987,2026-08-25,820,3.31,336.92,296.28,n,25.77,Low,1159.65,1160.89,1168.76,1179.05,72.45,Medium
7.3149,81.8234,2026-08-25,820,3.82,338.03,294.81,n,26.77,Low,1160.31,1161.56,1169.44,1179.86,73.48,Medium
7.3126,81.7816,2026-08-25,820,7.74,344.96,298.26,n,33.56,Low,1159.2,1160.44,1168.31,1178.65,80.23,High
7.32867,81.81205,2026-08-25,820,4.57,333.14,294.22,n,24.62,Low,1158.49,1159.73,1167.61,1178.02,71.26,Medium
7.3246,81.78455,2026-08-25,820,5.04,337.46,297.8,n,27.37,Low,1158.02,1159.26,1167.14,1177.49,73.99,Medium
7.32906,81.78858,2026-08-25,820,8.69,342.36,297.65,n,32.83,Low,1157.68,1158.92,1166.8,1177.16,79.44,Medium
7.33148,81.7789,2026-08-25,820,5.32,333.8,298.87,n,25.55,Low,1157.11,1158.35,1166.23,1176.58,72.13,Medium
7.329,81.81437,2026-08-25,820,6.33,336.95,294.42,n,28.05,Low,1158.53,1159.77,1167.66,1178.06,74.69,Medium
7.3251,81.78683,2026-08-25,820,8.5,338.15,298.35,n,30.35,Low,1158.04,1159.29,1167.16,1177.52,76.97,Medium
7.32252,81.76852,2026-08-25,820,5.16,337.87,297.51,n,27.69,Low,1157.72,1158.97,1166.84,1177.16,74.3,Medium
7.32953,81.79086,2026-08-25,820,9.32,346.5,296.65,n,35.6,Low,1157.71,1158.95,1166.83,1177.19,82.21,High
7.33417,81.45088,2026-08-25,820,7.83,336.54,293.93,n,28.95,Low,1146.7,1147.93,1155.75,1165.49,75.11,Medium
7.28824,81.13609,2026-08-25,820,7.17,339.35,298.74,n,30.02,Low,1142.88,1144.1,1151.85,1160.97,76.02,Medium
7.29552,81.13499,2026-08-25,820,4.34,331.24,298.72,n,23.39,Low,1142.07,1143.29,1151.04,1160.17,69.36,Medium
7.36624,81.2598,2026-08-25,820,12.49,354.22,297.6,n,42.27,Medium,1137.84,1139.06,1146.84,1156.24,88.07,High
7.36528,81.26039,2026-08-25,820,12.2,340.56,295.47,n,34.46,Low,1137.96,1139.18,1146.96,1156.36,80.26,High
7.36896,81.25998,2026-08-25,820,12.2,348.81,298.59,n,39.04,Low,1137.55,1138.78,1146.56,1155.96,84.83,High
7.42791,81.59241,2026-08-25,820,4.09,335.72,292.94,n,25.69,Low,1140.99,1142.23,1150.08,1160.13,71.62,Medium
7.44835,81.68165,2026-08-25,820,2.9,333.83,291.96,n,23.75,Low,1141.62,1142.86,1150.73,1160.96,69.71,Medium
7.41669,81.25322,2026-08-25,820,5.13,342.01,299.11,n,29.96,Low,1132.26,1133.48,1141.26,1150.67,75.54,Medium
7.42036,81.25268,2026-08-25,820,5.13,341.33,299.73,n,29.59,Low,1131.85,1133.07,1140.85,1150.27,75.15,Medium
7.44073,81.28928,2026-08-25,820,3.29,338.06,297.59,n,26.39,Low,1130.69,1131.91,1139.7,1149.2,71.91,Medium
7.46413,81.39714,2026-08-25,820,2.9,331.61,294.63,n,22.51,Low,1131.27,1132.5,1140.31,1150.03,68.05,Medium
7.4673,81.31651,2026-08-25,820,4.67,343.85,298.7,n,30.64,Low,1128.61,1129.84,1137.64,1147.2,76.07,Medium
7.48079,81.02785,2026-08-25,820,9.52,335.73,287.46,n,29.77,Low,1119.38,1120.6,1128.33,1137.34,74.83,Medium
7.48018,81.02367,2026-08-25,820,7.84,332.9,289.81,n,26.94,Low,1119.34,1120.56,1128.29,1137.29,71.99,Medium
7.57043,81.61926,2026-08-25,820,3.22,336.86,292.75,n,25.67,Low,1126.71,1127.95,1135.81,1146.0,71.03,Medium
7.54853,81.36391,2026-08-25,820,2.63,338.36,297.0,n,26.06,Low,1121.3,1122.53,1130.34,1140.04,71.2,Medium
7.57716,81.40447,2026-08-25,820,9.06,335.59,295.53,n,29.34,Low,1119.44,1120.67,1128.49,1138.28,74.41,Medium
7.57651,81.40005,2026-08-25,820,9.06,349.09,296.72,n,36.84,Low,1119.37,1120.61,1128.43,1138.21,81.91,High
7.63762,80.98406,2026-08-25,820,11.88,348.83,289.92,n,38.82,Low,1101.39,1102.6,1110.34,1119.34,83.16,High
7.637,80.97987,2026-08-25,820,11.88,349.1,290.6,n,38.97,Low,1101.35,1102.56,1110.29,1119.29,83.3,High
7.63637,80.97568,2026-08-25,820,5.47,338.61,290.12,n,28.33,Low,1101.31,1102.53,1110.25,1119.24,72.66,Medium
8.33228,81.02814,2026-08-25,820,5.71,336.9,289.01,n,27.56,Low,1028.01,1029.23,1037.02,1046.48,68.97,Medium
8.3507,80.67214,2026-08-25,820,3.94,330.59,289.59,n,22.73,Low,1016.82,1018.03,1025.72,1034.44,63.68,Medium
8.35207,80.67225,2026-08-25,820,6.02,338.64,290.08,n,28.76,Low,1016.67,1017.88,1025.58,1034.3,69.7,Medium
8.29243,80.20691,2026-08-25,820,11.89,348.62,287.69,n,38.71,Low,1013.23,1014.42,1021.97,1029.64,79.5,Medium
8.47277,81.33554,2026-08-25,820,9.87,334.73,282.25,n,29.47,Low,1022.14,1023.38,1031.24,1041.42,70.65,Medium
8.37075,80.59804,2026-08-25,820,3.91,338.74,291.28,n,27.23,Low,1012.91,1014.11,1021.79,1030.36,68.02,Medium
8.35752,80.23368,2026-08-25,820,7.87,344.91,287.66,n,33.63,Low,1006.64,1007.83,1015.4,1023.15,74.16,Medium
8.36105,80.23316,2026-08-25,820,3.9,334.08,288.27,n,24.64,Low,1006.25,1007.44,1015.0,1022.76,65.15,Medium
8.44847,80.80316,2026-08-25,820,4.05,335.04,284.12,n,25.28,Low,1009.53,1010.75,1018.48,1027.54,65.94,Medium
8.42033,80.56149,2026-08-25,820,5.89,339.71,289.5,n,29.26,Low,1006.7,1007.91,1015.58,1024.09,69.8,Medium
8.42392,80.56097,2026-08-25,820,10.47,342.91,290.88,n,34.47,Low,1006.3,1007.51,1015.18,1023.69,75.0,Medium
8.41851,80.52428,2026-08-25,820,3.76,335.59,290.38,n,25.37,Low,1006.05,1007.26,1014.92,1023.35,65.89,Medium
8.4179,80.5202,2026-08-25,820,1.09,334.3,287.87,n,22.65,Low,1006.03,1007.23,1014.89,1023.31,63.16,Medium
8.47545,80.57486,2026-08-25,820,3.83,334.97,291.24,n,25.08,Low,1001.05,1002.26,1009.93,1018.5,65.4,Medium
8.44372,80.35572,2026-08-25,820,11.18,339.94,291.17,n,33.35,Low,999.69,1000.88,1008.49,1016.56,73.61,Medium
8.44314,80.35169,2026-08-25,820,5.12,331.81,290.04,n,24.29,Low,999.67,1000.86,1008.47,1016.53,64.55,Medium
8.52601,80.82277,2026-08-25,820,4.38,333.46,290.21,n,24.65,Low,1001.7,1002.92,1010.67,1019.8,65.0,Medium
8.53026,80.82647,2026-08-25,820,4.38,336.45,287.83,n,26.31,Low,1001.34,1002.56,1010.31,1019.46,66.65,Medium
8.52343,80.70296,2026-08-25,820,2.65,330.42,287.42,n,21.67,Low,998.94,1000.15,1007.86,1016.74,61.91,Medium
8.59756,80.82961,2026-08-25,820,4.69,333.91,284.88,n,25.13,Low,994.2,995.42,1003.17,1012.36,65.18,Medium
8.57438,80.56564,2026-08-25,820,4.5,343.12,289.7,n,30.11,Low,990.14,991.35,999.03,1007.62,69.99,Medium
8.58405,80.45564,2026-08-25,820,2.8,332.59,289.38,n,22.98,Low,986.6,987.8,995.45,1003.8,62.72,Medium
8.56757,80.34253,2026-08-25,820,3.72,334.74,287.91,n,24.87,Low,985.96,987.16,994.77,1002.86,64.58,Medium
8.62952,80.64198,2026-08-25,820,3.74,333.52,291.64,n,24.2,Low,986.0,987.22,994.92,1003.72,63.92,Medium
8.63329,80.34522,2026-08-25,820,7.19,338.37,294.85,n,29.49,Low,978.88,980.08,987.7,995.83,68.91,Medium
8.63257,80.34579,2026-08-25,820,8.37,344.64,295.21,n,33.86,Low,978.97,980.17,987.79,995.92,73.29,Medium
8.66378,80.43628,2026-08-25,820,3.55,332.82,289.17,n,23.67,Low,977.53,978.73,986.38,994.73,63.04,Medium
8.67924,80.44233,2026-08-25,820,6.78,346.52,289.13,n,33.71,Low,975.99,977.19,984.84,993.22,73.02,Medium
8.69478,80.34908,2026-08-25,820,3.86,339.58,291.26,n,27.66,Low,972.29,973.48,981.11,989.28,66.82,Medium
8.7244,80.32823,2026-08-25,820,4.74,336.03,287.31,n,26.35,Low,968.63,969.83,977.45,985.58,65.36,Medium
6.25056,81.16558,2026-08-25,820,1.87,331.6,296.59,n,21.74,Low,1255.37,1256.58,1264.28,1272.99,72.23,Medium
6.59563,81.12982,2026-08-25,820,3.38,335.19,297.31,n,24.86,Low,1217.27,1218.49,1226.2,1234.99,73.83,Medium
6.62887,81.20591,2026-08-25,820,8.09,350.02,301.37,n,36.63,Low,1215.59,1216.81,1224.54,1233.48,85.53,High
6.62826,81.20171,2026-08-25,820,6.36,347.17,304.09,n,33.75,Low,1215.55,1216.77,1224.49,1233.43,82.65,High
14.20531,77.38112,2026-08-25,822,3.89,337.11,297.5,n,26.31,Low,361.05,359.26,372.57,370.3,40.94,Low
10.21385,79.24151,2026-08-25,822,3.48,330.12,278.65,n,22.12,Low,788.68,788.52,797.09,803.01,53.89,Medium
17.08652,79.68517,2026-08-25,822,3.75,330.79,293.24,n,22.7,Low,118.09,118.99,124.33,147.13,27.79,Low
16.00588,79.10636,2026-08-25,822,1.63,330.37,297.38,n,20.87,Low,154.56,155.82,163.79,176.16,27.37,Low
15.65774,78.98273,2026-08-25,822,6.07,344.31,299.23,n,31.95,Low,187.85,189.06,196.75,206.42,39.75,Low
10.2144,79.2453,2026-08-25,822,4.51,332.07,277.4,n,23.98,Low,788.65,788.5,797.07,803.0,55.75,Medium
14.86806,79.7366,2026-08-25,822,9.7,350.15,299.64,n,37.91,Low,296.77,298.04,306.08,319.07,50.11,Medium
30.16365,72.41509,2026-08-25,826,3.03,342.79,307.09,n,28.82,Low,1519.87,1518.89,1518.93,1521.57,89.61,High
30.15438,73.2097,2026-08-25,826,1.61,330.18,305.01,l,20.75,Low,1489.26,1488.31,1488.35,1490.87,80.32,High
29.78545,72.26527,2026-08-25,826,3.8,343.41,307.31,n,29.74,Low,1487.94,1486.94,1486.99,1489.67,89.26,High
30.85566,71.98112,2026-08-25,826,2.21,334.02,300.18,n,23.34,Low,1606.96,1605.97,1606.01,1608.66,87.62,High
30.64405,72.29908,2026-08-25,826,2.22,333.31,299.84,n,22.95,Low,1573.04,1572.05,1572.1,1574.71,85.87,High
30.8567,71.94377,2026-08-25,826,8.91,347.82,303.01,n,36.03,Low,1608.56,1607.57,1607.62,1610.27,100.37,High
30.6344,73.05245,2026-08-25,826,4.64,336.05,303.52,n,26.29,Low,1544.34,1543.39,1543.42,1545.94,88.06,High
30.55025,73.47831,2026-08-25,826,4.79,339.44,308.94,n,28.28,Low,1521.34,1520.41,1520.44,1522.9,89.13,High
30.41115,73.77779,2026-08-25,826,1.7000000000000002,332.39,303.01,n,22.05,Low,1497.33,1496.38,1496.44,1498.85,81.94,High
30.26614,72.98603,2026-08-25,826,2.28,336.39,304.45,n,24.7,Low,1508.72,1507.76,1507.79,1510.34,85.05,High
30.35581,73.60623,2026-08-25,826,2.79,330.28,301.9,l,21.69,Low,1496.92,1495.99,1496.02,1498.47,81.56,High
30.38699,73.90166,2026-08-25,826,3.83,331.03,303.76,l,22.89,Low,1491.01,1490.06,1490.13,1492.53,82.53,High
32.57449,72.56425,2026-08-25,828,4.02,334.07,308.49,l,24.72,Low,1761.93,1761.0,1761.03,1763.49,95.19,High
31.74621,72.21912,2026-08-25,828,2.73,332.48,305.23,l,22.87,Low,1688.32,1687.36,1687.4,1689.96,90.4,High
31.09704,72.31596,2026-08-25,828,3.38,335.48,307.17,l,25.02,Low,1618.43,1617.46,1617.5,1620.08,89.75,High
31.09643,72.31196,2026-08-25,828,2.31,333.55,305.53,l,23.15,Low,1618.51,1617.54,1617.58,1620.17,87.89,High
37.26963,69.03612,2026-08-25,828,2.74,334.32,306.9,l,23.9,Low,2366.76,2365.79,2365.83,2368.41,118.57,High
31.86618,72.92677,2026-08-25,828,4.26,332.25,306.22,l,23.89,Low,1676.42,1675.49,1675.52,1677.97,90.94,High
27.31814,95.26488,2026-08-25,1910,2.44,317.39,287.49,n,14.27,Low,2031.73,2028.85,2034.88,2053.99,95.76,High
27.32489,95.27836,2026-08-25,1910,2.34,310.53,288.02,n,10.38,Low,2033.26,2030.38,2036.41,2055.52,91.94,High
22.37854,87.27468,2026-08-25,1910,2.05,305.68,275.84,n,7.47,Low,1060.06,1056.88,1063.06,1083.5,50.11,Medium
22.37812,87.2802,2026-08-25,1910,2.05,307.89,276.62,n,8.7,Low,1060.53,1057.35,1063.53,1083.98,51.35,Medium
22.37654,87.27341,2026-08-25,1910,2.54,299.76,276.37,n,4.55,Low,1059.84,1056.65,1062.84,1083.28,47.18,Low
22.37608,87.27892,2026-08-25,1910,3.21,311.74,279.11,n,11.71,Low,1060.31,1057.12,1063.31,1083.75,54.35,Medium
22.36787,87.30032,2026-08-25,1910,1.59,305.12,281.45,n,6.81,Low,1061.79,1058.6,1064.79,1085.27,49.51,Low
22.35603,87.28809,2026-08-25,1910,1.02,299.91,278.54,n,3.49,Low,1060.05,1056.86,1063.05,1083.54,46.12,Low
22.36498,87.01769,2026-08-25,1910,0.5,302.1,277.98,n,4.32,Low,1036.29,1033.16,1039.32,1059.52,46.0,Low
22.24567,87.3872,2026-08-25,1910,0.71,301.79,281.07,n,4.3,Low,1063.18,1059.91,1066.13,1086.94,47.06,Low
37.30626,77.71896,2026-08-25,2049,0.43,295.89,283.19,n,0.82,Low,2190.94,2190.66,2191.39,2193.01,88.48,High
35.969030000000004,68.68799,2026-08-25,2051,2.05,304.65,293.92,n,6.9,Low,2250.88,2249.88,2249.93,2252.61,96.93,High
33.6881,72.71527,2026-08-25,2051,0.98,307.75,295.43,n,7.82,Low,1873.72,1872.75,1872.84,1875.22,82.77,High
33.2966,71.18492,2026-08-25,2051,1.13,314.05,296.22,n,11.43,Low,1884.63,1883.65,1883.69,1886.28,86.81,High
32.10264,74.17625,2026-08-25,2051,3.45,323.42,295.14,n,18.38,Low,1665.68,1664.64,1664.84,1667.09,85.0,High
31.61505,74.37461,2026-08-25,2051,0.89,312.1,297.17,n,10.17,Low,1608.59,1607.54,1607.75,1610.0,74.51,Medium
21.7445,83.84505,2026-08-25,2053,2.32,298.77,276.34,n,3.83,Low,727.06,724.78,730.46,747.33,33.13,Low
17.95664,80.79015,2026-08-25,2053,2.22,304.6,287.69,n,7.0,Low,241.34,236.92,243.62,266.09,16.88,Low
17.95564,80.7951,2026-08-25,2053,1.62,310.43,287.79,n,9.79,Low,241.83,237.41,244.11,266.57,19.69,Low
17.95771,80.79256,2026-08-25,2053,4.11,318.24,287.88,n,15.99,Low,241.61,237.2,243.9,266.36,25.88,Low
18.80515,74.26173,2026-08-25,2053,0.58,306.85,290.55,n,7.02,Low,446.02,444.77,444.93,448.48,24.86,Low
18.57702,72.242,2026-08-25,2053,2.8,318.46,287.56,n,15.13,Low,647.66,646.45,646.62,650.08,41.04,Low
15.17962,76.67442,2026-08-25,2053,0.71,300.33,283.81,n,3.49,Low,299.99,298.81,305.92,305.44,15.59,Low
15.1759,76.67371,2026-08-25,2053,0.71,305.07,286.46,n,6.13,Low,300.36,299.18,306.31,305.82,18.25,Low
15.17508,76.67832,2026-08-25,2053,2.28,297.22,285.37,n,2.94,Low,300.13,298.94,306.1,305.61,15.05,Low
21.80047,83.89091,2026-08-25,2053,0.38,298.89,274.09,n,2.45,Low,734.67,732.4,738.07,754.88,32.05,Low
21.75037,83.84305,2026-08-25,2053,0.9,301.57,274.45,n,4.32,Low,727.32,725.04,730.72,747.57,33.63,Low
21.74524,83.84165,2026-08-25,2053,2.32,344.62,278.44,n,29.31,Low,726.85,724.56,730.24,747.11,58.6,Medium
21.74012,83.84026,2026-08-25,2053,2.32,308.08,277.41,n,9.01,Low,726.37,724.09,729.77,746.64,38.28,Low
21.80072,82.0384,2026-08-25,2053,0.72,300.33,277.59,n,3.5,Low,600.49,599.21,604.27,615.83,27.7,Low
21.37644,81.67916,2026-08-25,2053,1.1,295.33,271.65,n,1.01,Low,540.56,539.29,544.35,555.95,22.81,Low
21.46661,80.1269,2026-08-25,2053,0.53,300.63,271.13,n,3.53,Low,469.07,469.3,470.43,477.53,22.39,Low
22.93243,69.69887,2026-08-25,2053,2.23,311.42,293.13,n,10.79,Low,1075.67,1074.4,1074.53,1078.05,53.82,Medium
22.93312,69.69748,2026-08-25,2053,2.18,314.65,292.93,n,12.55,Low,1075.83,1074.56,1074.69,1078.22,55.58,Medium
28.42473,69.69848,2026-08-25,2053,1.64,315.47,297.82,n,12.6,Low,1490.83,1489.69,1489.77,1492.87,72.23,Medium
25.9415,72.19053,2026-08-25,2053,0.87,306.2,280.44,n,6.87,Low,1122.75,1121.63,1121.71,1124.75,51.78,Medium
26.09389,68.87976,2026-08-25,2053,1.18,305.55,291.38,n,6.75,Low,1355.37,1354.16,1354.26,1357.61,60.96,Medium
25.38861,68.58073,2026-08-25,2053,2.1,319.53,295.54,n,15.2,Low,1327.05,1325.81,1325.92,1329.34,68.28,Medium
22.03749,83.35403,2026-08-25,2053,1.02,297.68,272.66,n,2.25,Low,710.92,709.07,714.48,729.35,30.89,Low
21.82554,83.90067,2026-08-25,2053,0.53,298.76,272.21,n,2.49,Low,737.22,734.96,740.62,757.38,32.19,Low
9.70498,77.43482,2026-08-25,2055,1.89,295.89,271.73,n,1.91,Low,848.35,846.32,858.5,859.1,36.03,Low
14.87239,78.05413,2026-08-25,2055,2.06,309.87,281.77,n,9.81,Low,272.78,270.77,283.37,283.51,20.91,Low
19.82175,79.2376,2026-08-25,2055,0.86,301.47,286.07,n,4.24,Low,265.88,266.31,267.4,273.65,14.97,Low
21.10119,72.63515,2026-08-25,2055,7.38,333.85,290.63,n,27.12,Low,711.04,709.77,709.9,713.43,55.56,Medium
21.10678,72.64395,2026-08-25,2055,2.31,316.16,277.94,n,13.49,Low,710.6,709.34,709.47,713.0,41.91,Low
21.1062,72.64778,2026-08-25,2055,1.33,310.96,275.72,n,9.86,Low,710.24,708.97,709.1,712.63,38.27,Low
22.4152,69.03896,2026-08-25,2055,1.39,305.3,285.84,n,6.76,Low,1105.91,1104.63,1104.77,1108.33,51.0,Medium
21.1113,72.63686,2026-08-25,2055,1.51,301.26,279.28,n,4.61,Low,711.5,710.23,710.36,713.89,33.07,Low
21.10456,72.63571,2026-08-25,2055,3.21,316.63,287.4,n,14.42,Low,711.19,709.92,710.06,713.59,42.87,Low
28.49955,97.02465,2026-08-26,627,4.07,329.5,293.85,n,22.22,Low,2246.67,2243.86,2249.85,2268.61,112.31,High
28.49959,97.02323,2026-08-26,627,3.98,333.15,295.27,n,24.18,Low,2246.55,2243.74,2249.73,2268.49,114.27,High
8.87628,80.67516,2026-08-26,801,21.83,349.07,295.63,l,46.41,Medium,960.24,961.46,969.18,978.19,85.1,High
10.05334,77.95324,2026-08-26,801,10.17,348.01,296.96,n,37.08,Low,804.79,802.69,813.98,816.01,69.45,Medium
9.90823,78.08034,2026-08-26,801,5.5,333.85,295.48,n,25.71,Low,820.11,818.0,829.02,831.45,58.7,Medium
9.90871,78.08326,2026-08-26,801,5.83,333.9,295.44,n,25.98,Low,820.04,817.93,828.95,831.39,58.96,Medium
9.80408,78.17467,2026-08-26,801,4.0,337.02,296.81,n,26.34,Low,831.25,829.13,839.96,842.68,59.77,Medium
9.6447,79.92132,2026-08-26,801,4.9,332.66,297.66,l,24.6,Low,860.53,861.71,869.25,876.83,59.28,Medium
9.38948,78.88505,2026-08-26,801,6.1,336.31,299.69,l,27.52,Low,877.35,876.08,885.53,890.25,62.81,Medium
9.38904,78.88414,2026-08-26,801,5.44,334.56,299.26,l,26.06,Low,877.4,876.13,885.58,890.29,61.35,Medium
9.34108,80.16885,2026-08-26,801,4.26,334.89,299.04,l,25.36,Low,898.35,899.54,907.15,915.21,61.56,Medium
9.15012,80.21935,2026-08-26,801,6.6,335.19,296.34,l,27.28,Low,920.13,921.33,928.94,937.03,64.35,Medium
9.07845,80.47284,2026-08-26,801,1.79,330.08,293.53,l,20.83,Low,933.49,934.7,942.39,951.04,58.45,Medium
8.54511,80.56976,2026-08-26,801,4.23,330.72,293.93,n,23.02,Low,993.4,994.61,1002.29,1010.88,63.03,Medium
9.04064,80.67525,2026-08-26,801,4.64,336.15,297.39,n,26.34,Low,942.56,943.78,951.52,960.62,64.32,Medium
9.00604,80.68044,2026-08-26,801,7.86,342.47,296.42,n,32.27,Low,946.42,947.63,955.37,964.47,70.41,Medium
8.99618,80.83887,2026-08-26,801,7.74,341.16,300.2,l,31.45,Low,951.7,952.93,960.71,970.16,69.81,Medium
12.13064,79.65323,2026-08-26,801,24.35,333.44,306.63,l,39.62,Low,584.69,585.88,593.5,601.81,63.28,Medium
8.69024,80.84766,2026-08-26,801,4.04,336.1,298.49,l,25.86,Low,984.73,985.95,993.71,1003.0,65.53,Medium
8.66969,80.53839,2026-08-26,801,11.4,341.19,299.17,l,34.21,Low,979.2,980.41,988.09,996.67,73.65,Medium
8.77482,80.87483,2026-08-26,801,6.12,340.62,296.31,l,29.93,Low,976.4,977.62,985.39,994.79,69.27,Medium
14.25997,80.11976,2026-08-26,803,9.65,330.87,302.06,l,27.17,Low,375.16,376.44,384.51,397.86,42.51,Low
13.84194,79.25305,2026-08-26,803,5.29,330.21,296.56,l,23.53,Low,390.6,391.79,399.37,407.59,39.42,Low
14.2594,80.11615,2026-08-26,803,5.44,332.94,301.84,l,25.16,Low,375.05,376.33,384.4,397.73,40.5,Low
15.17995,76.68201,2026-08-26,803,3.33,334.96,296.78,n,24.7,Low,299.46,298.27,305.43,304.94,36.78,Low
15.90841,79.10486,2026-08-26,803,3.5700000000000003,332.68,300.64,l,23.61,Low,164.67,165.92,173.85,185.74,30.51,Low
16.40065,79.36692,2026-08-26,803,4.44,335.87,297.3,n,26.04,Low,130.0,131.27,139.32,156.64,31.61,Low
17.95717,80.79728,2026-08-26,803,3.39,333.75,296.44,n,24.07,Low,242.09,237.67,244.37,266.84,33.98,Low
18.54734,74.17914,2026-08-26,803,5.43,332.83,294.44,n,25.09,Low,446.6,445.36,445.53,449.04,42.96,Low
22.35679,82.30565,2026-08-26,805,5.19,330.32,295.09,n,23.51,Low,666.18,665.02,669.94,680.85,50.33,Medium
21.75594,83.84392,2026-08-26,805,10.06,339.67,293.25,n,32.36,Low,727.78,725.5,731.18,748.02,61.68,Medium
21.74819,83.84499,2026-08-26,805,5.71,338.5,294.05,n,28.45,Low,727.32,725.04,730.72,747.58,57.76,Medium
21.74366,83.84032,2026-08-26,805,5.71,332.06,291.1,n,24.87,Low,726.63,724.34,730.02,746.89,54.15,Medium
25.21213,68.3015,2026-08-26,805,2.42,334.66,299.45,n,23.85,Low,1336.99,1335.75,1335.87,1339.31,77.33,Medium
21.10126,72.63638,2026-08-26,805,11.1,355.87,294.3,n,42.14,Medium,710.93,709.67,709.8,713.33,70.58,Medium
21.10306,72.64542,2026-08-26,805,4.7,336.67,293.41,n,26.68,Low,710.25,708.99,709.12,712.65,55.09,Medium
33.57693,74.22216,2026-08-26,807,2.99,330.71,299.53,n,22.08,Low,1822.89,1821.8,1822.07,1824.25,94.99,High
28.51605,68.00181,2026-08-26,807,1.59,336.73,301.55,n,24.38,Low,1606.31,1605.13,1605.23,1608.45,88.63,High
26.53106,68.25273,2026-08-26,807,1.97,331.86,303.06,l,21.96,Low,1434.29,1433.07,1433.17,1436.53,79.33,Medium
28.51536,68.00385,2026-08-26,807,1.93,338.07,301.92,n,25.38,Low,1606.12,1604.94,1605.03,1608.26,89.62,High
30.37266,73.89281,2026-08-26,807,4.26,332.4,302.55,l,23.97,Low,1489.77,1488.82,1488.89,1491.29,83.56,High
30.37163,73.89048,2026-08-26,807,4.25,336.49,302.65,n,26.24,Low,1489.73,1488.78,1488.85,1491.25,85.83,High
31.608,74.33546,2026-08-26,807,3.2,330.73,304.78,l,22.25,Low,1608.8,1607.76,1607.96,1610.21,86.6,High
32.5758,72.56439,2026-08-26,807,4.02,333.08,305.2,l,24.17,Low,1762.06,1761.13,1761.16,1763.62,94.65,High
30.06765,96.97842,2026-08-26,1849,1.22,305.39,286.67,n,6.69,Low,2331.61,2329.19,2334.95,2352.1,100.17,High
22.47516,91.73235,2026-08-26,1851,3.27,303.45,282.54,n,7.15,Low,1483.69,1479.79,1486.29,1508.08,66.73,Medium
24.92307,92.52792,2026-08-26,1851,4.53,297.19,284.62,n,4.61,Low,1665.5,1662.29,1668.49,1688.92,71.46,Medium
35.97722,79.17194,2026-08-26,2029,0.62,296.85,274.87,n,1.49,Low,2043.64,2044.42,2045.3,2046.71,83.29,High
35.96835,68.68652,2026-08-26,2029,1.57,304.54,292.26,n,6.48,Low,2250.88,2249.87,2249.92,2252.6,96.51,High
29.92137,74.95252,2026-08-26,2032,0.96,298.99,282.32,n,2.94,Low,1412.92,1411.86,1412.08,1414.32,59.45,Medium
32.88788,71.61542,2026-08-26,2032,1.4,314.24,297.12,n,11.74,Low,1827.06,1826.1,1826.14,1828.7,84.82,High
32.57602,72.56142,2026-08-26,2032,4.27,308.57,297.06,n,10.74,Low,1762.18,1761.25,1761.28,1763.74,81.22,High
32.29348,70.72976,2026-08-26,2032,2.39,309.52,294.09,n,9.86,Low,1802.13,1801.12,1801.17,1803.87,81.94,High
33.40668,71.93626,2026-08-26,2032,0.93,315.38,295.4,n,12.02,Low,1869.06,1868.12,1868.15,1870.64,86.78,High
33.40617,71.93729,2026-08-26,2032,0.77,314.78,295.31,n,11.57,Low,1868.97,1868.03,1868.06,1870.56,86.33,High
33.29676,71.18489,2026-08-26,2032,1.05,312.33,293.68,n,10.42,Low,1884.64,1883.67,1883.71,1886.3,85.8,High
29.39776,70.99824,2026-08-26,2032,0.46,307.06,296.18,n,7.05,Low,1508.22,1507.15,1507.22,1510.09,67.38,Medium
22.92565,69.82343,2026-08-26,2034,0.67,303.65,290.14,n,5.31,Low,1064.48,1063.21,1063.34,1066.86,47.89,Low
22.9245,69.82229,2026-08-26,2034,1.76,301.64,290.12,n,5.01,Low,1064.51,1063.24,1063.37,1066.89,47.59,Low
20.78876,85.25801,2026-08-26,2034,1.13,301.02,286.65,n,4.19,Low,793.17,789.65,795.99,817.28,36.15,Low
23.69875,87.09306,2026-08-26,2034,2.02,301.23,285.24,n,4.98,Low,1123.39,1120.88,1126.7,1144.34,50.13,Medium
23.79604,86.28603,2026-08-26,2034,1.39,299.33,285.08,n,3.45,Low,1065.0,1062.81,1068.43,1084.77,46.26,Low
23.79305,86.23392,2026-08-26,2034,3.42,297.85,284.98,n,4.15,Low,1060.7,1058.53,1064.14,1080.4,46.79,Low
23.56083,87.22818,2026-08-26,2034,2.21,300.7,280.42,n,4.82,Low,1125.7,1123.1,1128.97,1147.04,50.07,Medium
23.55976,87.23328,2026-08-26,2034,2.46,304.51,285.34,n,7.13,Low,1126.06,1123.45,1129.33,1147.41,52.39,Medium
23.61457,86.79169,2026-08-26,2034,3.56,311.36,287.95,n,11.76,Low,1093.12,1090.68,1096.46,1113.87,55.7,Medium
23.61321,86.78960000000001,2026-08-26,2034,3.11,311.97,287.72,n,11.76,Low,1092.86,1090.41,1096.2,1113.61,55.69,Medium
23.12196,70.08334,2026-08-26,2034,1.48,311.0,290.15,n,10.0,Low,1054.27,1053.01,1053.14,1056.64,52.17,Medium
20.86715,84.99306,2026-08-26,2034,2.21,303.85,281.88,n,6.57,Low,772.56,769.18,775.46,796.56,37.71,Low
20.86633,84.99726,2026-08-26,2034,1.86,302.62,282.26,n,5.63,Low,772.9,769.52,775.8,796.9,36.78,Low
20.86377,84.98796,2026-08-26,2034,2.41,331.05,283.25,n,21.84,Low,771.92,768.54,774.81,795.91,52.95,Medium
20.86296,84.99215,2026-08-26,2034,2.41,308.93,281.55,n,9.55,Low,772.26,768.88,775.15,796.26,40.68,Low
20.79388,85.25462,2026-08-26,2034,1.13,303.84,286.57,n,5.76,Low,793.1,789.59,795.92,817.21,37.72,Low
20.79303,85.25893,2026-08-26,2034,1.13,302.21,287.06,n,4.85,Low,793.46,789.95,796.28,817.57,36.82,Low
18.95733,73.94366,2026-08-26,2036,2.23,324.36,290.0,n,17.98,Low,483.11,481.86,482.01,485.57,37.31,Low
13.8324,79.25771,2026-08-26,2036,0.19,300.63,283.62,n,3.27,Low,391.73,392.92,400.5,408.73,19.21,Low
15.01486,79.80273,2026-08-26,2036,4.8100000000000005,316.21,292.67,n,15.39,Low,285.12,286.4,294.48,308.28,27.13,Low
15.68362,78.45876,2026-08-26,2036,0.94,306.97,292.66,n,7.36,Low,180.5,178.35,188.78,192.41,14.76,Low
15.18476,76.66579,2026-08-26,2036,1.57,311.2,290.28,n,10.18,Low,300.11,298.93,305.98,305.52,22.29,Low
15.1731,76.78556,2026-08-26,2036,0.8200000000000001,304.39,291.16,n,5.83,Low,293.4,292.15,299.92,299.26,17.68,Low
15.30111,76.21888,2026-08-26,2036,0.6900000000000001,304.95,289.96,n,6.05,Low,322.76,321.87,326.08,326.41,19.02,Low
15.0046,77.00061,2026-08-26,2036,0.6900000000000001,310.42,292.26,n,9.08,Low,296.4,294.97,304.59,303.4,21.07,Low
15.16815,76.38161,2026-08-26,2036,1.39,308.5,288.52,n,8.54,Low,321.18,320.14,325.77,325.71,21.47,Low
15.17149,76.38216,2026-08-26,2036,0.46,301.43,288.15,n,3.92,Low,320.86,319.83,325.44,325.39,16.84,Low
15.02314,78.01447,2026-08-26,2036,1.12,308.69,280.87,n,8.45,Low,256.92,254.93,267.88,267.46,18.92,Low
15.17495,77.10123,2026-08-26,2036,0.81,306.08,287.24,n,6.76,Low,274.67,273.24,282.88,281.68,17.88,Low
15.17826,77.10178,2026-08-26,2036,0.81,302.31,285.43,n,4.67,Low,274.32,272.89,282.53,281.33,15.78,Low
15.33239,76.28411,2026-08-26,2036,0.93,306.46,287.96,n,7.06,Low,315.32,314.42,318.79,319.07,19.74,Low
15.18143,76.66524,2026-08-26,2036,1.57,326.3,290.26,n,18.57,Low,300.44,299.26,306.32,305.86,30.69,Low
15.16735,76.6746,2026-08-26,2036,0.5,304.85,285.55,n,5.85,Low,301.05,299.86,307.03,306.54,17.99,Low
15.16791,76.67098,2026-08-26,2036,1.47,309.55,285.83,n,9.19,Low,301.24,300.05,307.2,306.71,21.34,Low
15.17348,76.65711,2026-08-26,2036,1.0,311.66,287.35,n,10.01,Low,301.67,300.49,307.54,307.08,22.18,Low
15.17403,76.65352,2026-08-26,2036,1.0,310.22,286.79,n,9.21,Low,301.86,300.68,307.71,307.26,21.39,Low
15.1712,76.69366,2026-08-26,2036,1.32,302.91,287.77,n,5.38,Low,299.46,298.27,305.53,305.01,17.46,Low
15.17624,76.66125,2026-08-26,2036,1.72,304.34,288.3,n,6.48,Low,301.15,299.98,307.04,306.57,18.63,Low
15.1768,76.65766,2026-08-26,2036,2.93,332.51,290.69,n,23.04,Low,301.34,300.17,307.2,306.75,35.19,Low
15.17736,76.65406,2026-08-26,2036,2.93,327.76,291.09,n,20.4,Low,301.53,300.36,307.37,306.92,32.56,Low
15.17453,76.69421,2026-08-26,2036,1.32,316.22,290.04,n,12.78,Low,299.14,297.94,305.19,304.67,24.85,Low
15.17733,76.67619,2026-08-26,2036,3.51,328.74,292.52,n,21.38,Low,300.07,298.89,306.03,305.54,33.49,Low
15.17922,76.67965,2026-08-26,2036,1.91,309.1,291.74,n,9.27,Low,299.68,298.49,305.64,305.15,21.36,Low
15.18088,76.66885,2026-08-26,2036,2.45,306.97,290.26,n,8.49,Low,300.25,299.07,306.15,305.68,20.6,Low
15.18476,76.64362,2026-08-26,2036,0.6000000000000001,304.82,289.85,n,5.91,Low,301.58,300.42,307.35,306.92,18.07,Low
13.70935,79.61942,2026-08-26,2036,0.92,304.18,281.75,n,5.79,Low,413.65,414.87,422.67,432.61,22.63,Low
13.62073,78.48496,2026-08-26,2036,0.4,299.89,281.72,n,3.02,Low,408.72,406.6,416.82,420.54,19.55,Low
16.63467,74.34213,2026-08-26,2036,0.52,301.82,290.9,n,4.18,Low,428.77,427.82,428.0,430.81,21.33,Low
18.68293,73.03869,2026-08-26,2036,2.52,308.16,291.72,n,9.2,Low,567.24,566.01,566.18,569.68,31.89,Low
18.68391,73.0312,2026-08-26,2036,2.8,312.29,291.47,n,11.71,Low,568.04,566.81,566.97,570.47,34.43,Low
11.81618,77.91673,2026-08-26,2038,2.03,315.08,286.24,n,12.68,Low,610.58,608.51,620.2,621.63,37.29,Low
11.18108,79.10128,2026-08-26,2038,0.43,303.57,285.73,n,5.08,Low,680.79,680.49,689.17,694.96,32.53,Low
11.2694,80.00464,2026-08-26,2038,1.4,310.68,285.63,n,9.76,Low,685.79,687.0,694.7,703.51,37.47,Low
11.80979,77.00835,2026-08-26,2038,0.44,302.99,272.49,n,4.77,Low,627.31,625.43,639.0,637.11,30.06,Low
32.29206,70.73114,2026-08-26,2212,2.11,305.52,292.87,n,7.43,Low,1801.93,1800.92,1800.97,1803.67,79.5,Medium
32.88802,71.61938,2026-08-26,2212,2.92,305.79,292.02,n,8.18,Low,1826.93,1825.97,1826.01,1828.57,81.25,High
33.2675,71.31137,2026-08-26,2212,2.25,320.75,291.57,n,15.99,Low,1876.95,1875.98,1876.02,1878.59,91.07,High
33.27002,71.31249,2026-08-26,2212,2.72,321.14,291.23,n,16.56,Low,1877.16,1876.2,1876.23,1878.81,91.64,High
7.93113,81.2623,2026-08-27,741,8.43,347.38,296.46,n,35.42,Low,1077.53,1078.76,1086.57,1096.28,78.81,Medium
8.493970000000001,80.63341,2026-08-27,741,4.77,341.23,292.78,n,29.26,Low,1000.43,1001.64,1009.33,1018.04,69.55,Medium
8.39403,81.18223,2026-08-27,741,2.83,333.39,292.71,n,23.45,Low,1025.83,1027.06,1034.89,1044.71,64.77,Medium
8.18817,81.2166,2026-08-27,741,2.87,332.07,296.28,n,22.75,Low,1048.78,1050.01,1057.83,1067.6,64.99,Medium
8.18319,81.21323,2026-08-27,741,4.85,333.47,297.42,n,25.01,Low,1049.21,1050.45,1058.26,1068.02,67.27,Medium
8.18388,81.21734,2026-08-27,741,3.52,335.58,295.36,n,25.18,Low,1049.26,1050.49,1058.31,1068.08,67.44,Medium
8.16389,81.33283,2026-08-27,741,2.9,331.58,297.15,n,22.5,Low,1054.84,1056.08,1063.92,1073.91,64.99,Medium
8.07976,81.34676,2026-08-27,741,3.62,341.29,297.32,n,28.43,Low,1064.21,1065.44,1073.28,1083.25,71.29,Medium
7.72983,79.9324,2026-08-27,741,6.21,335.01,289.15,n,26.89,Low,1070.17,1070.93,1078.78,1085.63,69.95,Medium
7.93437,81.33264,2026-08-27,741,3.31,334.16,299.4,n,24.24,Low,1079.25,1080.49,1088.31,1098.17,67.7,Medium
7.93412,81.38229,2026-08-27,741,4.3,340.78,299.88,n,28.66,Low,1080.77,1082.01,1089.84,1099.79,72.18,Medium
7.93105,81.38248,2026-08-27,741,3.19,331.54,299.2,n,22.69,Low,1081.11,1082.34,1090.18,1100.12,66.23,Medium
7.62258,80.95859,2026-08-27,741,1.45,334.5,291.98,n,23.03,Low,1102.36,1103.58,1111.3,1120.25,67.4,Medium
7.60005,81.70477,2026-08-27,741,4.67,330.28,296.53,n,23.1,Low,1126.32,1127.56,1135.44,1145.8,68.45,Medium
7.47004,81.04136,2026-08-27,741,9.14,346.12,296.41,n,35.26,Low,1120.88,1122.1,1129.84,1138.87,80.38,High
9.91843,77.93557,2026-08-27,744,2.5700000000000003,335.55,294.03,n,24.46,Low,819.8,817.71,829.01,831.01,57.44,Medium
10.02469,78.36389,2026-08-27,744,2.55,334.84,295.39,n,24.05,Low,806.49,804.34,814.81,818.08,56.49,Medium
10.28012,78.98431,2026-08-27,744,7.07,339.64,296.95,n,30.1,Low,779.4,778.53,787.67,792.83,61.48,Medium
12.19828,79.71751,2026-08-27,744,2.89,331.74,293.89,n,22.58,Low,578.74,579.95,587.6,596.21,46.0,Low
8.92234,80.68958,2026-08-27,744,5.85,340.84,287.91,n,29.85,Low,955.65,956.87,964.6,973.67,68.36,Medium
8.90006,80.48241,2026-08-27,744,5.58,343.34,287.95,n,31.04,Low,953.0,954.21,961.88,970.46,69.44,Medium
8.53767,77.95551,2026-08-27,744,2.88,330.37,291.3,n,21.81,Low,972.16,970.06,981.17,983.45,60.88,Medium
8.53706,77.95217,2026-08-27,744,2.88,335.66,291.67,n,24.75,Low,972.25,970.15,981.26,983.54,63.82,Medium
9.13851,80.74121,2026-08-27,744,5.95,330.75,296.36,n,24.32,Low,933.79,935.01,942.78,952.09,61.96,Medium
9.38627,80.50593,2026-08-27,744,3.62,341.96,296.78,n,28.8,Low,901.08,902.29,910.01,918.92,65.12,Medium
11.69187,79.39234,2026-08-27,744,1.98,332.69,295.48,n,22.42,Low,627.96,628.85,636.57,643.62,47.79,Low
10.87787,77.24078,2026-08-27,744,3.26,330.18,295.55,n,21.99,Low,723.1,721.12,734.0,733.46,51.11,Medium
9.1307,77.84574,2026-08-27,744,4.28,335.59,296.02,n,25.76,Low,907.37,905.29,916.65,918.55,62.24,Medium
9.13009,77.84245,2026-08-27,744,4.92,341.07,296.5,n,29.28,Low,907.47,905.38,916.75,918.64,65.76,Medium
9.30457,78.81348,2026-08-27,744,0.98,334.81,296.26,n,22.85,Low,886.5,885.04,894.64,899.15,58.5,Medium
9.13252,77.84334,2026-08-27,744,3.68,338.51,296.56,n,26.93,Low,907.19,905.1,916.47,918.37,63.4,Medium
9.30486,78.81577,2026-08-27,744,6.54,336.81,296.38,n,28.13,Low,886.48,885.02,894.62,899.13,63.78,Medium
9.45494,80.49021,2026-08-27,744,5.54,344.21,295.5,n,31.49,Low,893.29,894.5,902.22,911.13,67.5,Medium
9.42552,80.37328,2026-08-27,744,7.33,340.3,295.98,n,30.66,Low,893.66,894.87,902.54,911.16,66.68,Medium
9.4147,80.41617,2026-08-27,744,2.19,330.97,295.31,n,21.63,Low,895.83,897.04,904.73,913.44,57.74,Medium
8.93558,77.80733,2026-08-27,744,2.63,336.01,294.19,n,24.76,Low,929.19,927.11,938.51,940.34,62.11,Medium
10.99141,78.89906,2026-08-27,744,10.52,338.6,298.76,n,32.11,Low,700.36,699.37,708.6,713.65,60.33,Medium
9.20093,77.46384,2026-08-27,744,1.61,331.96,295.68,n,21.74,Low,903.35,901.31,913.33,914.18,58.06,Medium
9.9931,79.18903,2026-08-27,744,1.7000000000000002,333.06,295.75,n,22.42,Low,812.54,812.18,820.92,826.61,55.14,Medium
17.64342,74.69589,2026-08-27,746,4.07,335.54,291.34,n,25.57,Low,378.66,377.52,377.7,380.98,40.72,Low
20.86458,84.98833,2026-08-27,746,4.15,338.21,293.29,n,27.12,Low,771.99,768.61,774.89,795.99,58.23,Medium
20.884,84.98126,2026-08-27,746,2.97,330.65,295.69,n,22.03,Low,772.35,768.99,775.25,796.33,53.16,Medium
20.78782,85.26209,2026-08-27,746,1.55,335.01,289.15,n,23.39,Low,793.5,789.99,796.32,817.62,55.36,Medium
27.73219,68.73432,2026-08-27,748,6.08,334.98,295.92,n,26.77,Low,1493.69,1492.51,1492.6,1495.84,86.52,High
26.63018,70.38756,2026-08-27,748,4.07,336.05,299.79,n,25.86,Low,1293.55,1292.38,1292.47,1295.66,77.6,Medium
27.26775,88.31142,2026-08-27,748,4.19,332.2,278.62,n,23.81,Low,1475.27,1473.64,1478.93,1492.19,83.01,High
26.63397,70.38496,2026-08-27,748,3.37,340.33,300.41,n,27.71,Low,1294.04,1292.87,1292.96,1296.15,79.47,Medium
29.70477,72.60225,2026-08-27,750,4.11,337.54,293.84,n,26.72,Low,1466.08,1465.09,1465.13,1467.78,85.36,High
29.47649,70.75252,2026-08-27,750,2.16,330.8,299.04,n,21.51,Low,1528.07,1527.0,1527.06,1529.96,82.63,High
30.60386,74.03584,2026-08-27,750,3.14,337.14,298.61,n,25.77,Low,1509.95,1508.98,1509.08,1511.44,86.16,High
30.69802,74.17593,2026-08-27,750,3.07,330.82,300.88,l,22.2,Low,1515.98,1514.98,1515.12,1517.45,82.84,High
31.39734,72.43457,2026-08-27,750,6.59,343.26,299.32,n,31.75,Low,1644.76,1643.81,1643.84,1646.39,97.54,High
31.39786,72.4391,2026-08-27,750,5.73,334.97,299.15,n,26.5,Low,1644.65,1643.7,1643.73,1646.28,92.28,High
31.39647,72.43313,2026-08-27,750,5.73,330.38,298.4,n,23.95,Low,1644.73,1643.77,1643.8,1646.35,89.74,High
31.4112,72.16735,2026-08-27,750,4.74,336.49,298.2,n,26.61,Low,1656.02,1655.05,1655.09,1657.67,92.85,High
31.45704,72.16631,2026-08-27,750,8.53,341.89,298.62,n,32.45,Low,1660.73,1659.76,1659.8,1662.38,98.88,High
30.17456,72.42779,2026-08-27,930,8.86,331.62,292.92,n,26.99,Low,1520.47,1519.49,1519.53,1522.16,87.81,High
30.17446,72.42593,2026-08-27,930,7.18,335.47,292.53,n,27.87,Low,1520.54,1519.55,1519.59,1522.23,88.69,High
37.30121,77.72136,2026-08-27,2010,0.8300000000000001,297.69,282.38,n,2.12,Low,2190.37,2190.1,2190.82,2192.44,89.76,High
25.81079,88.8863,2026-08-27,2014,3.4,303.34,286.07,n,7.18,Low,1409.77,1407.61,1413.22,1429.35,63.78,Medium
22.79055,86.20983,2026-08-27,2014,1.08,306.4,278.4,n,7.14,Low,991.36,988.7,994.61,1012.93,47.02,Low
29.08417,88.0132,2026-08-27,2014,1.48,300.12,280.25,n,3.95,Low,1605.77,1604.61,1609.42,1620.04,68.35,Medium
29.91529,74.9477,2026-08-27,2014,1.59,308.09,292.96,n,8.46,Low,1412.38,1411.33,1411.55,1413.78,64.95,Medium
29.91498,74.95193,2026-08-27,2014,1.59,306.17,293.0,n,7.4,Low,1412.25,1411.19,1411.41,1413.65,63.89,Medium
29.91002,74.94289,2026-08-27,2014,12.52,346.19,292.71,n,37.83,Low,1411.93,1410.88,1411.1,1413.34,94.3,High
29.90971,74.94712,2026-08-27,2014,13.61,350.51,294.75,n,41.05,Medium,1411.8,1410.74,1410.96,1413.2,97.52,High
22.24742,87.38844,2026-08-27,2014,1.81,309.29,285.15,n,9.3,Low,1063.39,1060.11,1066.34,1087.15,52.07,Medium
22.3576,87.29176,2026-08-27,2014,1.78,305.77,285.89,n,7.32,Low,1060.47,1057.27,1063.46,1083.96,49.97,Low
22.36518,87.3004,2026-08-27,2014,3.88,323.59,287.19,n,18.79,Low,1061.65,1058.46,1064.65,1085.14,61.49,Medium
22.3771,87.27546,2026-08-27,2014,1.49,307.83,286.36,n,8.25,Low,1060.05,1056.87,1063.05,1083.49,50.88,Medium
22.3763,87.27986,2026-08-27,2014,3.31,324.45,287.22,n,18.84,Low,1060.4,1057.22,1063.4,1083.85,61.49,Medium
22.78921,86.19717,2026-08-27,2014,3.24,327.01,278.39,n,20.21,Low,990.21,987.56,993.46,1011.77,60.04,Medium
29.9094,74.95135,2026-08-27,2014,13.61,321.57,293.15,n,24.97,Low,1411.66,1410.61,1410.82,1413.06,81.43,High
29.91033,74.93867,2026-08-27,2014,12.52,305.44,292.26,n,15.19,Low,1412.07,1411.02,1411.23,1413.47,71.67,Medium
29.90909,74.95557,2026-08-27,2014,2.25,306.55,292.96,n,8.1,Low,1411.53,1410.47,1410.69,1412.93,64.56,Medium
29.457,76.86609,2026-08-27,2014,7.66,334.4,289.84,n,27.63,Low,1328.44,1327.19,1327.72,1329.59,80.76,High
23.68629,87.12115,2026-08-27,2014,0.41,295.74,261.37,n,0.72,Low,1124.89,1122.37,1128.2,1145.89,45.93,Low
23.66489,87.16066000000001,2026-08-27,2014,0.75,304.31,275.89,n,5.73,Low,1126.77,1124.23,1130.06,1147.85,51.02,Medium
23.66214,87.15569,2026-08-27,2014,2.08,314.34,274.6,n,12.3,Low,1126.18,1123.64,1129.47,1147.26,57.57,Medium
23.56085,87.2383,2026-08-27,2014,1.94,327.01,278.76,n,19.24,Low,1126.55,1123.94,1129.82,1147.9,64.52,Medium
23.56009,87.24259,2026-08-27,2014,1.94,308.29,278.93,n,8.84,Low,1126.86,1124.25,1130.13,1148.22,54.13,Medium
23.55659,87.24186,2026-08-27,2014,1.94,305.1,278.17,n,7.07,Low,1126.58,1123.96,1129.84,1147.94,52.35,Medium
23.55232,87.24541,2026-08-27,2014,0.54,308.68,275.15,n,8.01,Low,1126.6,1123.99,1129.87,1147.98,53.29,Medium
23.54881,87.24468,2026-08-27,2014,0.54,296.44,266.9,n,1.2,Low,1126.32,1123.7,1129.58,1147.7,46.47,Low
23.84105,85.30284,2026-08-27,2014,0.35,296.4,270.04,n,1.04,Low,993.44,991.61,997.02,1011.63,40.98,Low
23.69652,85.29062,2026-08-27,2014,0.74,304.11,279.36,n,5.62,Low,981.52,979.64,985.07,999.97,45.08,Low
9.49338,77.62221,2026-08-27,2017,0.44,302.0,281.79,n,4.22,Low,869.37,867.32,879.12,880.33,39.18,Low
11.81781,77.91653,2026-08-27,2017,2.88,311.73,289.98,n,11.45,Low,610.4,608.33,620.03,621.45,36.05,Low
15.99257,78.3996,2026-08-27,2017,1.89,304.82,283.96,n,6.87,Low,146.24,144.1,155.2,157.95,12.9,Low
15.84457,79.77414,2026-08-27,2017,3.7,312.68,293.76,n,12.6,Low,205.31,206.58,214.64,231.48,21.18,Low
11.26739,80.00417,2026-08-27,2017,1.56,312.59,289.69,n,10.94,Low,686.0,687.21,694.9,703.72,38.66,Low
16.54488,79.75774,2026-08-27,2017,3.09,307.31,293.17,n,9.16,Low,149.83,151.01,158.46,178.81,15.54,Low
11.18222,79.10208,2026-08-27,2017,2.06,304.71,290.78,n,6.94,Low,680.67,680.37,689.05,694.84,34.39,Low
17.95681,80.78843,2026-08-27,2017,3.03,308.3,291.87,n,9.66,Low,241.16,236.75,243.45,265.91,19.53,Low
21.10433,72.64272,2026-08-27,2017,2.66,305.89,264.87,n,8.04,Low,710.57,709.3,709.43,712.96,36.46,Low
22.38937,73.11508,2026-08-27,2017,0.59,295.06,272.37,n,0.48,Low,761.02,759.8,759.91,763.26,30.92,Low
17.46458,80.65409,2026-08-27,2017,2.91,319.97,292.22,n,16.05,Low,218.45,216.38,222.42,245.29,25.08,Low
17.95565,80.79626,2026-08-27,2017,2.91,317.3,291.82,n,14.57,Low,241.95,237.53,244.23,266.69,24.47,Low
11.10949,77.76649,2026-08-27,2017,1.12,309.44,292.92,n,8.86,Low,689.92,687.87,699.74,700.87,36.64,Low
10.14528,78.35623,2026-08-27,2017,0.73,306.72,293.87,n,7.06,Low,793.15,791.01,801.5,804.74,38.96,Low
11.17704,79.08945,2026-08-27,2017,1.27,307.88,291.52,n,8.11,Low,681.13,680.8,689.51,695.26,35.58,Low
11.81603,77.91864,2026-08-27,2017,2.43,320.62,290.36,n,16.06,Low,610.57,608.51,620.2,621.63,40.67,Low
8.99971,80.67416,2026-08-27,2017,1.16,308.64,291.14,n,8.45,Low,946.94,948.15,955.89,964.97,46.61,Low
9.49335,77.62408,2026-08-27,2017,0.45,304.15,283.83,n,5.42,Low,869.36,867.3,879.1,880.31,40.38,Low
8.30766,77.63818,2026-08-27,2019,1.33,310.18,293.28,n,9.43,Low,999.84,997.77,1009.36,1010.9,49.61,Low
8.41052,80.75783,2026-08-27,2019,0.38,302.76,286.31,n,4.6,Low,1012.47,1013.68,1021.4,1030.34,45.38,Low
7.3066,80.94781,2026-08-27,2019,1.88,306.31,286.08,n,7.69,Low,1136.15,1137.36,1145.06,1153.84,53.41,Medium
7.30935,80.95189,2026-08-27,2019,1.58,304.57,286.88,n,6.5,Low,1135.95,1137.16,1144.87,1153.65,52.22,Medium
7.30991,80.94836,2026-08-27,2019,1.88,325.87,287.3,n,18.56,Low,1135.8,1137.02,1144.72,1153.5,64.27,Medium
7.31267,80.95242,2026-08-27,2019,2.22,316.66,287.35,n,13.7,Low,1135.6,1136.82,1144.52,1153.31,59.4,Medium
15.17269,76.6937,2026-08-27,2019,1.21,297.01,273.2,n,2.02,Low,299.33,298.13,305.39,304.87,14.1,Low
15.02335,78.01398,2026-08-27,2019,2.22,308.39,285.12,n,9.1,Low,256.91,254.92,267.87,267.45,19.57,Low
15.17564,77.10123,2026-08-27,2019,1.48,299.95,280.76,n,3.86,Low,274.6,273.17,282.81,281.61,14.98,Low
15.33447,76.2467,2026-08-27,2019,0.65,304.65,290.98,n,5.85,Low,318.05,317.17,321.35,321.67,18.63,Low
6.85014,81.04932,2026-08-27,2019,0.66,295.85,271.53,n,0.97,Low,1187.86,1189.07,1196.77,1205.53,48.76,Low
15.33388,76.28443,2026-08-27,2019,1.24,306.14,289.24,n,7.12,Low,315.18,314.28,318.65,318.93,19.79,Low
15.07126,76.86606,2026-08-27,2019,1.52,302.03,286.05,n,5.05,Low,297.75,296.42,305.04,304.14,17.08,Low
13.82483,79.2569,2026-08-27,2019,1.07,309.05,292.0,n,8.61,Low,392.53,393.72,401.3,409.52,24.58,Low
13.70962,79.61949,2026-08-27,2019,1.84,310.51,292.96,n,10.0,Low,413.62,414.85,422.65,432.58,26.84,Low
13.39244,80.10186,2026-08-27,2019,2.51,316.57,295.63,n,13.87,Low,462.96,464.22,472.18,483.76,32.7,Low
15.17371,76.65434,2026-08-27,2019,2.19,309.23,285.98,n,9.55,Low,301.83,300.66,307.69,307.23,21.72,Low
6.8742,81.44757,2026-08-27,2019,1.04,306.05,281.95,n,6.92,Low,1195.73,1196.95,1204.74,1214.24,55.04,Medium
7.31323,80.94892,2026-08-27,2019,3.94,332.47,287.52,n,23.77,Low,1135.46,1136.67,1144.38,1153.15,69.47,Medium
8.30407,77.63763,2026-08-27,2019,1.33,313.44,293.13,n,11.24,Low,1000.24,998.17,1009.76,1011.3,51.43,Medium
8.40721,80.75729,2026-08-27,2019,0.38,303.08,285.68,n,4.77,Low,1012.81,1014.03,1021.75,1030.68,45.56,Low
28.42398,69.70206,2026-08-27,2153,1.46,310.73,296.06,n,9.83,Low,1490.55,1489.41,1489.49,1492.59,69.45,Medium
33.80159,72.09836,2026-08-27,2153,0.73,307.55,294.52,n,7.52,Low,1904.64,1903.71,1903.74,1906.19,83.7,High
33.29675,71.1889,2026-08-27,2153,0.62,308.48,294.71,n,7.95,Low,1884.49,1883.52,1883.56,1886.14,83.33,High
32.88834,71.61575,2026-08-27,2153,1.67,316.14,296.86,n,13.0,Low,1827.1,1826.14,1826.17,1828.73,86.08,High
29.90671,74.9599,2026-08-27,2155,15.44,317.64,292.12,n,24.16,Low,1411.17,1410.11,1410.33,1412.57,80.6,High
29.91005,74.94773,2026-08-27,2155,28.69,319.45,292.36,n,35.1,Low,1411.82,1410.77,1410.98,1413.22,91.57,High
29.90838,74.95381,2026-08-27,2155,15.44,367.0,294.14,h,51.58,Medium,1411.49,1410.44,1410.66,1412.89,108.03,High
29.91466,74.95614,2026-08-27,2155,15.44,306.96,293.04,n,18.22,Low,1412.11,1411.06,1411.27,1413.51,74.7,Medium
29.90638,74.95924,2026-08-27,2155,19.52,319.9,292.24,n,28.47,Low,1411.15,1410.09,1410.31,1412.55,84.91,High
29.90978,74.9471,2026-08-27,2155,14.38,319.17,292.2,n,24.21,Low,1411.81,1410.75,1410.97,1413.21,80.68,High
29.90808,74.95317,2026-08-27,2155,14.38,367.0,294.32,h,50.79,Medium,1411.48,1410.42,1410.64,1412.88,107.24,High
29.91436,74.95547,2026-08-27,2155,14.38,310.32,292.87,n,19.3,Low,1412.1,1411.04,1411.26,1413.5,75.78,Medium
29.91607,74.94938,2026-08-27,2155,14.38,305.84,292.75,n,16.81,Low,1412.43,1411.37,1411.59,1413.83,73.3,Medium
29.47338,76.864,2026-08-27,2155,2.54,304.0,286.48,n,6.91,Low,1330.26,1329.01,1329.55,1331.41,60.11,Medium
6.82944,81.44043,2026-08-28,724,3.32,331.7,290.04,n,22.88,Low,1200.31,1201.54,1209.33,1218.79,71.18,Medium
8.97291,80.68935,2026-08-28,724,7.29,336.86,287.05,n,28.72,Low,950.21,951.43,959.16,968.26,67.01,Medium
8.73258,78.10741,2026-08-28,724,7.04,334.15,291.19,n,27.03,Low,949.93,947.82,958.69,961.33,65.21,Medium
8.72573,80.74754,2026-08-28,724,7.24,337.93,291.49,n,29.28,Low,978.28,979.5,987.24,996.33,68.69,Medium
8.71467,77.97586,2026-08-28,724,6.6,332.45,291.91,n,25.76,Low,952.5,950.4,961.49,963.8,64.04,Medium
8.72874,78.1054,2026-08-28,724,9.62,335.79,291.61,n,29.88,Low,950.36,948.25,959.13,961.77,68.08,Medium
9.277,78.39668,2026-08-28,724,6.4,334.35,290.53,n,26.66,Low,889.17,887.03,897.41,900.79,62.4,Medium
9.27714,78.39496,2026-08-28,724,4.62,335.92,290.19,n,26.2,Low,889.16,887.01,897.4,900.78,61.94,Medium
8.57365,80.37617,2026-08-28,724,3.95,329.17,282.05,n,21.95,Low,986.01,987.2,994.83,1003.0,61.66,Medium
8.66278,81.14859,2026-08-28,724,2.39,330.04,287.35,n,21.26,Low,996.22,997.45,1005.28,1015.2,61.4,Medium
7.20586,81.80885,2026-08-28,724,3.52,327.81,291.56,n,20.87,Low,1171.36,1172.61,1180.48,1190.81,68.02,Medium
7.12036,81.83202,2026-08-28,724,7.49,340.52,290.97,n,30.91,Low,1181.16,1182.4,1190.27,1200.59,78.45,Medium
6.8483,81.47719,2026-08-28,724,8.93,341.48,291.08,n,32.52,Low,1199.33,1200.56,1208.35,1217.9,80.78,High
6.84907,81.48148,2026-08-28,724,11.54,349.79,289.59,n,39.09,Low,1199.37,1200.6,1208.39,1217.94,87.35,High
14.75162,79.71841,2026-08-28,726,2.94,330.88,293.97,n,22.14,Low,307.82,309.08,317.11,329.67,34.78,Low
14.49187,79.7094,2026-08-28,726,5.47,335.09,297.62,n,26.37,Low,334.17,335.43,343.4,355.28,40.05,Low
14.49166,79.70969,2026-08-28,726,6.57,339.76,297.46,n,29.79,Low,334.2,335.46,343.43,355.31,43.47,Low
15.02867,79.75406,2026-08-28,726,2.51,334.11,296.17,n,23.61,Low,281.44,282.72,290.79,304.36,35.2,Low
15.63637,79.58625,2026-08-28,726,4.78,330.26,295.72,n,23.17,Low,213.47,214.75,222.86,237.59,32.06,Low
15.76769,79.49413,2026-08-28,726,3.29,331.28,292.63,n,22.62,Low,195.97,197.25,205.35,220.02,30.81,Low
22.36216,87.01751,2026-08-28,729,4.8,332.41,295.92,n,24.38,Low,1036.12,1032.99,1039.14,1059.35,66.06,Medium
21.74797,83.84405,2026-08-28,729,4.65,332.09,289.1,n,24.09,Low,727.23,724.95,730.63,747.49,53.39,Medium
22.377,87.2805,2026-08-28,729,7.49,341.05,291.28,n,31.2,Low,1060.5,1057.31,1063.5,1083.94,73.85,Medium
26.60799,90.33498,2026-08-28,729,5.57,336.49,289.46,n,27.23,Low,1578.22,1575.97,1581.63,1598.07,90.57,High
28.31779,95.1801,2026-08-28,729,4.86,329.86,290.37,n,23.01,Low,2080.37,2077.76,2083.64,2101.6,106.44,High
29.08413,88.01273,2026-08-28,731,2.79,331.12,304.21,l,22.16,Low,1605.74,1604.58,1609.39,1620.01,86.56,High
29.13515,89.25123,2026-08-28,731,3.97,330.31,305.02,l,22.59,Low,1688.74,1687.33,1692.48,1704.4,90.32,High
37.08331,79.64874,2026-08-28,731,12.58,350.5,310.51,n,40.27,Medium,2168.37,2169.43,2170.35,2171.71,127.07,Critical
9.4159,77.509,2026-08-28,905,1.46,332.41,296.85,n,21.88,Low,879.17,877.13,889.12,890.03,57.23,Medium
9.41621,77.50993,2026-08-28,905,2.78,334.29,297.25,n,23.91,Low,879.12,877.08,889.07,889.98,59.26,Medium
9.27846,78.39858,2026-08-28,905,6.18,336.74,293.77,n,27.82,Low,889.01,886.87,897.25,900.63,63.56,Medium
9.33131,77.52667,2026-08-28,905,1.72,334.29,297.26,n,23.12,Low,888.26,886.22,898.16,899.15,58.84,Medium
9.33079,77.52433,2026-08-28,905,4.97,334.37,297.58,n,25.6,Low,888.35,886.3,898.25,899.23,61.32,Medium
22.92944,70.106,2026-08-28,907,4.39,336.34,295.78,n,26.26,Low,1040.42,1039.15,1039.28,1042.79,67.88,Medium
24.84141,68.06506,2026-08-28,909,3.72,342.24,304.84,n,29.03,Low,1331.75,1330.49,1330.62,1334.09,82.3,High
25.94312,72.19508,2026-08-28,909,21.83,367.0,302.25,h,56.37,Medium,1122.64,1121.51,1121.59,1124.64,101.27,High
25.94344,72.1987,2026-08-28,909,21.83,330.75,298.95,n,36.23,Low,1122.46,1121.33,1121.41,1124.46,81.13,High
25.9428,72.19143,2026-08-28,909,18.43,351.1,296.52,n,44.99,Medium,1122.82,1121.7,1121.77,1124.82,89.9,High
29.27192,71.18018000000001,2026-08-28,909,4.02,356.76,299.7,n,37.33,Low,1487.19,1486.13,1486.19,1489.06,96.82,High
29.27299,71.17931,2026-08-28,909,3.38,347.95,299.55,n,31.95,Low,1487.34,1486.28,1486.34,1489.2,91.44,High
37.19556,68.07668,2026-08-28,913,4.78,344.07,313.96,n,30.85,Low,2396.91,2395.92,2395.96,2398.63,126.72,Critical
36.74481,95.23365,2026-08-28,1951,2.22,311.03,290.98,n,10.57,Low,2689.77,2688.69,2693.19,2703.49,118.32,High
36.74516,95.23571,2026-08-28,1951,1.69,306.78,290.36,n,7.81,Low,2689.92,2688.84,2693.34,2703.65,115.57,High
27.37928,95.33176,2026-08-28,1953,3.02,306.89,289.99,n,8.87,Low,2040.8,2037.92,2043.95,2063.03,90.73,High
27.37818,95.33735,2026-08-28,1953,2.81,310.91,290.26,n,10.95,Low,2041.23,2038.35,2044.38,2063.46,92.82,High
27.32473,95.27738,2026-08-28,1953,0.89,308.91,289.97,n,8.4,Low,2033.17,2030.28,2036.31,2055.43,89.95,High
27.326,95.27651,2026-08-28,1953,0.92,309.19,290.24,n,8.57,Low,2033.16,2030.28,2036.31,2055.42,90.12,High
24.11609,86.8623,2026-08-28,1955,1.75,299.6,273.16,n,3.87,Low,1132.87,1130.62,1136.28,1152.81,49.4,Low
24.11668,86.85818,2026-08-28,1955,1.25,299.08,270.26,n,3.2,Low,1132.58,1130.34,1136.0,1152.52,48.71,Low
15.18288,76.67104,2026-08-28,1957,1.48,302.34,287.09,n,5.19,Low,299.93,298.75,305.83,305.36,17.29,Low
15.18244,76.67507,2026-08-28,1957,2.9,315.47,286.94,n,13.55,Low,299.7,298.52,305.63,305.15,25.64,Low
15.17891,76.65431,2026-08-28,1957,1.76,302.81,286.99,n,5.66,Low,301.38,300.21,307.22,306.77,17.82,Low
15.18653,76.67741,2026-08-28,1957,1.49,301.38,286.17,n,4.66,Low,299.19,298.01,305.11,304.64,16.73,Low
15.18174,76.66875,2026-08-28,1957,2.0,301.69,286.44,n,5.22,Low,300.18,299.0,306.08,305.61,17.33,Low
13.71205,79.61907,2026-08-28,1957,2.67,307.18,290.35,n,8.77,Low,413.35,414.58,422.38,432.31,25.6,Low
15.17508,76.67622,2026-08-28,1957,0.95,297.14,282.33,n,1.9,Low,300.27,299.08,306.23,305.74,14.01,Low
15.17742,76.65607,2026-08-28,1957,2.55,302.89,286.94,n,6.3,Low,301.39,300.22,307.25,306.79,18.46,Low
15.18081,76.67679,2026-08-28,1957,1.49,307.26,285.14,n,7.93,Low,299.73,298.54,305.67,305.19,20.02,Low
15.18128,76.67277,2026-08-28,1957,2.0,310.62,286.51,n,10.18,Low,299.95,298.77,305.87,305.4,22.28,Low
17.95635,80.79659,2026-08-28,1957,1.61,310.34,286.49,n,9.73,Low,242.0,237.58,244.28,266.74,19.64,Low
17.46345,80.65358,2026-08-28,1957,1.06,305.28,287.2,n,6.51,Low,218.38,216.33,222.36,245.24,15.53,Low
17.46277,80.65205,2026-08-28,1957,2.54,305.23,287.76,n,7.59,Low,218.22,216.17,222.2,245.07,16.61,Low
15.66104,73.9874,2026-08-28,1957,0.86,299.07,285.44,n,2.91,Low,500.8,499.85,500.2,502.53,22.94,Low
15.17497,77.10068,2026-08-28,1957,0.8300000000000001,306.28,288.41,n,6.89,Low,274.7,273.27,282.91,281.7,18.02,Low
15.65942,73.98846,2026-08-28,1957,0.75,301.95,285.04,n,4.42,Low,500.77,499.82,500.18,502.5,24.45,Low
15.18332,76.66703,2026-08-28,1957,1.48,307.26,287.05,n,7.92,Low,300.15,298.98,306.04,305.57,20.03,Low
6.86092,81.53809,2026-08-28,2000,1.08,305.96,290.81,n,6.9,Low,1199.73,1200.96,1208.76,1218.42,55.18,Medium
6.817,80.87542,2026-08-28,2000,0.96,303.83,283.86,n,5.63,Low,1187.35,1188.56,1196.22,1204.64,53.4,Medium
6.81385,80.87016,2026-08-28,2000,3.37,325.37,283.06,n,19.4,Low,1187.57,1188.78,1196.44,1204.85,67.18,Medium
6.8131900000000005,80.87464,2026-08-28,2000,3.37,314.97,284.96,n,13.62,Low,1187.75,1188.95,1196.61,1205.03,61.4,Medium
6.81518,80.87301,2026-08-28,2000,3.98,337.37,286.53,n,26.52,Low,1187.49,1188.7,1196.36,1204.77,74.29,Medium
6.81137,80.87222,2026-08-28,2000,3.98,303.74,282.5,n,7.84,Low,1187.89,1189.09,1196.75,1205.16,55.63,Medium
10.61728,77.41994,2026-08-28,2000,0.23,301.09,284.85,n,3.56,Low,748.52,746.51,758.96,759.13,33.69,Low
8.12065,80.80275,2026-08-28,2000,2.23,305.22,292.45,n,7.35,Low,1044.81,1046.03,1053.74,1062.62,49.42,Low
8.1199,80.80773,2026-08-28,2000,1.65,309.11,290.57,n,9.08,Low,1045.02,1046.23,1053.95,1062.84,51.16,Medium
8.11915,80.81272,2026-08-28,2000,1.65,304.91,290.01,n,6.74,Low,1045.22,1046.44,1054.16,1063.05,48.83,Low
7.8021,80.47414,2026-08-28,2000,1.63,305.84,290.75,n,7.24,Low,1071.84,1073.03,1080.64,1088.68,50.38,Medium
6.81763,80.87114,2026-08-28,2000,0.96,310.41,284.4,n,9.28,Low,1187.19,1188.39,1196.05,1204.46,57.04,Medium
8.12404,80.80512,2026-08-28,2000,1.75,309.4,292.18,n,9.31,Low,1044.51,1045.72,1053.44,1062.32,51.37,Medium
8.12011,80.80454,2026-08-28,2000,1.75,304.51,291.61,n,6.6,Low,1044.92,1046.13,1053.85,1062.73,48.68,Low
8.1194,80.80952,2026-08-28,2000,1.75,307.31,289.69,n,8.15,Low,1045.12,1046.33,1054.05,1062.94,50.23,Medium
8.11868,80.81451,2026-08-28,2000,2.69,303.83,290.23,n,6.92,Low,1045.32,1046.53,1054.25,1063.15,49.01,Low
34.84531,73.12538,2026-08-28,2133,1.3,298.62,286.73,n,2.99,Low,1984.96,1983.93,1984.11,1986.39,82.38,High
33.23443,71.51507,2026-08-28,2133,2.87,309.83,294.83,n,10.39,Low,1866.11,1865.15,1865.19,1867.74,85.03,High
33.29671,71.18774,2026-08-28,2133,3.28,310.92,295.41,n,11.3,Low,1884.53,1883.56,1883.6,1886.18,86.68,High
33.24416,71.29903,2026-08-28,2133,4.38,315.28,295.52,n,14.55,Low,1875.03,1874.06,1874.1,1876.68,89.55,High
32.64531,72.97565,2026-08-28,2133,1.63,307.22,295.31,n,8.01,Low,1756.38,1755.43,1755.5,1757.9,78.26,Medium
32.88881,71.6145,2026-08-28,2133,4.89,315.56,296.37,n,15.09,Low,1827.19,1826.23,1826.27,1828.83,88.18,High
32.29657,74.31654,2026-08-28,2133,2.54,307.16,292.56,n,8.66,Low,1683.06,1681.99,1682.22,1684.45,75.98,Medium
30.47519,76.58662,2026-08-28,2133,0.86,304.01,288.36,n,5.65,Low,1443.71,1442.47,1442.98,1444.88,63.39,Medium
31.76995,70.11077,2026-08-28,2133,2.36,309.2,297.18,n,9.66,Low,1778.37,1777.33,1777.38,1780.18,80.79,High
28.42477,69.69869,2026-08-28,2136,1.06,313.81,298.24,n,11.25,Low,1490.82,1489.68,1489.76,1492.86,70.88,Medium
28.42534,69.70181,2026-08-28,2136,1.63,313.98,298.29,n,11.77,Low,1490.68,1489.55,1489.63,1492.72,71.4,Medium
25.94091,72.19165,2026-08-28,2136,2.14,311.26,294.86,n,10.64,Low,1122.63,1121.51,1121.59,1124.64,55.54,Medium
24.66053,74.63365,2026-08-28,2136,1.34,302.81,289.45,n,5.34,Low,874.58,873.55,873.6,876.36,40.32,Low
21.10043,72.63733,2026-08-28,2138,1.2,305.36,289.84,n,6.66,Low,710.8,709.53,709.67,713.2,35.09,Low
20.9107,71.46196,2026-08-28,2138,2.89,305.7,292.17,n,8.11,Low,806.76,805.48,805.63,809.2,40.38,Low
21.1034,72.64882,2026-08-28,2138,0.74,301.14,288.98,n,3.97,Low,709.98,708.71,708.84,712.37,32.37,Low
21.84742,97.18694,2026-08-29,707,3.89,334.06,293.31,n,24.62,Low,2009.76,2005.5,2012.16,2034.48,105.24,High
22.37665,87.28234,2026-08-29,707,4.74,332.05,292.39,n,24.14,Low,1060.65,1057.46,1063.64,1084.09,66.8,Medium
22.37586,87.27822,2026-08-29,707,4.74,331.92,292.02,n,24.07,Low,1060.23,1057.05,1063.23,1083.68,66.71,Medium
23.74449,90.5308,2026-08-29,707,3.85,337.63,295.91,l,26.57,Low,1425.69,1422.41,1428.64,1449.44,83.83,High
24.08363,90.3568,2026-08-29,709,6.46,330.71,294.95,l,24.68,Low,1427.46,1424.33,1430.48,1450.65,82.01,High
23.55899,87.24026,2026-08-29,709,2.5700000000000003,330.62,290.41,n,21.72,Low,1126.6,1123.98,1129.86,1147.95,67.0,Medium
28.10045,95.53236,2026-08-29,709,2.14,330.43,294.85,n,21.29,Low,2097.58,2094.87,2100.81,2119.2,105.41,High
29.23654,88.87944,2026-08-29,709,2.4,329.58,294.29,n,21.01,Low,1672.97,1671.65,1676.74,1688.1,88.1,High
31.65704,78.40268,2026-08-29,712,4.03,329.09,303.31,l,21.96,Low,1563.15,1563.36,1564.16,1565.68,84.52,High
11.83292,79.64937,2026-08-29,845,2.65,332.56,295.44,n,22.85,Low,616.97,618.16,625.75,633.81,47.8,Low
12.17967,79.73842,2026-08-29,845,7.67,344.66,295.14,n,33.34,Low,581.23,582.43,590.1,598.76,56.87,Medium
7.52567,81.08916,2026-08-29,845,8.15,339.17,268.01,n,30.65,Low,1116.14,1117.36,1125.11,1134.27,75.58,Medium
8.60485,77.9724,2026-08-29,845,3.44,339.73,288.68,n,27.43,Low,964.65,962.55,973.64,975.95,66.2,Medium
8.608740000000001,77.96722,2026-08-29,845,2.7,336.02,287.79,n,24.81,Low,964.25,962.15,973.25,975.55,63.56,Medium
8.57969,77.66151,2026-08-29,845,3.72,339.99,295.44,n,27.78,Low,969.65,967.58,979.17,980.7,66.75,Medium
8.64795,77.83846,2026-08-29,845,2.8200000000000003,336.15,293.65,n,24.98,Low,960.71,958.62,969.93,971.9,63.59,Medium
8.65245,77.83784,2026-08-29,845,1.92,330.16,291.93,n,20.97,Low,960.22,958.13,969.44,971.41,59.56,Medium
8.74677,78.08665,2026-08-29,845,2.69,332.55,287.41,n,22.88,Low,948.44,946.33,957.24,959.83,61.0,Medium
9.38339,80.4523,2026-08-29,845,4.82,329.01,282.56,n,22.51,Low,900.08,901.29,908.99,917.77,58.79,Medium
9.38294,80.44886,2026-08-29,845,5.38,345.5,283.23,n,32.09,Low,900.04,901.26,908.95,917.72,68.37,Medium
9.41203,80.44762,2026-08-29,845,3.19,328.29,287.77,n,20.89,Low,896.87,898.09,905.79,914.57,57.04,Medium
9.41747,80.44695,2026-08-29,845,3.19,343.39,286.81,n,29.28,Low,896.27,897.48,905.18,913.97,65.41,Medium
9.50563,77.60714,2026-08-29,845,4.45,335.3,295.79,n,25.73,Low,868.18,866.13,877.97,879.12,60.64,Medium
10.93459,78.47301,2026-08-29,845,5.59,337.47,299.46,n,27.79,Low,705.86,703.71,713.96,717.56,56.2,Medium
11.74922,79.71774,2026-08-29,845,2.5700000000000003,333.73,294.78,n,23.44,Low,627.45,628.64,636.26,644.49,48.81,Low
15.47011,80.16361,2026-08-29,848,5.8,333.26,289.99,n,25.61,Low,263.7,264.98,273.01,290.17,36.53,Low
16.34823,78.444,2026-08-29,848,3.06,337.73,290.62,n,26.03,Low,106.96,104.79,115.56,118.95,30.49,Low
13.51015,78.18242,2026-08-29,848,6.93,335.03,295.74,n,27.44,Low,421.58,419.49,430.84,432.87,44.49,Low
14.20221,79.16484,2026-08-29,848,2.54,336.34,292.66,n,24.87,Low,349.69,350.87,358.44,366.6,39.13,Low
14.14709,77.40031,2026-08-29,848,1.36,330.17,296.0,n,20.56,Low,366.59,364.78,378.26,375.94,35.42,Low
14.78831,79.94443,2026-08-29,848,6.21,332.64,290.36,n,25.57,Low,314.38,315.65,323.74,337.62,38.48,Low
15.46434,80.16425,2026-08-29,848,5.8,349.37,293.78,n,34.56,Low,264.24,265.52,273.55,290.69,45.5,Low
16.22416,80.35689,2026-08-29,848,3.15,334.08,290.07,n,24.07,Low,222.76,223.92,231.23,251.87,33.37,Low
24.95683,68.29113,2026-08-29,850,2.12,330.06,304.65,l,21.07,Low,1320.79,1319.54,1319.66,1323.12,73.9,Medium
25.38717,68.58321,2026-08-29,850,2.16,337.92,305.66,n,25.46,Low,1326.75,1325.51,1325.63,1329.05,78.53,Medium
27.31574,72.3643,2026-08-29,852,3.5,338.67,308.58,n,26.89,Low,1241.45,1240.38,1240.45,1243.33,76.55,Medium
27.62484,69.46795,2026-08-29,852,10.69,340.88,312.95,l,33.51,Low,1436.56,1435.4,1435.49,1438.67,90.97,High
27.62835,69.46737,2026-08-29,852,11.26,343.7,314.95,l,35.5,Low,1436.9,1435.73,1435.82,1439.0,92.97,High
27.75767,68.69473,2026-08-29,852,20.55,344.79,309.26,n,43.07,Medium,1498.42,1497.24,1497.33,1500.56,103.01,High
29.90926,74.9532,2026-08-29,852,6.53,331.09,299.09,n,24.95,Low,1411.6,1410.55,1410.77,1413.0,81.41,High
30.46343,71.93924,2026-08-29,852,2.04,331.01,301.48,n,21.54,Low,1569.3,1568.3,1568.35,1571.02,84.31,High
31.50933,72.26437,2026-08-29,852,4.54,341.2,299.64,n,29.07,Low,1662.43,1661.47,1661.51,1664.07,95.56,High
31.93829,72.37972,2026-08-29,852,3.06,336.33,301.26,n,25.26,Low,1702.32,1701.37,1701.4,1703.92,93.35,High
32.88894,71.61886,2026-08-29,852,2.94,332.63,303.58,l,23.11,Low,1827.04,1826.08,1826.12,1828.68,96.19,High
27.22117,95.34689,2026-08-29,1936,1.76,312.89,291.18,n,11.26,Low,2033.69,2030.77,2036.82,2056.09,92.83,High
27.37836,95.08643,2026-08-29,1936,2.62,306.1,288.98,n,8.13,Low,2019.56,2016.72,2022.73,2041.67,89.14,High
27.37603,95.33333,2026-08-29,1936,1.99,305.91,282.11,n,7.55,Low,2040.76,2037.88,2043.91,2063.0,89.41,High
27.37933,95.33401,2026-08-29,1936,1.99,331.37,282.55,n,21.7,Low,2041.0,2038.12,2044.15,2063.23,103.56,High
27.47018,95.42361,2026-08-29,1936,1.89,307.94,289.54,n,8.61,Low,2053.63,2050.76,2056.78,2075.81,90.98,High
22.36468,87.01837,2026-08-29,1938,0.63,303.34,275.56,n,5.11,Low,1036.33,1033.21,1039.36,1059.56,46.79,Low
22.36034,87.01775,2026-08-29,1938,0.63,301.87,276.38,n,4.29,Low,1036.04,1032.91,1039.07,1059.27,45.96,Low
22.37698,87.28178,2026-08-29,1938,0.46,298.14,260.23,n,2.09,Low,1060.61,1057.43,1063.61,1084.06,44.75,Low
22.37749,87.27749,2026-08-29,1938,0.46,301.79,261.04,n,4.12,Low,1060.26,1057.07,1063.25,1083.7,46.76,Low
21.59176,96.22928,2026-08-29,1938,0.81,301.52,279.03,n,4.23,Low,1907.14,1902.87,1909.53,1931.87,80.74,High
22.36584,87.30197,2026-08-29,1938,0.61,304.37,263.27,n,5.66,Low,1061.83,1058.63,1064.82,1085.31,48.37,Low
10.93793,78.46664,2026-08-29,1940,1.99,321.14,278.39,n,16.01,Low,705.49,703.34,713.6,717.18,44.41,Low
10.94446,78.46751,2026-08-29,1940,1.99,302.27,277.97,n,5.53,Low,704.77,702.62,712.88,716.46,33.9,Low
9.75605,77.51919,2026-08-29,1940,1.18,313.12,282.92,n,10.95,Low,841.65,839.61,851.66,852.49,44.8,Low
9.75551,77.517,2026-08-29,1940,1.86,308.74,282.3,n,9.03,Low,841.74,839.7,851.75,852.57,42.89,Low
7.43697,81.32012,2026-08-29,1942,0.33,295.42,262.31,n,0.48,Low,1131.96,1133.19,1140.98,1150.53,46.05,Low
35.22365,72.93259,2026-08-29,2114,0.66,298.49,284.43,n,2.43,Low,2030.19,2029.16,2029.34,2031.62,83.63,High
32.57529,72.56393,2026-08-29,2116,2.59,313.33,296.49,n,12.13,Low,1762.02,1761.09,1761.12,1763.58,82.61,High
33.23603,71.51531,2026-08-29,2116,1.67,310.32,294.86,n,9.76,Low,1866.27,1865.31,1865.34,1867.89,84.41,High
28.37428,77.22549,2026-08-29,2116,1.03,303.85,273.19,n,5.69,Low,1205.47,1204.2,1204.78,1206.59,53.9,Medium
29.12339,75.77961,2026-08-29,2116,1.65,313.16,288.46,n,11.33,Low,1308.57,1307.44,1307.77,1309.88,63.67,Medium
29.45932,76.89091,2026-08-29,2116,4.63,330.32,274.43,n,23.09,Low,1328.42,1327.17,1327.71,1329.57,76.22,Medium
31.76838,70.1084,2026-08-29,2116,2.61,314.19,297.61,n,12.62,Low,1778.33,1777.28,1777.34,1780.14,83.75,High
32.29058,70.73904,2026-08-29,2116,3.05,314.07,298.8,n,12.88,Low,1801.45,1800.44,1800.49,1803.19,84.94,High
32.08598,74.16589,2026-08-29,2116,0.84,308.49,295.49,n,8.12,Low,1664.16,1663.11,1663.31,1665.57,74.68,Medium
32.08685,74.16118,2026-08-29,2116,0.89,310.53,295.5,n,9.3,Low,1664.37,1663.32,1663.52,1665.78,75.87,Medium
33.40789,71.94046,2026-08-29,2116,2.04,309.3,295.7,n,9.47,Low,1869.04,1868.1,1868.14,1870.63,84.23,High
33.54621,71.55232,2026-08-29,2116,0.76,307.93,294.71,n,7.75,Low,1896.7,1895.75,1895.79,1898.31,83.62,High
28.42461,69.70064,2026-08-29,2116,1.83,327.1,298.11,n,19.21,Low,1490.69,1489.55,1489.63,1492.73,78.84,Medium
26.87508,73.5155,2026-08-29,2116,1.58,307.67,290.4,n,8.22,Low,1144.23,1143.2,1143.25,1145.99,53.99,Medium
26.8731,73.51817,2026-08-29,2116,1.12,306.91,290.25,n,7.46,Low,1143.91,1142.89,1142.94,1145.68,53.21,Medium
20.86841,71.39706,2026-08-29,2118,2.52,303.07,292.83,n,6.37,Low,810.75,809.47,809.62,813.19,38.8,Low
24.69089,73.00126,2026-08-29,2118,0.74,300.42,281.62,n,3.57,Low,962.53,961.4,961.47,964.55,42.07,Low
25.94332,72.19199,2026-08-29,2118,0.98,305.54,291.65,n,6.59,Low,1122.83,1121.71,1121.79,1124.83,51.5,Medium
24.66288,74.63297,2026-08-29,2118,0.45,297.52,277.29,n,1.74,Low,874.84,873.82,873.87,876.63,36.73,Low
24.66208,74.63699,2026-08-29,2118,0.36,297.67,277.18,n,1.75,Low,874.58,873.56,873.61,876.37,36.73,Low
24.82164,73.09422,2026-08-29,2118,0.53,296.48,276.77,n,1.22,Low,968.98,967.86,967.93,970.97,39.98,Low
13.03323,77.87466,2026-08-29,2121,0.36,295.27,280.63,n,0.42,Low,477.08,475.05,487.25,487.9,19.69,Low
12.49513,76.73359,2026-08-29,2121,0.38,298.77,284.16,n,2.38,Low,562.68,560.91,573.84,571.71,25.07,Low
12.07226,78.52171,2026-08-29,2121,1.07,302.25,284.22,n,4.83,Low,579.96,577.96,588.07,591.89,28.21,Low
18.68747,73.03146,2026-08-29,2121,1.66,301.4,287.56,n,4.8,Low,568.09,566.86,567.03,570.53,27.53,Low
18.68334,73.03059,2026-08-29,2121,1.66,312.61,289.26,n,11.03,Low,568.09,566.86,567.02,570.52,33.75,Low
18.68258,73.03453,2026-08-29,2121,1.27,301.67,288.88,n,4.66,Low,567.66,566.43,566.6,570.1,27.37,Low
18.68072,73.03546,2026-08-29,2121,1.16,301.74,286.59,n,4.61,Low,567.52,566.29,566.46,569.96,27.31,Low
18.77881,73.74908,2026-08-29,2121,0.99,300.74,286.8,n,3.93,Low,496.99,495.74,495.91,499.44,23.81,Low
9.75523,77.51794,2026-08-29,2123,2.38,313.52,288.15,n,12.07,Low,841.76,839.72,851.76,852.59,45.93,Low
10.94256,78.46865,2026-08-29,2123,2.26,309.17,288.02,n,9.57,Low,704.98,702.83,713.09,716.67,37.95,Low
29.55473,90.99751,2026-08-30,652,4.5,325.18,296.37,l,20.14,Low,1840.62,1838.98,1844.27,1857.55,93.95,High
29.55749,90.99095,2026-08-30,652,5.61,328.38,290.57,n,22.75,Low,1840.37,1838.74,1844.03,1857.3,96.55,High
29.65337,90.98225,2026-08-30,652,3.42,327.32,292.56,n,20.52,Low,1847.14,1845.53,1850.8,1863.95,94.59,High
27.98973,94.2222,2026-08-30,652,18.02,336.75,297.24,n,36.71,Low,1981.36,1978.8,1984.65,2002.38,116.18,High
37.35203,95.86047,2026-08-30,654,7.87,342.15,313.32,l,32.1,Low,2777.15,2776.08,2780.55,2790.83,143.35,Critical
6.45618,81.09254,2026-08-30,826,7.3,345.43,300.75,n,33.49,Low,1231.42,1232.63,1240.32,1248.99,83.02,High
6.46012,81.09199,2026-08-30,826,7.3,341.66,299.41,n,31.4,Low,1230.98,1232.19,1239.88,1248.55,80.92,High
6.45996,81.09512,2026-08-30,826,8.32,348.18,299.92,n,35.78,Low,1231.07,1232.28,1239.98,1248.65,85.3,High
6.45926,81.09015,2026-08-30,826,8.32,346.16,299.67,n,34.66,Low,1231.03,1232.24,1239.93,1248.6,84.18,High
6.57118,81.0588,2026-08-30,826,18.25,337.67,289.64,n,37.39,Low,1218.19,1219.4,1227.1,1235.75,86.39,High
6.57044,81.05381,2026-08-30,826,18.25,336.92,290.95,n,36.98,Low,1218.15,1219.36,1227.05,1235.7,85.98,High
6.55189,80.87561,2026-08-30,826,8.33,334.36,292.72,n,28.11,Low,1216.07,1217.27,1224.92,1233.23,77.02,Medium
6.56987,81.05585,2026-08-30,826,39.3,349.19,292.28,n,59.58,Medium,1218.26,1219.47,1227.17,1235.81,108.59,High
6.55183,80.87236,2026-08-30,826,11.61,346.14,291.28,n,37.12,Low,1216.0,1217.21,1224.85,1233.16,86.03,High
7.67645,81.44918,2026-08-30,826,6.52,347.74,308.37,n,34.19,Low,1110.2,1111.43,1119.27,1129.2,78.89,Medium
6.71188,81.53472,2026-08-30,826,3.03,341.78,300.87,n,28.26,Low,1215.55,1216.77,1224.57,1234.15,77.17,Medium
6.72105,81.5407,2026-08-30,826,5.65,343.31,300.12,n,31.08,Low,1214.74,1215.97,1223.77,1233.36,79.96,Medium
6.72053,81.5371,2026-08-30,826,5.65,342.87,299.79,n,30.83,Low,1214.69,1215.92,1223.72,1233.3,79.71,Medium
6.77788,81.78619,2026-08-30,826,4.91,338.04,302.1,n,27.59,Low,1216.0,1217.23,1225.08,1235.14,76.52,Medium
6.7412,81.50845,2026-08-30,826,4.05,342.02,306.51,n,29.16,Low,1211.67,1212.89,1220.69,1230.23,77.91,Medium
6.74896,81.53299,2026-08-30,826,3.24,336.66,306.47,n,25.57,Low,1211.54,1212.76,1220.56,1230.16,74.32,Medium
6.74123,81.50769,2026-08-30,826,3.86,340.69,306.26,n,28.28,Low,1211.64,1212.87,1220.66,1230.21,77.03,Medium
6.74882,81.53226,2026-08-30,826,3.11,335.77,306.41,l,24.98,Low,1211.53,1212.76,1220.56,1230.15,73.73,Medium
6.72933,81.16361,2026-08-30,826,4.87,339.18,291.13,n,28.2,Low,1203.71,1204.92,1212.65,1221.56,76.63,Medium
6.45692,81.09754,2026-08-30,826,19.19,349.51,301.59,n,44.68,Medium,1231.46,1232.67,1240.36,1249.04,94.22,High
6.24721,80.86079,2026-08-30,826,2.37,335.72,299.28,n,24.4,Low,1248.78,1249.98,1257.61,1265.78,74.62,Medium
6.26749,81.05721,2026-08-30,826,13.47,334.91,295.72,n,32.27,Low,1250.97,1252.18,1259.85,1268.38,82.58,High
7.69219,81.52925,2026-08-30,826,2.33,336.39,305.85,n,24.74,Low,1110.98,1112.22,1120.07,1130.16,69.47,Medium
7.80942,81.45202,2026-08-30,826,4.33,342.3,308.39,n,29.53,Low,1096.15,1097.39,1105.23,1115.24,73.67,Medium
7.80813,81.45168,2026-08-30,826,4.97,339.35,308.72,n,28.37,Low,1096.28,1097.51,1105.36,1115.37,72.52,Medium
7.78425,81.21941,2026-08-30,826,7.08,334.77,303.53,n,27.4,Low,1091.98,1093.21,1101.01,1110.55,71.37,Medium
7.78376,81.21587,2026-08-30,826,9.22,341.02,306.64,n,32.48,Low,1091.94,1093.16,1100.96,1110.5,76.45,Medium
7.81643,81.36108,2026-08-30,826,7.87,338.02,308.95,l,29.8,Low,1092.66,1093.89,1101.72,1111.56,73.8,Medium
7.87288,81.46512,2026-08-30,826,4.66,336.09,308.48,l,26.32,Low,1089.82,1091.05,1098.9,1108.98,70.21,Medium
7.87428,81.41622,2026-08-30,826,9.46,347.81,308.64,n,36.43,Low,1088.17,1089.4,1097.24,1107.22,80.25,High
8.60875,77.83811,2026-08-30,826,2.3,330.12,284.72,n,21.24,Low,965.04,962.95,974.26,976.23,60.02,Medium
7.36655,81.24904,2026-08-30,826,19.27,343.12,306.31,n,41.19,Medium,1137.51,1138.73,1146.51,1155.89,86.98,High
7.4156,81.56924,2026-08-30,826,2.32,341.29,302.85,n,27.46,Low,1141.58,1142.82,1150.66,1160.67,73.42,Medium
7.37766,81.24046,2026-08-30,826,3.11,336.16,306.84,l,25.2,Low,1136.08,1137.31,1145.08,1154.45,70.93,Medium
7.43686,81.39532,2026-08-30,826,4.3,337.73,307.01,n,26.96,Low,1134.13,1135.36,1143.17,1152.86,72.62,Medium
7.43925,81.32561,2026-08-30,826,4.43,340.99,309.94,n,28.87,Low,1131.87,1133.1,1140.89,1150.46,74.43,Medium
7.45403,81.34198,2026-08-30,826,4.67,340.72,308.95,n,28.9,Low,1130.76,1131.99,1139.79,1149.39,74.42,Medium
7.48906,81.38728,2026-08-30,826,3.0,338.59,306.08,n,26.47,Low,1128.32,1129.55,1137.37,1147.07,71.89,Medium
7.4743,81.05003,2026-08-30,826,3.44,337.26,305.58,n,26.06,Low,1120.65,1121.87,1129.6,1138.65,71.17,Medium
7.51956,81.30991,2026-08-30,826,2.27,334.71,305.47,l,23.76,Low,1122.84,1124.07,1131.87,1141.44,68.96,Medium
7.35118,81.19792,2026-08-30,826,3.8,336.49,309.58,l,25.9,Low,1137.77,1138.99,1146.75,1156.03,71.7,Medium
7.61807,81.15833,2026-08-30,826,34.65,367.0,311.16,h,65.99,Medium,1108.08,1109.3,1117.07,1126.41,110.6,High
7.61757,81.15485,2026-08-30,826,15.47,356.38,313.13,n,45.7,Medium,1108.04,1109.26,1117.03,1126.36,90.31,High
7.62159,81.15429,2026-08-30,826,15.47,335.61,306.78,n,34.16,Low,1107.59,1108.82,1116.59,1125.92,78.75,Medium
7.35166,81.2014,2026-08-30,826,3.8,348.5,310.47,n,32.57,Low,1137.81,1139.03,1146.8,1156.08,78.37,Medium
7.35215,81.2049,2026-08-30,826,6.09,344.63,310.14,n,32.14,Low,1137.85,1139.07,1146.84,1156.13,77.94,Medium
7.35264,81.2084,2026-08-30,826,6.09,348.0,307.54,n,34.01,Low,1137.89,1139.12,1146.88,1156.18,79.81,Medium
7.39604,81.54919,2026-08-30,826,8.59,349.53,303.82,n,36.74,Low,1143.05,1144.29,1152.12,1162.09,82.76,High
7.39143,81.54616,2026-08-30,826,4.74,342.88,300.33,n,30.15,Low,1143.45,1144.68,1152.52,1162.47,76.18,Medium
7.39712,81.54854,2026-08-30,826,5.04,336.74,302.96,n,26.97,Low,1142.92,1144.15,1151.99,1161.95,72.98,Medium
7.39302,81.54917,2026-08-30,826,5.04,343.05,300.78,n,30.47,Low,1143.37,1144.61,1152.44,1162.4,76.5,Medium
7.3884,81.54617,2026-08-30,826,4.46,340.43,299.81,n,28.58,Low,1143.77,1145.01,1152.84,1162.79,74.62,Medium
7.38893,81.54981,2026-08-30,826,4.08,338.13,298.51,n,27.02,Low,1143.83,1145.06,1152.9,1162.86,73.07,Medium
7.32021,81.10786,2026-08-30,826,2.2,336.09,306.09,n,24.48,Low,1138.71,1139.93,1147.67,1156.76,70.31,Medium
7.33473,81.20717,2026-08-30,826,10.19,357.22,311.78,n,42.21,Medium,1139.78,1141.0,1148.77,1158.05,88.09,High
7.31546,81.10326,2026-08-30,826,6.49,334.42,304.81,l,26.77,Low,1139.1,1140.32,1148.06,1157.14,72.62,Medium
7.31621,81.10839,2026-08-30,826,9.05,336.91,305.81,n,30.07,Low,1139.15,1140.37,1148.11,1157.2,75.92,Medium
7.37768,81.55894,2026-08-30,826,3.86,331.05,302.66,l,22.92,Low,1145.3,1146.53,1154.37,1164.34,69.03,Medium
7.32474,81.2229,2026-08-30,826,5.09,344.58,307.22,n,31.36,Low,1141.28,1142.5,1150.27,1159.58,77.3,Medium
7.37411,81.56326,2026-08-30,826,5.71,342.4,303.29,n,30.62,Low,1145.81,1147.05,1154.89,1164.86,76.75,Medium
7.4049,81.77624,2026-08-30,826,3.36,342.42,303.84,n,28.86,Low,1149.27,1150.51,1158.39,1168.77,75.13,Medium
7.36431,81.55346,2026-08-30,826,4.19,330.83,303.42,l,23.05,Low,1146.55,1147.79,1155.63,1165.58,69.21,Medium
7.36748,81.57545,2026-08-30,826,2.71,332.45,303.73,l,22.84,Low,1146.89,1148.12,1155.97,1165.96,69.01,Medium
7.27678,81.14547,2026-08-30,826,4.38,337.26,305.53,n,26.76,Low,1144.36,1145.58,1153.33,1162.47,72.82,Medium
7.27753,81.15067,2026-08-30,826,4.38,337.79,306.06,n,27.06,Low,1144.41,1145.63,1153.38,1162.53,73.12,Medium
7.36683,81.77773,2026-08-30,826,5.08,338.06,304.2,n,27.73,Low,1153.34,1154.58,1162.46,1172.82,74.16,Medium
7.27317,81.1773,2026-08-30,826,2.91,330.44,303.55,l,21.87,Low,1145.59,1146.81,1154.56,1163.76,67.98,Medium
7.35635,81.76369,2026-08-30,826,4.46,340.63,304.1,n,28.69,Low,1153.99,1155.23,1163.11,1173.44,75.15,Medium
7.34377,81.73465,2026-08-30,826,3.47,336.86,300.35,n,25.86,Low,1154.39,1155.63,1163.5,1173.77,72.33,Medium
7.35132,81.81868,2026-08-30,826,2.2,335.23,303.61,n,24.0,Low,1156.31,1157.56,1165.44,1175.87,70.55,Medium
7.3236,81.80315,2026-08-30,826,2.14,331.97,303.42,l,22.14,Low,1158.73,1159.98,1167.86,1178.24,68.79,Medium
7.31681,81.76224,2026-08-30,826,5.41,344.78,299.4,n,31.71,Low,1158.13,1159.37,1167.24,1177.55,78.33,Medium
7.32289,81.80387,2026-08-30,826,2.59,340.57,303.84,n,27.26,Low,1158.83,1160.07,1167.96,1178.34,73.91,Medium
7.27994,81.59621,2026-08-30,826,5.24,340.82,306.6,n,29.39,Low,1156.83,1158.06,1165.9,1175.88,75.96,Medium
7.29368,81.80795,2026-08-30,826,2.34,332.54,303.12,l,22.61,Low,1162.05,1163.29,1171.17,1181.55,69.39,Medium
7.21619,81.59032,2026-08-30,826,5.44,337.99,306.07,n,27.96,Low,1163.42,1164.66,1172.49,1182.43,74.79,Medium
7.13256,81.41004,2026-08-30,826,2.12,330.14,297.2,n,21.11,Low,1167.04,1168.27,1176.07,1185.63,68.08,Medium
7.10918,81.68468,2026-08-30,826,4.05,335.1,305.92,l,25.32,Low,1177.68,1178.92,1186.77,1196.82,72.72,Medium
7.01929,81.60059,2026-08-30,826,2.25,332.84,302.79,n,22.71,Low,1184.68,1185.92,1193.74,1203.6,70.39,Medium
7.01565,81.40194,2026-08-30,826,3.69,344.36,303.03,n,30.19,Low,1179.32,1180.54,1188.33,1197.82,77.65,Medium
6.96385,81.61536,2026-08-30,826,6.91,336.56,304.75,n,28.27,Low,1191.03,1192.26,1200.09,1209.94,76.2,Medium
6.863,81.43449,2026-08-30,826,3.02,332.96,297.4,n,23.35,Low,1196.56,1197.78,1205.57,1215.04,71.5,Medium
6.89576,81.66621,2026-08-30,826,3.31,331.54,301.71,l,22.78,Low,1199.8,1201.04,1208.87,1218.77,71.06,Medium
6.81849,81.5262,2026-08-30,826,2.63,339.07,303.18,n,26.46,Low,1203.91,1205.14,1212.95,1222.56,74.91,Medium
6.81451,81.55614,2026-08-30,826,3.16,340.43,305.15,n,27.61,Low,1205.2,1206.43,1214.24,1223.91,76.11,Medium
6.7977,81.55489,2026-08-30,826,6.68,349.29,305.52,n,35.17,Low,1206.96,1208.19,1216.0,1225.65,83.74,High
6.7333,81.16302,2026-08-30,826,19.5,349.54,291.31,n,44.93,Medium,1203.27,1204.48,1212.2,1221.12,93.34,High
14.69206,79.62556,2026-08-30,828,2.12,331.61,295.71,n,21.93,Low,310.26,311.51,319.49,331.37,34.66,Low
8.78732,78.01003,2026-08-30,828,4.32,339.42,301.37,n,27.92,Low,944.3,942.19,953.24,955.63,65.87,Medium
8.80542,78.10815,2026-08-30,828,2.62,335.36,296.09,n,24.39,Low,941.88,939.76,950.64,953.28,62.25,Medium
8.88687,77.78855,2026-08-30,828,3.0,336.67,297.2,n,25.4,Low,934.71,932.63,944.05,945.85,62.97,Medium
8.93294,77.9651,2026-08-30,828,2.9,349.29,296.81,n,32.34,Low,928.45,926.35,937.48,939.73,69.66,Medium
8.93239,77.96133,2026-08-30,828,2.9,333.2,296.5,n,23.4,Low,928.53,926.43,937.57,939.81,60.72,Medium
8.91,77.59529,2026-08-30,828,1.37,335.65,296.51,n,23.61,Low,933.89,931.83,943.58,944.87,61.15,Medium
9.40266,80.43048,2026-08-30,828,4.05,328.22,295.28,n,21.49,Low,897.47,898.69,906.38,915.12,57.67,Medium
9.42778,80.38101,2026-08-30,828,1.83,331.15,292.84,n,21.46,Low,893.59,894.8,902.48,911.11,57.48,Medium
9.15121,78.32916,2026-08-30,828,1.56,331.35,293.35,n,21.36,Low,903.12,900.98,911.49,914.69,57.66,Medium
9.11369,77.77237,2026-08-30,828,1.37,334.29,298.66,n,22.86,Low,909.81,907.74,919.22,920.93,59.44,Medium
9.32007,77.4914,2026-08-30,828,2.53,333.17,290.35,n,23.1,Low,889.92,887.87,899.87,900.77,58.88,Medium
9.44472,77.67329,2026-08-30,828,5.42,339.12,287.31,n,28.58,Low,874.21,872.15,883.86,885.22,63.73,Medium
9.44417,77.66956,2026-08-30,828,5.42,357.05,290.55,n,38.54,Low,874.31,872.25,883.96,885.31,73.7,Medium
9.51278,78.066,2026-08-30,828,10.29,343.56,303.22,n,34.7,Low,863.87,861.76,872.78,875.22,69.44,Medium
9.49209,77.66238,2026-08-30,828,7.59,342.98,299.79,n,32.35,Low,869.1,867.04,878.78,880.09,67.3,Medium
9.86126,78.18573,2026-08-30,828,4.18,338.34,303.91,n,27.21,Low,824.89,822.77,833.58,836.33,60.39,Medium
9.87797,78.03197,2026-08-30,828,1.97,336.6,294.37,n,24.59,Low,823.69,821.58,832.7,834.99,57.72,Medium
9.82619,77.39869,2026-08-30,828,1.05,331.44,303.27,l,21.03,Low,835.54,833.52,845.79,846.25,54.64,Medium
10.00316,76.4542,2026-08-30,828,0.94,333.81,298.59,n,22.27,Low,835.89,834.02,847.58,845.54,55.9,Medium
11.80984,77.21425,2026-08-30,828,61.33,335.6,301.41,n,68.55,Medium,622.36,620.43,633.75,632.46,93.64,High
12.07999,76.99017,2026-08-30,828,3.7,338.02,303.8,n,26.67,Low,598.81,596.94,610.5,608.47,50.82,Medium
12.81456,78.60983,2026-08-30,828,2.64,333.07,291.11,n,23.13,Low,497.86,496.17,505.98,510.26,43.23,Low
12.48661,76.3177,2026-08-30,828,3.61,336.89,298.79,n,25.98,Low,579.39,577.73,589.45,587.7,49.32,Low
13.99587,79.86121,2026-08-30,828,3.16,330.58,297.69,n,22.14,Low,391.32,392.58,400.53,412.13,38.11,Low
13.9402,78.66064,2026-08-30,828,2.81,331.18,299.53,n,22.21,Low,373.45,372.14,381.58,386.41,37.35,Low
14.4991,79.69765,2026-08-30,828,1.87,330.15,297.16,n,20.93,Low,332.97,334.23,342.2,354.03,34.56,Low
14.50312,79.69711,2026-08-30,828,1.54,336.85,296.91,n,24.41,Low,332.54,333.79,341.77,353.6,38.03,Low
14.18999,77.3446,2026-08-30,828,3.06,342.86,298.23,n,28.88,Low,363.87,362.09,375.26,373.04,43.62,Low
14.29174,77.98407,2026-08-30,828,3.76,337.34,294.69,n,26.34,Low,337.46,335.44,347.92,348.2,40.03,Low
14.3499,77.63499,2026-08-30,828,3.47,335.71,300.01,n,25.22,Low,338.2,336.32,349.89,348.02,38.94,Low
14.71446,79.98879,2026-08-30,828,7.26,342.4,295.02,n,31.78,Low,323.83,325.1,333.19,347.08,45.07,Low
14.84624,78.37249,2026-08-30,828,2.01,332.45,299.84,n,22.31,Low,273.11,270.97,281.84,284.7,33.42,Low
14.67836,76.89172,2026-08-30,828,2.11,333.67,291.89,n,23.07,Low,333.59,332.11,342.11,340.83,36.56,Low
15.43925,77.664,2026-08-30,828,2.43,333.31,291.37,n,23.11,Low,222.04,220.33,232.95,230.84,32.17,Low
15.93384,79.5267,2026-08-30,828,4.06,343.13,289.76,n,29.78,Low,181.97,183.25,191.36,207.07,37.42,Low
21.17639,74.58324,2026-08-30,830,1.91,334.94,291.83,n,23.62,Low,558.65,557.44,557.54,560.87,45.97,Low
19.7772,73.79005,2026-08-30,830,2.03,333.97,293.26,n,23.17,Low,533.2,531.93,532.07,535.64,44.5,Low
30.11638,73.26059,2026-08-30,835,3.03,335.4,305.78,l,24.72,Low,1483.56,1482.61,1482.65,1485.16,84.06,High
30.02923,71.74337,2026-08-30,835,0.5700000000000001,332.13,304.36,l,21.06,Low,1534.49,1533.47,1533.52,1536.26,82.44,High
30.35123,73.65195,2026-08-30,835,1.82,334.44,300.2,n,23.28,Low,1494.98,1494.05,1494.09,1496.52,83.08,High
30.08648,71.7243,2026-08-30,835,1.66,334.33,303.89,n,23.09,Low,1540.98,1539.96,1540.01,1542.75,84.73,High
30.51386,73.90864,2026-08-30,835,2.87,335.57,299.41,n,24.69,Low,1504.17,1503.21,1503.29,1505.68,84.85,High
31.10913,74.49384,2026-08-30,835,9.69,345.2,299.84,n,35.16,Low,1551.47,1550.43,1550.63,1552.89,97.21,High
31.12675,74.30208,2026-08-30,835,4.14,342.96,300.91,n,29.75,Low,1558.23,1557.2,1557.38,1559.66,92.07,High
31.2082,73.91856,2026-08-30,835,3.87,337.22,300.68,n,26.36,Low,1577.26,1576.27,1576.39,1578.74,89.45,High
31.2118,73.91795,2026-08-30,835,2.3,331.16,299.86,n,21.81,Low,1577.66,1576.67,1576.79,1579.13,84.91,High
31.39489,72.12487,2026-08-30,835,1.87,333.23,300.88,n,22.64,Low,1655.96,1654.98,1655.02,1657.61,88.88,High
31.4235,72.12935,2026-08-30,835,3.19,331.22,300.79,n,22.51,Low,1658.7,1657.73,1657.77,1660.35,88.86,High
31.46879,72.1555,2026-08-30,835,3.6,335.84,301.51,n,25.39,Low,1662.33,1661.36,1661.4,1663.98,91.88,High
31.56943,72.27724,2026-08-30,835,1.98,340.52,301.32,n,26.77,Low,1668.11,1667.15,1667.19,1669.74,93.49,High
31.56918,72.22474,2026-08-30,835,2.25,334.87,302.29,n,23.84,Low,1670.01,1669.04,1669.08,1671.65,90.64,High
31.58139,72.28816,2026-08-30,835,2.12,337.8,299.58,n,25.37,Low,1668.94,1667.97,1668.01,1670.57,92.12,High
32.05318,73.38254,2026-08-30,835,3.08,337.5,301.33,n,25.92,Low,1681.96,1680.99,1681.08,1683.46,93.19,High
32.09223,73.23719,2026-08-30,835,2.2,330.89,299.99,n,21.59,Low,1690.39,1689.44,1689.51,1691.91,89.2,High
32.30693,73.28819,2026-08-30,835,3.64,337.47,297.34,n,26.32,Low,1711.47,1710.5,1710.6,1712.97,94.78,High
32.8883,71.61584,2026-08-30,835,1.77,331.99,303.18,l,21.88,Low,1827.09,1826.13,1826.17,1828.72,94.96,High
33.84936,72.20547,2026-08-30,835,3.38,340.8,297.4,n,27.98,Low,1906.19,1905.26,1905.3,1907.73,104.22,High
33.58202,69.2417,2026-08-30,835,3.52,340.44,315.16,l,27.88,Low,1993.53,1992.5,1992.55,1995.32,107.62,High
30.16407,74.51582,2026-08-30,835,3.35,331.57,302.09,l,22.83,Low,1449.97,1448.96,1449.12,1451.42,80.82,High
30.11697,73.26498,2026-08-30,835,5.74,336.37,305.23,n,27.29,Low,1483.47,1482.52,1482.56,1485.07,86.63,High
7.14013,81.1341,2026-08-30,1921,3.59,297.7,283.35,n,4.19,Low,1158.75,1159.97,1167.71,1176.76,50.82,Medium
7.13631,81.13902,2026-08-30,1921,1.72,296.16,280.67,n,1.93,Low,1159.29,1160.51,1168.25,1177.3,48.58,Low
7.28379,81.16539,2026-08-30,1921,1.34,304.2,288.27,n,6.12,Low,1144.13,1145.35,1153.1,1162.28,52.17,Medium
7.6078,81.15397,2026-08-30,1921,0.8200000000000001,303.16,288.01,n,5.15,Low,1109.06,1110.29,1118.05,1127.38,49.8,Low
8.86712,81.02701,2026-08-30,1921,1.75,309.61,287.51,n,9.43,Low,970.84,972.08,979.89,989.68,48.55,Low
8.86843,81.02491,2026-08-30,1921,2.71,316.5,287.9,n,13.98,Low,970.64,971.87,979.69,989.47,53.1,Medium
37.30244,77.71731,2026-08-30,2055,0.52,300.32,283.57,n,3.35,Low,2190.52,2190.24,2190.97,2192.59,90.99,High
33.29611,71.18341,2026-08-30,2055,0.8,310.8,293.05,n,9.38,Low,1884.63,1883.66,1883.7,1886.29,84.76,High
33.29622,71.18803,2026-08-30,2055,1.09,306.97,293.04,n,7.47,Low,1884.47,1883.5,1883.54,1886.12,82.85,High
32.88999,71.6175,2026-08-30,2055,3.33,308.91,293.74,n,10.23,Low,1827.2,1826.24,1826.28,1828.84,83.32,High
32.64409,72.9769,2026-08-30,2055,1.59,307.1,293.7,n,7.91,Low,1756.22,1755.27,1755.33,1757.73,78.16,Medium
32.57351,72.56357,2026-08-30,2055,4.1,309.26,294.88,n,11.0,Low,1761.85,1760.92,1760.95,1763.41,81.47,High
32.13232,74.17843,2026-08-30,2055,0.79,312.92,295.18,n,10.55,Low,1668.8,1667.76,1667.96,1670.21,77.3,Medium
32.08741,74.15643,2026-08-30,2055,0.65,308.49,294.49,n,7.98,Low,1664.55,1663.5,1663.7,1665.96,74.56,Medium
32.0868,74.16059,2026-08-30,2055,2.11,315.49,294.79,n,12.97,Low,1664.38,1663.33,1663.53,1665.79,79.54,Medium
31.64126,74.42704,2026-08-30,2055,0.49,308.12,295.23,n,7.66,Low,1610.12,1609.06,1609.28,1611.52,72.06,Medium
31.61482,74.37532,2026-08-30,2055,0.61,311.52,295.45,n,9.64,Low,1608.55,1607.5,1607.71,1609.95,73.98,Medium
31.769,70.10805,2026-08-30,2055,4.57,312.33,295.54,n,13.06,Low,1778.4,1777.36,1777.42,1780.22,84.19,High
26.87664,73.51275,2026-08-30,2057,1.39,304.99,292.77,n,6.59,Low,1144.5,1143.48,1143.53,1146.27,52.37,Medium
27.66868,76.13271,2026-08-30,2057,0.32,296.11,276.77,n,0.86,Low,1143.69,1142.55,1142.88,1145.0,46.6,Low
25.9433,72.19072,2026-08-30,2057,2.98,329.62,294.95,n,21.47,Low,1122.91,1121.78,1121.86,1124.91,66.38,Medium
27.66938,76.12862,2026-08-30,2057,0.32,299.11,279.78,n,2.52,Low,1143.84,1142.71,1143.04,1145.15,48.27,Low
28.74306,76.92912,2026-08-30,2057,1.91,316.04,291.02,n,13.12,Low,1249.12,1247.87,1248.4,1250.27,63.08,Medium
29.45914,76.89161,2026-08-30,2057,3.18,316.03,292.1,n,14.07,Low,1328.4,1327.14,1327.68,1329.54,67.2,Medium
29.4759,76.85623,2026-08-30,2057,2.28,311.77,289.97,n,11.03,Low,1330.63,1329.38,1329.91,1331.78,64.25,Medium
26.09499,68.87773,2026-08-30,2057,0.92,305.36,295.07,n,6.45,Low,1355.61,1354.39,1354.49,1357.84,60.67,Medium
24.68952,73.00175,2026-08-30,2057,1.08,308.21,292.27,n,8.15,Low,962.38,961.24,961.32,964.4,46.64,Low
25.94431,72.19051,2026-08-30,2057,2.14,325.37,295.03,n,18.48,Low,1123.01,1121.89,1121.96,1125.01,63.4,Medium
26.60605,73.68385,2026-08-30,2057,0.71,305.13,292.92,n,6.16,Low,1110.09,1109.07,1109.12,1111.85,50.56,Medium
26.87274,73.51597,2026-08-30,2057,1.35,306.77,293.13,n,7.55,Low,1143.97,1142.95,1143.0,1145.74,53.31,Medium
26.87605,73.51661,2026-08-30,2057,1.26,309.34,293.23,n,8.91,Low,1144.27,1143.25,1143.3,1146.04,54.68,Medium
28.42588,69.698,2026-08-30,2057,1.83,310.32,297.18,n,9.88,Low,1490.96,1489.82,1489.9,1493.0,69.52,Medium
28.35198,70.13081,2026-08-30,2057,0.75,307.1,296.83,n,7.28,Low,1458.81,1457.68,1457.76,1460.82,65.63,Medium
21.1016,72.63586,2026-08-30,2059,1.65,315.23,282.26,n,12.48,Low,711.0,709.73,709.86,713.39,40.92,Low
21.10102,72.63954,2026-08-30,2059,0.49,295.93,281.97,n,0.88,Low,710.64,709.38,709.51,713.04,29.31,Low
20.35619,72.94963,2026-08-30,2059,1.84,305.96,291.96,n,7.47,Low,640.84,639.56,639.71,643.27,33.1,Low
21.26307,72.94081,2026-08-30,2059,2.1,312.03,293.36,n,11.04,Low,694.84,693.58,693.71,697.21,38.83,Low
21.79665,72.08905,2026-08-30,2059,1.45,308.36,292.6,n,8.51,Low,801.0,799.74,799.87,803.37,40.55,Low
18.54634,74.25378,2026-08-30,2059,1.13,311.92,289.64,n,10.25,Low,438.93,437.69,437.86,441.38,27.81,Low
18.69302,73.0416,2026-08-30,2059,3.62,319.89,293.8,n,16.54,Low,567.18,565.95,566.12,569.62,39.23,Low
19.93695,73.71136,2026-08-30,2059,2.32,323.05,287.35,n,17.32,Low,548.71,547.44,547.58,551.15,39.27,Low
18.68969,73.04101,2026-08-30,2059,1.57,304.97,291.93,n,6.72,Low,567.16,565.93,566.1,569.6,29.41,Low
15.17345,76.78623,2026-08-30,2101,0.79,302.27,284.14,n,4.63,Low,293.32,292.08,299.85,299.18,16.47,Low
15.17842,76.66464,2026-08-30,2101,1.47,301.31,282.67,n,4.61,Low,300.74,299.56,306.63,306.16,16.74,Low
13.82871,79.33633,2026-08-30,2101,0.64,304.76,278.4,n,5.9,Low,393.73,394.93,402.57,411.22,21.92,Low
13.82755,79.33979,2026-08-30,2101,0.49,302.83,278.47,n,4.72,Low,393.93,395.13,402.77,411.44,20.75,Low
13.82812,79.33691,2026-08-30,2101,0.49,305.97,279.11,n,6.46,Low,393.81,395.01,402.65,411.3,22.49,Low
13.82868,79.33408,2026-08-30,2101,0.73,302.13,278.63,n,4.51,Low,393.68,394.88,402.52,411.16,20.53,Low
15.16888,76.67051,2026-08-30,2101,0.4,297.02,279.46,n,1.42,Low,301.19,300.0,307.14,306.66,13.57,Low
15.1757,76.65623,2026-08-30,2101,3.12,320.74,283.06,n,16.64,Low,301.53,300.36,307.39,306.94,28.8,Low
15.17362,76.69113,2026-08-30,2101,0.52,301.13,281.35,n,3.8,Low,299.42,298.22,305.46,304.95,15.88,Low
15.1825,76.66548,2026-08-30,2101,1.46,315.65,280.75,n,12.57,Low,300.33,299.15,306.21,305.75,24.68,Low
9.67002,77.45597,2026-08-30,2101,0.77,297.92,278.12,n,2.2,Low,851.91,849.87,862.01,862.69,36.46,Low
11.62482,79.08276,2026-08-30,2101,0.94,304.91,283.7,n,6.21,Low,631.7,631.48,640.09,645.98,31.7,Low
13.71089,79.62021,2026-08-30,2101,1.05,304.97,281.19,n,6.33,Low,413.5,414.73,422.53,432.47,23.16,Low
13.82816,79.33921,2026-08-30,2101,0.64,305.91,278.87,n,6.54,Low,393.85,395.05,402.69,411.36,22.57,Low
15.18182,76.66927,2026-08-30,2101,1.46,302.97,282.18,n,5.52,Low,300.14,298.96,306.04,305.57,17.63,Low
15.17636,76.67603,2026-08-30,2101,2.05,312.47,284.26,n,11.24,Low,300.17,298.98,306.12,305.64,23.35,Low
6.95868,79.95699,2026-08-30,2104,1.05,300.79,282.46,n,4.0,Low,1155.09,1155.69,1163.67,1170.34,50.45,Medium
28.49807,97.02458,2026-08-31,631,5.45,332.79,292.86,n,25.08,Low,2246.58,2243.78,2249.77,2268.53,115.17,High
9.41691,80.40578,2026-08-31,807,5.73,332.41,303.93,l,25.08,Low,895.35,896.56,904.25,912.93,61.17,Medium
6.74823,81.75127,2026-08-31,807,2.28,333.23,303.36,l,22.95,Low,1218.07,1219.31,1227.15,1237.12,71.97,Medium
6.99967,81.60159,2026-08-31,807,5.33,335.33,306.99,l,26.4,Low,1186.8,1188.03,1195.86,1205.7,74.16,Medium
6.99914,81.59812,2026-08-31,807,4.66,345.91,307.0,n,31.78,Low,1186.75,1187.99,1195.81,1205.65,79.54,Medium
7.00246,81.59761,2026-08-31,807,4.66,349.4,309.62,n,33.72,Low,1186.39,1187.62,1195.45,1205.28,81.47,High
7.00193,81.59413,2026-08-31,807,4.66,340.51,306.28,n,28.78,Low,1186.34,1187.57,1195.4,1205.23,76.53,Medium
7.00911,81.5966,2026-08-31,807,4.34,334.53,307.12,l,25.22,Low,1185.65,1186.88,1194.71,1204.55,72.94,Medium
7.07676,81.82498,2026-08-31,807,3.59,341.21,304.24,n,28.36,Low,1185.54,1186.78,1194.65,1204.93,76.08,Medium
7.17094,81.64171,2026-08-31,807,8.79,345.22,300.2,n,34.49,Low,1169.8,1171.04,1178.88,1188.89,81.58,High
7.09931,80.83875,2026-08-31,807,3.8,330.54,300.51,n,22.59,Low,1155.97,1157.17,1164.84,1173.31,69.1,Medium
7.1865,81.38634,2026-08-31,807,4.57,339.42,300.35,n,28.11,Low,1160.61,1161.83,1169.63,1179.18,74.82,Medium
7.32466,81.76436,2026-08-31,807,4.49,343.9,297.2,n,30.53,Low,1157.36,1158.6,1166.48,1176.79,77.12,Medium
7.33384,81.80244,2026-08-31,807,3.07,340.74,300.22,n,27.71,Low,1157.63,1158.87,1166.75,1177.14,74.31,Medium
7.47357,81.65829,2026-08-31,807,9.86,346.07,297.84,n,35.77,Low,1138.21,1139.45,1147.31,1157.52,81.59,High
7.43173,81.31496,2026-08-31,807,2.02,330.4,294.08,n,21.18,Low,1132.37,1133.6,1141.39,1150.93,66.76,Medium
7.4614,80.99762,2026-08-31,807,24.03,354.52,299.46,n,51.09,Medium,1120.7,1121.91,1129.64,1138.58,96.2,High
7.52729,80.8979,2026-08-31,807,2.18,334.5,306.55,l,23.58,Low,1111.13,1112.34,1120.04,1128.82,68.3,Medium
7.60614,81.15155,2026-08-31,807,8.72,339.35,301.8,n,31.18,Low,1109.18,1110.4,1118.17,1127.48,75.83,Medium
7.65419,81.40054,2026-08-31,807,2.94,335.93,305.53,n,24.94,Low,1111.11,1112.34,1120.17,1129.99,69.68,Medium
7.70496,81.42134,2026-08-31,807,6.93,340.73,303.38,n,30.6,Low,1106.33,1107.56,1115.39,1125.29,75.15,Medium
7.92286,81.40872,2026-08-31,807,4.75,341.88,308.16,n,29.61,Low,1082.77,1084.01,1091.85,1101.84,73.21,Medium
7.94124,81.30596,2026-08-31,807,20.34,352.39,313.67,n,47.14,Medium,1077.73,1078.96,1086.78,1096.59,90.54,High
7.94071,81.30248,2026-08-31,807,20.34,345.2,308.84,n,43.14,Medium,1077.68,1078.92,1086.74,1096.53,86.54,High
7.94456,81.30545,2026-08-31,807,20.34,367.0,311.43,h,55.25,Medium,1077.36,1078.59,1086.41,1096.22,98.64,High
7.94403,81.30197,2026-08-31,807,20.34,352.31,313.41,n,47.09,Medium,1077.32,1078.55,1086.37,1096.16,90.47,High
7.94297,81.295,2026-08-31,807,80.22,350.67,310.0,n,90.93,High,1077.22,1078.45,1086.27,1096.06,134.31,Critical
7.73714,79.95287,2026-08-31,807,3.4,335.15,299.09,n,24.86,Low,1069.68,1070.48,1078.29,1085.19,67.9,Medium
7.73915,79.95213,2026-08-31,807,5.01,345.5,299.7,n,31.81,Low,1069.44,1070.25,1078.06,1084.96,74.84,Medium
7.87699,80.62096,2026-08-31,807,2.86,331.9,302.63,n,22.64,Low,1066.86,1068.06,1075.72,1084.1,65.59,Medium
7.88696,80.61943,2026-08-31,807,3.88,341.73,302.18,n,28.87,Low,1065.75,1066.95,1074.6,1082.98,71.77,Medium
8.01197,81.41592,2026-08-31,807,4.35,340.12,310.95,l,28.33,Low,1073.53,1074.77,1082.61,1092.67,71.57,Medium
7.8739,80.07893,2026-08-31,807,5.31,348.7,305.08,n,33.82,Low,1056.68,1057.79,1065.35,1072.57,76.34,Medium
7.88657,80.13833,2026-08-31,807,7.77,345.81,305.14,n,34.06,Low,1056.29,1057.48,1064.99,1072.34,76.57,Medium
7.96847,80.62367,2026-08-31,807,2.45,334.81,303.21,n,23.95,Low,1057.02,1058.22,1065.88,1074.31,66.5,Medium
7.9984,80.37608,2026-08-31,807,6.58,349.28,308.42,n,35.09,Low,1048.51,1049.7,1057.29,1065.21,77.3,Medium
7.99786,80.37258,2026-08-31,807,6.58,332.12,305.98,l,25.56,Low,1048.5,1049.69,1057.28,1065.19,67.77,Medium
7.95897,80.09814,2026-08-31,807,3.06,338.14,304.5,l,26.26,Low,1047.7,1048.88,1056.38,1063.68,68.43,Medium
8.03437,80.19405,2026-08-31,807,6.16,338.36,306.27,n,28.71,Low,1041.14,1042.32,1049.86,1057.39,70.62,Medium
8.08878,80.19277,2026-08-31,807,5.01,344.37,305.52,n,31.19,Low,1035.18,1036.36,1043.9,1051.45,72.86,Medium
8.14198,79.99303,2026-08-31,807,3.1,337.81,303.02,n,26.11,Low,1025.96,1026.98,1034.62,1041.74,67.4,Medium
8.2525,80.51107,2026-08-31,807,2.72,330.03,304.77,l,21.5,Low,1023.74,1024.95,1032.59,1040.91,62.72,Medium
8.3754,81.1614,2026-08-31,807,3.98,336.39,307.17,l,25.98,Low,1027.2,1028.43,1036.25,1046.02,67.36,Medium
8.36229,81.05286,2026-08-31,807,6.7,337.65,310.94,l,28.72,Low,1025.49,1026.71,1034.5,1044.04,70.03,Medium
8.35775,80.80066,2026-08-31,807,8.27,337.97,310.22,l,30.07,Low,1019.23,1020.44,1028.17,1037.17,71.12,Medium
8.26829,80.17477,2026-08-31,807,2.7,333.76,308.72,l,23.56,Low,1015.27,1016.46,1024.0,1031.58,64.43,Medium
8.4223,81.09,2026-08-31,807,3.98,340.12,310.14,l,28.05,Low,1020.13,1021.36,1029.16,1038.81,69.14,Medium
8.28108,80.16919,2026-08-31,807,3.83,341.22,309.37,n,28.55,Low,1013.77,1014.96,1022.5,1030.08,69.36,Medium
8.29091,80.21081,2026-08-31,807,5.8100000000000005,346.43,308.56,n,32.93,Low,1013.47,1014.66,1022.21,1029.89,73.73,Medium
8.31053,80.29387,2026-08-31,807,1.4,334.22,305.49,l,22.84,Low,1012.92,1014.12,1021.7,1029.57,63.62,Medium
8.30053,80.16256,2026-08-31,807,3.66,339.1,308.91,n,27.25,Low,1011.53,1012.72,1020.26,1027.83,67.97,Medium
8.30774,80.12835,2026-08-31,807,2.95,332.31,306.22,l,22.94,Low,1010.13,1011.31,1018.84,1026.34,63.61,Medium
8.3721,80.43393,2026-08-31,807,6.87,336.87,304.21,n,28.41,Low,1009.11,1010.3,1017.93,1026.14,69.04,Medium
8.4316,80.79919,2026-08-31,807,6.05,341.2,309.0,n,30.2,Low,1011.24,1012.46,1020.19,1029.23,70.93,Medium
8.44716,80.87873,2026-08-31,807,7.37,338.83,306.9,n,29.88,Low,1011.64,1012.86,1020.62,1029.83,70.63,Medium
8.34746,80.20847,2026-08-31,807,3.85,336.17,309.73,l,25.76,Low,1007.26,1008.45,1016.01,1023.7,66.31,Medium
8.34692,80.20496,2026-08-31,807,3.86,336.99,309.9,l,26.22,Low,1007.25,1008.44,1016.0,1023.68,66.77,Medium
8.4479,80.75037,2026-08-31,807,3.6,335.29,308.52,l,25.08,Low,1008.25,1009.47,1017.19,1026.13,65.69,Medium
8.42869,80.62504,2026-08-31,807,5.61,341.14,308.86,n,29.84,Low,1007.28,1008.49,1016.17,1024.83,70.41,Medium
8.46928,80.77913,2026-08-31,807,7.93,346.94,307.83,n,34.8,Low,1006.68,1007.9,1015.63,1024.64,75.35,Medium
8.43458,80.5528,2026-08-31,807,2.47,331.43,304.61,l,22.09,Low,1004.96,1006.17,1013.83,1022.33,62.56,Medium
8.37858,80.18925,2026-08-31,807,4.28,336.53,308.88,l,26.28,Low,1003.51,1004.7,1012.25,1019.91,66.68,Medium
8.47952,80.82387,2026-08-31,807,4.13,331.96,303.15,l,23.63,Low,1006.73,1007.95,1015.69,1024.8,64.18,Medium
8.47485,80.77115,2026-08-31,807,1.53,331.63,303.02,l,21.5,Low,1005.88,1007.09,1014.82,1023.82,62.02,Medium
8.38703,80.15557,2026-08-31,807,4.9,346.01,310.23,n,32.01,Low,1001.97,1003.15,1010.7,1018.29,72.35,Medium
8.38648,80.15206,2026-08-31,807,4.9,334.03,304.84,l,25.36,Low,1001.96,1003.15,1010.69,1018.27,65.7,Medium
8.49225,80.81834,2026-08-31,807,11.16,353.12,310.05,n,40.66,Medium,1005.22,1006.43,1014.18,1023.28,81.15,High
8.49889,80.81732,2026-08-31,807,4.41,341.45,307.32,n,29.11,Low,1004.48,1005.69,1013.44,1022.55,69.57,Medium
8.514990000000001,80.74651,2026-08-31,807,9.52,334.79,309.49,l,29.25,Low,1000.93,1002.15,1009.87,1018.84,69.57,Medium
8.51151,80.56882,2026-08-31,807,4.3,332.96,300.44,n,24.31,Low,997.01,998.22,1005.89,1014.47,64.47,Medium
8.56241,80.85677,2026-08-31,807,6.27,347.43,309.81,n,33.83,Low,998.69,999.91,1007.66,1016.9,74.06,Medium
8.48646,80.36195,2026-08-31,807,2.3,333.66,306.36,l,23.2,Low,995.17,996.37,1003.99,1012.08,63.28,Medium
8.49849,80.39584,2026-08-31,807,2.61,331.59,303.07,l,22.29,Low,994.58,995.78,1003.4,1011.58,62.34,Medium
8.61921,81.14049,2026-08-31,807,9.6,350.21,312.03,n,37.87,Low,1000.61,1001.84,1009.67,1019.54,78.19,Medium
8.5192,80.46411,2026-08-31,807,2.27,331.95,300.33,n,22.23,Low,993.81,995.01,1002.66,1011.0,62.25,Medium
8.47334,80.16677,2026-08-31,807,7.33,342.12,309.88,n,31.68,Low,992.76,993.95,1001.5,1009.15,71.65,Medium
8.57523,80.74078,2026-08-31,807,0.92,334.55,302.39,n,22.66,Low,994.3,995.52,1003.25,1012.23,62.71,Medium
8.55763,80.62587,2026-08-31,807,7.3,339.42,308.82,n,30.15,Low,993.37,994.58,1002.28,1011.0,70.16,Medium
8.55709,80.62238,2026-08-31,807,5.71,336.88,306.97,l,27.55,Low,993.35,994.56,1002.25,1010.97,67.56,Medium
8.59517,80.82677,2026-08-31,807,24.38,344.09,307.19,n,45.56,Medium,994.38,995.6,1003.35,1012.53,85.62,High
8.62135,80.97601,2026-08-31,807,1.17,335.68,304.01,n,23.48,Low,995.63,996.85,1004.64,1014.16,63.59,Medium
8.6213,80.7978,2026-08-31,807,6.63,348.51,306.04,n,34.7,Low,990.81,992.03,999.78,1008.91,74.62,Medium
8.59252,80.60977,2026-08-31,807,3.19,336.11,302.77,n,25.23,Low,989.22,990.43,998.12,1006.83,65.08,Medium
8.68129,81.15162,2026-08-31,807,6.41,341.5,311.49,n,30.64,Low,994.34,995.57,1003.4,1013.34,70.71,Medium
8.6128,80.70208,2026-08-31,807,4.65,334.35,307.32,l,25.35,Low,989.29,990.5,998.22,1007.14,65.2,Medium
8.63045,80.70648,2026-08-31,807,4.17,339.82,310.42,l,28.03,Low,987.5,988.71,996.43,1005.37,67.81,Medium
8.5921,80.41267,2026-08-31,807,9.48,348.81,308.67,n,37.0,Low,984.78,985.99,993.62,1001.88,76.66,Medium
8.61153,80.51681,2026-08-31,807,5.45,338.01,310.3,l,27.98,Low,984.99,986.2,993.87,1002.38,67.65,Medium
8.6401,80.65864,2026-08-31,807,15.49,339.77,303.83,n,36.49,Low,985.27,986.48,994.19,1003.03,76.18,Medium
8.65994,80.76608,2026-08-31,807,2.09,334.64,305.82,l,23.59,Low,985.84,987.05,994.79,1003.88,63.31,Medium
8.63006,80.57103,2026-08-31,807,2.36,332.78,301.35,n,22.76,Low,984.25,985.46,993.14,1001.78,62.41,Medium
8.62952,80.56754,2026-08-31,807,3.18,333.65,303.3,n,23.86,Low,984.22,985.43,993.12,1001.75,63.51,Medium
8.63466,80.53464,2026-08-31,807,3.24,338.93,306.44,n,26.84,Low,982.9,984.11,991.78,1000.34,66.43,Medium
8.67386,80.74609,2026-08-31,807,6.91,338.19,307.61,n,29.18,Low,983.83,985.04,992.78,1001.83,68.81,Medium
8.6821,80.75552,2026-08-31,807,5.09,349.96,308.89,n,34.35,Low,983.18,984.4,992.14,1001.22,73.96,Medium
8.66698,80.36886,2026-08-31,807,3.35,337.97,307.33,n,26.38,Low,975.72,976.92,984.55,992.75,65.68,Medium
8.78987,80.99559,2026-08-31,807,12.29,343.59,307.86,n,36.21,Low,978.17,979.4,987.21,996.87,75.63,Medium
8.74873,80.32748,2026-08-31,807,3.5700000000000003,338.49,305.13,n,26.84,Low,965.97,967.17,974.79,982.94,65.75,Medium
8.85911,80.74155,2026-08-31,807,16.02,349.7,311.49,n,42.4,Medium,963.79,965.01,972.76,981.91,81.23,High
8.80894,80.39244,2026-08-31,807,3.36,341.51,306.81,n,28.36,Low,960.83,962.04,969.68,978.01,67.07,Medium
8.90582,80.40517,2026-08-31,807,4.3,338.33,305.91,n,27.3,Low,950.62,951.82,959.48,967.88,65.6,Medium
8.91568,80.42508,2026-08-31,807,28.96,341.63,314.07,l,47.63,Medium,950.0,951.2,958.86,967.32,85.9,High
8.97013,80.69147,2026-08-31,807,6.62,345.28,311.26,n,32.9,Low,950.56,951.78,959.52,968.62,71.2,Medium
8.97723,80.38334,2026-08-31,807,6.26,337.39,307.43,l,28.24,Low,942.4,943.6,951.25,959.64,66.21,Medium
8.9767,80.37984,2026-08-31,807,6.26,336.51,308.02,l,27.76,Low,942.38,943.58,951.23,959.61,65.73,Medium
9.04133,80.45132,2026-08-31,807,19.68,367.0,312.33,h,54.76,Medium,937.0,938.21,945.89,954.47,92.52,High
9.11122,80.50833,2026-08-31,807,5.42,339.2,310.26,l,28.62,Low,930.8,932.01,939.71,948.46,66.13,Medium
9.19589,80.66298,2026-08-31,807,1.84,337.37,309.9,l,24.92,Low,925.56,926.78,934.52,943.69,62.23,Medium
9.18498,80.30385,2026-08-31,807,6.16,347.17,313.38,n,33.6,Low,918.14,919.34,926.98,935.29,70.6,Medium
9.17411,80.12911,2026-08-31,807,2.97,332.22,306.33,l,22.91,Low,915.71,916.9,924.48,932.36,59.8,Medium
9.26766,80.71529,2026-08-31,807,6.53,340.77,307.73,n,30.33,Low,919.24,920.47,928.23,937.57,67.39,Medium
9.28584,80.72318,2026-08-31,807,3.86,340.11,306.2,n,27.96,Low,917.51,918.73,926.5,935.87,64.95,Medium
9.41306,80.4028,2026-08-31,807,5.73,353.54,307.32,n,36.82,Low,895.7,896.9,904.59,913.27,72.92,Medium
9.39429,80.28052,2026-08-31,807,3.06,338.13,306.48,n,26.26,Low,894.94,896.14,903.79,912.16,62.33,Medium
9.02789,77.86799,2026-08-31,807,11.75,345.65,311.04,n,36.95,Low,918.57,916.48,927.79,929.77,73.88,Medium
9.17741,78.13036,2026-08-31,807,6.86,346.2,304.75,n,33.59,Low,900.68,898.56,909.43,912.09,69.8,Medium
9.22821,77.66577,2026-08-31,807,16.19,339.43,303.45,l,36.83,Low,898.14,896.07,907.76,909.15,72.94,Medium
9.47052,78.63935,2026-08-31,807,5.55,342.36,300.43,l,30.47,Low,867.78,865.97,875.9,879.95,65.37,Medium
9.77185,78.36581,2026-08-31,807,3.64,340.43,303.44,n,27.97,Low,834.45,832.31,842.77,846.04,61.53,Medium
9.90981,78.52617,2026-08-31,807,4.17,339.05,304.96,l,27.6,Low,819.16,817.13,827.27,831.01,60.55,Medium
9.80675,77.88925,2026-08-31,807,7.57,344.35,314.76,l,33.09,Low,832.45,830.36,841.74,843.63,66.57,Medium
9.8061,77.88528,2026-08-31,807,7.57,340.12,312.07,l,30.74,Low,832.55,830.46,841.85,843.72,64.23,Medium
9.98556,77.43252,2026-08-31,807,5.73,336.54,304.75,l,27.38,Low,817.58,815.56,827.81,828.3,60.27,Medium
11.62862,78.61463,2026-08-31,807,4.3,331.27,298.12,l,23.37,Low,629.05,627.29,637.17,641.32,48.72,Low
11.52704,77.24921,2026-08-31,809,3.56,330.49,299.28,l,22.39,Low,652.29,650.34,663.46,662.51,48.68,Low
13.81923,79.34404,2026-08-31,809,13.51,351.56,293.93,n,41.55,Medium,394.92,396.13,403.77,412.45,57.62,Medium
13.40939,80.26858,2026-08-31,809,2.09,339.14,301.29,n,26.09,Low,467.76,469.02,477.03,489.31,45.12,Low
12.58657,79.6415,2026-08-31,809,4.02,349.15,307.62,n,33.1,Low,535.01,536.21,543.87,552.54,54.78,Medium
12.05555,79.07794,2026-08-31,809,2.96,330.89,302.51,l,22.16,Low,584.17,584.1,592.59,598.65,45.76,Low
11.80935,77.92519,2026-08-31,809,2.83,331.34,292.97,l,22.31,Low,611.25,609.18,620.85,622.32,46.95,Low
11.99713,79.547,2026-08-31,809,8.02,346.13,308.36,n,34.42,Low,597.13,598.32,605.87,613.68,58.57,Medium
11.99381,79.54753,2026-08-31,809,8.02,350.08,310.35,n,36.61,Low,597.5,598.69,606.24,614.05,60.77,Medium
11.73493,77.98431,2026-08-31,809,3.07,331.16,299.52,n,22.39,Low,618.96,616.88,628.39,630.1,47.33,Low
11.52934,77.24984,2026-08-31,809,4.63,332.74,298.98,n,24.44,Low,652.03,650.08,663.19,662.25,50.72,Medium
14.47656,78.25895,2026-08-31,809,5.87,335.97,296.94,n,27.16,Low,314.37,312.27,323.62,325.72,39.92,Low
27.71435,68.49007,2026-08-31,813,28.78,350.78,304.87,n,52.57,Medium,1508.77,1507.58,1507.67,1510.93,112.92,High
31.3222,72.33394,2026-08-31,813,8.52,341.28,301.15,n,32.1,Low,1640.74,1639.78,1639.81,1642.38,97.73,High
31.37494,74.45004,2026-08-31,813,6.1,346.78,300.46,n,33.34,Low,1581.02,1579.97,1580.18,1582.43,96.58,High
31.1293,74.65489,2026-08-31,813,4.79,341.05,298.33,n,29.18,Low,1549.72,1548.66,1548.89,1551.11,91.16,High
28.12977,76.78864,2026-08-31,813,2.37,335.41,296.53,n,24.23,Low,1183.37,1182.15,1182.63,1184.56,71.56,Medium
32.88905,71.61505,2026-08-31,2038,3.29,307.79,292.31,n,9.57,Low,1827.2,1826.23,1826.27,1828.83,82.66,High
32.8878,71.61481,2026-08-31,2038,3.59,307.36,292.4,n,9.56,Low,1827.08,1826.11,1826.15,1828.71,82.64,High
29.78555,91.60432,2026-08-31,2038,1.24,301.18,279.53,n,4.36,Low,1900.91,1899.22,1904.54,1918.13,80.59,High
35.96856,68.68645,2026-08-31,2038,0.58,302.12,291.06,n,4.39,Low,2250.9,2249.9,2249.94,2252.62,94.42,High
29.4606,76.88784,2026-08-31,2038,2.34,308.38,292.7,n,9.19,Low,1328.6,1327.35,1327.88,1329.74,62.33,Medium
28.37152,77.22688,2026-08-31,2038,1.55,323.5,289.42,n,17.0,Low,1205.15,1203.88,1204.46,1206.27,65.2,Medium
32.5747,72.56332,2026-08-31,2038,3.15,308.45,292.32,n,9.83,Low,1761.98,1761.05,1761.08,1763.54,80.31,High
28.34651,77.2308,2026-08-31,2038,1.97,309.35,291.76,n,9.45,Low,1202.36,1201.09,1201.67,1203.48,57.54,Medium
29.47525,76.859,2026-08-31,2038,2.78,314.13,292.51,n,12.71,Low,1330.52,1329.28,1329.81,1331.68,65.92,Medium
24.76335,74.60571,2026-08-31,2040,0.71,303.34,280.61,n,5.17,Low,886.05,885.02,885.08,887.83,40.61,Low
21.10513,72.64378,2026-08-31,2040,5.89,330.75,287.66,n,24.28,Low,710.52,709.25,709.39,712.91,52.7,Medium
21.10902,72.64436,2026-08-31,2040,1.6,299.5,284.52,n,3.7,Low,710.7,709.44,709.57,713.1,32.13,Low
22.3882,73.11613,2026-08-31,2040,2.6,321.54,282.49,n,16.69,Low,760.85,759.64,759.74,763.1,47.12,Low
22.3858,73.11745,2026-08-31,2040,1.11,305.2,282.63,n,6.5,Low,760.57,759.35,759.46,762.81,36.92,Low
22.38964,73.11803,2026-08-31,2040,1.41,318.73,282.32,n,14.24,Low,760.82,759.61,759.71,763.07,44.67,Low
25.3894,68.57961,2026-08-31,2040,1.29,315.17,293.42,n,12.17,Low,1327.19,1325.95,1326.06,1329.48,65.26,Medium
24.76271,74.60774,2026-08-31,2040,1.26,306.91,281.39,n,7.56,Low,885.9,884.87,884.92,887.67,42.99,Low
27.71806,68.49272,2026-08-31,2040,0.44,313.32,294.94,n,10.51,Low,1508.88,1507.69,1507.79,1511.04,70.86,Medium
28.42419,69.70075,2026-08-31,2040,0.87,308.69,296.56,n,8.26,Low,1490.65,1489.51,1489.59,1492.69,67.88,Medium
18.42431,74.38948,2026-08-31,2042,0.44,307.81,290.41,n,7.45,Low,421.83,420.6,420.76,424.27,24.32,Low
18.68149,73.03835,2026-08-31,2042,3.11,311.06,292.45,n,11.25,Low,567.24,566.01,566.18,569.68,33.94,Low
18.68213,73.03376,2026-08-31,2042,1.93,305.47,292.44,n,7.26,Low,567.73,566.5,566.67,570.17,29.97,Low
18.68646,73.02973,2026-08-31,2042,1.93,306.48,288.82,n,7.83,Low,568.25,567.02,567.19,570.69,30.56,Low
17.06269,76.97835,2026-08-31,2042,0.84,306.39,286.56,n,6.96,Low,145.92,144.97,145.27,147.75,12.8,Low
18.59601,74.25494,2026-08-31,2042,1.7000000000000002,317.81,290.26,n,13.95,Low,440.19,438.95,439.12,442.64,31.56,Low
19.36855,71.35361,2026-08-31,2042,2.17,312.3,291.62,n,11.24,Low,757.41,756.16,756.33,759.86,41.54,Low
17.43479,74.96613,2026-08-31,2042,0.74,307.73,289.13,n,7.63,Low,350.13,349.03,349.21,352.4,21.64,Low
15.65919,73.98986,2026-08-31,2042,1.8,315.41,289.55,n,12.69,Low,500.65,499.69,500.05,502.38,32.72,Low
15.1696,76.37997,2026-08-31,2042,0.65,296.09,271.6,n,1.09,Low,321.18,320.14,325.75,325.7,14.02,Low
11.08366,78.75399,2026-08-31,2044,2.89,311.37,294.08,n,11.26,Low,689.62,688.18,697.75,702.32,39.04,Low
10.94284,78.06322,2026-08-31,2044,1.41,316.81,294.36,n,13.17,Low,705.88,703.78,714.96,717.17,41.59,Low
10.41461,77.11382,2026-08-31,2044,0.43,305.75,289.06,n,6.29,Low,775.97,774.01,786.96,786.28,37.52,Low
8.74017,78.09332,2026-08-31,2044,0.38,306.91,294.39,n,6.9,Low,949.15,947.03,957.93,960.54,45.05,Low
8.09268,80.79333,2026-08-31,2044,1.9,316.15,292.86,n,13.17,Low,1047.6,1048.81,1056.52,1065.36,55.35,Medium
8.11194,79.87071,2026-08-31,2044,2.58,322.48,291.95,n,17.2,Low,1027.39,1028.13,1035.99,1042.83,58.54,Medium
8.11138,79.86758,2026-08-31,2044,2.42,306.74,291.83,n,8.34,Low,1027.4,1028.14,1036.0,1042.84,49.68,Low
7.39378,80.89077,2026-08-31,2044,4.23,334.68,290.36,n,25.22,Low,1125.36,1126.57,1134.27,1142.97,70.51,Medium
8.11074,79.87141,2026-08-31,2044,2.02,312.18,291.17,n,11.06,Low,1027.53,1028.27,1036.13,1042.97,52.41,Medium
7.39473,80.88899,2026-08-31,2044,2.86,324.22,289.75,n,18.38,Low,1125.21,1126.43,1134.12,1142.82,63.67,Medium
7.39012,80.88872,2026-08-31,2044,2.8,318.01,289.62,n,14.88,Low,1125.71,1126.92,1134.61,1143.31,60.19,Medium
12.60132,77.88569,2026-08-31,2044,0.27,308.19,283.62,n,7.53,Low,524.43,522.38,534.39,535.34,28.7,Low
12.59783,77.8851,2026-08-31,2044,0.27,299.48,281.77,n,2.69,Low,524.82,522.78,534.78,535.73,23.87,Low
11.81802,77.91586,2026-08-31,2044,1.71,308.19,291.36,n,8.61,Low,610.38,608.31,620.01,621.43,33.21,Low
11.81027,77.91869,2026-08-31,2044,2.44,306.89,292.03,n,8.44,Low,611.21,609.14,620.83,622.27,33.07,Low
11.80957,77.92274,2026-08-31,2044,1.65,309.05,293.67,n,9.04,Low,611.25,609.18,620.86,622.31,33.68,Low
11.18313,79.09899,2026-08-31,2044,0.5,304.24,283.87,n,5.51,Low,680.54,680.24,688.92,694.71,32.95,Low
6.411,81.08882,2026-09-01,748,0.85,331.91,296.1,n,21.14,Low,1236.21,1237.42,1245.11,1253.75,70.86,Medium
6.41308,81.00175,2026-09-01,748,2.93,336.85,296.79,n,25.45,Low,1233.94,1235.15,1242.82,1251.31,75.08,Medium
6.56763,80.98006,2026-09-01,748,2.46,331.95,298.34,n,22.37,Low,1216.73,1217.93,1225.61,1234.12,71.31,Medium
6.7111,81.59296,2026-09-01,748,5.1,332.59,299.56,n,24.71,Low,1217.31,1218.54,1226.35,1236.03,73.69,Medium
6.70304,81.54429,2026-09-01,748,5.44,334.86,300.62,n,26.22,Low,1216.76,1217.99,1225.79,1235.38,75.18,Medium
6.73672,81.60365,2026-09-01,748,13.03,335.05,299.25,n,32.02,Low,1214.88,1216.12,1223.93,1233.64,80.91,High
6.73593,81.59883,2026-09-01,748,8.39,337.41,299.81,n,29.85,Low,1214.83,1216.06,1223.87,1233.57,78.73,Medium
6.74266,81.51804,2026-09-01,748,2.55,337.49,300.14,n,25.52,Low,1211.78,1213.01,1220.81,1230.37,74.28,Medium
6.80369,81.52106,2026-09-01,748,5.57,336.16,302.28,n,27.04,Low,1205.35,1206.58,1214.38,1223.98,75.54,Medium
6.8153500000000005,81.51917,2026-09-01,748,3.0,338.94,300.72,n,26.66,Low,1204.05,1205.28,1213.08,1222.68,75.11,Medium
6.84047,81.57497,2026-09-01,748,12.38,346.36,305.15,n,37.82,Low,1202.98,1204.21,1212.03,1221.74,86.23,High
6.84425,81.54947,2026-09-01,748,10.33,337.98,299.8,n,31.63,Low,1201.84,1203.07,1210.87,1220.54,79.99,Medium
6.8355,81.49601,2026-09-01,748,9.59,333.16,299.88,n,28.39,Low,1201.23,1202.46,1210.26,1219.83,76.73,Medium
6.84813,81.54882,2026-09-01,748,10.33,337.81,299.9,n,31.53,Low,1201.4,1202.63,1210.44,1220.11,79.88,Medium
6.83939,81.49536,2026-09-01,748,9.59,345.89,300.37,n,35.46,Low,1200.8,1202.03,1209.83,1219.4,83.78,High
7.09516,81.44301,2026-09-01,748,12.36,345.55,296.11,n,37.35,Low,1171.98,1173.21,1181.01,1190.61,84.52,High
7.07607,81.5708,2026-09-01,748,6.13,333.41,298.72,n,25.94,Low,1177.75,1178.98,1186.81,1196.63,73.34,Medium
6.93935,81.63994,2026-09-01,748,5.6,336.24,302.51,n,27.11,Low,1194.37,1195.61,1203.44,1213.32,75.18,Medium
6.85314,81.40752,2026-09-01,748,6.24,335.08,298.04,n,26.95,Low,1196.86,1198.09,1205.87,1215.29,75.11,Medium
7.07577,81.20669,2026-09-01,748,9.04,341.39,296.1,n,32.55,Low,1167.56,1168.78,1176.53,1185.69,79.54,Medium
7.0955,81.44486,2026-09-01,748,9.23,334.54,294.82,n,28.89,Low,1172.0,1173.23,1181.03,1190.64,76.06,Medium
7.07303,81.20502,2026-09-01,748,8.49,334.73,295.76,n,28.44,Low,1167.81,1169.03,1176.78,1185.93,75.44,Medium
6.33925,81.34753,2026-09-01,748,4.21,335.71,296.64,n,25.77,Low,1250.38,1251.6,1259.34,1268.41,76.07,Medium
6.33772,81.34603,2026-09-01,748,7.75,334.53,296.73,n,27.77,Low,1250.51,1251.73,1259.47,1268.54,78.07,Medium
6.32778,81.01263,2026-09-01,748,2.71,342.68,298.03,n,28.52,Low,1243.42,1244.63,1252.3,1260.77,78.53,Medium
6.35255,81.13854,2026-09-01,748,3.16,342.55,298.76,n,28.79,Low,1243.71,1244.92,1252.62,1261.33,78.82,Medium
7.35682,81.82351,2026-09-01,748,6.09,333.2,304.05,l,25.79,Low,1155.89,1157.13,1165.02,1175.46,72.33,Medium
7.33726,81.72639,2026-09-01,748,5.18,335.03,305.25,l,26.12,Low,1154.81,1156.05,1163.92,1174.17,72.61,Medium
6.19543,81.0187,2026-09-01,748,3.17,334.15,296.73,n,24.13,Low,1257.88,1259.09,1266.75,1275.18,74.72,Medium
6.23883,81.20638,2026-09-01,748,1.23,330.31,298.18,n,20.54,Low,1257.63,1258.84,1266.55,1275.33,71.12,Medium
7.32506,81.74758,2026-09-01,748,6.03,333.99,305.24,l,26.18,Low,1156.78,1158.02,1165.89,1176.18,72.75,Medium
7.31592,81.76345,2026-09-01,748,12.39,344.78,306.04,n,36.95,Low,1158.26,1159.5,1167.37,1177.68,83.58,High
7.28933,81.79167,2026-09-01,748,11.09,340.16,305.52,n,33.41,Low,1161.98,1163.22,1171.1,1181.44,80.19,High
7.21606,81.76827,2026-09-01,748,19.17,341.2,305.45,l,40.04,Medium,1168.98,1170.22,1178.09,1188.35,87.1,High
7.16827,81.57197,2026-09-01,748,6.23,331.95,300.12,n,25.2,Low,1167.97,1169.2,1177.03,1186.91,72.21,Medium
6.39061,81.01627,2026-09-01,748,5.79,348.9,298.11,n,34.29,Low,1236.71,1237.92,1245.59,1254.09,84.03,High
7.96814,80.59685,2026-09-01,750,6.47,347.3,298.24,n,33.91,Low,1056.45,1057.65,1065.31,1073.68,76.44,Medium
7.96034,80.72224,2026-09-01,750,3.5,330.53,300.93,l,22.36,Low,1060.17,1061.38,1069.06,1077.69,65.04,Medium
7.95932,80.72301,2026-09-01,750,4.06,331.21,300.94,n,23.16,Low,1060.29,1061.5,1069.19,1077.82,65.85,Medium
7.42719,81.31733,2026-09-01,750,5.35,331.73,301.93,l,24.42,Low,1132.92,1134.15,1141.95,1151.49,70.03,Medium
7.63038,81.58308,2026-09-01,750,6.87,335.51,305.32,l,27.66,Low,1119.22,1120.46,1128.32,1138.47,72.72,Medium
7.6342,81.58244,2026-09-01,750,6.87,344.19,304.4,n,32.48,Low,1118.79,1120.03,1127.89,1138.05,77.53,Medium
7.79142,81.55624,2026-09-01,750,6.01,333.11,304.23,l,25.68,Low,1101.31,1102.54,1110.41,1120.61,70.03,Medium
7.7604,81.24961,2026-09-01,750,10.62,340.95,309.62,n,33.49,Low,1095.39,1096.62,1104.42,1114.01,77.59,Medium
7.86408,81.44665,2026-09-01,750,9.12,348.6,303.81,n,36.62,Low,1090.18,1091.42,1099.26,1109.3,80.52,High
7.86625,81.44823,2026-09-01,750,9.31,343.45,304.19,n,33.9,Low,1090.0,1091.23,1099.08,1109.12,77.79,Medium
7.8685,81.43804,2026-09-01,750,4.72,334.4,303.13,n,25.43,Low,1089.45,1090.68,1098.53,1108.55,69.3,Medium
7.78867,80.81643,2026-09-01,750,4.63,342.48,302.57,n,29.85,Low,1080.95,1082.16,1089.86,1098.6,73.37,Medium
7.94534,81.37614,2026-09-01,750,3.65,337.02,303.27,n,26.08,Low,1079.39,1080.63,1088.46,1098.41,69.55,Medium
7.94456,81.37131,2026-09-01,750,3.65,332.56,304.36,l,23.6,Low,1079.33,1080.56,1088.4,1098.33,67.07,Medium
7.94756,81.31615,2026-09-01,750,8.89,343.2,304.45,n,33.45,Low,1077.36,1078.59,1086.42,1096.24,76.84,Medium
7.94843,81.31799,2026-09-01,750,9.05,338.51,303.64,n,30.96,Low,1077.32,1078.55,1086.38,1096.21,74.34,Medium
7.78377,80.22298,2026-09-01,750,2.66,339.76,293.66,n,26.86,Low,1069.0,1070.19,1077.72,1085.22,69.88,Medium
8.00779,81.43661,2026-09-01,750,6.68,330.8,304.26,l,24.9,Low,1074.61,1075.85,1083.7,1093.8,68.18,Medium
7.90392,80.63752,2026-09-01,750,1.99,333.93,299.19,n,23.12,Low,1064.32,1065.52,1073.18,1081.6,65.97,Medium
8.92294,80.38815,2026-09-01,750,11.59,344.04,301.73,n,35.94,Low,948.39,949.59,957.24,965.61,74.15,Medium
7.45856,81.64819,2026-09-01,750,6.24,334.63,303.56,l,26.7,Low,1139.48,1140.72,1148.58,1158.76,72.58,Medium
7.45584,81.64682,2026-09-01,750,7.83,333.5,302.99,l,27.26,Low,1139.73,1140.97,1148.83,1159.0,73.15,Medium
7.40997,81.6543,2026-09-01,750,6.13,333.78,300.98,l,26.14,Low,1144.82,1146.06,1153.92,1164.08,72.23,Medium
7.36199,81.50616,2026-09-01,750,3.82,333.35,299.67,n,24.17,Low,1145.38,1146.61,1154.44,1164.3,70.28,Medium
7.29757,81.14172,2026-09-01,750,6.16,334.94,303.89,n,26.81,Low,1142.03,1143.25,1151.0,1160.14,72.77,Medium
7.39489,81.77684,2026-09-01,750,7.48,334.29,304.8,l,27.44,Low,1150.34,1151.59,1159.47,1169.84,73.75,Medium
8.5695,80.76366,2026-09-01,750,9.39,338.63,304.65,n,31.28,Low,995.5,996.72,1004.45,1013.48,71.38,Medium
8.54781,80.68247,2026-09-01,750,8.51,340.66,302.43,n,31.75,Low,995.8,997.02,1004.73,1013.57,71.86,Medium
8.52105,80.59629,2026-09-01,750,6.85,352.43,300.61,n,37.04,Low,996.62,997.83,1005.51,1014.15,77.18,Medium
8.03119,81.28948,2026-09-01,750,20.57,349.71,307.0,n,45.82,Medium,1067.66,1068.89,1076.72,1086.54,88.82,High
8.51704,80.59698,2026-09-01,750,6.85,352.54,301.92,n,37.1,Low,997.07,998.28,1005.96,1014.6,77.26,Medium
8.51814,80.67673,2026-09-01,750,8.72,338.07,301.34,n,30.47,Low,998.86,1000.08,1007.78,1016.6,70.7,Medium
8.46717,80.40021,2026-09-01,750,2.9,339.96,301.11,n,27.15,Low,998.07,999.27,1006.89,1015.07,67.34,Medium
8.46778,80.40383,2026-09-01,750,2.9,341.57,301.31,n,28.05,Low,998.08,999.28,1006.91,1015.09,68.24,Medium
8.4631,80.40090000000001,2026-09-01,750,2.31,339.49,303.21,n,26.45,Low,998.53,999.73,1007.35,1015.53,66.66,Medium
8.46372,80.40453,2026-09-01,750,2.31,338.04,301.63,n,25.64,Low,998.54,999.74,1007.36,1015.55,65.85,Medium
8.45904,80.40157,2026-09-01,750,2.31,331.54,301.2,n,22.03,Low,998.98,1000.18,1007.81,1015.98,62.26,Medium
8.41854,80.18941,2026-09-01,750,4.82,334.78,299.92,n,25.71,Low,999.16,1000.35,1007.9,1015.58,65.94,Medium
8.51878,80.7773,2026-09-01,750,4.06,342.57,303.99,n,29.47,Low,1001.31,1002.52,1010.26,1019.29,69.8,Medium
8.441230000000001,80.37093,2026-09-01,750,1.9,334.63,299.81,n,23.44,Low,1000.27,1001.47,1009.08,1017.18,63.72,Medium
8.43706,80.33877,2026-09-01,750,4.04,330.46,301.29,l,22.73,Low,1000.06,1001.26,1008.86,1016.89,63.0,Medium
8.44242,80.37146,2026-09-01,750,4.32,337.13,299.87,n,26.65,Low,1000.15,1001.35,1008.97,1017.07,66.93,Medium
8.52771,80.89381,2026-09-01,750,6.84,335.66,299.91,n,27.72,Low,1003.4,1004.62,1012.38,1021.68,68.14,Medium
8.41083,80.25612,2026-09-01,750,4.26,338.4,297.36,n,27.31,Low,1001.27,1002.46,1010.04,1017.86,67.63,Medium
8.40672,80.25681,2026-09-01,750,6.7,337.52,301.7,n,28.65,Low,1001.73,1002.92,1010.5,1018.32,68.98,Medium
8.40733,80.26052,2026-09-01,750,3.39,332.36,299.62,n,23.3,Low,1001.74,1002.93,1010.51,1018.34,63.64,Medium
8.49863,80.81506,2026-09-01,750,16.97,333.72,302.59,n,34.24,Low,1004.44,1005.66,1013.4,1022.51,74.7,Medium
8.49946,80.82017,2026-09-01,750,16.97,339.21,303.5,n,37.29,Low,1004.49,1005.71,1013.45,1022.57,77.75,Medium
8.4955,80.82083,2026-09-01,750,16.97,335.09,301.08,n,35.0,Low,1004.93,1006.15,1013.89,1023.01,75.48,Medium
8.47152,80.72465,2026-09-01,750,11.25,336.85,303.91,n,31.69,Low,1005.07,1006.28,1014.0,1022.89,72.17,Medium
8.41644,80.41689,2026-09-01,750,2.04,331.79,302.89,l,21.97,Low,1003.93,1005.13,1012.76,1020.95,62.4,Medium
8.38557,80.25662,2026-09-01,750,10.02,344.78,299.85,n,35.17,Low,1004.03,1005.22,1012.8,1020.61,75.6,Medium
8.42361,80.5847,2026-09-01,750,6.09,331.75,303.93,l,24.98,Low,1006.88,1008.09,1015.76,1024.33,65.53,Medium
8.349,80.19014,2026-09-01,750,4.48,331.08,301.86,l,23.4,Low,1006.75,1007.94,1015.49,1023.14,63.93,Medium
8.36403,80.27928,2026-09-01,750,6.03,346.99,302.44,n,33.41,Low,1006.81,1008.01,1015.59,1023.45,73.95,Medium
8.34424,80.18712,2026-09-01,750,6.2,332.68,301.94,n,25.58,Low,1007.21,1008.4,1015.95,1023.59,66.13,Medium
8.35582,80.28069,2026-09-01,750,3.73,331.43,301.46,l,23.04,Low,1007.74,1008.93,1016.51,1024.37,63.62,Medium
8.41403,80.62608,2026-09-01,750,6.92,341.23,300.18,n,30.87,Low,1008.88,1010.09,1017.78,1026.43,71.5,Medium
8.40258,80.63156,2026-09-01,750,8.98,352.12,303.59,n,38.47,Low,1010.25,1011.46,1019.15,1027.8,79.16,Medium
8.4673,81.08805,2026-09-01,750,7.07,337.73,298.79,n,29.04,Low,1015.27,1016.5,1024.3,1033.97,69.94,Medium
8.32899,80.29664,2026-09-01,750,3.46,333.49,300.35,n,23.98,Low,1010.97,1012.16,1019.75,1027.63,64.69,Medium
8.46341,81.0887,2026-09-01,750,15.6,337.52,299.74,n,35.32,Low,1015.7,1016.93,1024.74,1034.41,76.24,Medium
8.30062,80.15585,2026-09-01,750,19.56,344.61,303.18,n,42.23,Medium,1011.4,1012.58,1020.12,1027.68,82.95,High
8.37836,80.6104,2026-09-01,750,6.35,344.11,305.36,n,32.05,Low,1012.37,1013.58,1021.26,1029.86,72.82,Medium
8.31414,80.28391,2026-09-01,750,3.4,339.16,301.37,n,27.08,Low,1012.34,1013.53,1021.11,1028.95,67.84,Medium
8.29877,80.15601,2026-09-01,750,18.87,343.71,301.32,n,41.21,Medium,1011.6,1012.79,1020.33,1027.88,81.94,High
8.3114,80.28439,2026-09-01,750,2.5,343.65,300.84,n,28.9,Low,1012.64,1013.83,1021.42,1029.26,69.67,Medium
8.38429,81.04854,2026-09-01,750,22.09,349.85,306.78,n,47.04,Medium,1023.01,1024.24,1032.03,1041.57,88.25,High
8.37648,81.04984,2026-09-01,750,12.25,336.23,302.95,n,32.09,Low,1023.88,1025.11,1032.9,1042.44,73.33,Medium
8.39226,81.16862,2026-09-01,750,5.92,331.78,295.94,n,24.87,Low,1025.62,1026.85,1034.67,1044.46,66.19,Medium
8.26432,80.55347,2026-09-01,750,4.08,334.0,298.06,n,24.73,Low,1023.41,1024.61,1032.27,1040.68,65.94,Medium
8.26053,80.58041,2026-09-01,750,7.81,342.01,300.71,n,31.97,Low,1024.42,1025.63,1033.29,1041.77,73.22,Medium
8.24386,80.60502,2026-09-01,750,4.93,340.11,301.48,n,28.76,Low,1026.79,1028.0,1035.67,1044.18,70.11,Medium
8.3076,81.01814,2026-09-01,750,6.15,336.04,298.71,n,27.41,Low,1030.37,1031.6,1039.38,1048.81,68.91,Medium
8.30368,81.01878,2026-09-01,750,6.15,337.15,299.13,n,28.03,Low,1030.81,1032.03,1039.81,1049.24,69.55,Medium
8.18792,80.69052,2026-09-01,750,6.26,340.57,301.84,n,30.01,Low,1034.83,1036.04,1043.73,1052.41,71.68,Medium
8.03059,80.59743,2026-09-01,750,3.18,339.51,300.21,n,27.11,Low,1049.7,1050.9,1058.56,1066.96,69.37,Medium
8.13979,81.4119,2026-09-01,750,4.71,332.42,300.93,l,24.32,Low,1059.84,1061.08,1068.93,1079.06,67.01,Medium
7.98507,80.62343,2026-09-01,750,3.46,330.99,299.01,n,22.59,Low,1055.21,1056.42,1064.08,1072.51,65.07,Medium
9.95757,77.88288,2026-09-01,750,8.44,336.99,305.57,n,29.66,Low,815.85,813.77,825.18,827.01,62.48,Medium
9.8107,78.22701,2026-09-01,750,3.51,330.36,302.93,l,22.28,Low,830.37,828.24,838.97,841.84,55.67,Medium
8.56749,80.72697,2026-09-01,750,6.93,337.61,299.82,n,28.87,Low,994.79,996.0,1003.73,1012.68,68.94,Medium
8.52566,80.47535,2026-09-01,750,3.79,347.97,298.71,n,32.27,Low,993.36,994.56,1002.21,1010.58,72.28,Medium
8.51968,80.43941,2026-09-01,750,2.88,331.47,302.34,l,22.42,Low,993.22,994.42,1002.06,1010.35,62.42,Medium
8.57147,80.7263,2026-09-01,750,4.61,333.54,298.68,n,24.87,Low,994.34,995.56,1003.28,1012.23,64.92,Medium
8.60734,80.91888,2026-09-01,750,7.46,339.09,304.42,n,30.09,Low,995.54,996.77,1004.54,1013.93,70.2,Medium
8.54025,80.51318,2026-09-01,750,9.03,345.63,303.93,n,34.9,Low,992.63,993.83,1001.49,1009.96,74.88,Medium
8.574,80.66736,2026-09-01,750,36.79,342.42,301.94,n,53.94,Medium,992.61,993.82,1001.53,1010.35,93.92,High
8.51547,80.31347,2026-09-01,750,5.43,343.83,295.89,n,31.2,Low,991.03,992.22,999.82,1007.82,71.11,Medium
8.60837,80.85137,2026-09-01,750,11.2,338.67,305.61,n,32.66,Low,993.61,994.83,1002.59,1011.84,72.69,Medium
8.59837,80.79054,2026-09-01,750,5.22,334.4,300.96,n,25.8,Low,993.09,994.31,1002.05,1011.16,65.81,Medium
8.59583,80.77507,2026-09-01,750,6.36,336.18,297.34,n,27.65,Low,992.96,994.18,1001.92,1010.99,67.65,Medium
8.57321,80.5876,2026-09-01,750,4.19,332.23,301.85,n,23.83,Low,990.78,991.99,999.67,1008.32,63.74,Medium
8.57722,80.58692,2026-09-01,750,4.19,344.12,303.41,n,30.43,Low,990.33,991.54,999.23,1007.87,70.32,Medium
8.57664,80.58342,2026-09-01,750,6.1,331.51,303.41,l,24.86,Low,990.31,991.52,999.2,1007.84,64.75,Medium
8.56386,80.50555,2026-09-01,750,3.19,335.67,301.18,n,24.99,Low,989.9,991.1,998.76,1007.22,64.86,Medium
8.56789,80.50488,2026-09-01,750,2.13,340.09,299.06,n,26.65,Low,989.45,990.65,998.31,1006.77,66.5,Medium
8.56902,80.48644,2026-09-01,750,4.42,333.01,301.82,n,24.43,Low,988.91,990.11,997.77,1006.19,64.26,Medium
8.57504,80.4455,2026-09-01,750,4.18,345.29,302.14,n,31.07,Low,987.35,988.55,996.2,1004.53,70.84,Medium
8.68468,81.02161,2026-09-01,750,22.07,349.12,303.14,n,46.62,Medium,990.15,991.38,999.18,1008.84,86.52,High
8.65193,80.82672,2026-09-01,750,8.57,341.22,303.08,n,32.11,Low,988.28,989.5,997.26,1006.47,71.93,Medium
7.85497,80.34256,2026-09-01,750,4.45,338.68,296.96,n,27.6,Low,1063.46,1064.65,1072.23,1080.01,70.4,Medium
8.68774,81.01603,2026-09-01,750,4.45,332.11,299.8,n,23.95,Low,989.66,990.89,998.7,1008.35,63.83,Medium
8.62578,80.64729,2026-09-01,750,9.51,337.07,301.26,n,30.5,Low,986.54,987.75,995.45,1004.26,70.24,Medium
8.67641,80.90026,2026-09-01,750,7.77,335.43,301.67,n,28.29,Low,987.63,988.86,996.63,1006.02,68.08,Medium
8.68091,80.87888,2026-09-01,750,7.56,334.14,301.98,n,27.41,Low,986.57,987.79,995.56,1004.91,67.16,Medium
8.68568,80.88323,2026-09-01,750,9.97,333.31,299.08,n,28.76,Low,986.18,987.4,995.17,1004.53,68.49,Medium
8.65909,80.69933,2026-09-01,750,4.65,332.35,301.39,n,24.24,Low,984.23,985.45,993.17,1002.11,63.89,Medium
8.66735,80.72438,2026-09-01,750,7.16,336.5,302.11,n,28.43,Low,983.97,985.19,992.92,1001.92,68.07,Medium
8.70056,80.87553,2026-09-01,750,13.58,331.19,300.82,n,30.29,Low,984.37,985.6,993.37,1002.72,69.95,Medium
8.74317,80.18766,2026-09-01,750,5.11,343.55,298.99,n,30.8,Low,963.76,964.95,972.53,980.34,69.62,Medium
8.86808,80.87281,2026-09-01,750,5.24,330.89,301.1,l,23.87,Low,966.35,967.58,975.36,984.8,62.81,Medium
8.29291,77.57172,2026-09-01,750,3.49,340.35,300.05,n,27.81,Low,1002.09,1000.03,1011.72,1013.1,68.08,Medium
8.8961,80.42565,2026-09-01,750,12.27,343.18,303.43,n,35.97,Low,952.13,953.33,960.99,969.44,74.33,Medium
8.89549,80.42211,2026-09-01,750,12.27,338.63,301.45,n,33.44,Low,952.12,953.32,960.98,969.42,71.8,Medium
8.91162,80.4194,2026-09-01,750,5.7,340.85,301.46,n,29.75,Low,950.31,951.51,959.17,967.61,68.04,Medium
8.92028,80.4216,2026-09-01,750,8.63,332.13,303.85,l,27.1,Low,949.42,950.63,958.28,966.73,65.35,Medium
9.77143,78.21916,2026-09-01,750,3.49,333.13,302.84,n,23.8,Low,834.73,832.6,843.35,846.2,57.37,Medium
9.57735,78.58523,2026-09-01,750,8.92,342.46,305.45,n,33.06,Low,855.92,854.01,864.04,867.94,67.48,Medium
9.6828,79.86526,2026-09-01,750,2.81,331.06,302.61,l,22.14,Low,855.38,856.56,864.08,871.53,56.62,Medium
9.60892,79.98938,2026-09-01,750,4.83,345.28,302.98,n,31.56,Low,865.68,866.87,874.43,882.17,66.45,Medium
9.63981,80.21948,2026-09-01,750,2.34,335.9,300.71,n,24.48,Low,866.99,868.2,875.84,884.19,59.43,Medium
9.64288,80.3102,2026-09-01,750,4.14,333.48,302.49,n,24.48,Low,868.7,869.9,877.58,886.16,59.5,Medium
9.53506,80.38695,2026-09-01,750,25.84,342.55,304.4,n,45.8,Medium,882.14,883.35,891.04,899.75,81.36,High
9.44431,80.39148,2026-09-01,750,3.35,340.36,303.64,n,27.71,Low,892.05,893.26,900.95,909.61,63.67,Medium
9.4283,80.39423,2026-09-01,750,2.36,333.51,304.04,l,23.16,Low,893.85,895.06,902.74,911.41,59.19,Medium
9.4273,80.41241,2026-09-01,750,10.51,367.0,305.8,h,47.88,Medium,894.38,895.59,903.28,911.99,83.93,High
9.41424,80.36042,2026-09-01,750,3.02,332.41,302.67,l,23.05,Low,894.58,895.79,903.46,912.03,59.11,Medium
9.4227,80.40959,2026-09-01,750,4.15,343.88,303.37,n,30.27,Low,894.81,896.02,903.71,912.41,66.34,Medium
9.4233,80.41309,2026-09-01,750,4.15,349.88,304.67,n,33.6,Low,894.83,896.04,903.73,912.44,69.67,Medium
9.41568,80.39275,2026-09-01,750,1.94,330.74,302.54,l,21.31,Low,895.18,896.38,904.07,912.72,57.39,Medium
9.41628,80.39626,2026-09-01,750,3.96,342.87,303.93,n,29.56,Low,895.19,896.4,904.09,912.75,65.64,Medium
9.41689,80.39977,2026-09-01,750,3.96,342.6,305.49,n,29.41,Low,895.21,896.42,904.1,912.78,65.5,Medium
9.41749,80.40327,2026-09-01,750,4.57,338.11,305.15,n,27.38,Low,895.23,896.44,904.12,912.8,63.47,Medium
9.41327,80.36134,2026-09-01,750,3.55,342.93,302.94,n,29.29,Low,894.71,895.91,903.59,912.16,65.35,Medium
9.41908,80.39658,2026-09-01,750,4.54,330.1,303.87,l,22.91,Low,894.9,896.11,903.79,912.46,58.98,Medium
9.42139,80.41061,2026-09-01,750,2.16,337.98,303.28,n,25.5,Low,894.98,896.19,903.88,912.58,61.58,Medium
9.42197,80.41412,2026-09-01,750,2.16,333.99,303.32,n,23.28,Low,895.0,896.21,903.9,912.61,59.36,Medium
9.41566,80.40079,2026-09-01,750,4.54,347.73,305.36,n,32.7,Low,895.37,896.58,904.26,912.94,68.79,Medium
9.40603,80.44202,2026-09-01,750,1.33,334.62,302.84,n,23.01,Low,897.39,898.6,906.3,915.06,59.18,Medium
9.39688,80.43639,2026-09-01,750,6.2,348.3,303.23,n,34.26,Low,898.24,899.45,907.15,915.9,70.47,Medium
9.39346,80.44057,2026-09-01,750,11.04,343.24,304.09,n,35.08,Low,898.71,899.92,907.62,916.37,71.31,Medium
9.39288,80.43707,2026-09-01,750,11.04,367.0,305.78,h,48.28,Medium,898.69,899.9,907.59,916.34,84.51,High
9.25795,80.27505,2026-09-01,750,6.8100000000000005,330.46,304.59,l,24.81,Low,909.6,910.8,918.44,926.72,61.47,Medium
9.24176,80.27779,2026-09-01,750,7.03,338.33,305.64,n,29.34,Low,911.42,912.62,920.25,928.53,66.07,Medium
9.08716,79.74696,2026-09-01,750,6.52,339.59,302.9,n,29.66,Low,918.67,919.46,927.28,934.17,66.66,Medium
9.08676,79.74698,2026-09-01,750,2.14,335.52,302.37,n,24.12,Low,918.72,919.5,927.33,934.22,61.12,Medium
9.08741,79.75088,2026-09-01,750,2.14,330.38,301.39,l,21.26,Low,918.7,919.5,927.31,934.22,58.26,Medium
9.11247,80.27811,2026-09-01,750,6.48,336.96,306.35,n,28.17,Low,925.45,926.65,934.28,942.49,65.46,Medium
9.10153,80.28739,2026-09-01,750,3.67,338.19,304.88,n,26.75,Low,926.83,928.03,935.66,943.89,64.09,Medium
9.10582,80.31257,2026-09-01,750,2.27,333.64,304.01,l,23.17,Low,926.91,928.11,935.75,944.04,60.52,Medium
8.69322,78.05519,2026-09-01,750,6.31,347.78,301.94,n,34.05,Low,954.49,952.38,963.34,965.85,72.41,Medium
9.05558,80.14168,2026-09-01,750,4.72,337.68,302.26,n,27.25,Low,928.86,930.05,937.63,945.48,64.67,Medium
9.05315,80.14268,2026-09-01,750,6.08,340.69,302.74,n,29.94,Low,929.14,930.33,937.91,945.76,67.37,Medium
8.69272,78.05309,2026-09-01,750,4.6,339.6,301.29,n,28.23,Low,954.56,952.44,963.41,965.92,66.59,Medium
8.69359,78.05819,2026-09-01,750,4.74,331.91,300.81,n,24.06,Low,954.44,952.32,963.28,965.8,62.42,Medium
9.02756,80.16605,2026-09-01,750,2.26,334.03,300.17,n,23.38,Low,932.38,933.58,941.16,949.06,60.94,Medium
9.02817,80.16972,2026-09-01,750,2.67,332.18,300.5,n,22.66,Low,932.39,933.58,941.17,949.08,60.22,Medium
8.9195,80.3924,2026-09-01,750,5.41,332.26,304.48,l,24.76,Low,948.85,950.06,957.71,966.09,62.99,Medium
14.49206,77.77126,2026-09-01,750,8.52,343.95,298.34,n,33.58,Low,319.55,317.63,331.14,329.66,46.56,Low
14.43501,77.70506,2026-09-01,750,5.22,330.81,296.7,n,23.81,Low,327.27,325.37,338.96,337.23,37.1,Low
14.43581,77.70943,2026-09-01,750,11.47,343.02,298.18,n,35.28,Low,327.08,325.18,338.77,337.05,48.56,Low
14.54064,79.68484,2026-09-01,750,9.29,344.26,297.25,n,34.33,Low,328.19,329.44,337.42,349.27,47.77,Low
13.86103,79.33105,2026-09-01,750,4.74,334.63,296.24,n,25.57,Low,390.11,391.31,398.95,407.62,41.45,Low
13.85649,79.3286,2026-09-01,750,4.74,340.87,296.39,n,29.04,Low,390.55,391.75,399.39,408.04,44.94,Low
13.85709,79.33201,2026-09-01,750,4.74,344.02,298.61,n,30.79,Low,390.56,391.76,399.4,408.07,46.69,Low
13.20734,79.73056,2026-09-01,750,3.71,330.12,301.37,l,22.29,Low,470.41,471.63,479.42,489.16,41.4,Low
12.88371,78.21547,2026-09-01,750,3.46,333.65,302.7,n,24.07,Low,490.64,488.53,499.62,502.01,43.88,Low
12.82455,79.10368,2026-09-01,750,5.9,332.39,304.02,l,25.2,Low,499.77,500.17,508.28,514.85,45.43,Low
12.82044,79.10441,2026-09-01,750,5.45,338.59,303.67,n,28.3,Low,500.23,500.63,508.74,515.31,48.55,Low
12.8083,79.95654,2026-09-01,750,3.64,331.11,302.28,l,22.79,Low,519.5,520.73,528.57,538.73,43.87,Low
12.65554,79.40025,2026-09-01,750,2.19,336.68,302.28,n,24.8,Low,522.66,523.84,531.37,539.11,45.97,Low
12.6515,79.40098,2026-09-01,750,2.19,337.49,301.46,n,25.25,Low,523.11,524.29,531.83,539.57,46.44,Low
12.63548,79.86098,2026-09-01,750,5.87,334.7,302.52,n,26.46,Low,535.2,536.42,544.19,553.78,48.16,Low
12.55496,79.97733,2026-09-01,750,6.59,343.27,303.72,n,31.76,Low,547.08,548.31,556.12,566.06,53.94,Medium
12.38799,79.56133,2026-09-01,750,2.06,332.27,303.14,n,22.25,Low,554.84,556.04,563.64,571.81,44.71,Low
12.13102,78.14007,2026-09-01,750,8.28,332.63,299.71,n,27.12,Low,574.19,572.09,583.27,585.5,50.27,Medium
12.09304,79.56533,2026-09-01,750,2.38,342.44,303.39,n,28.14,Low,587.02,588.21,595.78,603.73,51.89,Medium
12.09285,79.56569,2026-09-01,750,4.53,341.02,303.15,n,28.96,Low,587.05,588.24,595.81,603.76,52.71,Medium
12.05853,79.84698,2026-09-01,750,3.58,331.63,299.32,n,23.04,Low,596.86,598.07,605.77,614.72,47.19,Low
11.83094,79.66526,2026-09-01,750,1.86,331.46,303.93,l,21.65,Low,617.5,618.69,626.29,634.4,46.62,Low
11.69813,79.12595,2026-09-01,750,5.89,355.18,304.79,n,37.85,Low,624.02,623.98,632.45,638.53,63.04,Medium
11.69394,79.12669,2026-09-01,750,5.89,334.62,305.59,l,26.43,Low,624.49,624.45,632.92,639.0,51.64,Medium
11.69378,79.12559,2026-09-01,750,3.94,336.91,304.65,n,26.24,Low,624.5,624.45,632.93,639.0,51.45,Medium
11.14795,78.03258,2026-09-01,750,4.53,336.34,300.6,n,26.36,Low,683.41,681.31,692.6,694.65,53.88,Medium
11.00781,77.43622,2026-09-01,750,7.15,332.41,299.6,n,26.15,Low,705.51,703.51,716.04,716.08,54.56,Medium
11.01218,79.41254,2026-09-01,750,1.56,334.72,302.36,n,23.24,Low,702.81,703.43,711.37,718.13,51.6,Medium
11.01958,79.83994,2026-09-01,750,2.22,336.41,303.87,n,24.67,Low,709.22,710.42,718.02,726.15,53.31,Medium
10.77378,78.65028,2026-09-01,750,5.62,335.4,307.67,l,26.66,Low,723.65,721.93,731.77,735.95,55.79,Medium
10.74769,78.83463,2026-09-01,750,6.13,344.12,306.06,n,31.89,Low,727.02,725.79,735.2,739.99,61.17,Medium
10.86091,79.81236,2026-09-01,750,0.93,332.03,298.78,n,21.27,Low,725.93,727.13,734.71,742.64,50.57,Medium
10.67588,78.80834,2026-09-01,750,4.1,334.64,305.76,l,25.1,Low,734.87,733.55,743.03,747.72,54.69,Medium
10.44559,78.8073,2026-09-01,750,5.72,332.18,301.71,n,24.95,Low,760.33,758.97,768.48,773.13,55.56,Medium
10.44507,78.80642,2026-09-01,750,3.98,332.13,302.64,l,23.61,Low,760.38,759.03,768.54,773.18,54.22,Medium
10.38719,79.27933,2026-09-01,750,11.34,343.55,305.99,n,35.48,Low,769.96,769.95,778.4,784.49,66.51,Medium
9.99667,77.52258,2026-09-01,750,8.15,334.74,303.41,n,28.19,Low,815.17,813.13,825.22,825.98,60.98,Medium
9.99659,77.51824,2026-09-01,750,3.0,343.88,303.84,n,29.41,Low,815.23,813.2,825.3,826.04,62.21,Medium
10.015,78.08784,2026-09-01,750,8.15,345.21,304.53,n,34.01,Low,808.27,806.16,817.18,819.62,66.52,Medium
9.96654,77.89884,2026-09-01,750,6.17,339.99,305.78,n,29.62,Low,814.74,812.66,824.04,825.92,62.39,Medium
9.95914,77.88472,2026-09-01,750,11.36,337.66,305.78,n,32.22,Low,815.66,813.58,824.99,826.83,65.03,Medium
9.96955,77.89621,2026-09-01,750,13.59,343.87,306.5,n,37.34,Low,814.43,812.34,823.73,825.6,70.1,Medium
17.95781,80.79736,2026-09-01,752,5.73,336.54,292.25,n,27.38,Low,242.11,237.7,244.4,266.86,37.29,Low
14.95399,79.63455,2026-09-01,752,5.79,333.95,299.32,n,25.98,Low,283.68,284.94,292.97,305.61,37.65,Low
14.95313,79.62963,2026-09-01,752,5.79,338.9,300.36,n,28.73,Low,283.56,284.83,292.85,305.45,40.4,Low
14.86462,77.31979,2026-09-01,752,2.62,335.31,292.46,n,24.36,Low,294.85,293.2,305.03,303.19,36.32,Low
15.18663,76.75148,2026-09-01,752,3.78,337.67,289.96,n,26.54,Low,294.36,293.14,300.66,300.06,38.42,Low
15.88618,79.82315,2026-09-01,752,7.0,338.82,301.09,l,29.59,Low,204.96,206.23,214.26,231.55,38.16,Low
15.88993,79.82246,2026-09-01,752,7.0,339.55,299.72,n,30.0,Low,204.59,205.86,213.89,231.19,38.56,Low
32.2988,73.30443,2026-09-01,756,2.61,331.8,294.81,n,22.4,Low,1710.14,1709.17,1709.26,1711.64,90.8,High
27.52273,68.33573,2026-09-01,756,7.3,353.91,298.29,n,38.2,Low,1504.17,1502.97,1503.07,1506.35,98.37,High
30.67169,73.90612,2026-09-01,756,3.03,334.61,294.93,n,24.28,Low,1520.89,1519.92,1520.02,1522.39,85.11,High
36.37709,94.95622,2026-09-01,1836,9.76,339.49,281.86,n,32.04,Low,2642.82,2641.72,2646.29,2656.64,137.91,Critical
36.37725,94.94768,2026-09-01,1836,12.29,331.48,284.02,n,29.48,Low,2642.33,2641.23,2645.78,2656.13,135.33,Critical
36.38441,94.94778,2026-09-01,1836,12.29,318.16,283.38,n,22.08,Low,2642.92,2641.82,2646.38,2656.72,127.96,Critical
36.38425,94.95636,2026-09-01,1836,9.76,324.64,282.75,n,23.79,Low,2643.42,2642.32,2646.88,2657.23,129.69,Critical
36.38021,94.94536,2026-09-01,1836,15.02,308.02,284.41,n,18.5,Low,2642.43,2641.33,2645.89,2656.23,124.36,Critical
36.3801,94.95391,2026-09-01,1836,15.02,367.0,285.94,h,51.27,Medium,2642.93,2641.83,2646.39,2656.74,157.15,Critical
35.99104,94.83133,2026-09-01,2017,0.99,295.22,282.25,n,0.86,Low,2603.53,2602.39,2607.09,2617.55,105.17,High
36.38047,94.95726,2026-09-01,2017,12.33,350.53,286.92,n,40.1,Medium,2643.17,2642.07,2646.63,2656.98,145.99,Critical
36.38214,94.95275,2026-09-01,2017,5.15,297.27,285.04,n,5.12,Low,2643.03,2641.93,2646.49,2656.84,111.0,High
36.38081,94.95837,2026-09-01,2017,8.04,338.25,285.97,n,30.06,Low,2643.26,2642.16,2646.72,2657.07,135.95,Critical
37.34801,97.40966,2026-09-01,2017,0.78,301.6,285.02,n,4.25,Low,2871.63,2870.39,2875.43,2886.28,119.29,High
34.42354,73.96882,2026-09-01,2017,1.5,306.24,283.6,n,7.37,Low,1919.67,1918.58,1918.85,1921.03,84.15,High
22.47377,91.73272,2026-09-01,2019,1.25,306.67,285.81,n,7.42,Low,1483.67,1479.78,1486.27,1508.07,67.0,Medium
29.78695,91.60675,2026-09-01,2019,1.44,297.7,279.0,n,2.58,Low,1901.18,1899.5,1904.82,1918.41,78.82,Medium
37.30261,77.7204,2026-09-01,2019,1.98,304.82,284.0,n,6.94,Low,2190.53,2190.25,2190.98,2192.6,94.58,High
18.73882,74.40549,2026-09-01,2021,0.54,299.3,284.89,n,2.79,Low,429.35,428.1,428.26,431.81,19.97,Low
21.10112,72.63706,2026-09-01,2021,1.18,308.66,282.05,n,8.47,Low,710.87,709.6,709.73,713.26,36.9,Low
21.10147,72.63356,2026-09-01,2021,1.18,308.84,282.25,n,8.57,Low,711.19,709.93,710.06,713.59,37.02,Low
21.10537,72.64811,2026-09-01,2021,2.9,310.93,284.27,n,11.03,Low,710.16,708.89,709.02,712.55,39.44,Low
21.10572,72.64465,2026-09-01,2021,4.16,331.23,285.01,n,23.25,Low,710.48,709.21,709.35,712.87,51.67,Medium
12.29417,79.93931,2026-09-01,2023,1.98,325.11,291.53,n,18.21,Low,573.88,575.11,582.88,592.39,41.45,Low
12.74743,77.61809,2026-09-01,2023,0.43,300.42,288.9,n,3.33,Low,512.32,510.33,523.14,522.77,24.02,Low
13.89658,76.56571,2026-09-01,2023,0.51,300.57,285.29,n,3.48,Low,426.47,424.95,435.32,433.95,20.69,Low
14.5171,75.64188,2026-09-01,2023,0.94,300.76,286.89,n,3.9,Low,428.12,427.13,432.13,432.27,21.1,Low
14.51576,75.63882,2026-09-01,2023,0.94,301.84,286.6,n,4.5,Low,428.45,427.47,432.45,432.6,21.71,Low
15.18782,76.65921,2026-09-01,2023,2.8200000000000003,310.47,285.67,n,10.71,Low,300.28,299.11,306.11,305.66,22.82,Low
15.18272,76.66805,2026-09-01,2023,3.48,312.13,282.34,n,12.13,Low,300.14,298.96,306.03,305.56,24.24,Low
15.18291,76.63927,2026-09-01,2023,2.14,319.2,285.55,n,15.05,Low,302.03,300.87,307.78,307.36,27.23,Low
11.43151,77.16531,2026-09-01,2023,1.7000000000000002,308.64,293.07,n,8.85,Low,664.43,662.49,675.74,674.57,35.62,Low
11.59257,77.26982,2026-09-01,2023,1.3,304.87,287.86,n,6.46,Low,644.75,642.8,655.9,654.98,32.44,Low
10.99278,79.23927,2026-09-01,2023,2.33,318.53,291.83,n,14.82,Low,702.86,702.94,711.32,717.5,43.17,Low
10.92252,78.51923,2026-09-01,2023,1.96,325.57,293.57,n,18.45,Low,707.15,705.11,715.25,719.01,46.92,Low
10.94335,76.3877,2026-09-01,2023,0.5700000000000001,303.97,291.59,n,5.41,Low,737.7,735.89,749.17,746.95,35.11,Low
11.10827,79.43034,2026-09-01,2023,1.26,306.12,291.65,n,7.12,Low,692.5,693.23,701.09,707.95,35.07,Low
11.58526,77.26942,2026-09-01,2023,0.63,302.45,289.46,n,4.61,Low,645.55,643.6,656.7,655.79,30.63,Low
11.58561,77.26827,2026-09-01,2023,0.71,302.6,289.36,n,4.75,Low,645.54,643.59,656.68,655.77,30.77,Low
11.58907,77.26917,2026-09-01,2023,1.3,316.85,288.53,n,13.11,Low,645.14,643.19,656.29,655.38,39.11,Low
11.58795,77.27676,2026-09-01,2023,2.54,328.51,290.39,n,20.52,Low,645.11,643.16,656.24,655.35,46.52,Low
15.33235,76.28368,2026-09-01,2023,1.69,306.58,286.1,n,7.7,Low,315.36,314.46,318.83,319.1,20.38,Low
15.17715,76.65287000000001,2026-09-01,2023,2.24,304.64,285.0,n,7.04,Low,301.63,300.46,307.47,307.02,19.21,Low
15.17649,76.65758,2026-09-01,2023,2.24,318.85,285.28,n,14.93,Low,301.37,300.2,307.24,306.78,27.09,Low
15.17009,76.38125,2026-09-01,2023,1.63,302.75,285.05,n,5.53,Low,321.04,320.01,325.62,325.57,18.45,Low
15.00385,77.61399,2026-09-01,2023,0.86,301.52,281.69,n,4.27,Low,269.26,267.48,280.73,278.46,15.23,Low
10.99333,79.23576,2026-09-01,2023,2.35,307.67,291.5,n,8.8,Low,702.76,702.83,711.22,717.39,37.14,Low
11.592,77.27362,2026-09-01,2023,2.54,325.47,290.18,n,18.83,Low,644.73,642.78,655.87,654.97,44.81,Low
11.2683,80.00274,2026-09-01,2023,2.74,312.46,292.83,n,11.75,Low,685.87,687.08,694.77,703.58,39.46,Low
11.81017,77.92106,2026-09-01,2023,2.41,307.2,292.19,n,8.59,Low,611.2,609.13,620.81,622.26,33.22,Low
11.80976,77.92097,2026-09-01,2023,2.29,306.97,292.26,n,8.37,Low,611.24,609.18,620.86,622.3,33.01,Low
12.07241,79.15073,2026-09-01,2023,1.83,306.96,290.91,n,8.02,Low,583.06,583.27,591.54,597.88,31.58,Low
13.00275,74.8494,2026-09-01,2023,0.85,305.21,289.72,n,6.31,Low,611.12,609.97,616.54,616.28,30.85,Low
12.29086,79.93877,2026-09-01,2023,1.98,311.05,291.14,n,10.4,Low,574.22,575.45,583.22,592.72,33.66,Low
8.5307,80.74348,2026-09-01,2025,2.89,311.93,293.43,n,11.57,Low,999.17,1000.38,1008.11,1017.07,51.82,Medium
10.19173,77.64243,2026-09-01,2025,0.42,304.01,291.74,n,5.32,Low,792.29,790.24,802.15,803.2,37.2,Low
9.58141,77.54852,2026-09-01,2025,1.01,311.48,272.37,n,9.91,Low,860.5,858.46,870.41,871.38,44.52,Low
9.57284,77.53609,2026-09-01,2025,1.24,305.91,268.13,n,6.99,Low,861.59,859.55,871.52,872.46,41.64,Low
9.5723,77.53960000000001,2026-09-01,2025,0.85,299.71,269.85,n,3.25,Low,861.61,859.56,871.53,872.48,37.9,Low
9.56999,77.5319,2026-09-01,2025,1.35,304.75,267.28,n,6.43,Low,861.95,859.91,871.89,872.82,41.1,Low
9.56943,77.53551,2026-09-01,2025,1.35,308.38,268.79,n,8.45,Low,861.97,859.93,871.9,872.84,43.12,Low
9.2637,77.50169,2026-09-01,2025,1.36,313.85,293.16,n,11.49,Low,895.99,893.95,905.92,906.86,47.52,Low
8.53409,80.74403,2026-09-01,2025,2.89,308.51,293.83,n,9.67,Low,998.81,1000.03,1007.76,1016.73,49.9,Low
6.36316,80.74545,2026-09-01,2025,0.88,307.21,293.57,n,7.44,Low,1233.77,1234.97,1242.57,1250.57,57.06,Medium
6.57419,81.11971,2026-09-01,2025,0.86,306.48,295.1,n,7.02,Low,1219.34,1220.55,1228.26,1237.02,56.07,Medium
6.71948,81.22217,2026-09-01,2025,2.15,316.18,294.52,n,13.38,Low,1206.26,1207.47,1215.21,1224.23,61.91,Medium
6.77234,81.00491,2026-09-01,2025,0.77,304.33,289.6,n,5.76,Low,1195.19,1196.4,1204.09,1212.73,53.84,Medium
6.77437,81.00439,2026-09-01,2025,1.11,302.99,289.38,n,5.27,Low,1194.95,1196.16,1203.85,1212.5,53.34,Medium
6.95969,79.95614,2026-09-01,2025,2.43,310.87,294.24,n,10.64,Low,1154.97,1155.56,1163.55,1170.22,57.08,Medium
6.85561,81.53905,2026-09-01,2025,2.17,317.94,294.39,n,14.37,Low,1200.32,1201.55,1209.36,1219.02,62.67,Medium
6.93451,81.20994,2026-09-01,2025,0.33,303.41,292.42,n,4.92,Low,1182.82,1184.04,1191.78,1200.88,52.52,Medium
7.0813,80.82124,2026-09-01,2025,1.38,312.46,289.75,n,10.73,Low,1157.52,1158.72,1166.38,1174.81,57.3,Medium
6.96968,81.59444,2026-09-01,2025,2.66,312.2,293.54,n,11.55,Low,1189.78,1191.02,1198.84,1208.65,59.43,Medium
6.97034,81.59041,2026-09-01,2025,2.66,322.48,293.96,n,17.26,Low,1189.59,1190.83,1198.65,1208.46,65.14,Medium
6.97323,81.59503,2026-09-01,2025,2.66,329.71,294.57,n,21.28,Low,1189.42,1190.65,1198.48,1208.3,69.15,Medium
6.97389,81.591,2026-09-01,2025,2.66,329.61,294.85,n,21.22,Low,1189.23,1190.46,1198.29,1208.1,69.08,Medium
7.21528,81.04633,2026-09-01,2025,2.04,308.04,295.49,n,8.77,Low,1148.43,1149.64,1157.37,1166.29,54.99,Medium
7.24225,80.88264,2026-09-01,2025,1.3,312.7,292.79,n,10.81,Low,1141.53,1142.74,1150.42,1159.04,56.75,Medium
7.24854,80.88733,2026-09-01,2025,1.49,313.49,292.73,n,11.39,Low,1140.96,1142.17,1149.86,1158.49,57.3,Medium
7.38553,80.94897,2026-09-01,2025,3.28,314.0,297.33,n,13.02,Low,1127.66,1128.88,1136.58,1145.4,58.41,Medium
7.37611,81.18176,2026-09-01,2025,1.63,312.1,295.23,n,10.72,Low,1134.66,1135.88,1143.64,1152.9,56.39,Medium
7.37958,81.18234,2026-09-01,2025,1.63,323.11,295.83,n,16.84,Low,1134.3,1135.52,1143.29,1152.55,62.5,Medium
7.43566,81.24219,2026-09-01,2025,1.59,311.68,295.11,n,10.46,Low,1129.92,1131.14,1138.92,1148.33,55.94,Medium
7.88871,81.18806,2026-09-01,2025,1.97,311.67,294.17,n,10.74,Low,1079.93,1081.16,1088.95,1098.49,54.23,Medium
8.07564,80.76885,2026-09-01,2025,1.15,312.96,294.42,n,10.84,Low,1048.83,1050.05,1057.75,1066.53,53.07,Medium
8.23957,80.5554,2026-09-01,2025,1.7000000000000002,310.82,293.97,n,10.06,Low,1026.13,1027.33,1034.99,1043.4,51.38,Medium
8.6686,77.99117,2026-09-01,2025,0.36,299.21,278.27,n,2.61,Low,957.51,955.41,966.47,968.83,41.09,Low
8.44806,80.39248,2026-09-01,2025,0.65,312.37,282.87,n,10.14,Low,999.98,1001.18,1008.8,1016.95,50.41,Medium
8.49787,80.81718,2026-09-01,2025,1.67,311.65,294.25,n,10.5,Low,1004.58,1005.8,1013.54,1022.65,50.97,Medium
28.42366,69.70154,2026-09-01,2159,1.44,308.92,294.27,n,8.81,Low,1490.55,1489.41,1489.49,1492.59,68.43,Medium
32.88779,71.6153,2026-09-01,2159,1.85,305.61,289.73,n,7.28,Low,1827.06,1826.1,1826.13,1828.69,80.36,High
33.29609,71.18719,2026-09-01,2159,0.6000000000000001,305.76,289.63,n,6.43,Low,1884.49,1883.52,1883.56,1886.14,81.81,High
23.43164,68.71332,2026-09-01,2201,0.77,303.25,289.63,n,5.16,Low,1190.55,1189.28,1189.42,1192.94,52.78,Medium
25.38806,68.58345,2026-09-01,2201,1.13,316.75,291.12,n,12.93,Low,1326.79,1325.56,1325.67,1329.09,66.0,Medium
7.48,80.90331,2026-09-02,729,9.56,337.82,297.76,n,30.96,Low,1116.36,1117.57,1125.27,1134.04,75.89,Medium
6.74808,81.52004,2026-09-02,729,3.27,330.74,300.2,n,22.31,Low,1211.26,1212.49,1220.29,1229.85,71.05,Medium
6.69094,81.32561,2026-09-02,729,3.63,332.43,299.29,n,23.52,Low,1212.03,1213.25,1221.0,1230.2,72.28,Medium
6.59253,80.92814,2026-09-02,729,4.39,335.25,297.81,n,25.65,Low,1212.84,1214.05,1221.71,1230.14,74.44,Medium
6.56966,81.1199,2026-09-02,729,3.48,335.08,299.08,n,24.88,Low,1219.83,1221.05,1228.75,1237.52,73.95,Medium
6.5513200000000005,81.14516,2026-09-02,729,1.69,332.0,297.91,n,21.82,Low,1222.43,1223.64,1231.35,1240.16,71.0,Medium
6.45157,81.09538,2026-09-02,729,3.54,331.57,292.73,n,22.97,Low,1231.98,1233.19,1240.89,1249.56,72.53,Medium
6.29037,80.85827,2026-09-02,729,5.02,335.56,295.14,n,26.3,Low,1244.04,1245.24,1252.88,1261.05,76.33,Medium
9.43638,80.39525,2026-09-02,729,3.24,330.96,295.72,n,22.41,Low,893.0,894.21,901.89,910.56,58.41,Medium
9.43089,80.39628,2026-09-02,729,3.24,332.16,295.53,n,23.07,Low,893.62,894.82,902.51,911.18,59.09,Medium
9.41724,80.38377,2026-09-02,729,4.93,337.57,295.68,n,27.35,Low,894.8,896.01,903.69,912.32,63.42,Medium
8.85165,80.32201,2026-09-02,729,5.21,333.34,294.93,n,25.21,Low,954.69,955.89,963.51,971.69,63.67,Medium
8.43109,80.65472,2026-09-02,729,4.76,337.46,296.5,n,27.16,Low,1007.72,1008.93,1016.63,1025.35,67.75,Medium
8.41492,80.56696,2026-09-02,729,4.19,346.91,292.68,n,31.98,Low,1007.41,1008.62,1016.29,1024.81,72.55,Medium
8.69176,80.35313,2026-09-02,729,4.47,349.2,293.08,n,33.46,Low,972.7,973.9,981.52,989.7,72.64,Medium
8.6888,80.35437,2026-09-02,729,3.92,340.54,293.89,n,28.24,Low,973.05,974.25,981.87,990.05,67.43,Medium
8.76981,80.87205,2026-09-02,729,3.67,336.94,296.83,n,26.05,Low,976.86,978.08,985.85,995.24,65.41,Medium
8.63886,80.4912,2026-09-02,729,5.31,330.18,294.32,n,23.53,Low,981.46,982.66,990.32,998.79,63.06,Medium
7.6996,81.24136,2026-09-02,729,4.47,331.83,302.61,l,23.81,Low,1101.65,1102.88,1110.68,1120.22,68.16,Medium
7.69899,81.23794,2026-09-02,729,4.47,339.41,301.87,n,28.02,Low,1101.62,1102.85,1110.64,1120.18,72.37,Medium
7.71905,80.52895,2026-09-02,729,4.94,336.52,292.6,n,26.77,Low,1082.0,1083.2,1090.81,1098.93,70.32,Medium
7.90335,81.47719,2026-09-02,729,3.85,353.32,302.94,n,35.29,Low,1086.96,1088.19,1096.05,1106.16,79.06,Medium
8.63953,80.49488,2026-09-02,729,7.96,339.61,295.01,n,30.75,Low,981.47,982.67,990.33,998.81,70.28,Medium
8.49191,80.80196,2026-09-02,729,1.95,339.61,294.9,n,26.25,Low,1004.83,1006.05,1013.78,1022.86,66.73,Medium
8.49255,80.8055,2026-09-02,729,3.02,332.88,296.2,n,23.31,Low,1004.85,1006.07,1013.81,1022.89,63.79,Medium
8.47878,80.82249,2026-09-02,729,6.74,346.96,296.26,n,33.92,Low,1006.77,1007.99,1015.73,1024.84,74.47,Medium
8.47463,80.83051,2026-09-02,729,9.47,367.0,298.18,h,47.1,Medium,1007.43,1008.64,1016.39,1025.51,87.68,High
8.47942,80.826,2026-09-02,729,6.74,334.44,295.75,n,26.97,Low,1006.79,1008.01,1015.75,1024.87,67.52,Medium
8.47271,80.81999,2026-09-02,729,5.79,343.04,297.33,n,31.03,Low,1007.36,1008.58,1016.32,1025.42,71.61,Medium
8.47527,80.83401,2026-09-02,729,9.47,335.16,295.19,n,29.41,Low,1007.45,1008.67,1016.41,1025.54,69.99,Medium
7.47632,81.74171,2026-09-02,729,2.49,331.6,299.83,n,22.2,Low,1140.59,1141.84,1149.72,1160.08,68.12,Medium
7.35963,81.1146,2026-09-02,729,2.52,331.95,302.31,l,22.42,Low,1134.65,1135.87,1143.61,1152.74,68.09,Medium
7.37772,81.37109,2026-09-02,729,4.19,345.05,300.29,n,30.95,Low,1139.74,1140.97,1148.77,1158.39,76.83,Medium
7.33017,81.13794,2026-09-02,729,2.69,330.77,303.45,l,21.89,Low,1138.43,1139.65,1147.4,1156.55,67.71,Medium
7.34089,81.19734,2026-09-02,729,4.46,344.8,304.02,n,31.01,Low,1138.86,1140.08,1147.84,1157.11,76.85,Medium
7.33735,81.20861,2026-09-02,729,4.7,333.25,305.63,l,24.78,Low,1139.54,1140.76,1148.53,1157.82,70.65,Medium
7.33164,81.2386,2026-09-02,729,7.56,367.0,302.17,h,45.67,Medium,1140.96,1142.19,1149.96,1159.3,91.59,High
7.33598,81.23946,2026-09-02,729,6.2,345.38,299.85,n,32.64,Low,1140.52,1141.75,1149.52,1158.87,78.55,Medium
7.33055,81.24025,2026-09-02,729,5.25,337.45,300.03,n,27.52,Low,1141.13,1142.35,1150.12,1159.47,73.45,Medium
8.63386,80.52625,2026-09-02,729,6.05,333.95,293.82,n,26.18,Low,982.8,984.0,991.67,1000.22,65.77,Medium
7.5525,81.30016,2026-09-02,729,12.95,333.64,297.08,n,31.18,Low,1119.04,1120.27,1128.07,1137.65,76.23,Medium
8.44558,80.73347,2026-09-02,729,9.66,367.0,294.79,h,47.25,Medium,1008.08,1009.3,1017.01,1025.91,87.85,High
8.43836,80.78616,2026-09-02,729,5.6,346.04,296.53,n,32.56,Low,1010.19,1011.4,1019.13,1028.14,73.25,Medium
8.38044,80.47367,2026-09-02,729,15.26,367.0,295.7,h,51.45,Medium,1009.06,1010.26,1017.9,1026.2,92.08,High
8.38162,80.47205,2026-09-02,729,7.16,348.29,294.79,n,34.98,Low,1008.9,1010.1,1017.74,1026.03,75.61,Medium
8.38229,80.47581,2026-09-02,729,7.16,349.91,294.48,n,35.88,Low,1008.9,1010.11,1017.75,1026.05,76.51,Medium
8.43729,80.78544,2026-09-02,729,7.09,346.61,296.67,n,33.99,Low,1010.28,1011.5,1019.23,1028.24,74.68,Medium
8.46852,81.11768000000001,2026-09-02,729,6.59,354.33,297.23,n,37.9,Low,1016.0,1017.23,1025.04,1034.77,78.83,Medium
8.38728,80.82038,2026-09-02,729,10.5,367.0,298.53,h,47.88,Medium,1016.55,1017.77,1025.51,1034.56,88.82,High
7.90861,81.47627,2026-09-02,729,3.85,344.69,302.12,n,30.49,Low,1086.37,1087.61,1095.46,1105.58,74.24,Medium
7.9084,81.47823,2026-09-02,729,7.3,337.97,301.8,n,29.35,Low,1086.45,1087.69,1095.55,1105.67,73.1,Medium
7.90781,81.475,2026-09-02,729,5.98,345.59,301.76,n,32.59,Low,1086.42,1087.65,1095.51,1105.62,76.34,Medium
7.8105,80.81985,2026-09-02,729,4.91,331.91,296.79,n,24.19,Low,1078.68,1079.89,1087.59,1096.35,67.62,Medium
7.93935,81.31718,2026-09-02,729,10.06,348.87,299.61,n,37.47,Low,1078.26,1079.5,1087.32,1097.14,80.89,High
7.94348,81.30961,2026-09-02,729,7.38,331.33,300.85,n,25.72,Low,1077.6,1078.83,1086.65,1096.47,69.12,Medium
7.94051,81.29297,2026-09-02,729,2.97,341.44,299.64,n,28.03,Low,1077.43,1078.66,1086.48,1096.25,71.42,Medium
7.86967,80.6083,2026-09-02,729,10.48,367.0,297.28,h,47.86,Medium,1067.37,1068.58,1076.22,1084.57,90.83,High
7.0563,81.45523,2026-09-02,729,4.42,351.52,297.06,n,34.71,Low,1176.48,1177.71,1185.51,1195.12,82.06,High
7.09891,81.70583,2026-09-02,729,3.48,367.0,297.65,h,42.61,Medium,1179.43,1180.67,1188.52,1198.6,90.08,High
7.05386,81.45487,2026-09-02,729,4.91,346.6,297.38,n,32.35,Low,1176.73,1177.96,1185.76,1195.37,79.71,Medium
7.05969,81.45664,2026-09-02,729,7.77,351.02,298.1,n,36.95,Low,1176.16,1177.39,1185.19,1194.8,84.29,High
7.11475,81.67311,2026-09-02,729,3.78,337.01,299.55,n,26.17,Low,1176.73,1177.97,1185.82,1195.85,73.53,Medium
7.17839,81.81988,2026-09-02,729,2.86,330.11,299.41,n,21.65,Low,1174.63,1175.87,1183.74,1194.07,68.93,Medium
7.21071,81.82072,2026-09-02,729,4.08,344.85,300.9,n,30.75,Low,1171.24,1172.48,1180.36,1190.71,77.9,Medium
7.21062,81.82043,2026-09-02,729,3.53,345.56,300.66,n,30.74,Low,1171.24,1172.48,1180.36,1190.7,77.89,Medium
7.25519,81.708,2026-09-02,729,7.73,342.33,299.97,n,32.09,Low,1162.92,1164.16,1172.02,1182.19,78.9,Medium
7.2765,81.73724,2026-09-02,729,1.36,330.59,296.67,n,20.79,Low,1161.59,1162.83,1170.7,1180.94,67.55,Medium
7.87323,80.60886,2026-09-02,729,6.15,356.53,296.09,n,38.8,Low,1067.0,1068.2,1075.85,1084.2,81.75,High
7.87255,80.60516,2026-09-02,729,6.15,331.94,296.04,n,25.13,Low,1066.99,1068.19,1075.84,1084.19,68.08,Medium
7.89672,80.64297,2026-09-02,729,6.12,346.26,296.87,n,33.07,Low,1065.22,1066.42,1074.08,1082.52,75.95,Medium
7.9031,80.61494,2026-09-02,729,6.45,333.33,296.18,n,26.13,Low,1063.9,1065.1,1072.76,1081.13,68.96,Medium
8.1841,81.33057,2026-09-02,729,3.51,330.49,299.63,n,22.35,Low,1052.63,1053.86,1061.7,1071.7,64.75,Medium
8.09333,80.78801,2026-09-02,729,3.14,334.83,296.52,n,24.48,Low,1047.4,1048.61,1056.32,1065.15,66.65,Medium
8.08167,80.59393,2026-09-02,729,4.24,343.59,296.46,n,30.17,Low,1044.09,1045.3,1052.95,1061.37,72.21,Medium
7.29333,81.80293,2026-09-02,729,1.98,330.0,298.71,n,20.93,Low,1161.93,1163.17,1171.05,1181.41,67.71,Medium
7.30922,81.77083,2026-09-02,729,9.2,367.0,300.63,h,46.9,Medium,1159.21,1160.45,1168.32,1178.64,93.57,High
7.30948,81.76926,2026-09-02,729,4.54,367.0,300.2,h,43.41,Medium,1159.13,1160.37,1168.24,1178.56,90.07,High
7.32084,81.83221,2026-09-02,729,1.16,332.08,298.75,n,21.47,Low,1159.98,1161.22,1169.11,1179.54,68.17,Medium
7.31005,81.77242,2026-09-02,729,4.54,333.94,299.4,n,25.04,Low,1159.17,1160.41,1168.29,1178.6,71.7,Medium
7.34386,81.72089,2026-09-02,729,2.01,335.09,299.2,n,23.78,Low,1153.94,1155.18,1163.05,1173.29,70.23,Medium
7.37055,81.71949,2026-09-02,729,3.16,342.46,299.49,n,28.74,Low,1151.07,1152.31,1160.18,1170.44,75.08,Medium
7.25258,80.891,2026-09-02,729,6.92,351.23,297.9,n,36.43,Low,1140.61,1141.82,1149.51,1158.15,82.33,High
9.43242,80.37336,2026-09-02,729,6.5,341.55,295.23,n,30.74,Low,892.91,894.12,901.8,910.42,66.73,Medium
9.43142,80.39938,2026-09-02,729,3.58,330.56,295.24,n,22.44,Low,893.63,894.84,902.53,911.21,58.46,Medium
9.4328,80.37656,2026-09-02,729,10.97,354.0,295.64,n,41.01,Medium,892.95,894.16,901.83,910.46,77.0,Medium
9.43211,80.3729,2026-09-02,729,6.05,335.15,295.31,n,26.84,Low,892.94,894.14,901.82,910.44,62.83,Medium
9.643,80.31789,2026-09-02,729,8.95,367.0,295.82,h,46.71,Medium,868.86,870.07,877.74,886.34,81.74,High
8.07954,80.59356,2026-09-02,729,4.34,347.93,297.24,n,32.66,Low,1044.31,1045.52,1053.17,1061.59,74.71,Medium
8.16905,80.58099,2026-09-02,729,3.37,334.55,294.71,n,24.5,Low,1034.34,1035.54,1043.2,1051.63,66.15,Medium
8.16788,80.58058,2026-09-02,729,5.0,333.46,294.82,n,25.12,Low,1034.46,1035.66,1043.32,1051.75,66.77,Medium
8.28928,81.02506,2026-09-02,729,3.87,346.97,297.62,n,31.77,Low,1032.52,1033.75,1041.53,1050.96,73.36,Medium
8.34616,81.03253,2026-09-02,729,2.38,332.66,297.25,n,22.71,Low,1026.64,1027.87,1035.65,1045.14,64.06,Medium
8.35486,80.79696,2026-09-02,729,5.46,332.79,298.19,n,25.09,Low,1019.45,1020.66,1028.39,1037.38,66.15,Medium
8.36511,80.79137,2026-09-02,729,4.83,339.09,296.26,n,28.12,Low,1018.2,1019.42,1027.14,1036.13,69.13,Medium
7.05682,81.45827,2026-09-02,729,4.42,330.89,297.05,n,23.25,Low,1176.51,1177.74,1185.54,1195.16,70.6,Medium
7.09954,81.70715,2026-09-02,729,6.61,349.97,297.84,n,35.5,Low,1179.4,1180.64,1188.49,1198.58,82.97,High
7.05835,81.59419,2026-09-02,729,3.42,338.1,299.05,n,26.51,Low,1180.33,1181.57,1189.4,1199.26,74.02,Medium
7.06316,81.80867,2026-09-02,729,3.02,331.94,297.59,n,22.79,Low,1186.46,1187.7,1195.57,1205.81,70.55,Medium
8.38184,80.82143,2026-09-02,729,3.93,333.79,297.03,n,24.5,Low,1017.17,1018.38,1026.12,1035.17,65.47,Medium
8.37057,80.79036,2026-09-02,729,3.42,340.53,296.31,n,27.86,Low,1017.59,1018.8,1026.53,1035.51,68.84,Medium
8.3484,80.66866,2026-09-02,729,10.6,367.0,296.76,h,47.95,Medium,1016.98,1018.19,1025.89,1034.6,88.91,High
8.417,80.32652,2026-09-02,729,11.58,338.39,293.64,n,32.79,Low,1001.99,1003.19,1010.79,1018.78,73.14,Medium
8.41631,80.3227,2026-09-02,729,8.01,350.19,293.83,n,36.67,Low,1001.99,1003.19,1010.78,1018.76,77.02,Medium
8.52835,80.81718,2026-09-02,729,3.41,337.48,295.5,n,26.16,Low,1001.31,1002.52,1010.27,1019.39,66.49,Medium
8.53549,80.7943,2026-09-02,729,6.76,367.0,296.16,h,45.07,Medium,999.95,1001.16,1008.9,1017.98,85.35,High
9.64366,80.32153,2026-09-02,729,8.44,345.81,294.88,n,34.56,Low,868.87,870.08,877.76,886.37,69.59,Medium
9.64335,80.32085,2026-09-02,729,11.93,353.27,295.09,n,41.32,Medium,868.89,870.1,877.78,886.38,76.35,Medium
9.64267,80.31721,2026-09-02,729,9.47,354.25,295.12,n,40.02,Medium,868.88,870.09,877.76,886.36,75.05,Medium
7.5465,81.29754,2026-09-02,729,10.43,367.0,299.5,h,47.82,Medium,1119.61,1120.84,1128.63,1138.2,92.89,High
7.33388,80.93858,2026-09-02,729,6.69,337.02,299.41,n,28.36,Low,1132.98,1134.19,1141.89,1150.66,73.96,Medium
7.37863,81.15845,2026-09-02,729,3.32,337.06,301.45,n,25.86,Low,1133.77,1134.99,1142.74,1151.96,71.49,Medium
7.39372,81.18061,2026-09-02,729,1.87,330.66,303.02,l,21.21,Low,1132.74,1133.96,1141.72,1150.99,66.8,Medium
7.38031,81.00896,2026-09-02,729,4.13,335.97,301.73,n,25.86,Low,1129.72,1130.93,1138.65,1147.58,71.33,Medium
7.4081,81.06524,2026-09-02,729,2.34,330.17,301.43,l,21.29,Low,1128.16,1129.38,1137.11,1146.16,66.7,Medium
7.55483,81.72664,2026-09-02,729,2.19,332.58,300.23,n,22.52,Low,1131.81,1133.05,1140.93,1151.31,68.09,Medium
8.53487,80.79079,2026-09-02,729,6.76,333.26,295.2,n,26.33,Low,999.92,1001.14,1008.88,1017.95,66.61,Medium
8.52491,80.67143,2026-09-02,729,3.08,347.72,294.27,n,31.6,Low,998.0,999.22,1006.92,1015.73,71.8,Medium
8.51043,80.68813,2026-09-02,729,3.76,333.16,295.6,n,24.02,Low,999.97,1001.19,1008.9,1017.73,64.3,Medium
8.53568,80.79343,2026-09-02,729,11.89,367.0,296.67,h,48.92,Medium,999.9,1001.12,1008.86,1017.94,89.2,High
8.52422,80.67086,2026-09-02,729,3.47,344.89,294.34,n,30.32,Low,998.06,999.28,1006.98,1015.79,70.52,Medium
8.553560000000001,80.76841,2026-09-02,729,2.86,336.61,295.74,n,25.26,Low,997.34,998.55,1006.29,1015.32,65.44,Medium
7.0117,81.60833,2026-09-02,729,5.27,345.12,302.21,n,31.8,Low,1185.72,1186.96,1194.79,1204.65,79.52,Medium
7.01405,81.62167,2026-09-02,729,6.13,333.68,299.88,n,26.09,Low,1185.87,1187.11,1194.94,1204.82,73.82,Medium
8.54068,80.66792,2026-09-02,729,1.52,336.61,291.88,n,24.26,Low,996.22,997.43,1005.13,1013.94,64.39,Medium
8.55561,80.68747,2026-09-02,729,4.1,330.74,296.0,n,22.93,Low,995.09,996.3,1004.01,1012.87,63.01,Medium
8.54718,80.61058,2026-09-02,729,4.57,333.05,294.44,n,24.57,Low,994.14,995.35,1003.04,1011.72,64.61,Medium
8.58795,80.74087,2026-09-02,729,2.65,337.58,294.08,n,25.64,Low,992.94,994.15,1001.88,1010.87,65.64,Medium
8.57646,80.64652,2026-09-02,729,4.88,330.72,294.33,n,23.5,Low,991.84,993.05,1000.75,1009.53,63.45,Medium
8.5813,80.64192,2026-09-02,729,5.5,331.96,295.02,n,24.66,Low,991.2,992.42,1000.12,1008.89,64.59,Medium
8.4979,80.15121,2026-09-02,729,3.34,330.36,294.23,n,22.15,Low,989.8,990.98,998.53,1006.16,62.0,Medium
8.59681,80.66502,2026-09-02,729,3.05,332.41,294.7,n,23.07,Low,990.09,991.31,999.01,1007.85,62.95,Medium
8.61355,80.69516,2026-09-02,729,6.82,330.01,293.63,n,24.56,Low,989.03,990.25,997.96,1006.87,64.4,Medium
8.61902,80.69415,2026-09-02,729,6.82,356.1,294.17,n,39.06,Low,988.42,989.63,997.35,1006.26,78.88,Medium
8.63088,80.72893,2026-09-02,729,2.95,334.37,293.45,n,24.08,Low,988.01,989.23,996.96,1005.95,63.88,Medium
8.57462,80.41475,2026-09-02,729,7.07,334.48,295.38,n,27.24,Low,986.72,987.93,995.56,1003.82,66.98,Medium
8.62972,80.6591,2026-09-02,729,6.08,341.84,294.26,n,30.58,Low,986.4,987.61,995.32,1004.16,70.31,Medium
8.61938,80.69332,2026-09-02,729,4.64,336.36,292.77,n,26.46,Low,988.36,989.57,997.29,1006.2,66.27,Medium
8.72707,81.12466,2026-09-02,729,5.77,334.56,291.57,n,26.31,Low,988.66,989.89,997.72,1007.63,66.15,Medium
8.72116,81.12231,2026-09-02,729,5.77,349.27,297.45,n,34.48,Low,989.21,990.45,998.28,1008.18,74.34,Medium
8.62986,80.65842,2026-09-02,729,5.23,353.41,293.71,n,36.37,Low,986.37,987.58,995.29,1004.12,76.1,Medium
8.57298,80.41463,2026-09-02,729,3.36,332.67,294.45,n,23.45,Low,986.9,988.1,995.74,1003.99,63.2,Medium
8.6315,80.72802,2026-09-02,729,3.78,340.11,293.66,n,27.9,Low,987.92,989.14,996.87,1005.86,67.7,Medium
6.8621300000000005,81.46165,2026-09-02,729,3.86,340.55,298.78,n,28.2,Low,1197.41,1198.64,1206.43,1215.95,76.38,Medium
6.85732,81.46571,2026-09-02,729,3.86,335.27,299.73,n,25.27,Low,1198.04,1199.27,1207.06,1216.59,73.48,Medium
6.80013,81.59657,2026-09-02,729,2.88,332.93,302.59,n,23.23,Low,1207.92,1209.15,1216.96,1226.69,71.84,Medium
6.80072,81.59989,2026-09-02,729,2.88,353.05,303.49,n,34.41,Low,1207.95,1209.18,1217.0,1226.73,83.02,High
6.79481,81.59746,2026-09-02,729,2.88,331.5,302.94,l,22.44,Low,1208.51,1209.74,1217.56,1227.28,71.07,Medium
6.7207,81.24134,2026-09-02,729,2.3,335.85,298.04,n,24.42,Low,1206.62,1207.84,1215.58,1224.63,72.97,Medium
6.18732,80.72151,2026-09-02,729,1.55,330.17,290.31,n,20.7,Low,1252.4,1253.59,1261.19,1269.08,71.06,Medium
6.26317,81.08282,2026-09-02,729,1.77,332.7,294.58,n,22.27,Low,1252.04,1253.24,1260.93,1269.5,72.63,Medium
7.55034,81.30028,2026-09-02,729,10.62,339.76,297.4,n,32.83,Low,1119.28,1120.51,1128.3,1137.88,77.89,Medium
7.47581,80.9069,2026-09-02,729,5.28,343.34,298.42,n,30.82,Low,1116.9,1118.11,1125.81,1134.59,75.77,Medium
7.4839,81.20641,2026-09-02,729,4.16,348.72,300.93,n,32.96,Low,1123.77,1124.99,1132.77,1142.13,78.2,Medium
9.43506,80.38796,2026-09-02,729,3.54,330.6,295.41,n,22.43,Low,892.97,894.18,901.86,910.51,58.43,Medium
9.43308,80.37701,2026-09-02,729,8.7,347.25,295.69,n,35.55,Low,892.93,894.14,901.81,910.44,71.54,Medium
6.15852,80.93163,2026-09-02,731,4.42,340.74,292.94,n,28.73,Low,1259.93,1261.14,1268.78,1277.04,79.4,Medium
9.99482,79.18996,2026-09-02,731,4.89,341.62,287.05,n,29.57,Low,812.36,812.0,820.74,826.43,62.29,Medium
9.94405,78.17075,2026-09-02,731,8.81,330.98,292.36,n,26.6,Low,815.79,813.67,824.52,827.21,59.41,Medium
12.1557,79.81212,2026-09-02,731,2.65,330.94,288.02,n,21.95,Low,585.54,586.75,594.44,603.36,45.65,Low
15.95654,79.91642,2026-09-02,731,4.66,341.23,293.08,n,29.18,Low,205.66,206.92,214.86,232.94,37.78,Low
14.88849,79.31078,2026-09-02,731,2.5,332.39,273.26,n,22.65,Low,279.03,280.26,288.08,298.43,34.11,Low
20.96492,85.17074,2026-09-02,733,7.94,326.69,284.61,l,23.56,Low,793.96,790.59,796.86,817.95,55.55,Medium
17.67918,75.30824,2026-09-02,733,6.74,332.06,286.29,n,25.64,Low,313.85,312.7,312.88,316.19,38.2,Low
30.44718,73.801,2026-09-02,735,2.56,331.74,294.92,n,22.33,Low,1500.4,1499.45,1499.51,1501.92,82.34,High
31.09262,74.68887,2026-09-02,737,3.98,340.43,293.1,n,28.22,Low,1544.98,1543.91,1544.14,1546.37,90.01,High
9.92334,78.1786,2026-09-02,911,8.28,333.46,287.09,n,27.58,Low,818.05,815.93,826.76,829.48,60.48,Medium
11.34867,77.58162,2026-09-02,911,6.73,343.48,291.66,n,31.98,Low,665.96,663.95,676.29,676.66,58.81,Medium
18.5739,72.24182,2026-09-02,913,4.18,327.45,284.0,n,21.16,Low,647.63,646.41,646.58,650.05,47.07,Low
27.85456,72.35793,2026-09-02,915,6.23,335.36,295.85,n,27.09,Low,1293.58,1292.53,1292.59,1295.42,78.83,Medium
27.37742,95.33333,2026-09-02,2000,1.17,296.12,277.24,n,1.5,Low,2040.84,2037.96,2043.99,2063.07,83.36,High
23.75969,86.40069,2026-09-02,2002,1.45,312.71,289.41,n,10.93,Low,1071.51,1069.26,1074.92,1091.49,54.0,Medium
20.94987,86.04974,2026-09-02,2002,1.99,317.46,278.53,n,13.97,Low,875.21,871.58,877.97,899.42,49.21,Low
20.95044,86.04603,2026-09-02,2002,2.41,320.77,277.16,n,16.12,Low,874.89,871.26,877.64,899.1,51.35,Medium
20.96373,86.04834,2026-09-02,2002,0.85,300.88,279.16,n,3.9,Low,875.72,872.1,878.48,899.92,39.16,Low
20.97057,86.0037,2026-09-02,2002,1.07,307.75,279.33,n,7.89,Low,871.83,868.22,874.6,896.02,43.0,Low
20.97389,86.00428,2026-09-02,2002,0.75,303.42,279.75,n,5.24,Low,872.04,868.43,874.81,896.23,40.36,Low
22.24434,87.38933,2026-09-02,2002,1.69,307.58,284.82,n,8.26,Low,1063.31,1060.03,1066.26,1087.07,51.03,Medium
23.69712,85.35915,2026-09-02,2002,0.72,298.21,282.2,n,2.32,Low,986.67,984.77,990.22,1005.24,41.99,Low
23.66686,86.09244,2026-09-02,2002,2.0,303.59,287.9,n,6.27,Low,1040.67,1038.49,1044.11,1060.41,48.11,Low
23.76929,86.01326,2026-09-02,2002,1.06,303.69,289.14,n,5.62,Low,1041.8,1039.7,1045.27,1061.23,47.5,Low
23.77496,85.99825,2026-09-02,2002,0.93,304.92,289.68,n,6.21,Low,1041.05,1038.95,1044.51,1060.45,48.06,Low
23.77554,85.99434,2026-09-02,2002,0.93,303.22,289.35,n,5.26,Low,1040.79,1038.69,1044.25,1060.18,47.1,Low
23.75301,86.3995,2026-09-02,2002,1.79,306.1,290.05,n,7.51,Low,1070.95,1068.7,1074.36,1090.95,50.56,Medium
23.75577,86.40394,2026-09-02,2002,1.05,306.39,289.59,n,7.12,Low,1071.49,1069.24,1074.9,1091.49,50.19,Medium
23.75693,86.39625,2026-09-02,2002,1.45,306.5,290.21,n,7.48,Low,1070.96,1068.72,1074.38,1090.95,50.53,Medium
23.75911,86.40453,2026-09-02,2002,1.05,307.12,288.73,n,7.52,Low,1071.77,1069.52,1075.18,1091.76,50.6,Medium
23.80136,86.32924,2026-09-02,2002,0.85,302.76,288.9,n,4.95,Low,1068.78,1066.57,1072.2,1088.59,47.91,Low
23.80471,86.32983,2026-09-02,2002,0.85,311.61,289.63,n,9.87,Low,1069.06,1066.86,1072.49,1088.87,52.84,Medium
23.80529,86.32597,2026-09-02,2002,0.85,299.68,288.61,n,3.24,Low,1068.8,1066.59,1072.22,1088.6,46.2,Low
23.76244,86.40514,2026-09-02,2002,1.07,302.54,288.11,n,4.99,Low,1072.05,1069.8,1075.46,1092.04,48.08,Low
23.78102,86.37297,2026-09-02,2002,1.41,301.83,289.08,n,4.85,Low,1070.8,1068.57,1074.22,1090.71,47.89,Low
23.7787,86.38834,2026-09-02,2002,1.75,311.58,289.49,n,10.52,Low,1071.86,1069.62,1075.27,1091.79,53.61,Medium
23.77812,86.39218,2026-09-02,2002,1.06,303.48,289.43,n,5.51,Low,1072.12,1069.88,1075.53,1092.06,48.61,Low
23.77536,86.38774,2026-09-02,2002,2.1,305.74,289.53,n,7.54,Low,1071.57,1069.34,1074.99,1091.51,50.61,Medium
23.76637,86.40189,2026-09-02,2002,0.98,301.52,288.02,n,4.36,Low,1072.07,1069.82,1075.48,1092.04,47.45,Low
23.7665,86.37826,2026-09-02,2002,1.13,303.1,288.33,n,5.35,Low,1070.21,1067.97,1073.62,1090.15,48.37,Low
23.76419,86.39362,2026-09-02,2002,1.77,305.69,289.46,n,7.27,Low,1071.26,1069.02,1074.67,1091.23,50.33,Medium
23.76303,86.40129,2026-09-02,2002,0.98,306.39,288.44,n,7.06,Low,1071.79,1069.54,1075.2,1091.77,50.14,Medium
20.94712,86.04544,2026-09-02,2002,2.41,299.71,275.89,n,4.42,Low,874.68,871.05,877.43,898.89,39.64,Low
20.94769,86.04173,2026-09-02,2002,2.41,329.92,276.62,n,21.21,Low,874.36,870.72,877.11,898.56,56.42,Medium
15.17838,76.65782,2026-09-02,2004,1.94,304.14,284.25,n,6.53,Low,301.19,300.02,307.05,306.6,18.68,Low
15.17876,76.65467,2026-09-02,2004,1.51,303.64,283.83,n,5.93,Low,301.37,300.2,307.21,306.76,18.09,Low
15.18241,76.66785,2026-09-02,2004,2.21,303.1,283.02,n,6.16,Low,300.18,299.0,306.07,305.6,18.27,Low
15.17321,76.65722,2026-09-02,2004,1.52,298.31,283.72,n,2.98,Low,301.68,300.51,307.56,307.1,15.15,Low
15.16884,76.38137,2026-09-02,2004,1.08,303.55,285.17,n,5.56,Low,321.14,320.1,325.72,325.66,18.49,Low
21.16249,72.6673,2026-09-02,2004,1.98,304.69,284.74,n,6.87,Low,711.95,710.68,710.81,714.34,35.35,Low
15.17359,76.65408,2026-09-02,2004,1.23,300.96,281.77,n,4.23,Low,301.86,300.68,307.72,307.26,16.41,Low
15.78634,80.24809,2026-09-02,2004,1.63,304.51,283.42,n,6.51,Low,243.97,245.22,253.06,271.75,16.65,Low
18.68321,73.04121,2026-09-02,2004,3.91,301.76,283.02,n,6.69,Low,566.99,565.76,565.93,569.43,29.37,Low
18.68376,73.03494,2026-09-02,2004,2.69,307.43,282.78,n,8.92,Low,567.65,566.42,566.59,570.08,31.63,Low
18.6843,73.02866,2026-09-02,2004,2.69,303.48,282.8,n,6.73,Low,568.31,567.08,567.25,570.75,29.46,Low
17.60491,83.19991,2026-09-02,2004,1.14,295.25,268.04,n,0.99,Low,489.2,486.86,493.1,515.89,20.84,Low
17.60785,83.20464,2026-09-02,2004,0.8200000000000001,298.93,270.69,n,2.8,Low,489.72,487.37,493.61,516.4,22.67,Low
17.61139,83.20518,2026-09-02,2004,1.06,299.79,271.87,n,3.46,Low,489.8,487.43,493.68,516.47,23.33,Low
21.1658,72.66228,2026-09-02,2004,1.54,301.64,284.7,n,4.84,Low,712.58,711.32,711.45,714.97,33.34,Low
7.76356,80.32153,2026-09-02,2006,1.7000000000000002,306.91,292.35,n,7.89,Low,1073.02,1074.21,1081.77,1089.47,51.07,Medium
9.56267,77.52,2026-09-02,2006,2.11,312.46,278.52,n,11.28,Low,862.9,860.86,872.86,873.75,45.98,Low
11.17563,79.08776,2026-09-02,2006,0.63,304.65,286.18,n,5.83,Low,681.28,680.93,689.65,695.39,33.3,Low
11.59482,77.264,2026-09-02,2006,1.73,308.29,271.1,n,8.68,Low,644.62,642.67,655.79,654.85,34.66,Low
11.59569,77.25757,2026-09-02,2006,1.73,301.79,268.93,n,5.07,Low,644.66,642.71,655.84,654.88,31.05,Low
11.80807,77.92142,2026-09-02,2006,2.3,313.58,284.21,n,12.05,Low,611.43,609.36,621.04,622.49,36.69,Low
12.84852,79.90374,2026-09-02,2006,4.0,334.6,288.54,n,25.0,Low,513.65,514.88,522.7,532.7,45.84,Low
12.85253,79.90434,2026-09-02,2006,5.36,343.13,289.45,n,30.76,Low,513.24,514.47,522.29,532.3,51.58,Medium
13.09088,79.98233,2026-09-02,2006,0.52,304.44,285.15,n,5.63,Low,490.37,491.61,499.5,510.14,25.55,Low
7.47998,81.08479,2026-09-02,2006,2.11,311.65,296.02,n,10.83,Low,1120.94,1122.16,1129.9,1139.03,55.95,Medium
7.5548,81.30308,2026-09-02,2006,3.47,323.29,293.48,n,18.32,Low,1118.88,1120.11,1127.91,1137.49,63.36,Medium
7.55889,81.2997,2026-09-02,2006,1.3,309.37,293.76,n,8.96,Low,1118.35,1119.58,1127.37,1136.95,53.98,Medium
7.96894,79.79425,2026-09-02,2006,3.02,308.78,293.45,n,9.92,Low,1042.0,1042.54,1050.57,1057.19,51.84,Medium
7.97252,80.73882,2026-09-02,2006,2.91,321.51,293.5,n,16.91,Low,1059.24,1060.45,1068.14,1076.81,59.56,Medium
8.08357,80.79222,2026-09-02,2006,6.49,328.17,294.23,n,23.3,Low,1048.55,1049.76,1057.47,1066.31,65.52,Medium
8.08421,80.78805,2026-09-02,2006,6.49,330.49,295.53,n,24.58,Low,1048.38,1049.59,1057.3,1066.13,66.79,Medium
8.01085,81.28994,2026-09-02,2006,1.23,306.92,294.86,n,7.54,Low,1069.84,1071.07,1078.89,1088.71,50.63,Medium
8.35069,80.99633,2026-09-02,2006,0.44,308.39,293.57,n,7.77,Low,1025.16,1026.38,1034.16,1043.57,49.06,Low
9.55174,77.51925,2026-09-02,2006,0.75,300.72,280.12,n,3.74,Low,864.11,862.07,874.07,874.96,38.49,Low
9.55481,77.51051,2026-09-02,2006,0.75,305.7,277.36,n,6.51,Low,863.88,861.84,873.85,874.72,41.25,Low
9.55315,77.52262,2026-09-02,2006,2.59,321.0,280.86,n,16.39,Low,863.92,861.87,873.87,874.77,51.13,Medium
9.55874,77.51527,2026-09-02,2006,2.55,299.36,278.95,n,4.33,Low,863.39,861.35,873.36,874.24,39.05,Low
9.55933,77.5109,2026-09-02,2006,0.75,299.08,278.15,n,2.83,Low,863.38,861.34,873.35,874.22,37.55,Low
9.56071,77.53418,2026-09-02,2006,2.32,314.02,281.53,n,12.31,Low,862.95,860.9,872.88,873.81,47.02,Low
6.35938,80.89688,2026-09-02,2008,1.33,309.14,291.83,n,8.85,Low,1237.4,1238.6,1246.25,1254.52,58.62,Medium
6.60946,81.25787,2026-09-02,2008,4.13,336.98,294.0,n,26.42,Low,1219.01,1220.23,1227.96,1237.0,75.46,Medium
6.73874,80.70068,2026-09-02,2008,0.37,300.53,289.69,n,3.35,Low,1192.04,1193.24,1200.85,1208.91,51.3,Medium
6.7725100000000005,80.99814,2026-09-02,2008,1.18,303.55,289.94,n,5.64,Low,1195.01,1196.22,1203.9,1212.53,53.72,Medium
6.85798,80.95795,2026-09-02,2008,0.78,299.78,289.29,n,3.24,Low,1184.82,1186.03,1193.72,1202.31,50.91,Medium
6.79936,81.55991,2026-09-02,2008,0.61,306.69,293.68,n,6.95,Low,1206.93,1208.16,1215.97,1225.63,55.52,Medium
6.97714,80.86381,2026-09-02,2008,0.61,302.77,288.28,n,4.77,Low,1169.76,1170.96,1178.63,1187.09,51.83,Medium
6.3556,80.89746,2026-09-02,2008,2.06,304.67,291.74,n,6.92,Low,1237.82,1239.02,1246.67,1254.94,56.7,Medium
6.35586,80.89634,2026-09-02,2008,1.69,309.53,291.65,n,9.34,Low,1237.77,1238.97,1246.61,1254.89,59.12,Medium
35.70838,73.66257,2026-09-02,2140,0.87,297.97,283.17,n,2.3,Low,2064.75,2063.65,2063.93,2066.1,84.88,High
33.29733,71.18526,2026-09-02,2140,0.66,306.32,293.15,n,6.78,Low,1884.69,1883.72,1883.76,1886.34,82.17,High
33.29454,71.18691,2026-09-02,2140,1.12,307.08,292.93,n,7.55,Low,1884.34,1883.37,1883.41,1886.0,82.92,High
31.3686,76.35826,2026-09-02,2140,0.62,302.36,289.07,n,4.55,Low,1544.74,1543.51,1544.01,1545.92,66.33,Medium
27.28717,73.83898,2026-09-02,2142,0.55,303.91,290.51,n,5.36,Low,1172.06,1171.07,1171.12,1173.76,52.24,Medium
25.38928,68.58535,2026-09-02,2142,1.52,314.02,294.4,n,11.71,Low,1326.73,1325.49,1325.61,1329.03,64.78,Medium
25.38768,68.58337,2026-09-02,2142,2.03,321.46,294.84,n,16.22,Low,1326.77,1325.54,1325.65,1329.07,69.29,Medium
24.82198,73.09294,2026-09-02,2142,0.64,304.11,290.78,n,5.54,Low,969.08,967.96,968.04,971.08,44.3,Low
28.42361,69.70264,2026-09-02,2142,1.7000000000000002,310.88,296.15,n,10.1,Low,1490.48,1489.34,1489.42,1492.52,69.72,Medium
21.1071,72.64617,2026-09-02,2144,7.05,347.86,288.32,n,34.65,Low,710.43,709.16,709.3,712.82,63.07,Medium
21.10903,72.63763,2026-09-02,2144,2.25,307.73,288.01,n,8.76,Low,711.29,710.02,710.16,713.69,37.21,Low
21.10334,72.63613,2026-09-02,2144,2.34,318.44,287.95,n,14.78,Low,711.08,709.81,709.95,713.48,43.22,Low
21.10142,72.64466,2026-09-02,2144,2.25,307.16,287.46,n,8.44,Low,710.22,708.95,709.09,712.62,36.85,Low
8.94969,80.79314,2026-09-03,712,11.49,336.01,288.87,n,31.4,Low,955.44,956.66,964.42,973.74,69.9,Medium
6.82737,81.47894,2026-09-03,712,4.66,330.42,291.07,n,23.17,Low,1201.62,1202.85,1210.64,1220.17,71.52,Medium
6.8226,81.4782,2026-09-03,712,8.35,340.95,291.99,n,31.79,Low,1202.11,1203.33,1211.13,1220.66,80.16,High
8.94729,80.78709,2026-09-03,712,6.04,333.81,288.83,n,26.09,Low,955.53,956.75,964.52,973.82,64.6,Medium
28.4979,97.02413,2026-09-03,716,6.62,337.33,292.52,n,28.48,Low,2246.54,2243.73,2249.72,2268.48,118.56,High
27.99035,95.94063,2026-09-03,716,6.05,340.52,294.12,n,29.83,Low,2126.27,2123.47,2129.46,2148.2,115.1,High
27.98586,95.93726,2026-09-03,716,5.03,334.3,295.68,n,25.61,Low,2125.74,2122.94,2128.92,2147.67,110.86,High
26.80206,90.32026,2026-09-03,716,4.05,331.09,295.86,n,23.09,Low,1590.21,1588.03,1593.65,1609.8,86.91,High
27.37946,95.33263,2026-09-03,716,1.57,333.29,293.87,n,22.45,Low,2040.89,2038.01,2044.04,2063.12,104.31,High
26.88079,92.32764,2026-09-03,716,6.54,335.88,295.78,n,27.62,Low,1757.34,1754.78,1760.63,1778.39,98.13,High
26.52341,90.53152,2026-09-03,716,3.17,337.85,295.1,n,26.18,Low,1588.22,1585.9,1591.6,1608.35,89.92,High
27.44875,97.90619,2026-09-03,716,2.94,335.84,292.37,n,24.89,Low,2271.26,2268.1,2274.27,2294.49,115.97,High
23.80334,86.3283,2026-09-03,716,4.25,329.9,292.97,n,22.58,Low,1068.84,1066.64,1072.27,1088.65,65.54,Medium
28.181,95.66731,2026-09-03,716,5.65,333.32,294.3,n,25.53,Low,2113.53,2110.82,2116.76,2135.14,110.29,High
37.98243,94.34124,2026-09-03,720,2.46,340.44,309.68,n,27.09,Low,2743.63,2742.78,2746.35,2755.82,136.98,Critical
7.55712,80.94936,2026-09-03,852,4.55,331.3,294.15,n,23.58,Low,1109.18,1110.39,1118.11,1127.01,68.23,Medium
7.72298,81.26734,2026-09-03,852,5.61,336.62,293.0,n,27.33,Low,1099.89,1101.12,1108.92,1118.53,71.61,Medium
7.55661,80.95155,2026-09-03,852,5.75,334.53,294.03,n,26.27,Low,1109.29,1110.5,1118.22,1127.12,70.92,Medium
7.52924,81.65376,2026-09-03,852,4.86,337.63,292.58,n,27.33,Low,1132.17,1133.41,1141.28,1151.5,72.91,Medium
7.36605,81.10909,2026-09-03,852,4.69,331.16,296.35,n,23.61,Low,1133.82,1135.03,1142.78,1151.89,69.25,Medium
7.36618,81.10924,2026-09-03,852,4.5,330.55,296.75,n,23.13,Low,1133.81,1135.02,1142.77,1151.88,68.76,Medium
7.32894,81.20289,2026-09-03,852,9.62,339.3,297.37,n,31.83,Low,1140.29,1141.51,1149.27,1158.55,77.73,Medium
7.36543,81.77074,2026-09-03,852,4.8100000000000005,334.51,292.3,n,25.56,Low,1153.26,1154.5,1162.38,1172.73,71.99,Medium
7.22432,80.83115,2026-09-03,852,3.97,333.28,291.1,n,24.24,Low,1142.27,1143.48,1151.15,1159.65,70.21,Medium
7.22182,80.83134,2026-09-03,852,4.3,334.52,291.89,n,25.18,Low,1142.54,1143.75,1151.42,1159.93,71.16,Medium
7.13617,80.9217,2026-09-03,852,10.53,341.43,293.8,n,33.69,Low,1153.91,1155.12,1162.81,1171.46,80.12,High
6.82773,81.55322,2026-09-03,852,4.08,330.62,291.54,n,22.85,Low,1203.71,1204.94,1212.75,1222.41,71.29,Medium
6.82839,81.55818,2026-09-03,852,4.08,337.28,291.68,n,26.55,Low,1203.78,1205.01,1212.82,1222.5,74.99,Medium
6.74363,81.52365,2026-09-03,852,4.18,330.37,293.86,n,22.79,Low,1211.84,1213.07,1220.87,1230.44,71.55,Medium
6.44193,81.0908,2026-09-03,852,6.84,348.26,291.57,n,34.72,Low,1232.91,1234.12,1241.82,1250.48,84.31,High
11.5078,79.52651,2026-09-03,852,4.34,346.56,294.32,n,31.9,Low,650.21,651.38,658.88,666.29,58.17,Medium
11.50817,79.52599,2026-09-03,852,2.7,344.98,294.04,n,29.79,Low,650.16,651.33,658.83,666.24,56.06,Medium
10.9525,78.43614,2026-09-03,852,2.9,334.3,273.55,n,24.01,Low,703.86,701.71,712.04,715.52,52.34,Medium
10.23653,79.19613,2026-09-03,852,11.42,367.0,294.56,h,48.57,Medium,785.76,785.48,794.15,799.94,80.22,High
9.40996,78.80921,2026-09-03,852,0.73,341.22,292.88,n,26.23,Low,874.84,873.38,882.98,887.49,61.42,Medium
7.75647,81.23419,2026-09-03,852,4.19,331.0,293.04,n,23.14,Low,1095.37,1096.6,1104.4,1113.95,67.24,Medium
7.92578,81.39906,2026-09-03,852,7.19,335.63,293.08,n,27.96,Low,1082.17,1083.4,1091.24,1101.22,71.54,Medium
7.9395,81.25786,2026-09-03,852,3.46,336.74,293.41,n,25.78,Low,1076.51,1077.74,1085.55,1095.25,69.13,Medium
9.39609,80.43563,2026-09-03,852,6.93,331.09,292.43,n,25.25,Low,898.31,899.52,907.21,915.96,61.46,Medium
9.3942,80.43369,2026-09-03,852,7.95,335.74,292.71,n,28.6,Low,898.46,899.68,907.37,916.11,64.82,Medium
8.99572,78.11298,2026-09-03,852,1.58,337.77,296.58,n,24.95,Low,920.82,918.71,929.59,932.23,61.96,Medium
8.99612,78.11604,2026-09-03,852,1.58,340.09,296.73,n,26.23,Low,920.77,918.65,929.53,932.17,63.24,Medium
9.20827,80.67661,2026-09-03,852,6.18,333.84,292.0,n,26.21,Low,924.59,925.81,933.56,942.77,63.48,Medium
8.86421,78.08301,2026-09-03,852,2.55,337.52,296.67,n,25.53,Low,935.48,933.36,944.29,946.86,63.13,Medium
8.86688,78.08226,2026-09-03,852,1.34,334.12,296.85,n,22.74,Low,935.18,933.07,944.0,946.56,60.33,Medium
9.09281,79.79891,2026-09-03,852,4.75,331.83,291.7,n,24.02,Low,918.83,919.74,927.46,934.49,61.03,Medium
8.05081,81.30357,2026-09-03,852,7.7,337.97,293.14,n,29.65,Low,1065.99,1067.22,1075.05,1084.91,72.58,Medium
9.2081,80.67667,2026-09-03,852,4.85,332.64,292.05,n,24.55,Low,924.61,925.83,933.58,942.79,61.82,Medium
8.81097,78.0528,2026-09-03,852,0.97,333.07,298.05,n,21.88,Low,941.49,939.38,950.35,952.85,59.72,Medium
8.8697,80.70795,2026-09-03,852,2.61,331.08,289.83,n,22.0,Low,961.78,963.0,970.74,979.82,60.75,Medium
8.82872,80.53358,2026-09-03,852,7.51,335.37,291.51,n,28.06,Low,961.9,963.11,970.8,979.46,66.81,Medium
8.65861,80.50542,2026-09-03,852,11.33,356.68,293.32,n,42.76,Medium,979.64,980.85,988.51,997.02,82.22,High
8.62868,80.4115,2026-09-03,852,4.52,334.84,293.13,n,25.52,Low,980.79,981.99,989.63,997.91,65.02,Medium
8.62922,80.41586,2026-09-03,852,4.52,339.61,293.02,n,28.17,Low,980.83,982.03,989.67,997.96,67.67,Medium
8.66189,80.50454,2026-09-03,852,5.5600000000000005,333.14,291.88,n,25.36,Low,979.27,980.47,988.14,996.65,64.81,Medium
8.6559,80.50523,2026-09-03,852,8.48,349.78,293.52,n,36.79,Low,979.93,981.14,988.8,997.31,76.26,Medium
8.63185,80.41512,2026-09-03,852,7.79,342.85,291.81,n,32.43,Low,980.53,981.73,989.37,997.66,71.92,Medium
8.60062,80.454,2026-09-03,852,2.76,335.49,290.31,n,24.56,Low,984.76,985.97,993.62,1001.98,64.22,Medium
8.60401,80.48016,2026-09-03,852,6.33,334.16,292.18,n,26.5,Low,984.98,986.18,993.84,1002.26,66.17,Medium
8.60457,80.48453,2026-09-03,852,5.78,331.25,291.37,n,24.47,Low,985.02,986.22,993.88,1002.31,64.14,Medium
8.55929,80.3675,2026-09-03,852,17.44,367.0,294.02,h,53.08,Medium,987.38,988.58,996.2,1004.35,92.85,High
8.56422,80.79527,2026-09-03,852,3.8,332.99,291.38,n,23.96,Low,996.88,998.1,1005.84,1014.94,64.12,Medium
8.564,80.79541,2026-09-03,852,6.69,333.78,291.79,n,26.56,Low,996.91,998.13,1005.87,1014.97,66.72,Medium
8.39178,80.16251,2026-09-03,852,46.39,340.35,295.25,n,59.99,Medium,1001.58,1002.76,1010.31,1017.92,100.32,High
8.3923,80.16667,2026-09-03,852,41.89,351.18,292.93,n,62.63,Medium,1001.6,1002.78,1010.33,1017.95,102.96,High
8.43132,80.52473,2026-09-03,852,7.77,346.03,292.96,n,34.18,Low,1004.68,1005.88,1013.54,1021.98,74.64,Medium
8.39199,80.16026,2026-09-03,852,23.58,334.57,292.82,n,39.67,Low,1001.51,1002.7,1010.24,1017.85,79.99,Medium
8.39254,80.16441,2026-09-03,852,62.8,367.0,296.13,h,87.1,High,1001.53,1002.72,1010.26,1017.87,127.42,Critical
8.4287,80.5266,2026-09-03,852,6.28,330.2,292.89,n,24.27,Low,1005.0,1006.21,1013.87,1022.31,64.74,Medium
8.4028,80.65507,2026-09-03,852,5.58,332.44,293.37,n,24.99,Low,1010.79,1012.0,1019.69,1028.4,65.7,Medium
8.28842,80.23164,2026-09-03,852,7.83,331.07,293.27,n,25.91,Low,1014.13,1015.32,1022.88,1030.6,66.74,Medium
8.284,80.23323,2026-09-03,852,8.64,330.92,292.92,n,26.44,Low,1014.64,1015.83,1023.39,1031.11,67.29,Medium
8.21999,80.57515,2026-09-03,852,1.81,330.34,292.01,n,20.99,Low,1028.69,1029.9,1037.56,1046.0,62.41,Medium
8.20337,80.99162,2026-09-03,852,5.13,336.41,292.96,n,26.85,Low,1040.82,1042.04,1049.81,1059.12,68.77,Medium
8.20065,81.06894,2026-09-03,852,3.11,330.69,292.24,n,22.16,Low,1043.23,1044.45,1052.24,1061.71,64.18,Medium
8.20392,80.99172,2026-09-03,852,6.22,332.07,292.88,n,25.26,Low,1040.76,1041.98,1049.75,1059.07,67.18,Medium
8.1625,81.34946,2026-09-03,852,19.64,367.0,293.1,h,54.73,Medium,1055.5,1056.73,1064.58,1074.6,97.24,High
8.05333,80.59547,2026-09-03,852,3.63,333.4,293.4,n,24.06,Low,1047.19,1048.4,1056.05,1064.46,66.22,Medium
8.14806,81.33616,2026-09-03,852,11.6,367.0,293.0,h,48.7,Medium,1056.63,1057.86,1065.7,1075.69,91.26,High
8.05642,81.2979,2026-09-03,852,6.6,338.69,293.12,n,29.22,Low,1065.22,1066.46,1074.28,1084.14,72.12,Medium
8.05706,81.30285,2026-09-03,852,6.6,344.06,292.73,n,32.21,Low,1065.3,1066.54,1074.36,1084.23,75.11,Medium
21.10661,72.64839,2026-09-03,856,4.4,332.65,296.01,n,24.22,Low,710.21,708.94,709.07,712.6,52.63,Medium
22.4173,69.04085,2026-09-03,856,5.33,340.77,302.56,n,29.43,Low,1105.84,1104.57,1104.71,1108.27,73.66,Medium
22.92752,70.11013,2026-09-03,856,3.07,330.19,293.5,n,21.85,Low,1039.95,1038.68,1038.81,1042.32,63.45,Medium
18.56307,74.36423,2026-09-03,856,7.46,332.55,297.39,n,26.46,Low,428.11,426.87,427.03,430.56,43.59,Low
22.93244,69.69634,2026-09-03,856,4.13,330.89,302.24,l,23.04,Low,1075.89,1074.62,1074.75,1078.28,66.08,Medium
18.51911,74.35187,2026-09-03,856,4.86,330.29,296.04,n,23.25,Low,428.15,426.91,427.08,430.6,40.38,Low
18.69169,73.04173,2026-09-03,856,5.14,334.81,295.45,n,25.97,Low,567.13,565.9,566.07,569.57,48.66,Low
18.51854,74.3471,2026-09-03,856,4.86,334.46,296.41,n,25.57,Low,428.62,427.39,427.55,431.07,42.72,Low
25.3869,68.5815,2026-09-03,858,2.61,331.52,304.2,l,22.25,Low,1326.87,1325.63,1325.74,1329.16,75.32,Medium
29.88983,73.90404,2026-09-03,858,1.81,333.23,296.63,n,22.6,Low,1438.7,1437.76,1437.81,1440.24,80.15,High
35.99179,94.82908,2026-09-03,1940,0.74,299.89,280.74,n,3.27,Low,2603.45,2602.31,2607.01,2617.48,107.57,High
32.51342,82.42087,2026-09-03,1940,0.12,311.6,277.11,n,9.31,Low,1705.82,1706.54,1707.57,1711.83,77.63,Medium
37.34675,97.40954,2026-09-03,1940,0.8,298.59,283.38,n,2.59,Low,2871.53,2870.28,2875.32,2886.17,117.62,High
26.75918,83.19909,2026-09-03,1942,1.16,306.85,285.78,n,7.45,Low,1131.83,1131.83,1133.44,1141.22,52.83,Medium
23.75436,85.85263,2026-09-03,1945,1.3,310.98,284.88,n,9.85,Low,1028.32,1026.27,1031.81,1047.55,51.19,Medium
23.75731,85.85121,2026-09-03,1945,1.56,303.97,284.59,n,6.15,Low,1028.43,1026.38,1031.91,1047.64,47.49,Low
23.75678,85.85565,2026-09-03,1945,1.56,310.42,285.22,n,9.74,Low,1028.73,1026.68,1032.21,1047.95,51.1,Medium
23.78801,85.55334,2026-09-03,1945,0.87,308.69,282.0,n,8.26,Low,1008.05,1006.13,1011.58,1026.75,48.79,Low
23.63301,86.83422,2026-09-03,1945,0.84,306.94,288.53,n,7.26,Low,1097.82,1095.37,1101.15,1118.58,51.39,Medium
23.61394,86.78859,2026-09-03,1945,1.7000000000000002,309.63,289.21,n,9.4,Low,1092.83,1090.38,1096.16,1113.57,53.33,Medium
23.56118,87.08237,2026-09-03,1945,2.48,307.04,282.82,n,8.55,Low,1113.58,1111.01,1116.86,1134.75,53.31,Medium
23.58044,86.72423,2026-09-03,1945,1.24,309.01,288.21,n,8.71,Low,1085.35,1082.91,1088.68,1106.07,52.34,Medium
23.7255,86.43961,2026-09-03,1945,2.79,312.66,287.88,n,11.9,Low,1072.23,1069.95,1075.63,1092.33,55.0,Medium
23.66999,86.93584,2026-09-03,1945,0.5,305.31,286.93,n,6.1,Low,1108.58,1106.12,1111.91,1129.4,50.66,Medium
23.73892,86.43327,2026-09-03,1945,4.27,332.15,289.42,n,23.84,Low,1072.65,1070.38,1076.06,1092.72,66.96,Medium
23.66326,87.15506,2026-09-03,1945,2.72,315.58,286.04,n,13.47,Low,1126.2,1123.66,1129.49,1147.28,58.74,Medium
23.75333,86.41881,2026-09-03,1945,2.21,306.57,285.49,n,8.09,Low,1072.5,1070.25,1075.91,1092.53,51.2,Medium
23.77853,86.20712,2026-09-03,1945,1.4,305.87,284.37,n,7.09,Low,1057.57,1055.4,1061.01,1077.26,49.6,Low
23.75945,86.403,2026-09-03,1945,1.9,311.53,281.99,n,10.61,Low,1071.68,1069.43,1075.09,1091.66,53.69,Medium
23.75995,86.39886,2026-09-03,1945,1.13,303.16,278.33,n,5.38,Low,1071.38,1069.13,1074.79,1091.36,48.45,Low
23.76361,86.40362,2026-09-03,1945,1.9,319.57,279.65,n,15.07,Low,1072.01,1069.77,1075.43,1092.0,58.16,Medium
23.76411,86.39948,2026-09-03,1945,1.13,301.48,276.62,n,4.45,Low,1071.72,1069.47,1075.13,1091.7,47.53,Low
23.76827,86.40009,2026-09-03,1945,1.42,301.49,276.21,n,4.67,Low,1072.06,1069.81,1075.47,1092.03,47.76,Low
23.77272,86.36308,2026-09-03,1945,1.88,311.0,279.79,n,10.3,Low,1069.44,1067.21,1072.86,1089.35,53.29,Medium
23.76777,86.40421,2026-09-03,1945,2.0,320.79,277.99,n,15.83,Low,1072.35,1070.1,1075.76,1092.33,58.94,Medium
23.68263,87.12968,2026-09-03,1945,1.02,304.46,286.13,n,6.02,Low,1125.36,1122.83,1128.66,1146.37,51.25,Medium
23.7769,86.36366,2026-09-03,1945,1.88,309.48,278.5,n,9.45,Low,1069.78,1067.55,1073.2,1089.68,52.45,Medium
23.68801,87.11914,2026-09-03,1945,1.93,310.76,285.56,n,10.2,Low,1124.84,1122.32,1128.14,1145.83,55.41,Medium
23.77807,86.38908,2026-09-03,1945,1.38,317.93,274.17,n,13.77,Low,1071.87,1069.63,1075.29,1091.81,56.86,Medium
23.79659,86.2353,2026-09-03,1945,0.51,298.0,279.57,n,2.05,Low,1061.06,1058.89,1064.5,1080.75,44.7,Low
23.69199,87.11974,2026-09-03,1945,1.93,307.04,285.93,n,8.14,Low,1125.15,1122.63,1128.45,1146.14,53.36,Medium
23.69338,87.10863,2026-09-03,1945,1.71,305.36,285.59,n,7.04,Low,1124.32,1121.81,1127.63,1145.3,52.23,Medium
23.78174,86.39377,2026-09-03,1945,1.38,300.97,278.02,n,4.35,Low,1072.5,1070.26,1075.91,1092.43,47.46,Low
23.78223,86.3897,2026-09-03,1945,1.38,305.21,275.26,n,6.71,Low,1072.21,1069.98,1075.63,1092.14,49.81,Low
23.79508,86.35372,2026-09-03,1945,0.8300000000000001,302.73,275.18,n,4.92,Low,1070.27,1068.05,1073.69,1090.12,47.94,Low
23.79559,86.34954,2026-09-03,1945,0.8300000000000001,297.82,273.2,n,2.19,Low,1069.97,1067.76,1073.4,1089.82,45.2,Low
23.79976,86.35018,2026-09-03,1945,0.74,300.15,272.56,n,3.42,Low,1070.31,1068.1,1073.74,1090.16,46.44,Low
23.80228,86.32954,2026-09-03,1945,1.77,314.47,273.05,n,12.14,Low,1068.86,1066.66,1072.29,1088.68,55.1,Medium
23.80646,86.33013,2026-09-03,1945,1.77,307.16,276.81,n,8.08,Low,1069.2,1067.0,1072.63,1089.01,51.06,Medium
23.80754,86.32885,2026-09-03,1945,0.61,303.74,279.15,n,5.31,Low,1069.18,1066.98,1072.61,1088.98,48.29,Low
24.11606,86.86103,2026-09-03,1945,2.21,316.46,287.24,n,13.58,Low,1132.76,1130.52,1136.18,1152.71,59.1,Medium
24.11965,86.86556,2026-09-03,1945,0.4,305.15,287.3,n,5.94,Low,1133.37,1131.13,1136.79,1153.32,51.49,Medium
23.73955,85.01097,2026-09-03,1945,1.92,308.09,285.74,n,8.71,Low,964.29,962.52,967.89,982.17,47.48,Low
23.7117,85.28757,2026-09-03,1945,0.73,301.95,284.85,n,4.41,Low,982.45,980.57,986.0,1000.86,43.91,Low
23.73894,85.0092,2026-09-03,1945,1.6800000000000002,308.95,285.68,n,9.01,Low,964.11,962.34,967.71,981.99,47.77,Low
23.69792,85.36774,2026-09-03,1945,0.93,302.62,285.21,n,4.93,Low,987.38,985.47,990.92,1005.95,44.63,Low
23.69777,85.2904,2026-09-03,1945,1.48,303.8,285.73,n,6.0,Low,981.6,979.72,985.15,1000.05,45.47,Low
23.67558,85.32627,2026-09-03,1945,0.87,302.56,285.85,n,4.85,Low,982.59,980.7,986.14,1001.14,44.36,Low
23.64893,85.44199,2026-09-03,1945,1.15,304.53,285.44,n,6.16,Low,989.28,987.34,992.8,1008.07,45.93,Low
23.64945,85.43736,2026-09-03,1945,4.0,328.16,285.76,n,21.42,Low,988.97,987.03,992.49,1007.75,61.18,Medium
23.6091,85.67449,2026-09-03,1945,0.98,308.9,287.95,n,8.46,Low,1004.05,1002.0,1007.54,1023.29,48.83,Low
23.67128,84.99492,2026-09-03,1945,0.81,302.0,285.16,n,4.5,Low,957.82,956.03,961.41,975.81,43.01,Low
23.6662,84.99924,2026-09-03,1945,1.64,305.61,284.33,n,7.12,Low,957.74,955.94,961.33,975.75,45.63,Low
23.72328,86.4226,2026-09-03,1945,2.1,307.96,287.66,n,8.77,Low,1070.72,1068.45,1074.12,1090.8,51.81,Medium
23.71913,86.422,2026-09-03,1945,1.61,311.36,287.6,n,10.3,Low,1070.39,1068.11,1073.79,1090.47,53.33,Medium
23.71672,86.44246,2026-09-03,1945,0.91,305.75,287.65,n,6.65,Low,1071.85,1069.57,1075.25,1091.97,49.74,Low
23.71576,86.45063,2026-09-03,1945,1.59,309.84,288.46,n,9.44,Low,1072.44,1070.15,1075.83,1092.57,52.55,Medium
23.71498,86.42139,2026-09-03,1945,1.61,307.53,287.58,n,8.17,Low,1070.05,1067.78,1073.45,1090.15,51.18,Medium
23.71161,86.45001,2026-09-03,1945,1.59,317.27,288.58,n,13.56,Low,1072.1,1069.81,1075.5,1092.24,56.66,Medium
23.71034,86.42485,2026-09-03,1945,1.8,309.97,285.13,n,9.67,Low,1070.01,1067.73,1073.41,1090.11,52.68,Medium
23.70747,86.44939,2026-09-03,1945,0.94,305.52,288.22,n,6.55,Low,1071.77,1069.48,1075.16,1091.91,49.63,Low
23.75867,85.85327,2026-09-03,1945,1.3,305.82,284.84,n,6.99,Low,1028.69,1026.64,1032.17,1047.9,48.34,Low
23.78732,85.55491,2026-09-03,1945,1.46,301.71,281.18,n,4.82,Low,1008.12,1006.19,1011.65,1026.82,45.35,Low
17.3574,76.87903,2026-09-03,1947,0.63,295.01,274.37,n,0.48,Low,148.09,147.07,147.25,150.25,6.41,Low
7.38557,80.83266,2026-09-03,1947,1.6800000000000002,304.7,289.68,n,6.65,Low,1124.87,1126.08,1133.76,1142.34,51.92,Medium
7.38579,80.83545,2026-09-03,1947,1.2,301.64,289.95,n,4.59,Low,1124.91,1126.12,1133.8,1142.39,49.86,Low
6.81469,81.61859,2026-09-03,1947,2.04,319.84,291.0,n,15.33,Low,1207.01,1208.24,1216.06,1225.84,63.9,Medium
6.81018,81.6179,2026-09-03,1947,2.04,309.69,290.78,n,9.69,Low,1207.47,1208.7,1216.52,1226.3,58.28,Medium
6.83187,81.33813,2026-09-03,1947,2.09,315.79,290.28,n,13.12,Low,1197.24,1198.46,1206.23,1215.51,61.29,Medium
6.96157,79.96043,2026-09-03,1947,0.88,307.13,290.14,n,7.4,Low,1154.83,1155.42,1163.41,1170.08,53.84,Medium
15.02242,78.01557,2026-09-03,1947,2.54,301.82,278.54,n,5.69,Low,256.98,254.99,267.94,267.53,16.16,Low
15.18106,76.67557,2026-09-03,1947,1.25,302.03,278.37,n,4.84,Low,299.79,298.6,305.72,305.24,16.93,Low
15.18172,76.66895,2026-09-03,1947,1.25,299.3,274.25,n,3.33,Low,300.17,298.99,306.07,305.6,15.44,Low
15.18083,76.6638,2026-09-03,1947,2.73,298.03,269.99,n,3.73,Low,300.58,299.41,306.46,306.0,15.85,Low
8.57317,80.40264,2026-09-03,1949,1.6800000000000002,311.9,290.11,n,10.65,Low,986.62,987.82,995.45,1003.69,50.39,Medium
9.54608,77.51984,2026-09-03,1949,1.59,305.2,279.89,n,6.86,Low,864.73,862.68,874.68,875.58,41.64,Low
9.54534,77.51893,2026-09-03,1949,2.19,301.06,279.69,n,5.01,Low,864.82,862.78,874.78,875.67,39.79,Low
22.93135,69.70153,2026-09-03,2123,1.43,306.91,293.25,n,7.69,Low,1075.37,1074.1,1074.24,1077.76,50.7,Medium
22.93212,69.69724,2026-09-03,2123,1.43,321.98,293.81,n,16.06,Low,1075.79,1074.52,1074.65,1078.18,59.09,Medium
22.93487,69.70225,2026-09-03,2123,1.43,311.79,293.42,n,10.4,Low,1075.52,1074.25,1074.38,1077.91,53.42,Medium
22.93564,69.69796,2026-09-03,2123,1.43,316.67,293.47,n,13.11,Low,1075.93,1074.67,1074.8,1078.32,56.15,Medium
22.92733,69.82601,2026-09-03,2123,2.2,305.45,294.43,n,7.46,Low,1064.35,1063.09,1063.22,1066.74,50.03,Medium
22.38261,73.12849,2026-09-03,2123,0.81,303.37,289.72,n,5.26,Low,759.51,758.29,758.4,761.75,35.64,Low
23.4967,68.57797,2026-09-03,2123,1.65,310.58,293.71,n,9.89,Low,1206.11,1204.84,1204.97,1208.5,58.13,Medium
23.12061,70.08583,2026-09-03,2123,3.65,325.11,293.82,n,19.47,Low,1053.97,1052.71,1052.84,1056.34,61.63,Medium
22.33898,69.85583,2026-09-03,2123,2.56,307.29,294.92,n,8.75,Low,1028.02,1026.75,1026.89,1030.44,49.87,Low
22.97782,72.56509,2026-09-03,2123,1.43,308.61,291.96,n,8.63,Low,846.97,845.76,845.86,849.2,42.51,Low
33.90302,71.91702,2026-09-03,2123,3.14,306.15,293.33,n,8.55,Low,1921.07,1920.14,1920.17,1922.64,85.39,High
33.54525,71.54886,2026-09-03,2123,1.19,307.45,294.6,n,7.81,Low,1896.73,1895.77,1895.81,1898.34,83.68,High
33.40643,71.93991,2026-09-03,2123,0.6000000000000001,307.17,294.73,n,7.21,Low,1868.91,1867.97,1868.0,1870.49,81.96,High
33.2953,71.1847,2026-09-03,2123,1.2,313.43,292.61,n,11.14,Low,1884.5,1883.53,1883.57,1886.16,86.52,High
32.72092,72.92194,2026-09-03,2123,1.17,304.86,293.78,n,6.36,Low,1765.95,1765.0,1765.06,1767.47,76.99,Medium
32.88893,71.61838,2026-09-03,2123,2.91,314.87,295.39,n,13.22,Low,1827.06,1826.1,1826.14,1828.7,86.3,High
31.26022,76.92496,2026-09-03,2123,2.04,303.07,288.42,n,6.01,Low,1526.69,1525.42,1526.0,1527.81,67.07,Medium
31.42277,72.99947,2026-09-03,2123,0.81,312.39,295.47,n,10.27,Low,1627.88,1626.95,1626.98,1629.45,75.38,Medium
29.47491,76.86111,2026-09-03,2123,4.53,321.58,291.09,n,18.16,Low,1330.46,1329.21,1329.75,1331.61,71.37,Medium
29.47618,76.85554,2026-09-03,2123,4.41,311.96,290.99,n,12.73,Low,1330.66,1329.42,1329.95,1331.82,65.95,Medium
29.4779,76.85962,2026-09-03,2123,5.5,322.24,291.14,n,19.26,Low,1330.81,1329.56,1330.09,1331.96,72.48,Medium
29.47329,76.85825,2026-09-03,2123,5.35,320.78,290.76,n,18.33,Low,1330.32,1329.07,1329.6,1331.47,71.53,Medium
28.42567,69.70049,2026-09-03,2123,1.59,319.9,297.79,n,15.03,Low,1490.79,1489.65,1489.73,1492.83,74.66,Medium
24.68892,73.00289,2026-09-03,2123,2.05,302.62,286.47,n,5.77,Low,962.25,961.12,961.2,964.27,44.26,Low
20.35693,72.94828,2026-09-03,2125,1.12,312.62,283.84,n,10.63,Low,641.0,639.73,639.87,643.43,36.27,Low
20.35351,72.95026,2026-09-03,2125,0.44,295.9,283.56,n,0.83,Low,640.64,639.37,639.51,643.07,26.46,Low
15.19921,76.37984,2026-09-03,2125,1.48,298.37,276.11,n,2.98,Low,318.76,317.74,323.22,323.2,15.81,Low
19.67624,71.67017,2026-09-03,2125,2.7,324.65,288.96,n,18.5,Low,734.93,733.68,733.83,737.39,47.9,Low
18.68717,73.03136,2026-09-03,2125,3.48,303.75,286.82,n,7.47,Low,568.1,566.87,567.03,570.53,30.2,Low
18.68517,73.04121,2026-09-03,2125,2.63,303.66,286.86,n,6.78,Low,567.03,565.81,565.97,569.47,29.46,Low
18.69051,73.04059,2026-09-03,2125,2.42,303.23,286.61,n,6.39,Low,567.22,565.99,566.16,569.66,29.08,Low
18.68594,73.03958,2026-09-03,2125,1.63,303.16,286.88,n,5.76,Low,567.22,565.99,566.16,569.66,28.45,Low
18.68331,73.0287,2026-09-03,2125,2.72,301.11,286.49,n,5.43,Low,568.28,567.05,567.22,570.72,28.16,Low
18.68235,73.03365,2026-09-03,2125,1.63,304.96,286.6,n,6.76,Low,567.75,566.52,566.69,570.18,29.47,Low
18.68138,73.03857,2026-09-03,2125,1.63,306.06,286.54,n,7.37,Low,567.22,565.99,566.16,569.65,30.06,Low
15.18179,76.66799,2026-09-03,2125,2.6,306.52,281.19,n,8.35,Low,300.22,299.04,306.12,305.65,20.46,Low
21.10058,72.63622,2026-09-03,2125,1.6,307.03,290.82,n,7.88,Low,710.91,709.64,709.77,713.3,36.32,Low
21.10314,72.64573,2026-09-03,2125,2.61,307.67,291.0,n,9.0,Low,710.23,708.96,709.1,712.62,37.41,Low
21.10483,72.63718,2026-09-03,2125,1.6,307.78,291.05,n,8.3,Low,711.08,709.81,709.94,713.47,36.74,Low
21.10739,72.64669,2026-09-03,2125,7.81,342.3,292.6,n,32.14,Low,710.4,709.14,709.27,712.8,60.56,Medium
21.1644,72.67298,2026-09-03,2125,4.37,336.65,291.46,n,26.42,Low,711.57,710.31,710.44,713.96,54.88,Medium
21.16523,72.66869,2026-09-03,2125,4.37,321.34,291.15,n,17.91,Low,711.99,710.73,710.86,714.38,46.39,Low
21.16286,72.67182,2026-09-03,2125,4.97,331.87,291.11,n,24.21,Low,711.58,710.31,710.44,713.97,52.67,Medium
21.16711,72.67277,2026-09-03,2125,7.63,339.36,291.7,n,30.37,Low,711.76,710.49,710.62,714.14,58.84,Medium
16.18728,78.91104,2026-09-03,2125,6.01,307.9,282.64,n,11.67,Low,129.09,130.31,138.11,149.03,17.14,Low
16.18613,78.91606,2026-09-03,2125,3.56,303.5,282.21,n,7.39,Low,129.35,130.57,138.38,149.36,12.87,Low
15.17637,77.09987,2026-09-03,2125,1.6800000000000002,300.85,285.39,n,4.51,Low,274.61,273.18,282.81,281.61,15.63,Low
15.01009,77.61835,2026-09-03,2125,0.98,303.55,283.74,n,5.49,Low,268.46,266.68,279.94,277.66,16.42,Low
15.07013,76.86538,2026-09-03,2125,1.56,303.5,284.27,n,5.89,Low,297.9,296.56,305.19,304.28,17.93,Low
15.19833,76.37807,2026-09-03,2125,1.14,297.68,276.75,n,2.34,Low,318.96,317.94,323.42,323.4,15.18,Low
15.17781,76.65665,2026-09-03,2125,3.05,313.84,281.26,n,12.75,Low,301.32,300.15,307.18,306.72,24.9,Low
27.28717,73.83929,2026-09-03,2125,0.98,306.83,293.71,n,7.31,Low,1172.05,1171.06,1171.11,1173.75,54.19,Medium
27.081,73.81882,2026-09-03,2125,0.77,306.77,294.29,n,7.12,Low,1152.01,1151.01,1151.06,1153.72,53.2,Medium
26.87735,73.51431,2026-09-03,2125,1.4,305.85,293.66,n,7.08,Low,1144.5,1143.48,1143.53,1146.27,52.86,Medium
25.94198,72.19152,2026-09-03,2125,4.61,328.97,295.09,n,22.33,Low,1122.74,1121.62,1121.69,1124.74,67.24,Medium
25.94437,72.19054,2026-09-03,2125,2.7,317.01,294.81,n,14.25,Low,1123.01,1121.89,1121.97,1125.01,59.17,Medium
25.94338,72.19575,2026-09-03,2125,2.18,311.07,294.72,n,10.56,Low,1122.62,1121.5,1121.58,1124.62,55.46,Medium
20.91002,71.45757,2026-09-03,2125,0.89,304.58,291.59,n,5.99,Low,807.13,805.86,806.0,809.57,38.28,Low
20.90932,71.46124,2026-09-03,2125,0.99,307.63,291.99,n,7.76,Low,806.75,805.48,805.62,809.19,40.03,Low
20.86657,70.56716,2026-09-03,2125,1.43,305.32,291.77,n,6.81,Low,889.21,887.94,888.09,891.67,42.38,Low
12.75382,92.88086,2026-09-04,654,2.49,332.85,284.25,n,22.9,Low,1615.67,1616.63,1622.22,1644.93,87.89,High
23.90077,97.88943,2026-09-04,657,2.14,332.03,295.02,n,22.18,Low,2132.18,2128.21,2134.74,2156.66,107.7,High
24.00891,96.12032,2026-09-04,657,2.33,332.91,294.47,n,22.81,Low,1963.53,1959.66,1966.14,1987.89,101.58,High
24.25894,96.54393,2026-09-04,657,9.92,347.19,296.6,n,36.43,Low,2013.12,2009.28,2015.75,2037.45,117.19,High
24.64905,97.89011,2026-09-04,657,3.67,332.12,293.5,n,23.37,Low,2156.28,2152.44,2158.91,2180.62,109.85,High
24.71857,96.31367,2026-09-04,657,1.73,334.03,294.78,n,22.98,Low,2007.87,2004.17,2010.58,2032.11,103.53,High
36.3825,95.11243,2026-09-04,659,12.39,353.38,316.06,n,41.73,Medium,2652.67,2651.55,2656.18,2666.59,148.0,Critical
28.48777,97.02752,2026-09-04,659,4.09,336.61,295.07,n,26.18,Low,2246.28,2243.48,2249.46,2268.24,116.25,High
28.49797,97.02557,2026-09-04,659,4.68,333.53,299.23,n,24.92,Low,2246.66,2243.86,2249.84,2268.61,115.01,High
28.49742,97.02155,2026-09-04,659,4.7,333.49,298.42,n,24.91,Low,2246.29,2243.48,2249.47,2268.23,114.98,High
28.50761,97.01961,2026-09-04,659,4.5600000000000005,334.19,295.9,n,25.19,Low,2246.67,2243.87,2249.85,2268.6,115.28,High
28.57115,96.95303,2026-09-04,659,3.32,325.85,298.89,l,19.63,Low,2244.39,2241.61,2247.58,2266.24,109.63,High
29.24429,91.86042,2026-09-04,659,3.18,330.81,302.07,l,22.28,Low,1879.33,1877.5,1882.9,1897.35,97.65,High
29.2485,91.86387,2026-09-04,659,2.42,328.58,302.51,l,20.47,Low,1879.89,1878.05,1883.46,1897.91,95.86,High
29.18748,88.53117,2026-09-04,659,2.61,326.49,296.03,n,19.45,Low,1646.74,1645.49,1650.53,1661.52,85.49,High
29.29299,88.90841,2026-09-04,659,2.5,325.44,291.36,n,18.79,Low,1679.53,1678.22,1683.3,1694.63,86.15,High
36.35387,95.23476,2026-09-04,701,7.5,345.86,315.2,n,33.88,Low,2657.73,2656.59,2661.29,2671.75,140.35,Critical
36.35792,95.2387,2026-09-04,701,8.53,348.36,314.77,n,36.04,Low,2658.3,2657.16,2661.86,2672.32,142.54,Critical
36.3573,95.23409,2026-09-04,701,4.67,348.6,314.56,n,33.28,Low,2657.97,2656.83,2661.53,2671.99,139.76,Critical
36.36073,95.23341,2026-09-04,701,4.67,344.01,315.63,l,30.73,Low,2658.21,2657.07,2661.76,2672.22,137.22,Critical
36.35168,95.24467,2026-09-04,701,8.54,341.05,315.12,l,31.99,Low,2658.15,2657.01,2661.71,2672.18,138.48,Critical
6.34224,81.12547,2026-09-04,833,3.7,337.03,295.21,n,26.12,Low,1244.51,1245.72,1253.41,1262.09,76.18,Medium
6.83144,81.47736,2026-09-04,833,2.68,335.68,297.76,n,24.61,Low,1201.14,1202.37,1210.16,1219.69,72.94,Medium
6.82874,81.33171,2026-09-04,833,6.6,343.08,294.95,n,31.66,Low,1197.4,1198.63,1206.39,1215.66,79.84,Medium
6.82711,81.33308,2026-09-04,833,7.18,341.55,295.5,n,31.25,Low,1197.62,1198.84,1206.6,1215.87,79.44,Medium
6.90904,81.66004,2026-09-04,833,8.05,336.95,299.85,n,29.34,Low,1198.2,1199.44,1207.27,1217.17,77.56,Medium
6.97485,81.5989,2026-09-04,833,9.27,342.62,295.51,n,33.41,Low,1189.36,1190.6,1198.42,1208.25,81.28,High
7.20339,81.01457,2026-09-04,833,6.32,333.96,299.99,n,26.38,Low,1148.92,1150.13,1157.84,1166.7,72.62,Medium
7.30575,81.13636,2026-09-04,833,5.23,334.07,300.21,n,25.63,Low,1141.01,1142.23,1149.98,1159.11,71.55,Medium
7.36553,81.29984,2026-09-04,833,6.37,340.27,300.73,n,29.93,Low,1139.03,1140.25,1148.04,1157.52,75.78,Medium
7.3628,81.3008,2026-09-04,833,7.25,344.12,301.41,n,32.73,Low,1139.35,1140.57,1148.36,1157.84,78.59,Medium
7.38853,81.28822,2026-09-04,833,5.15,331.69,299.87,n,24.25,Low,1136.24,1137.47,1145.25,1154.72,69.99,Medium
7.38789,81.28361,2026-09-04,833,2.35,332.09,299.24,n,22.37,Low,1136.18,1137.41,1145.19,1154.65,68.1,Medium
7.39301,81.28756,2026-09-04,833,5.67,330.06,298.42,n,23.73,Low,1135.74,1136.97,1144.76,1154.22,69.45,Medium
7.39238,81.28298,2026-09-04,833,5.24,336.26,301.27,n,26.85,Low,1135.68,1136.91,1144.69,1154.15,72.56,Medium
7.4431,81.25359,2026-09-04,833,11.29,339.75,300.47,n,33.33,Low,1129.44,1130.66,1138.44,1147.87,78.79,Medium
7.44182,81.24464,2026-09-04,833,10.35,339.51,299.69,n,32.49,Low,1129.33,1130.55,1138.33,1147.74,77.95,Medium
7.44629,81.24397,2026-09-04,833,10.35,349.63,299.79,n,38.11,Low,1128.83,1130.06,1137.83,1147.25,83.55,High
7.44566,81.23956,2026-09-04,833,7.04,342.28,298.32,n,31.55,Low,1128.78,1130.0,1137.78,1147.18,76.99,Medium
7.51962,81.10014,2026-09-04,833,13.33,336.58,307.4,l,33.1,Low,1117.08,1118.3,1126.06,1135.23,78.07,Medium
6.42538,81.01639,2026-09-04,833,5.43,342.32,296.99,n,30.36,Low,1232.95,1234.16,1241.83,1250.35,79.95,Medium
6.42972,81.01575,2026-09-04,833,5.43,342.18,295.81,n,30.28,Low,1232.47,1233.67,1241.35,1249.87,79.85,Medium
6.47065,81.08218,2026-09-04,833,3.72,333.3,296.32,n,24.07,Low,1229.61,1230.82,1238.51,1247.16,73.53,Medium
6.5269,80.76523,2026-09-04,833,4.39,332.45,296.05,n,24.1,Low,1216.4,1217.59,1225.21,1233.31,73.03,Medium
6.73734,81.53592,2026-09-04,833,6.5600000000000005,331.56,298.8,n,25.23,Low,1212.86,1214.09,1221.89,1231.48,74.03,Medium
6.71661,81.32898,2026-09-04,833,2.4,331.0,297.83,n,21.8,Low,1209.36,1210.58,1218.34,1227.55,70.46,Medium
6.6698900000000005,80.91605,2026-09-04,833,0.71,331.85,292.44,n,21.0,Low,1204.2,1205.4,1213.07,1221.5,69.44,Medium
6.75082,81.39299,2026-09-04,833,6.91,339.34,300.3,n,29.82,Low,1207.42,1208.64,1216.42,1225.76,78.4,Medium
6.79404,81.53845,2026-09-04,833,7.82,348.92,298.5,n,35.82,Low,1206.88,1208.11,1215.91,1225.53,84.38,High
6.79797,81.46822,2026-09-04,833,4.24,337.38,299.97,n,26.72,Low,1204.46,1205.69,1213.48,1222.98,75.19,Medium
7.38462,79.87064,2026-09-04,833,2.9,333.64,294.39,n,23.64,Low,1107.17,1107.7,1115.74,1122.35,68.17,Medium
7.61087,80.83186,2026-09-04,833,3.4,332.6,297.87,n,23.44,Low,1100.51,1101.72,1109.42,1118.1,67.74,Medium
7.65727,80.49637,2026-09-04,833,1.91,331.97,293.6,n,21.97,Low,1088.03,1089.23,1096.83,1104.86,65.76,Medium
12.80993,77.7602,2026-09-04,835,3.52,332.58,298.05,n,23.52,Low,503.17,501.15,513.6,513.84,43.84,Low
7.66027,79.91571,2026-09-04,835,4.3,330.12,294.01,n,22.74,Low,1077.56,1078.26,1086.16,1092.95,66.09,Medium
7.69514,80.13086,2026-09-04,835,5.45,343.92,297.8,n,31.27,Low,1077.09,1078.24,1085.77,1093.04,74.61,Medium
7.71052,79.86343,2026-09-04,835,3.6,340.21,296.07,n,27.82,Low,1071.31,1071.92,1079.89,1086.58,70.92,Medium
7.96289,81.33191,2026-09-04,835,8.43,344.81,299.96,n,33.99,Low,1076.2,1077.43,1085.26,1095.12,77.33,Medium
7.99599,81.46941,2026-09-04,835,5.83,337.55,298.29,n,28.01,Low,1076.89,1078.13,1085.98,1096.14,71.38,Medium
7.81069,79.92027,2026-09-04,835,3.19,342.74,295.29,n,28.91,Low,1061.13,1061.89,1069.74,1076.59,71.6,Medium
7.81016,79.9166,2026-09-04,835,1.78,332.62,295.79,n,22.24,Low,1061.14,1061.89,1069.74,1076.59,64.93,Medium
7.91191,80.55957,2026-09-04,835,7.48,342.84,297.71,n,32.19,Low,1061.73,1062.93,1070.56,1078.83,74.93,Medium
7.91133,80.55552,2026-09-04,835,7.07,335.04,297.49,n,27.55,Low,1061.7,1062.9,1070.54,1078.79,70.29,Medium
7.81293,79.91923,2026-09-04,835,6.83,345.57,296.55,n,33.22,Low,1060.87,1061.63,1069.48,1076.33,75.9,Medium
7.91379,80.5593,2026-09-04,835,10.66,342.55,297.88,n,34.41,Low,1061.52,1062.72,1070.36,1078.62,77.14,Medium
7.91323,80.55524,2026-09-04,835,8.63,342.53,298.03,n,32.88,Low,1061.49,1062.69,1070.33,1078.58,75.61,Medium
7.94493,80.62585,2026-09-04,835,3.01,332.78,295.73,n,23.25,Low,1059.61,1060.82,1068.48,1076.9,65.91,Medium
7.87908,80.031,2026-09-04,835,3.08,338.52,295.46,n,26.49,Low,1055.34,1056.35,1063.99,1071.11,68.96,Medium
7.87883,79.93985,2026-09-04,835,2.72,335.54,295.96,n,24.56,Low,1053.96,1054.77,1062.57,1069.49,66.97,Medium
8.00805,80.60468,2026-09-04,835,1.61,330.09,294.71,n,20.7,Low,1052.3,1053.51,1061.16,1069.57,63.07,Medium
7.94419,80.13013,2026-09-04,835,7.55,341.27,298.15,n,31.37,Low,1049.86,1051.04,1058.55,1065.91,73.62,Medium
7.94364,80.12633,2026-09-04,835,5.19,338.53,297.3,n,28.08,Low,1049.85,1051.03,1058.55,1065.89,70.33,Medium
8.01845,80.61577,2026-09-04,835,2.8,330.07,296.47,n,21.58,Low,1051.43,1052.63,1060.29,1068.72,63.91,Medium
7.94837,80.12955,2026-09-04,835,7.55,345.31,297.84,n,33.61,Low,1049.39,1050.57,1058.09,1065.44,75.84,Medium
7.94782,80.12575,2026-09-04,835,5.19,342.94,297.71,n,30.53,Low,1049.39,1050.57,1058.08,1065.43,72.76,Medium
8.02395,80.62332,2026-09-04,835,9.3,343.11,298.45,n,33.7,Low,1051.0,1052.21,1059.87,1068.32,76.01,Medium
7.9936,80.4128,2026-09-04,835,3.91,334.52,296.86,n,24.89,Low,1049.77,1050.97,1058.57,1066.56,67.15,Medium
7.94517,80.04884,2026-09-04,835,4.21,338.79,297.75,n,27.49,Low,1048.39,1049.46,1057.06,1064.24,69.68,Medium
7.99274,80.41392,2026-09-04,835,6.58,330.55,296.14,n,24.69,Low,1049.89,1051.08,1058.68,1066.67,66.95,Medium
8.02528,80.62028,2026-09-04,835,6.82,342.88,298.2,n,31.71,Low,1050.79,1051.99,1059.66,1068.1,74.02,Medium
7.94696,80.04915,2026-09-04,835,2.16,331.12,297.29,n,21.69,Low,1048.2,1049.27,1056.87,1064.05,63.87,Medium
7.9495,79.85543,2026-09-04,835,3.96,339.74,294.86,n,27.83,Low,1044.98,1045.64,1053.57,1060.32,69.88,Medium
8.02105,80.30539,2026-09-04,835,3.0,335.51,297.65,n,24.76,Low,1044.66,1045.85,1053.42,1061.19,66.81,Medium
8.17443,81.31121,2026-09-04,835,14.58,351.92,300.89,n,42.56,Medium,1053.07,1054.3,1062.14,1072.09,84.98,High
8.05665,80.10335,2026-09-04,835,2.21,334.82,297.08,n,23.78,Low,1037.11,1038.29,1045.8,1053.14,65.52,Medium
8.12243,80.51514,2026-09-04,835,6.02,334.58,295.56,n,26.5,Low,1037.93,1039.14,1046.77,1055.04,68.29,Medium
8.22253,81.08371,2026-09-04,835,5.88,336.55,298.69,n,27.49,Low,1041.3,1042.53,1050.32,1059.83,69.43,Medium
8.20822,80.68834,2026-09-04,835,4.09,330.26,298.38,n,22.66,Low,1032.59,1033.8,1041.49,1050.17,64.24,Medium
8.14543,80.06309,2026-09-04,835,2.4,331.23,290.64,n,21.93,Low,1026.73,1027.9,1035.41,1042.7,63.26,Medium
8.25259,80.78128,2026-09-04,835,5.12,338.93,298.25,n,28.25,Low,1030.06,1031.28,1039.0,1047.9,69.73,Medium
8.23714,80.64191,2026-09-04,835,2.94,331.67,298.18,n,22.58,Low,1028.37,1029.58,1037.26,1045.85,63.99,Medium
8.24209,80.64552,2026-09-04,835,6.02,337.12,298.69,n,27.91,Low,1027.92,1029.13,1036.81,1045.41,69.3,Medium
8.25285,80.78179,2026-09-04,835,6.36,331.85,297.88,n,25.24,Low,1030.05,1031.26,1038.98,1047.88,66.72,Medium
8.23842,80.64211,2026-09-04,835,7.04,339.6,298.6,n,30.06,Low,1028.24,1029.45,1037.12,1045.72,71.47,Medium
8.33193,80.77122,2026-09-04,835,1.65,333.02,294.04,n,22.36,Low,1021.27,1022.48,1030.2,1039.12,63.49,Medium
8.27044,80.33495,2026-09-04,835,3.03,332.14,298.82,n,22.91,Low,1018.1,1019.29,1026.89,1034.83,63.9,Medium
8.31202,80.59825,2026-09-04,835,5.69,332.09,295.22,n,24.87,Low,1019.26,1020.47,1028.14,1036.68,65.92,Medium
8.2431,80.11183,2026-09-04,835,1.97,330.25,297.73,n,21.06,Low,1016.89,1018.08,1025.6,1033.03,62.0,Medium
8.25512,80.10616,2026-09-04,835,4.31,343.26,297.74,n,30.04,Low,1015.48,1016.67,1024.19,1031.61,70.92,Medium
8.35087,80.747,2026-09-04,835,19.72,343.16,298.9,n,41.55,Medium,1018.62,1019.84,1027.55,1036.43,82.57,High
8.35027,80.74276,2026-09-04,835,14.51,336.8,298.0,n,34.1,Low,1018.58,1019.8,1027.51,1036.38,75.12,Medium
8.35526,80.7464,2026-09-04,835,5.61,333.87,295.91,n,25.8,Low,1018.14,1019.35,1027.06,1035.94,66.8,Medium
8.35466,80.74216,2026-09-04,835,8.59,336.97,297.85,n,29.76,Low,1018.1,1019.31,1027.02,1035.89,70.76,Medium
8.40438,81.05991,2026-09-04,835,4.67,341.87,298.07,n,29.54,Low,1021.19,1022.41,1030.21,1039.78,70.68,Medium
8.40374,81.05544,2026-09-04,835,8.74,341.59,298.29,n,32.44,Low,1021.13,1022.36,1030.15,1039.71,73.57,Medium
8.35448,80.74238,2026-09-04,835,7.01,340.73,297.7,n,30.66,Low,1018.12,1019.33,1027.05,1035.92,71.66,Medium
8.40626,81.06018,2026-09-04,835,8.49,334.05,298.29,n,28.06,Low,1020.99,1022.22,1030.02,1039.59,69.19,Medium
8.40566,81.0557,2026-09-04,835,9.69,342.53,298.34,n,33.67,Low,1020.93,1022.16,1029.95,1039.52,74.8,Medium
8.38778,80.78993,2026-09-04,835,6.16,330.12,297.13,n,24.13,Low,1015.72,1016.94,1024.67,1033.66,65.04,Medium
8.31947,80.29152,2026-09-04,835,8.9,342.47,298.99,n,33.05,Low,1011.9,1013.1,1020.68,1028.55,73.79,Medium
8.324,80.23045,2026-09-04,835,7.54,345.94,300.71,n,33.95,Low,1010.23,1011.42,1018.99,1026.72,74.62,Medium
8.45281,81.09965,2026-09-04,835,5.03,333.83,298.89,n,25.34,Low,1017.15,1018.38,1026.19,1035.87,66.32,Medium
8.40441,80.68349,2026-09-04,835,1.64,332.62,294.1,n,22.13,Low,1011.3,1012.51,1020.21,1028.98,62.86,Medium
8.38549,80.29862,2026-09-04,835,2.31,330.45,299.96,n,21.43,Low,1004.86,1006.05,1013.64,1021.55,61.89,Medium
8.41519,80.446,2026-09-04,835,2.86,331.74,294.71,n,22.56,Low,1004.69,1005.89,1013.53,1021.78,63.02,Medium
8.42824,80.5067,2026-09-04,835,6.04,341.31,297.13,n,30.26,Low,1004.61,1005.81,1013.46,1021.86,70.72,Medium
8.41545,80.41713,2026-09-04,835,4.37,330.78,299.34,n,23.16,Low,1004.04,1005.24,1012.87,1021.06,63.59,Medium
8.43315,80.51025,2026-09-04,835,6.04,342.96,297.55,n,31.17,Low,1004.16,1005.36,1013.01,1021.42,71.61,Medium
8.43256,80.50612,2026-09-04,835,6.04,336.22,297.86,n,27.43,Low,1004.13,1005.33,1012.98,1021.38,67.87,Medium
8.43036,80.50778,2026-09-04,835,22.75,350.84,299.74,n,48.08,Medium,1004.4,1005.61,1013.26,1021.66,88.53,High
8.43084,80.35042,2026-09-04,835,5.74,335.17,297.18,n,26.62,Low,1000.98,1002.17,1009.78,1017.83,66.93,Medium
8.46493,80.50307,2026-09-04,835,2.89,331.6,295.46,n,22.5,Low,1000.55,1001.76,1009.41,1017.82,62.8,Medium
8.45517,80.40042,2026-09-04,835,5.47,333.89,297.53,n,25.71,Low,999.38,1000.58,1008.2,1016.37,65.96,Medium
8.47596,80.45562,2026-09-04,835,6.49,355.15,296.9,n,38.28,Low,998.31,999.51,1007.15,1015.46,78.48,Medium
8.4458,80.23885,2026-09-04,835,2.9,339.02,295.82,n,26.63,Low,997.13,998.32,1005.89,1013.69,66.78,Medium
8.53881,80.8772,2026-09-04,835,6.79,345.24,299.8,n,33.0,Low,1001.76,1002.99,1010.74,1020.01,73.35,Medium
8.48686,80.47081,2026-09-04,835,10.21,346.93,299.07,n,36.51,Low,997.46,998.66,1006.31,1014.65,76.68,Medium
8.55657,80.87483,2026-09-04,835,4.01,343.54,298.06,n,29.97,Low,999.8,1001.02,1008.78,1018.04,70.25,Medium
8.56527,80.90474,2026-09-04,835,10.76,343.07,299.04,n,34.78,Low,999.67,1000.89,1008.66,1017.99,75.05,Medium
8.56465,80.90033,2026-09-04,835,4.82,337.52,297.09,n,27.24,Low,999.61,1000.84,1008.6,1017.93,67.51,Medium
8.52532,80.4322,2026-09-04,835,3.64,333.29,299.19,n,24.0,Low,992.45,993.65,1001.29,1009.56,63.97,Medium
8.52962,80.43159,2026-09-04,835,3.64,335.64,298.69,n,25.31,Low,991.97,993.17,1000.81,1009.08,65.26,Medium
8.52704,80.43185,2026-09-04,835,6.58,345.61,300.25,n,33.05,Low,992.25,993.46,1001.09,1009.37,73.01,Medium
8.57884,80.78347,2026-09-04,835,4.34,330.04,296.85,n,22.72,Low,995.01,996.22,1003.96,1013.04,62.8,Medium
8.51423,80.24119,2026-09-04,835,3.23,332.7,298.56,n,23.37,Low,989.72,990.91,998.49,1006.33,63.22,Medium
8.63193,81.00928,2026-09-04,835,5.65,332.22,297.39,n,24.92,Low,995.43,996.66,1004.46,1014.06,65.03,Medium
8.63132,81.00479,2026-09-04,835,5.65,333.42,297.24,n,25.58,Low,995.37,996.6,1004.39,1013.99,65.68,Medium
8.63581,81.0042,2026-09-04,835,5.65,349.95,297.53,n,34.77,Low,994.87,996.1,1003.9,1013.49,74.85,Medium
8.6409,81.00806,2026-09-04,835,5.52,344.56,298.64,n,31.67,Low,994.44,995.67,1003.47,1013.07,71.74,Medium
8.64029,81.00357,2026-09-04,835,5.52,335.44,298.03,n,26.61,Low,994.38,995.61,1003.4,1013.0,66.67,Medium
8.55367,80.37032,2026-09-04,835,4.39,338.51,299.65,n,27.46,Low,988.05,989.25,996.87,1005.02,67.25,Medium
8.64538,81.00743,2026-09-04,835,5.52,330.4,298.22,n,23.81,Low,993.94,995.17,1002.97,1012.57,63.86,Medium
8.56671,80.40142,2026-09-04,835,6.06,342.2,298.67,n,30.77,Low,987.3,988.5,996.13,1004.35,70.53,Medium
8.56614,80.39735,2026-09-04,835,6.06,330.59,298.57,n,24.32,Low,987.27,988.47,996.1,1004.32,64.08,Medium
8.62594,80.79905,2026-09-04,835,4.93,332.59,298.89,n,24.58,Low,990.35,991.57,999.31,1008.45,64.48,Medium
8.62053,80.69478,2026-09-04,835,7.09,342.6,298.6,n,31.76,Low,988.27,989.49,997.2,1006.11,71.57,Medium
8.66234,80.83396,2026-09-04,835,10.8,339.9,296.36,n,33.04,Low,987.36,988.58,996.33,1005.57,72.82,Medium
8.63077,80.51368,2026-09-04,835,2.23,330.62,298.18,n,21.46,Low,982.84,984.05,991.72,1000.23,61.05,Medium
8.62115,80.41457,2026-09-04,835,6.37,337.09,299.92,n,28.16,Low,981.68,982.88,990.51,998.8,67.7,Medium
8.63034,80.41752,2026-09-04,835,2.87,330.56,300.01,n,21.91,Low,980.74,981.94,989.58,997.88,61.41,Medium
8.62399,80.37293,2026-09-04,835,4.39,336.9,297.95,n,26.57,Low,980.47,981.67,989.3,997.49,66.06,Medium
8.698360000000001,80.86498,2026-09-04,835,7.89,342.87,300.12,n,32.51,Low,984.32,985.55,993.31,1002.64,72.17,Medium
8.62652,80.37279,2026-09-04,835,2.77,330.42,298.39,n,21.76,Low,980.2,981.4,989.02,997.21,61.24,Medium
8.69724,80.86597,2026-09-04,835,7.55,338.31,299.35,n,29.72,Low,984.47,985.69,993.46,1002.79,69.38,Medium
8.75154,80.99869,2026-09-04,835,4.67,334.21,298.07,n,25.29,Low,982.35,983.58,991.39,1001.04,64.87,Medium
8.72472,80.76887,2026-09-04,835,4.75,330.69,297.64,n,23.39,Low,978.95,980.16,987.91,997.04,62.83,Medium
8.66727,80.25673,2026-09-04,835,4.23,332.11,299.3,n,23.79,Low,973.38,974.57,982.16,990.11,62.99,Medium
8.69263,80.37619,2026-09-04,835,4.7,337.9,299.88,n,27.36,Low,973.1,974.3,981.93,990.16,66.55,Medium
8.79438,80.59402,2026-09-04,835,5.05,331.67,297.94,n,24.16,Low,967.06,968.27,975.97,984.75,63.12,Medium
8.80461,80.57121,2026-09-04,835,4.76,336.59,298.35,n,26.68,Low,965.4,966.61,974.31,983.04,65.57,Medium
8.80897,80.57063,2026-09-04,835,4.76,343.08,298.49,n,30.28,Low,964.92,966.13,973.82,982.56,69.15,Medium
8.78999,80.3377,2026-09-04,835,4.95,330.83,298.4,n,23.62,Low,961.71,962.91,970.53,978.72,62.36,Medium
8.78943,80.33366,2026-09-04,835,4.95,334.56,299.39,n,25.69,Low,961.69,962.89,970.51,978.69,64.43,Medium
8.92698,80.77954,2026-09-04,835,6.77,349.29,298.2,n,35.24,Low,957.51,958.73,966.49,975.76,73.82,Medium
8.97923,80.83057,2026-09-04,835,7.59,337.07,297.96,n,29.06,Low,953.29,954.51,962.29,971.71,67.48,Medium
8.98429,80.83439,2026-09-04,835,4.21,340.3,296.66,n,28.32,Low,952.85,954.08,961.85,971.29,66.72,Medium
8.9637,80.59013,2026-09-04,835,4.33,342.29,295.02,n,29.52,Low,948.7,949.91,957.62,966.49,67.75,Medium
8.973040000000001,80.59312,2026-09-04,835,7.85,331.35,297.98,n,26.08,Low,947.77,948.98,956.69,965.57,64.27,Medium
8.97742,80.59255,2026-09-04,835,9.41,346.17,297.32,n,35.49,Low,947.28,948.49,956.21,965.08,73.66,Medium
8.61746,77.98914,2026-09-04,835,3.29,342.96,299.73,n,29.11,Low,963.17,961.07,972.13,974.49,67.82,Medium
8.97735,80.59259,2026-09-04,835,12.24,347.79,296.95,n,38.51,Low,947.29,948.5,956.21,965.09,76.68,Medium
8.96668,80.38145,2026-09-04,835,3.75,336.94,299.16,n,26.11,Low,943.5,944.7,952.35,960.73,64.12,Medium
8.73204,77.86298,2026-09-04,835,16.91,347.6,304.0,n,41.9,Medium,951.26,949.17,960.45,962.47,80.13,High
8.66597,77.40293,2026-09-04,835,6.07,332.62,304.58,l,25.45,Low,962.89,960.85,972.87,973.73,64.15,Medium
9.10274,80.49466,2026-09-04,835,4.45,331.95,296.92,n,23.87,Low,931.39,932.6,940.29,949.01,61.4,Medium
9.20664,80.63229,2026-09-04,835,2.25,330.65,297.42,n,21.49,Low,923.61,924.82,932.56,941.67,58.72,Medium
8.81464,77.83777,2026-09-04,835,11.75,342.22,304.59,n,35.05,Low,942.31,940.23,951.56,953.5,72.93,Medium
8.84638,77.70205,2026-09-04,835,22.48,345.51,310.41,n,44.92,Medium,939.89,937.81,949.38,950.96,82.7,High
8.93915,77.83005,2026-09-04,835,7.77,339.25,301.79,n,30.41,Low,928.63,926.54,937.91,939.8,67.74,Medium
8.88569,77.40527,2026-09-04,835,5.49,339.72,306.78,n,28.96,Low,938.72,936.68,948.73,949.53,66.7,Medium
8.92773,77.46704,2026-09-04,835,2.97,336.21,305.16,n,25.12,Low,933.34,931.3,943.26,944.21,62.64,Medium
9.41437,80.58335,2026-09-04,835,3.4,335.1,295.97,n,24.83,Low,900.01,901.23,908.97,918.08,61.11,Medium
9.39517,80.44724,2026-09-04,835,5.48,332.52,294.65,n,24.95,Low,898.69,899.9,907.59,916.37,61.18,Medium
9.414,80.58482,2026-09-04,835,2.71,330.15,294.94,n,21.56,Low,900.09,901.31,909.05,918.17,57.85,Medium
9.39581,80.44839,2026-09-04,835,4.86,338.41,295.04,n,27.76,Low,898.64,899.86,907.55,916.33,63.98,Medium
9.45137,80.49699,2026-09-04,835,9.87,348.6,296.5,n,37.18,Low,893.84,895.06,902.77,911.7,73.21,Medium
9.4578,80.47879,2026-09-04,835,3.36,336.28,295.38,n,25.45,Low,892.7,893.91,901.62,910.51,61.44,Medium
9.17593,78.22559,2026-09-04,835,10.26,337.95,304.11,n,31.56,Low,900.56,898.43,909.13,912.05,67.76,Medium
9.1797,78.22505,2026-09-04,835,10.26,341.55,304.13,n,33.56,Low,900.14,898.02,908.71,911.63,69.75,Medium
9.20293,77.64448,2026-09-04,835,19.15,345.47,309.68,n,42.4,Medium,901.13,899.07,910.79,912.13,78.63,Medium
9.33688,76.59934,2026-09-04,835,2.02,331.72,299.27,n,21.92,Low,903.92,902.0,915.42,913.9,58.27,Medium
9.62262,78.11741,2026-09-04,835,10.24,340.95,306.67,n,33.21,Low,851.51,849.4,860.32,862.9,67.45,Medium
9.95692,79.105,2026-09-04,835,2.64,336.23,298.7,n,24.89,Low,815.87,815.27,824.2,829.64,57.74,Medium
9.95849,79.1076,2026-09-04,835,2.39,342.39,298.57,n,28.12,Low,815.72,815.13,824.05,829.5,60.96,Medium
10.16814,78.80172,2026-09-04,835,6.42,335.48,300.33,n,27.3,Low,790.99,789.58,799.13,803.72,59.13,Medium
10.16672,78.79148,2026-09-04,835,8.56,331.56,300.74,n,26.73,Low,791.11,789.68,799.25,803.81,58.57,Medium
10.31339,79.34061,2026-09-04,835,2.09,330.68,296.16,n,21.39,Low,778.74,778.88,787.21,793.46,52.77,Medium
10.28257,78.88253,2026-09-04,835,2.52,334.67,298.75,n,23.93,Low,778.63,777.47,786.83,791.68,55.28,Medium
12.0522,78.36801,2026-09-04,835,4.2,333.87,298.13,n,24.74,Low,582.21,580.07,590.62,593.81,48.21,Low
13.93385,78.31989,2026-09-04,835,5.9,344.3,300.15,n,31.81,Low,374.14,372.02,382.94,385.64,46.96,Low
13.90749,78.06878,2026-09-04,835,1.75,335.38,301.05,n,23.75,Low,378.67,376.61,388.53,389.68,39.08,Low
13.93448,78.31924,2026-09-04,835,5.51,342.27,300.78,n,30.39,Low,374.08,371.95,382.87,385.58,45.53,Low
14.5526,77.48568,2026-09-04,835,2.5,330.23,293.53,n,21.45,Low,321.02,319.23,332.54,330.26,34.48,Low
15.17642,76.65735,2026-09-04,837,5.16,335.25,297.04,n,26.23,Low,301.4,300.22,307.26,306.8,38.39,Low
14.9584,75.91736,2026-09-04,837,2.59,334.21,296.21,n,23.73,Low,372.44,371.53,375.93,376.22,38.69,Low
25.9841,73.41638,2026-09-04,837,5.6,340.25,290.2,n,29.34,Low,1061.37,1060.31,1060.37,1063.22,71.79,Medium
24.0682,72.24971,2026-09-04,837,1.4,330.15,300.13,n,20.58,Low,956.48,955.29,955.39,958.64,58.84,Medium
22.93431,69.69743,2026-09-04,837,3.12,334.99,304.23,n,24.56,Low,1075.9,1074.64,1074.77,1078.29,67.6,Medium
22.92779,70.1069,2026-09-04,837,5.54,338.61,306.81,n,28.38,Low,1040.24,1038.98,1039.1,1042.62,69.99,Medium
22.41645,69.03945,2026-09-04,837,5.64,333.49,301.9,l,25.61,Low,1105.93,1104.65,1104.79,1108.35,69.85,Medium
21.10636,72.64542,2026-09-04,837,8.1,344.24,299.55,n,33.43,Low,710.45,709.18,709.32,712.85,61.85,Medium
21.10135,72.63466,2026-09-04,837,7.03,332.85,295.09,n,26.3,Low,711.09,709.82,709.95,713.48,54.74,Medium
21.10191,72.63843,2026-09-04,837,7.03,334.26,293.93,n,27.08,Low,710.79,709.53,709.66,713.19,55.51,Medium
17.6268,82.57391,2026-09-04,837,4.48,330.76,288.86,n,23.23,Low,423.02,420.51,426.82,449.57,40.43,Low
15.52757,73.99412,2026-09-04,837,3.12,332.48,297.41,n,23.16,Low,506.57,505.62,506.0,508.26,43.42,Low
15.18196,76.64268,2026-09-04,837,3.59,333.96,295.73,n,24.34,Low,301.89,300.72,307.66,307.23,36.52,Low
27.14095,72.44164,2026-09-04,837,1.99,335.03,305.47,l,23.73,Low,1220.88,1219.81,1219.87,1222.76,72.56,Medium
32.43256,71.36949,2026-09-04,839,6.24,345.57,297.08,n,32.77,Low,1790.1,1789.12,1789.16,1791.78,104.37,High
32.24791,73.92658,2026-09-04,839,3.62,332.01,295.3,n,23.28,Low,1687.54,1686.51,1686.69,1688.97,90.78,High
31.68232,72.20583,2026-09-04,839,4.36,336.61,295.47,n,26.39,Low,1682.27,1681.31,1681.35,1683.91,93.68,High
31.5778,72.37859,2026-09-04,839,5.83,337.86,297.62,n,28.18,Low,1665.3,1664.34,1664.37,1666.92,94.79,High
31.31773,72.16481,2026-09-04,839,3.46,335.37,300.09,n,25.02,Low,1646.6,1645.62,1645.66,1648.25,90.88,High
30.47343,71.74202,2026-09-04,839,3.21,331.0,304.84,l,22.41,Low,1578.57,1577.56,1577.61,1580.31,85.55,High
29.94049,69.95213,2026-09-04,839,3.81,337.32,306.64,n,26.37,Low,1613.11,1612.02,1612.09,1615.04,90.89,High
29.33473,69.01346,2026-09-04,839,3.84,344.38,311.99,n,30.31,Low,1611.48,1610.34,1610.42,1613.51,94.77,High
29.33534,69.01741,2026-09-04,839,5.51,338.2,310.75,l,28.13,Low,1611.3,1610.16,1610.24,1613.33,92.58,High
29.80486,72.78429,2026-09-04,839,4.92,337.49,299.65,n,27.3,Low,1469.07,1468.1,1468.14,1470.75,86.06,High
29.911,74.95192,2026-09-04,839,5.47,341.22,299.43,n,29.78,Low,1411.82,1410.77,1410.98,1413.22,86.25,High
28.45174,68.14686,2026-09-04,839,24.53,334.81,303.04,n,40.51,Medium,1591.43,1590.25,1590.34,1593.56,104.17,High
28.42405,69.7006,2026-09-04,839,3.82,335.37,306.54,l,25.29,Low,1490.64,1489.5,1489.58,1492.68,84.91,High
27.31744,95.26737,2026-09-04,1921,3.22,327.06,290.45,n,20.23,Low,2031.91,2029.03,2035.06,2054.17,101.73,High
28.57174,96.95198,2026-09-04,1921,0.85,295.41,284.24,n,0.87,Low,2244.33,2241.55,2247.53,2266.18,90.87,High
23.83774,85.46945,2026-09-04,1923,1.6,301.33,285.37,n,4.72,Low,1005.52,1003.63,1009.07,1023.98,45.14,Low
23.66637,85.00024,2026-09-04,1923,1.49,299.89,284.07,n,3.83,Low,957.83,956.03,961.41,975.84,42.34,Low
23.66712,85.00002,2026-09-04,1923,2.86,299.7,284.04,n,4.76,Low,957.87,956.07,961.46,975.88,43.27,Low
22.22516,84.75098,2026-09-04,1923,1.2,301.08,286.63,n,4.28,Low,833.37,830.95,836.71,854.07,37.83,Low
22.05509,85.46492,2026-09-04,1923,0.66,302.15,286.52,n,4.47,Low,882.09,879.29,885.27,904.21,39.98,Low
23.76381,86.40175,2026-09-04,1923,3.31,305.79,282.63,n,8.48,Low,1071.88,1069.63,1075.29,1091.86,51.57,Medium
23.76345,86.40598,2026-09-04,1923,3.69,299.36,279.21,n,5.19,Low,1072.19,1069.94,1075.6,1092.17,48.29,Low
23.75817,86.40104,2026-09-04,1923,3.31,303.52,284.47,n,7.22,Low,1071.43,1069.18,1074.84,1091.42,50.29,Medium
23.7797,86.3896,2026-09-04,1923,2.79,302.64,278.49,n,6.34,Low,1072.02,1069.79,1075.44,1091.96,49.43,Low
23.77635,86.36388,2026-09-04,1923,2.96,318.15,285.94,n,15.08,Low,1069.76,1067.53,1073.18,1089.66,58.08,Medium
23.77596,86.36807,2026-09-04,1923,1.85,306.29,285.7,n,7.66,Low,1070.06,1067.83,1073.48,1089.97,50.67,Medium
23.76689,86.40472,2026-09-04,1923,3.54,305.75,279.25,n,8.63,Low,1072.33,1070.08,1075.74,1092.31,51.73,Medium
23.77907,86.2077,2026-09-04,1923,1.31,310.15,286.07,n,9.4,Low,1057.66,1055.49,1061.1,1077.34,51.92,Medium
23.77868,86.21198,2026-09-04,1923,1.31,304.15,285.94,n,6.07,Low,1057.96,1055.79,1061.4,1077.66,48.6,Low
23.76239,86.39155,2026-09-04,1923,3.52,304.11,285.44,n,7.7,Low,1070.97,1068.73,1074.38,1090.94,50.75,Medium
23.76163,86.39988,2026-09-04,1923,2.07,311.81,285.21,n,10.89,Low,1071.58,1069.33,1074.99,1091.56,53.96,Medium
23.76124,86.4041,2026-09-04,1923,2.07,303.71,282.59,n,6.39,Low,1071.89,1069.64,1075.3,1091.87,49.48,Low
23.82338,85.49656,2026-09-04,1923,1.6,302.05,285.66,n,5.12,Low,1006.45,1004.56,1010.0,1024.99,45.58,Low
23.73572,86.43427,2026-09-04,1923,2.56,307.61,281.7,n,8.93,Low,1072.51,1070.24,1075.91,1092.59,52.04,Medium
23.71992,86.41992,2026-09-04,1923,1.6800000000000002,304.33,284.78,n,6.44,Low,1070.28,1068.0,1073.68,1090.36,49.46,Low
23.71392,86.42335,2026-09-04,1923,1.96,307.48,285.94,n,8.4,Low,1070.13,1067.86,1073.53,1090.23,51.42,Medium
23.71136,86.45217,2026-09-04,1923,1.74,311.04,285.88,n,10.22,Low,1072.26,1069.97,1075.65,1092.4,53.32,Medium
23.75746,85.85387,2026-09-04,1923,1.79,309.71,285.95,n,9.51,Low,1028.64,1026.6,1032.13,1047.86,50.86,Medium
23.68826,86.39115,2026-09-04,1923,0.91,303.86,285.4,n,5.6,Low,1065.8,1063.52,1069.19,1085.9,48.44,Low
23.68225,86.3947,2026-09-04,1923,2.78,307.39,285.55,n,8.97,Low,1065.66,1063.38,1069.06,1085.78,51.81,Medium
23.67626,86.39803,2026-09-04,1923,1.36,315.53,285.7,n,12.43,Low,1065.51,1063.23,1068.91,1085.65,55.26,Medium
23.67591,86.40213,2026-09-04,1923,1.36,303.59,285.43,n,5.79,Low,1065.82,1063.53,1069.21,1085.96,48.64,Low
23.77998,86.20918,2026-09-04,1923,1.53,310.75,286.39,n,9.9,Low,1057.84,1055.67,1061.28,1077.52,52.42,Medium
23.78033,86.20491,2026-09-04,1923,1.53,303.18,285.92,n,5.69,Low,1057.53,1055.36,1060.97,1077.21,48.2,Low
23.77262,86.36506,2026-09-04,1923,4.47,321.88,285.55,n,18.29,Low,1069.59,1067.36,1073.01,1089.5,61.28,Medium
23.79671,86.35096,2026-09-04,1923,4.1,319.39,283.86,n,16.62,Low,1070.16,1067.95,1073.59,1090.01,59.64,Medium
23.80416,86.3309,2026-09-04,1923,3.17,312.49,283.03,n,12.09,Low,1069.1,1066.9,1072.53,1088.91,55.06,Medium
24.31163,85.42353,2026-09-04,1923,0.75,303.75,285.26,n,5.42,Low,1038.78,1037.07,1042.4,1056.27,47.17,Low
22.32409,82.59403,2026-09-04,1923,1.56,303.05,284.75,n,5.64,Low,681.54,680.19,685.3,697.17,33.08,Low
22.31921,82.56583,2026-09-04,1923,1.65,303.93,284.52,n,6.2,Low,679.29,677.96,683.06,694.86,33.55,Low
22.05641,85.46532,2026-09-04,1923,0.8200000000000001,301.04,286.36,n,3.97,Low,882.21,879.4,885.39,904.33,39.48,Low
23.68471,86.09391,2026-09-04,1923,1.17,302.91,283.95,n,5.27,Low,1042.05,1039.88,1045.49,1061.76,47.16,Low
23.67966,86.08476,2026-09-04,1923,1.67,304.85,285.66,n,6.72,Low,1040.98,1038.8,1044.42,1060.68,48.57,Low
23.6793,86.08908,2026-09-04,1923,1.67,305.54,285.15,n,7.11,Low,1041.29,1039.12,1044.73,1061.0,48.97,Low
23.67895,86.09338,2026-09-04,1923,1.17,303.36,283.32,n,5.52,Low,1041.6,1039.43,1045.04,1061.32,47.39,Low
23.67909,86.396,2026-09-04,1923,2.56,305.97,285.43,n,8.01,Low,1065.55,1063.26,1068.95,1085.67,50.84,Medium
23.67871,86.40009,2026-09-04,1923,2.46,311.2,285.8,n,10.84,Low,1065.85,1063.56,1069.24,1085.98,53.69,Medium
23.82546,84.57072,2026-09-04,1923,1.88,305.89,283.26,n,7.46,Low,939.9,938.31,943.57,956.79,45.25,Low
23.68351,86.09599,2026-09-04,1923,1.25,305.12,283.11,n,6.56,Low,1042.13,1039.96,1045.57,1061.84,48.46,Low
23.67852,86.08686,2026-09-04,1923,3.15,305.34,285.83,n,8.11,Low,1041.06,1038.89,1044.5,1060.77,49.96,Low
23.58107,86.72517,2026-09-04,1923,0.65,301.92,285.24,n,4.33,Low,1085.47,1083.02,1088.8,1106.19,47.96,Low
23.67289,84.9959,2026-09-04,1923,2.91,296.21,283.89,n,2.85,Low,958.02,956.22,961.6,976.0,41.37,Low
23.66674,84.99536,2026-09-04,1923,1.49,296.08,283.69,n,1.72,Low,957.5,955.7,961.09,975.5,40.22,Low
21.67499,82.07859,2026-09-04,1925,1.32,301.52,284.48,n,4.61,Low,592.18,590.82,595.94,608.05,28.48,Low
21.67952,84.03887,2026-09-04,1925,1.89,306.32,285.77,n,7.71,Low,738.21,735.78,741.55,759.01,37.46,Low
22.00621,82.67161,2026-09-04,1925,2.21,300.84,284.77,n,4.9,Low,659.8,658.27,663.5,676.54,31.48,Low
22.00575,82.67023,2026-09-04,1925,1.03,304.37,284.9,n,5.98,Low,659.67,658.14,663.36,676.41,32.56,Low
20.96156,86.00327,2026-09-04,1925,0.79,307.14,287.47,n,7.34,Low,871.37,867.76,874.13,895.56,42.43,Low
20.95159,86.0461,2026-09-04,1925,2.23,327.1,288.09,n,19.51,Low,874.95,871.32,877.7,899.16,54.74,Medium
20.95199,86.04217,2026-09-04,1925,2.7,313.92,287.64,n,12.54,Low,874.6,870.97,877.35,898.8,47.76,Low
20.9512,86.04997,2026-09-04,1925,2.23,310.23,287.85,n,10.13,Low,875.3,871.66,878.05,899.5,45.38,Low
20.97126,85.17391,2026-09-04,1925,1.35,305.19,286.74,n,6.67,Low,794.58,791.21,797.48,818.57,38.69,Low
20.97084,85.17846,2026-09-04,1925,2.67,307.71,286.43,n,9.06,Low,794.98,791.61,797.88,818.96,41.09,Low
20.96576,85.16875,2026-09-04,1925,1.35,309.08,286.82,n,8.83,Low,793.82,790.45,796.72,817.81,40.82,Low
20.96534,85.1733,2026-09-04,1925,1.35,306.0,286.79,n,7.12,Low,794.22,790.85,797.12,818.21,39.12,Low
20.96411,85.18684,2026-09-04,1925,1.57,307.86,286.71,n,8.32,Low,795.4,792.02,798.3,819.39,40.37,Low
20.89002,84.98002,2026-09-04,1925,1.53,311.47,286.43,n,10.3,Low,772.55,769.19,775.46,796.53,41.44,Low
20.86526,84.98695,2026-09-04,1925,3.63,321.87,286.26,n,17.65,Low,771.9,768.52,774.8,795.9,48.76,Low
20.80561,85.25348,2026-09-04,1925,1.78,304.62,287.35,n,6.68,Low,793.57,790.07,796.4,817.68,38.66,Low
20.86249,84.98462,2026-09-04,1925,2.17,316.08,286.31,n,13.34,Low,771.54,768.16,774.44,795.54,44.44,Low
20.86205,84.98914,2026-09-04,1925,1.72,309.94,286.24,n,9.59,Low,771.94,768.56,774.83,795.93,40.7,Low
20.80653,85.256,2026-09-04,1925,1.63,313.31,287.45,n,11.39,Low,793.85,790.35,796.68,817.96,43.38,Low
20.79477,85.25492,2026-09-04,1925,2.9,316.12,286.91,n,13.91,Low,793.17,789.66,796.0,817.28,45.87,Low
20.78849,85.25857,2026-09-04,1925,2.84,306.91,287.45,n,8.75,Low,793.2,789.69,796.03,817.32,40.71,Low
20.76171,85.29136,2026-09-04,1925,2.2,305.86,287.15,n,7.68,Low,794.96,791.42,797.77,819.1,39.71,Low
21.92587,85.22215,2026-09-04,1925,2.18,315.27,287.75,n,12.9,Low,853.3,850.51,856.49,875.38,47.26,Low
20.7613,85.29581,2026-09-04,1925,2.27,313.55,287.42,n,12.01,Low,795.36,791.82,798.16,819.5,44.06,Low
19.09592,82.16854,2026-09-04,1925,2.29,300.28,285.1,n,4.65,Low,420.53,416.77,423.2,444.84,21.7,Low
19.08846,82.17459,2026-09-04,1925,1.21,301.41,285.65,n,4.47,Low,420.77,417.0,423.44,445.08,21.53,Low
19.09711,82.16754,2026-09-04,1925,1.56,303.66,285.33,n,5.98,Low,420.49,416.73,423.16,444.79,23.03,Low
19.0896,82.17361,2026-09-04,1925,1.22,300.24,285.82,n,3.83,Low,420.73,416.96,423.4,445.04,20.89,Low
20.99819,86.01408,2026-09-04,1925,0.72,304.21,288.26,n,5.66,Low,874.1,870.51,876.88,898.28,40.86,Low
20.99857,86.01012,2026-09-04,1925,0.72,305.85,288.25,n,6.57,Low,873.75,870.15,876.52,897.93,41.75,Low
20.95,86.04442,2026-09-04,1925,2.27,323.28,288.01,n,17.41,Low,874.72,871.09,877.47,898.92,52.63,Medium
20.94963,86.04832,2026-09-04,1925,2.27,323.89,288.03,n,17.75,Low,875.07,871.44,877.82,899.28,52.99,Medium
20.96638,86.01173,2026-09-04,1925,2.97,310.73,288.16,n,10.97,Low,872.39,868.78,875.16,896.59,46.1,Low
20.95558,86.04523,2026-09-04,1925,1.4,305.01,287.63,n,6.61,Low,875.05,871.42,877.81,899.26,41.85,Low
20.9649,86.00615,2026-09-04,1925,2.12,315.28,287.92,n,12.86,Low,871.8,868.18,874.56,895.99,47.97,Low
20.96528,86.00221,2026-09-04,1925,1.79,306.29,288.08,n,7.61,Low,871.44,867.83,874.21,895.63,42.7,Low
21.80354,82.03689,2026-09-04,1925,1.26,300.24,282.65,n,3.86,Low,600.64,599.36,604.42,615.97,28.06,Low
21.67781,84.03859,2026-09-04,1925,2.34,305.65,286.12,n,7.67,Low,738.07,735.64,741.41,758.88,37.41,Low
20.97015,86.01069,2026-09-04,1925,2.21,307.09,288.37,n,8.37,Low,872.47,868.86,875.24,896.66,43.5,Low
20.97089,86.00281,2026-09-04,1925,1.7000000000000002,306.17,288.42,n,7.48,Low,871.76,868.15,874.53,895.95,42.58,Low
21.07634,85.04405,2026-09-04,1925,1.41,307.57,286.81,n,8.04,Low,788.28,785.02,791.24,812.04,39.81,Low
21.07676,85.03937,2026-09-04,1925,1.41,304.32,287.05,n,6.24,Low,787.87,784.62,790.83,811.63,37.99,Low
21.07717,85.03472,2026-09-04,1925,2.04,303.73,287.19,n,6.38,Low,787.47,784.22,790.44,811.23,38.11,Low
13.1608,80.27946,2026-09-04,1928,1.92,307.93,285.03,n,8.62,Low,493.74,495.0,502.99,514.89,28.69,Low
13.15911,80.28068,2026-09-04,1928,1.63,306.72,285.02,n,7.73,Low,493.96,495.22,503.21,515.11,27.8,Low
7.12493,81.54601,2026-09-04,1930,2.74,295.77,285.71,n,2.48,Low,1171.81,1173.04,1180.86,1190.67,49.64,Low
35.97013,68.68588,2026-09-04,2101,0.79,299.08,288.3,n,2.86,Low,2251.08,2250.08,2250.12,2252.8,92.9,High
35.96602,68.68536,2026-09-04,2101,0.6900000000000001,298.35,288.18,n,2.38,Low,2250.7,2249.69,2249.74,2252.42,92.41,High
35.96709,68.68774,2026-09-04,2101,1.28,299.05,288.15,n,3.21,Low,2250.7,2249.7,2249.75,2252.43,93.24,High
33.68994,72.7104,2026-09-04,2101,0.92,307.47,292.06,n,7.62,Low,1874.05,1873.09,1873.18,1875.56,82.58,High
33.54585,71.55032,2026-09-04,2101,1.04,305.69,290.83,n,6.72,Low,1896.74,1895.78,1895.82,1898.35,82.59,High
33.29619,71.18684,2026-09-04,2101,1.13,298.59,287.32,n,2.84,Low,1884.51,1883.54,1883.58,1886.17,78.22,Medium
32.72226,72.92528,2026-09-04,2101,0.68,304.4,291.48,n,5.73,Low,1765.99,1765.04,1765.1,1767.51,76.37,Medium
23.69545,85.36923,2026-09-04,2104,2.54,311.51,284.1,n,11.08,Low,987.3,985.4,990.84,1005.88,50.77,Medium
23.67414,85.32425,2026-09-04,2104,2.29,296.63,284.11,n,2.62,Low,982.33,980.44,985.88,1000.88,42.12,Low
24.16024,82.56169,2026-09-04,2104,0.96,300.91,273.66,n,4.0,Low,847.54,846.98,849.95,859.07,38.04,Low
24.15935,82.56554,2026-09-04,2104,0.96,302.1,274.26,n,4.66,Low,847.66,847.09,850.07,859.19,38.7,Low
22.57313,85.89704,2026-09-04,2104,3.39,313.33,283.34,n,12.73,Low,951.22,948.56,954.47,972.83,51.0,Medium
25.5242,68.55288,2026-09-04,2104,0.55,309.65,295.1,n,8.55,Low,1338.72,1337.49,1337.6,1341.01,62.1,Medium
24.82128,73.0907,2026-09-04,2104,0.74,306.03,293.89,n,6.68,Low,969.15,968.03,968.1,971.14,45.44,Low
24.82064,73.09454,2026-09-04,2104,0.74,306.69,293.39,n,7.05,Low,968.87,967.75,967.82,970.86,45.8,Low
32.28888,70.7403,2026-09-04,2104,1.54,307.51,294.04,n,8.1,Low,1801.23,1800.22,1800.27,1802.97,80.15,High
32.5767,72.56184,2026-09-04,2104,2.15,311.11,294.62,n,10.56,Low,1762.24,1761.31,1761.34,1763.8,81.05,High
23.78611,85.55335,2026-09-04,2104,1.22,301.45,282.32,n,4.5,Low,1007.91,1005.98,1011.44,1026.61,45.02,Low
23.67849,86.08708,2026-09-04,2104,3.56,301.87,283.36,n,6.49,Low,1041.08,1038.9,1044.52,1060.78,48.34,Low
23.79008,85.55405,2026-09-04,2104,2.74,297.1,282.49,n,3.22,Low,1008.26,1006.33,1011.79,1026.96,43.75,Low
23.67941,86.08627,2026-09-04,2104,2.58,301.55,283.28,n,5.57,Low,1041.08,1038.9,1044.52,1060.78,47.42,Low
23.67768,86.3978,2026-09-04,2104,6.8,298.43,279.73,n,7.01,Low,1065.59,1063.31,1068.99,1085.73,49.85,Low
27.93788,69.72433,2026-09-04,2104,0.66,309.45,296.46,n,8.52,Low,1446.98,1445.83,1445.91,1449.05,66.4,Medium
28.4265,69.70227,2026-09-04,2104,1.2,313.48,297.34,n,11.17,Low,1490.76,1489.62,1489.7,1492.8,70.8,Medium
20.86599,84.99335,2026-09-04,2106,2.49,309.5,285.86,n,9.92,Low,772.53,769.15,775.42,796.52,41.06,Low
22.93078,69.69768,2026-09-04,2106,2.23,309.29,294.83,n,9.61,Low,1075.67,1074.41,1074.54,1078.06,52.64,Medium
22.93359,69.7022,2026-09-04,2106,2.85,309.39,295.17,n,10.13,Low,1075.44,1074.18,1074.31,1077.83,53.15,Medium
22.93417,69.69827,2026-09-04,2106,2.85,336.76,295.59,n,25.34,Low,1075.82,1074.55,1074.69,1078.21,68.37,Medium
22.92655,69.82481,2026-09-04,2106,1.98,306.95,295.48,n,8.12,Low,1064.41,1063.14,1063.27,1066.8,50.7,Medium
21.18306,81.38803,2026-09-04,2106,1.44,301.41,284.53,n,4.64,Low,505.26,504.09,509.08,520.14,25.03,Low
21.18765,81.39323,2026-09-04,2106,1.74,302.69,286.34,n,5.58,Low,505.99,504.82,509.8,520.87,25.99,Low
21.18848,81.38943,2026-09-04,2106,1.44,302.2,285.96,n,5.08,Low,505.83,504.66,509.64,520.69,25.49,Low
23.26578,70.25954,2026-09-04,2106,1.02,305.99,294.82,n,6.87,Low,1048.68,1047.42,1047.54,1051.03,48.82,Low
23.30355,70.4779,2026-09-04,2106,1.17,305.59,294.44,n,6.76,Low,1033.14,1031.89,1032.01,1035.48,48.09,Low
23.31575,70.48792,2026-09-04,2106,1.37,310.46,295.34,n,9.62,Low,1033.13,1031.88,1032.0,1035.47,50.94,Medium
21.30924,81.59233,2026-09-04,2106,0.77,302.07,285.53,n,4.51,Low,529.17,527.92,532.96,544.45,25.86,Low
23.40848,72.41589,2026-09-04,2106,1.43,318.21,293.57,n,13.97,Low,891.53,890.32,890.43,893.73,49.63,Low
20.76145,85.29849,2026-09-04,2106,2.11,309.4,284.98,n,9.58,Low,795.62,792.08,798.42,819.76,41.64,Low
20.76308,85.292,2026-09-04,2106,2.48,301.75,284.99,n,5.61,Low,795.09,791.55,797.9,819.23,37.65,Low
18.2715,74.19861,2026-09-04,2106,0.84,304.38,290.01,n,5.84,Low,438.21,437.0,437.17,440.63,23.37,Low
18.68064,73.03526,2026-09-04,2106,0.89,304.1,291.57,n,5.72,Low,567.54,566.31,566.48,569.98,28.42,Low
18.6904,73.04131,2026-09-04,2106,2.13,317.38,292.88,n,14.03,Low,567.15,565.92,566.08,569.58,36.72,Low
18.69389,73.04198,2026-09-04,2106,2.13,319.91,293.84,n,15.44,Low,567.16,565.93,566.1,569.6,38.13,Low
19.2791,71.42653,2026-09-04,2106,0.66,307.88,293.9,n,7.65,Low,747.55,746.31,746.47,750.0,37.55,Low
17.95682,80.79215,2026-09-04,2106,1.17,300.9,278.73,n,4.16,Low,241.55,237.14,243.84,266.3,14.05,Low
17.95858,80.79491,2026-09-04,2106,0.84,300.72,278.98,n,3.81,Low,241.88,237.46,244.16,266.62,13.71,Low
17.95946,80.79095,2026-09-04,2106,0.79,298.26,280.44,n,2.4,Low,241.49,237.08,243.78,266.24,12.29,Low
17.60933,83.20343,2026-09-04,2106,5.27,316.08,286.93,n,15.66,Low,489.6,487.24,493.49,516.28,35.53,Low
18.71995,79.53621,2026-09-04,2106,0.99,303.8,284.54,n,5.63,Low,170.79,169.55,174.57,187.47,12.65,Low
20.91163,71.45867,2026-09-04,2106,1.38,308.37,293.47,n,8.46,Low,807.11,805.83,805.98,809.55,40.74,Low
19.09743,82.16936,2026-09-04,2106,1.77,307.92,287.64,n,8.51,Low,420.68,416.92,423.35,444.98,25.57,Low
19.10059,82.1667,2026-09-04,2106,1.71,304.42,287.57,n,6.52,Low,420.57,416.82,423.25,444.87,23.58,Low
21.10271,72.64404,2026-09-04,2106,1.38,302.63,287.6,n,5.27,Low,710.35,709.09,709.22,712.75,33.68,Low
21.10401,72.63636,2026-09-04,2106,4.0,332.65,290.83,n,23.92,Low,711.1,709.83,709.97,713.5,52.36,Medium
21.10544,72.64854,2026-09-04,2106,2.05,317.25,290.81,n,13.9,Low,710.12,708.86,708.99,712.52,42.3,Low
21.10738,72.637,2026-09-04,2106,2.25,305.46,290.68,n,7.5,Low,711.25,709.98,710.11,713.64,35.95,Low
21.10608,72.6447,2026-09-04,2106,7.31,333.02,292.63,n,26.6,Low,710.5,709.23,709.36,712.89,55.02,Medium
21.10881,72.64918,2026-09-04,2106,2.05,305.26,291.28,n,7.24,Low,710.27,709.0,709.14,712.66,35.65,Low
21.43225,72.97722,2026-09-04,2106,1.2,304.92,290.99,n,6.41,Low,702.88,701.63,701.75,705.23,34.52,Low
22.33719,69.86794,2026-09-04,2106,3.19,308.4,296.38,n,9.84,Low,1026.84,1025.57,1025.71,1029.25,50.91,Medium
22.33891,69.85638,2026-09-04,2106,2.92,308.84,296.41,n,9.88,Low,1027.97,1026.7,1026.83,1030.38,51.0,Medium
20.79352,85.25729,2026-09-04,2106,2.9,305.82,285.35,n,8.19,Low,793.33,789.82,796.15,817.44,40.16,Low
20.7952,85.2505,2026-09-04,2106,2.9,317.2,284.74,n,14.51,Low,792.78,789.27,795.61,816.89,46.46,Low
20.86771,84.98637,2026-09-04,2106,2.49,305.94,285.46,n,7.95,Low,771.97,768.6,774.87,795.97,39.06,Low
21.62011,81.79417,2026-09-04,2106,0.52,304.05,286.39,n,5.42,Low,569.23,568.02,573.03,584.26,28.37,Low
20.80867,85.25465,2026-09-04,2106,1.74,303.12,284.93,n,5.82,Low,793.83,790.33,796.66,817.93,37.81,Low
20.95502,85.0124,2026-09-04,2106,1.52,301.65,285.18,n,4.83,Low,778.92,775.6,781.85,802.87,36.22,Low
21.67574,82.08032,2026-09-04,2106,1.19,301.97,286.74,n,4.76,Low,592.36,590.99,596.11,608.23,28.64,Low
20.96312,85.18304,2026-09-04,2106,5.19,307.59,282.97,n,10.89,Low,795.0,791.62,797.89,818.99,42.93,Low
20.96635,85.16991,2026-09-04,2106,3.32,306.46,282.86,n,8.86,Low,793.96,790.59,796.86,817.95,40.85,Low
20.97304,85.17196,2026-09-04,2106,3.32,312.5,282.27,n,12.21,Low,794.49,791.13,797.39,818.48,44.22,Low
20.96267,85.18922,2026-09-04,2106,1.3,299.1,281.62,n,3.25,Low,795.54,792.16,798.44,819.54,35.31,Low
20.96438,85.18245,2026-09-04,2106,1.3,306.42,282.57,n,7.32,Low,795.01,791.63,797.91,819.0,39.36,Low
20.96604,85.17587,2026-09-04,2106,3.15,302.79,283.85,n,6.69,Low,794.49,791.12,797.39,818.48,38.7,Low
20.96767,85.16939,2026-09-04,2106,3.15,310.81,282.73,n,11.15,Low,793.98,790.61,796.88,817.97,43.14,Low
20.97437,85.1714,2026-09-04,2106,1.95,306.0,281.55,n,7.57,Low,794.51,791.14,797.41,818.49,39.59,Low
20.96696,86.00981,2026-09-04,2106,1.45,303.19,280.35,n,5.64,Low,872.24,868.63,875.0,896.43,40.76,Low
21.93913,81.98277,2026-09-04,2106,1.05,302.44,286.54,n,4.92,Low,609.2,608.03,612.98,623.94,29.46,Low
20.95286,86.04846,2026-09-04,2106,2.74,304.94,284.19,n,7.58,Low,875.23,871.6,877.98,899.44,42.82,Low
22.01587,82.17987,2026-09-04,2106,0.65,301.54,286.43,n,4.12,Low,628.27,627.01,632.06,643.46,29.43,Low
22.00088,82.67083,2026-09-04,2106,1.43,305.77,286.92,n,7.06,Low,659.31,657.77,663.0,676.06,33.62,Low
22.00664,82.6723,2026-09-04,2106,1.03,305.81,286.69,n,6.78,Low,659.89,658.35,663.58,676.62,33.36,Low
21.74119,83.84169,2026-09-04,2106,3.34,321.01,286.55,n,16.95,Low,726.56,724.28,729.96,746.83,46.23,Low
21.74858,83.83821,2026-09-04,2106,4.01,303.2,285.55,n,7.56,Low,726.81,724.53,730.2,747.05,36.85,Low
21.74731,83.8436,2026-09-04,2106,4.01,348.71,286.9,n,32.85,Low,727.15,724.86,730.54,747.41,62.15,Medium
21.75344,83.84547,2026-09-04,2106,4.01,319.43,286.47,n,16.58,Low,727.73,725.45,731.13,747.97,45.9,Low
21.75471,83.84011,2026-09-04,2106,4.01,303.53,286.16,n,7.75,Low,727.39,725.11,730.79,747.62,37.06,Low
21.67763,84.03689,2026-09-04,2106,3.55,301.22,285.83,n,6.12,Low,737.92,735.49,741.26,758.72,35.85,Low
22.00665,82.66977,2026-09-04,2106,1.36,306.25,286.71,n,7.27,Low,659.71,658.18,663.41,676.45,33.85,Low
21.7385,83.84195,2026-09-04,2106,3.35,301.88,285.84,n,6.33,Low,726.4,724.11,729.79,746.67,35.6,Low
21.74593,83.83846,2026-09-04,2106,6.72,317.19,285.9,n,17.37,Low,726.64,724.36,730.04,746.89,46.65,Low
21.74463,83.84384,2026-09-04,2106,3.35,332.64,286.65,n,23.42,Low,726.98,724.69,730.37,747.24,52.71,Medium
21.75076,83.8457,2026-09-04,2106,2.94,314.42,285.99,n,12.99,Low,727.56,725.28,730.95,747.81,42.31,Low
21.75206,83.84034,2026-09-04,2106,4.25,323.03,286.27,n,18.76,Low,727.22,724.94,730.62,747.46,48.06,Low
21.75692,83.84747,2026-09-04,2106,2.94,303.92,285.81,n,7.16,Low,728.13,725.85,731.53,748.37,36.5,Low
21.7582,83.84217,2026-09-04,2106,4.25,315.0,286.06,n,14.3,Low,727.8,725.53,731.2,748.03,43.63,Low
21.76307,83.84924,2026-09-04,2106,2.87,309.57,285.94,n,10.25,Low,728.71,726.43,732.11,748.94,39.61,Low
21.87359,83.4966,2026-09-04,2106,0.84,302.93,286.42,n,5.04,Low,709.19,707.18,712.69,728.38,33.61,Low
21.92071,83.35161,2026-09-04,2106,3.02,317.63,287.11,n,14.84,Low,701.77,699.86,705.31,720.51,43.11,Low
21.87868,83.55658,2026-09-04,2106,1.86,307.68,286.18,n,8.44,Low,714.16,712.13,717.65,733.48,37.21,Low
22.0317,83.36752,2026-09-04,2106,1.32,303.54,286.54,n,5.73,Low,711.47,709.61,715.03,729.94,34.39,Low
22.03287,83.36258,2026-09-04,2106,1.97,301.81,286.6,n,5.26,Low,711.19,709.34,714.75,729.65,33.91,Low
22.0352,83.35267,2026-09-04,2106,1.18,301.68,286.05,n,4.6,Low,710.64,708.79,714.2,729.07,33.23,Low
22.1076,83.12428,2026-09-04,2106,0.81,302.56,286.66,n,4.81,Low,699.72,698.01,703.34,717.4,32.99,Low
22.01755,83.75123,2026-09-04,2106,1.06,300.6,284.85,n,3.91,Low,739.4,737.34,742.88,758.76,33.69,Low
22.3592,82.29978,2026-09-04,2106,3.99,311.54,285.65,n,12.18,Low,666.04,664.88,669.78,680.68,38.99,Low
22.35826,82.30389,2026-09-04,2106,3.98,331.05,286.53,n,23.01,Low,666.21,665.04,669.96,680.86,49.83,Low
21.92364,85.2219,2026-09-04,2106,2.13,307.46,285.39,n,8.52,Low,853.14,850.35,856.33,875.23,42.87,Low
21.92594,85.22113,2026-09-04,2106,2.86,305.9,285.28,n,8.2,Low,853.22,850.43,856.4,875.3,42.55,Low
22.22193,84.75527,2026-09-04,2106,1.82,297.0,283.98,n,2.48,Low,833.5,831.08,836.84,854.21,36.04,Low
24.69059,73.00319,2026-09-04,2106,1.28,312.77,294.49,n,10.83,Low,962.39,961.26,961.33,964.41,49.32,Low
25.38672,68.58044,2026-09-04,2106,0.86,310.55,295.45,n,9.28,Low,1326.94,1325.7,1325.81,1329.23,62.36,Medium
25.39035,68.58104,2026-09-04,2106,0.86,311.57,295.13,n,9.85,Low,1327.14,1325.91,1326.02,1329.44,62.94,Medium
11.48045,77.62241,2026-09-04,2108,0.77,298.62,264.84,n,2.59,Low,650.93,648.91,661.2,661.66,28.82,Low
9.94102,77.48679,2026-09-04,2108,0.6000000000000001,308.54,289.38,n,7.97,Low,821.74,819.71,831.85,832.52,41.03,Low
16.36108,81.2864,2026-09-04,2108,0.5700000000000001,304.31,287.53,n,5.6,Low,305.06,306.08,312.15,334.48,18.18,Low
17.05184,75.64252,2026-09-04,2108,0.6000000000000001,302.08,290.04,n,4.38,Low,283.43,282.45,282.63,285.52,15.72,Low
17.0538,75.64399,2026-09-04,2108,0.7000000000000001,303.85,290.02,n,5.44,Low,283.23,282.25,282.43,285.33,16.77,Low
15.33428,76.28631,2026-09-04,2108,1.07,304.46,290.03,n,6.06,Low,315.01,314.11,318.48,318.76,18.72,Low
15.1777,77.10036,2026-09-04,2108,2.43,305.68,290.97,n,7.76,Low,274.46,273.02,282.65,281.45,18.88,Low
15.30146,76.22165,2026-09-04,2108,0.52,304.93,289.8,n,5.91,Low,322.52,321.63,325.85,326.17,18.87,Low
15.18121,76.66469,2026-09-04,2108,1.54,311.06,291.83,n,10.08,Low,300.49,299.32,306.37,305.91,22.2,Low
15.1803,76.66946,2026-09-04,2108,1.54,304.37,291.72,n,6.36,Low,300.26,299.08,306.16,305.69,18.47,Low
15.1785,76.65421,2026-09-04,2108,2.02,311.15,292.46,n,10.49,Low,301.42,300.25,307.26,306.81,22.65,Low
15.17759,76.65895,2026-09-04,2108,2.02,316.42,292.36,n,13.42,Low,301.19,300.01,307.05,306.6,25.57,Low
14.87653,78.05255,2026-09-04,2108,1.34,303.35,287.23,n,5.64,Low,272.35,270.34,282.95,283.07,16.73,Low
14.87154,78.05151,2026-09-04,2108,2.49,313.86,289.54,n,12.35,Low,272.91,270.9,283.51,283.63,23.46,Low
15.17019,76.38186,2026-09-04,2108,1.27,305.67,290.39,n,6.88,Low,320.99,319.96,325.57,325.52,19.8,Low
15.07176,76.86304,2026-09-04,2108,1.91,303.44,291.41,n,6.12,Low,297.89,296.55,305.16,304.26,18.16,Low
15.1687,76.37943,2026-09-04,2108,1.6,305.66,290.3,n,7.12,Low,321.29,320.26,325.87,325.81,20.05,Low
15.07287,76.86671,2026-09-04,2108,1.61,304.0,291.87,n,6.21,Low,297.57,296.23,304.85,303.95,18.24,Low
13.7111,79.6208,2026-09-04,2108,0.66,304.94,288.3,n,6.02,Low,413.5,414.73,422.53,432.47,22.85,Low
13.89855,76.56493,2026-09-04,2108,0.62,302.15,290.36,n,4.44,Low,426.32,424.79,435.16,433.79,21.64,Low
12.74499,77.61853,2026-09-04,2108,0.33,301.04,286.93,n,3.6,Low,512.57,510.59,523.4,523.03,24.3,Low
9.94628,77.48783,2026-09-04,2108,0.47,305.53,289.26,n,6.2,Low,821.15,819.12,831.26,831.93,39.23,Low
10.61668,77.42152,2026-09-04,2108,0.28,304.1,289.3,n,5.27,Low,748.56,746.55,758.99,759.18,35.4,Low
10.61797,77.50148,2026-09-04,2108,0.8200000000000001,308.59,287.83,n,8.16,Low,747.24,745.22,757.51,757.95,38.24,Low
11.56157,77.70795,2026-09-04,2108,0.52,302.5,285.11,n,4.56,Low,640.89,638.85,650.98,651.71,30.38,Low
11.42084,77.48328,2026-09-04,2108,0.8200000000000001,312.92,284.16,n,10.57,Low,659.56,657.56,670.14,670.12,37.14,Low
11.48001,77.62247,2026-09-04,2108,0.59,300.66,266.67,n,3.59,Low,650.98,648.96,661.25,661.7,29.82,Low
6.55286,80.77038,2026-09-04,2110,0.75,300.78,284.71,n,3.77,Low,1213.69,1214.89,1222.51,1230.62,52.59,Medium
6.55308,80.77031,2026-09-04,2110,1.0,302.25,284.51,n,4.78,Low,1213.66,1214.86,1222.48,1230.6,53.6,Medium
27.95755,96.95478,2026-09-05,637,5.26,334.77,285.13,n,26.04,Low,2212.17,2209.23,2215.29,2234.57,114.75,High
27.95821,96.95849,2026-09-05,637,5.26,328.12,284.71,n,22.35,Low,2212.52,2209.59,2215.65,2234.93,111.08,High
7.86428,79.87926,2026-09-05,813,1.22,332.91,301.47,n,21.98,Low,1054.66,1055.35,1063.26,1070.04,64.41,Medium
8.08893,81.36685,2026-09-05,813,5.64,339.77,298.07,n,29.1,Low,1063.85,1065.08,1072.93,1082.94,71.95,Medium
8.02535,80.63208,2026-09-05,813,4.24,335.73,304.09,n,25.81,Low,1051.05,1052.26,1059.92,1068.39,68.13,Medium
7.99265,80.41412,2026-09-05,813,5.65,333.28,298.97,n,25.5,Low,1049.9,1051.1,1058.7,1066.69,67.76,Medium
8.10234,81.10136,2026-09-05,813,2.29,332.41,303.58,l,22.5,Low,1054.65,1055.88,1063.66,1073.15,64.97,Medium
7.99843,80.38423,2026-09-05,813,6.15,336.68,301.43,n,27.77,Low,1048.67,1049.86,1057.46,1065.39,69.98,Medium
7.9979,80.38068,2026-09-05,813,6.15,343.39,304.11,n,31.5,Low,1048.66,1049.85,1057.44,1065.36,73.71,Medium
7.97869,80.25325,2026-09-05,813,8.31,349.71,302.49,n,36.63,Low,1048.29,1049.48,1057.03,1064.67,78.82,Medium
8.0395,80.61161,2026-09-05,813,8.79,348.35,302.2,n,36.23,Low,1049.05,1050.26,1057.92,1066.35,78.47,Medium
8.05838,80.6455,2026-09-05,813,2.0,332.93,297.02,n,22.57,Low,1047.78,1048.99,1056.66,1065.17,64.76,Medium
7.984360000000001,80.06512,2026-09-05,813,8.79,346.88,300.99,n,35.41,Low,1044.37,1045.49,1053.05,1060.28,77.44,Medium
7.94978,79.83763,2026-09-05,813,3.3,336.12,299.94,n,25.32,Low,1044.7,1045.32,1053.28,1059.99,67.35,Medium
8.12266,80.8163,2026-09-05,813,6.85,338.16,303.51,n,29.12,Low,1044.94,1046.15,1053.87,1062.78,71.2,Medium
8.12212,80.81266,2026-09-05,813,7.76,356.8,306.15,n,40.15,Medium,1044.9,1046.12,1053.83,1062.73,82.23,High
8.12158,80.80904,2026-09-05,813,7.76,340.0,304.96,n,30.82,Low,1044.87,1046.09,1053.8,1062.69,72.89,Medium
8.12604,80.81579,2026-09-05,813,4.16,337.75,300.59,n,26.87,Low,1044.56,1045.77,1053.49,1062.4,68.93,Medium
8.1255,80.81214,2026-09-05,813,5.69,352.75,302.29,n,36.35,Low,1044.53,1045.74,1053.46,1062.36,78.41,Medium
8.12496,80.80852,2026-09-05,813,5.69,340.1,302.17,n,29.32,Low,1044.49,1045.71,1053.42,1062.32,71.38,Medium
8.17138,81.07531,2026-09-05,813,2.53,337.03,302.89,n,25.25,Low,1046.54,1047.76,1055.55,1065.02,67.4,Medium
8.05222,80.25206,2026-09-05,813,5.49,340.8,303.25,n,29.56,Low,1040.25,1041.44,1049.0,1056.66,71.43,Medium
8.05503,80.24802,2026-09-05,813,3.89,338.37,303.99,n,27.01,Low,1039.87,1041.06,1048.62,1056.27,68.87,Medium
8.05383,80.10401,2026-09-05,813,7.27,344.98,302.11,n,33.22,Low,1037.43,1038.61,1046.12,1053.46,74.98,Medium
8.12778,80.54986,2026-09-05,813,2.47,333.36,298.87,n,23.16,Low,1038.11,1039.32,1046.96,1055.31,64.96,Medium
8.16176,80.68446,2026-09-05,813,6.66,337.97,303.25,n,28.87,Low,1037.51,1038.72,1046.41,1055.06,70.65,Medium
8.16122,80.68085,2026-09-05,813,5.52,340.74,304.9,n,29.55,Low,1037.49,1038.7,1046.38,1055.02,71.33,Medium
8.22299,80.97707,2026-09-05,813,2.02,331.74,301.75,l,21.93,Low,1038.32,1039.54,1047.31,1056.6,63.75,Medium
8.17441,80.63096,2026-09-05,813,2.95,333.18,302.61,n,23.42,Low,1034.9,1036.11,1043.78,1052.32,65.09,Medium
8.05978,79.87353,2026-09-05,813,4.55,343.64,300.6,n,30.43,Low,1033.15,1033.88,1041.75,1048.58,72.0,Medium
8.17748,80.58276,2026-09-05,813,9.25,348.04,300.32,n,36.4,Low,1033.47,1034.67,1042.33,1050.77,78.01,Medium
8.11574,80.15222,2026-09-05,813,4.77,338.84,301.11,n,27.93,Low,1031.51,1032.69,1040.22,1047.69,69.45,Medium
8.09138,79.92904,2026-09-05,813,14.3,344.56,301.53,n,38.26,Low,1030.51,1031.37,1039.13,1046.1,79.73,Medium
8.20892,80.69186,2026-09-05,813,2.02,336.14,302.3,n,24.37,Low,1032.6,1033.81,1041.5,1050.19,65.95,Medium
8.21024,80.58482,2026-09-05,813,8.22,345.91,302.97,n,34.45,Low,1029.97,1031.17,1038.83,1047.29,75.92,Medium
8.2587,80.32465,2026-09-05,813,5.93,348.78,304.4,n,34.33,Low,1019.17,1020.36,1027.95,1035.87,75.36,Medium
8.38724,81.02727,2026-09-05,813,6.44,340.75,303.11,n,30.25,Low,1022.1,1023.33,1031.11,1040.61,71.42,Medium
8.3856,81.01615,2026-09-05,813,6.27,337.54,303.06,n,28.34,Low,1021.97,1023.19,1030.98,1040.45,69.51,Medium
8.39956,81.06335,2026-09-05,813,4.22,337.71,305.24,n,26.89,Low,1021.8,1023.03,1030.82,1040.4,68.05,Medium
8.39913,81.03686,2026-09-05,813,6.8100000000000005,337.34,301.82,n,28.63,Low,1021.1,1022.32,1030.11,1039.64,69.76,Medium
8.36094,80.59453,2026-09-05,813,1.93,333.82,299.3,n,23.01,Low,1013.89,1015.09,1022.77,1031.32,63.84,Medium
8.35447,80.55137,2026-09-05,813,3.72,339.14,301.68,n,27.31,Low,1013.6,1014.8,1022.47,1030.92,68.13,Medium
8.44327,81.09863,2026-09-05,813,7.92,348.69,302.78,n,35.77,Low,1018.14,1019.37,1027.17,1036.85,76.79,Medium
8.44271,81.0949,2026-09-05,813,3.43,337.25,301.34,n,26.04,Low,1018.09,1019.32,1027.13,1036.79,67.05,Medium
8.46437,81.0993,2026-09-05,813,7.32,345.65,303.22,n,33.63,Low,1015.91,1017.14,1024.94,1034.63,74.56,Medium
8.42615,80.84453,2026-09-05,813,7.49,338.86,298.15,n,29.98,Low,1013.0,1014.22,1021.96,1031.09,70.78,Medium
8.4001,80.62553,2026-09-05,813,3.19,333.85,302.28,n,23.98,Low,1010.38,1011.59,1019.27,1027.91,64.67,Medium
8.35222,80.17999,2026-09-05,813,1.91,330.97,300.46,n,21.42,Low,1006.21,1007.4,1014.95,1022.58,61.93,Medium
8.43594,80.67204,2026-09-05,813,11.39,349.64,306.12,n,38.9,Low,1007.62,1008.83,1016.53,1025.29,79.48,Medium
8.40004,80.43096,2026-09-05,813,3.92,341.79,304.88,n,28.93,Low,1006.01,1007.21,1014.84,1023.05,69.44,Medium
8.36862,80.22093,2026-09-05,813,3.3,342.21,302.87,n,28.7,Low,1005.19,1006.38,1013.94,1021.67,69.17,Medium
8.3665,80.20679,2026-09-05,813,6.99,336.98,303.26,n,28.56,Low,1005.15,1006.34,1013.9,1021.6,69.03,Medium
8.4034,80.43046,2026-09-05,813,3.92,335.43,301.29,n,25.4,Low,1005.63,1006.84,1014.46,1022.68,65.9,Medium
8.46325,80.80936,2026-09-05,813,10.92,343.07,301.59,n,34.9,Low,1008.1,1009.32,1017.06,1026.13,75.51,Medium
8.46393,80.79059,2026-09-05,813,6.6,335.48,303.0,n,27.44,Low,1007.55,1008.76,1016.5,1025.53,68.02,Medium
8.42995,80.56219,2026-09-05,813,2.51,336.8,301.89,n,25.1,Low,1005.68,1006.88,1014.55,1023.07,65.6,Medium
8.47329,80.8303,2026-09-05,813,6.05,340.45,303.19,n,29.79,Low,1007.56,1008.78,1016.53,1025.65,70.38,Medium
8.39266,80.28991,2026-09-05,813,7.05,336.13,302.91,n,28.14,Low,1003.91,1005.1,1012.69,1020.58,68.56,Medium
8.37896,80.17594,2026-09-05,813,22.11,350.32,306.7,n,47.32,Medium,1003.22,1004.41,1011.96,1019.59,87.71,High
8.48063,80.83294,2026-09-05,813,3.04,337.24,302.32,n,25.75,Low,1006.84,1008.06,1015.81,1024.94,66.31,Medium
8.480080000000001,80.82928,2026-09-05,813,3.04,333.44,302.33,n,23.64,Low,1006.81,1008.03,1015.77,1024.9,64.2,Medium
8.4546,80.6581,2026-09-05,813,5.8,340.29,302.7,n,29.51,Low,1005.27,1006.48,1014.17,1022.92,70.0,Medium
8.42556,80.46367,2026-09-05,813,7.39,334.67,299.03,n,27.58,Low,1003.95,1005.15,1012.79,1021.09,68.01,Medium
8.47913,80.79951,2026-09-05,813,3.7,338.11,302.95,n,26.73,Low,1006.14,1007.36,1015.09,1024.16,67.26,Medium
8.42892,80.46317,2026-09-05,813,7.39,345.61,299.11,n,33.66,Low,1003.57,1004.78,1012.42,1020.71,74.07,Medium
8.47708,80.76251,2026-09-05,813,4.67,336.0,302.42,n,26.28,Low,1005.42,1006.63,1014.36,1023.34,66.78,Medium
8.48918,80.82043,2026-09-05,813,6.89,342.09,301.21,n,31.33,Low,1005.6,1006.82,1014.56,1023.67,71.84,Medium
8.48482,80.79119,2026-09-05,813,4.38,339.67,303.73,n,28.1,Low,1005.31,1006.53,1014.27,1023.31,68.59,Medium
8.42385,80.38354,2026-09-05,813,2.61,336.19,298.5,n,24.84,Low,1002.42,1003.62,1011.24,1019.36,65.21,Medium
8.47204,80.65918,2026-09-05,813,3.54,335.56,300.54,n,25.19,Low,1003.41,1004.62,1012.32,1021.07,65.6,Medium
8.49118,80.76411,2026-09-05,813,5.13,334.93,305.63,l,26.03,Low,1003.94,1005.16,1012.88,1021.88,66.47,Medium
8.49523,80.74486,2026-09-05,813,12.18,353.16,304.75,n,41.45,Medium,1003.02,1004.24,1011.96,1020.91,81.85,High
8.49469,80.74122,2026-09-05,813,8.76,343.3,304.19,n,33.4,Low,1002.99,1004.2,1011.92,1020.87,73.8,Medium
8.46284,80.50578,2026-09-05,813,3.0,333.56,303.84,l,23.67,Low,1000.84,1002.04,1009.7,1018.11,63.98,Medium
8.51689,80.82001,2026-09-05,813,5.01,336.92,305.62,n,27.05,Low,1002.61,1003.83,1011.57,1020.7,67.44,Medium
8.50867,80.7652,2026-09-05,813,3.84,341.02,304.22,n,28.45,Low,1002.09,1003.3,1011.03,1020.03,68.81,Medium
8.51206,80.76469,2026-09-05,813,3.0,338.72,301.96,n,26.54,Low,1001.71,1002.93,1010.65,1019.66,66.89,Medium
8.47132,80.49349,2026-09-05,813,1.59,330.69,299.93,n,21.02,Low,999.65,1000.85,1008.5,1016.89,61.28,Medium
8.47522,80.49657,2026-09-05,813,2.37,336.32,298.53,n,24.73,Low,999.29,1000.5,1008.15,1016.55,64.97,Medium
8.47468,80.49299,2026-09-05,813,1.59,331.38,297.98,n,21.4,Low,999.27,1000.48,1008.13,1016.51,61.64,Medium
8.50354,80.66186,2026-09-05,813,4.53,336.63,299.62,n,26.53,Low,1000.08,1001.29,1008.99,1017.76,66.81,Medium
8.53882,80.85044,2026-09-05,813,4.79,338.61,303.78,n,27.82,Low,1001.05,1002.27,1010.03,1019.23,68.15,Medium
8.50431,80.62106,2026-09-05,813,2.91,337.01,304.53,n,25.52,Low,999.01,1000.22,1007.91,1016.6,65.76,Medium
8.53777,80.77148,2026-09-05,813,3.59,334.33,302.82,n,24.54,Low,999.11,1000.33,1008.06,1017.1,64.79,Medium
8.44974,80.17898,2026-09-05,813,4.47,334.5,303.2,n,25.3,Low,995.56,996.75,1004.3,1011.97,65.39,Medium
8.54917,80.75482,2026-09-05,813,10.97,349.24,306.18,n,38.36,Low,997.46,998.68,1006.41,1015.41,78.54,Medium
8.565010000000001,80.8385,2026-09-05,813,4.76,334.37,303.22,n,25.44,Low,997.93,999.15,1006.9,1016.09,65.64,Medium
8.55556,80.72779,2026-09-05,813,4.63,340.95,304.43,n,29.0,Low,996.09,997.31,1005.03,1013.98,69.12,Medium
8.55502,80.72415,2026-09-05,813,5.26,342.86,304.07,n,30.53,Low,996.06,997.28,1005.0,1013.94,70.65,Medium
8.56992,80.77787000000001,2026-09-05,813,7.86,339.49,305.56,n,30.61,Low,995.82,997.04,1004.77,1013.84,70.72,Medium
8.54884,80.63599,2026-09-05,813,2.2,332.68,302.05,n,22.58,Low,994.56,995.77,1003.47,1012.21,62.64,Medium
8.60616,80.9755,2026-09-05,813,3.01,330.57,301.46,l,22.02,Low,997.24,998.46,1006.25,1015.76,62.2,Medium
8.52282,80.41543,2026-09-05,813,15.94,345.24,303.8,n,39.87,Low,992.36,993.56,1001.19,1009.43,79.84,Medium
8.60958,80.975,2026-09-05,813,5.7,336.34,301.49,n,27.24,Low,996.86,998.08,1005.87,1015.38,67.4,Medium
8.56221,80.65617,2026-09-05,813,6.85,333.48,300.93,n,26.52,Low,993.61,994.82,1002.52,1011.32,66.54,Medium
8.49961,80.21492,2026-09-05,813,3.06,333.2,303.29,l,23.52,Low,990.81,992.0,999.57,1007.34,63.42,Medium
8.62532,81.01054,2026-09-05,813,5.17,338.0,302.51,n,27.77,Low,996.18,997.4,1005.2,1014.8,67.91,Medium
8.62985,81.01746,2026-09-05,813,4.34,337.55,302.48,n,26.89,Low,995.89,997.12,1004.92,1014.53,67.01,Medium
8.6293,81.01375,2026-09-05,813,4.46,341.11,304.13,n,28.96,Low,995.84,997.07,1004.87,1014.48,69.08,Medium
8.566,80.589,2026-09-05,813,5.11,332.44,303.65,l,24.63,Low,991.59,992.8,1000.49,1009.13,64.57,Medium
8.63327,81.01696,2026-09-05,813,4.34,336.19,303.36,n,26.14,Low,995.51,996.74,1004.54,1014.15,66.25,Medium
8.63271,81.01324,2026-09-05,813,4.46,339.57,302.05,n,28.11,Low,995.46,996.69,1004.49,1014.1,68.22,Medium
8.63106,81.0021,2026-09-05,813,2.32,331.86,299.94,n,22.22,Low,995.32,996.55,1004.35,1013.93,62.32,Medium
8.6294,80.99097,2026-09-05,813,6.7,343.53,301.39,n,31.99,Low,995.18,996.41,1004.2,1013.77,72.09,Medium
8.6058,80.83237,2026-09-05,813,7.64,342.45,303.81,n,32.09,Low,993.38,994.6,1002.36,1011.56,72.11,Medium
8.52262,80.27681,2026-09-05,813,4.82,343.17,303.9,n,30.38,Low,989.51,990.7,998.29,1006.22,70.23,Medium
8.63503,81.0053,2026-09-05,813,4.32,342.41,302.69,n,29.58,Low,994.99,996.22,1004.01,1013.61,69.67,Medium
8.65415,81.06326,2026-09-05,813,2.47,332.61,299.93,n,22.75,Low,994.61,995.84,1003.65,1013.38,62.82,Medium
8.59385,80.63658,2026-09-05,813,3.56,331.01,303.04,l,22.68,Low,989.72,990.93,998.63,1007.4,62.55,Medium
8.59053,80.52262,2026-09-05,813,3.17,336.86,298.77,n,25.63,Low,987.4,988.61,996.27,1004.78,65.4,Medium
8.65036,80.87457,2026-09-05,813,4.64,337.34,302.33,n,27.0,Low,989.73,990.95,998.72,1008.04,66.87,Medium
8.65376,80.87405,2026-09-05,813,4.64,337.87,302.59,n,27.3,Low,989.35,990.57,998.34,1007.66,67.16,Medium
8.65211,80.86302,2026-09-05,813,7.2,338.41,302.27,n,29.52,Low,989.23,990.45,998.22,1007.51,69.37,Medium
8.58073,80.36644,2026-09-05,813,3.71,349.09,303.15,n,32.83,Low,985.03,986.23,993.85,1002.0,72.5,Medium
8.58409,80.36593,2026-09-05,813,3.71,337.15,302.31,n,26.2,Low,984.66,985.85,993.48,1001.63,65.86,Medium
8.58355,80.36236,2026-09-05,813,3.71,345.95,304.31,n,31.09,Low,984.64,985.84,993.46,1001.6,70.75,Medium
8.70245,81.13233,2026-09-05,813,3.03,335.37,303.9,n,24.7,Low,991.51,992.74,1000.57,1010.48,64.65,Medium
8.6112,80.48957,2026-09-05,813,14.4,343.23,301.13,n,37.59,Low,984.41,985.62,993.28,1001.72,77.24,Medium
8.61067,80.48598,2026-09-05,813,3.91,338.4,301.77,n,27.04,Low,984.39,985.59,993.25,1001.69,66.69,Medium
8.69343,81.02293,2026-09-05,813,8.56,353.24,302.62,n,38.78,Low,989.25,990.48,998.29,1007.96,78.64,Medium
8.69288,81.01921,2026-09-05,813,6.12,343.85,303.52,n,31.73,Low,989.21,990.44,998.24,1007.9,71.59,Medium
8.69685,81.02242,2026-09-05,813,34.68,341.25,305.6,n,51.7,Medium,988.87,990.1,997.91,1007.58,91.54,High
8.6963,81.01871,2026-09-05,813,14.61,348.54,304.43,n,40.7,Medium,988.83,990.06,997.86,1007.52,80.54,High
8.67071,80.84486,2026-09-05,813,22.92,344.37,309.23,n,44.62,Medium,986.75,987.97,995.73,1005.0,84.37,High
8.67016,80.84117,2026-09-05,813,8.18,344.29,304.42,n,33.52,Low,986.71,987.93,995.69,1004.95,73.27,Medium
8.67411,80.84435,2026-09-05,813,22.92,337.37,301.73,n,40.73,Medium,986.37,987.59,995.35,1004.62,80.47,High
8.6295,80.51996,2026-09-05,813,4.29,338.94,302.06,n,27.63,Low,983.12,984.33,992.0,1000.52,67.23,Medium
8.62896,80.51635,2026-09-05,813,4.29,337.33,301.47,n,26.73,Low,983.1,984.31,991.97,1000.49,66.33,Medium
8.67725,80.70167000000001,2026-09-05,813,3.66,330.89,298.98,n,22.68,Low,982.33,983.55,991.27,1000.23,62.25,Medium
8.70406,80.85869,2026-09-05,813,6.71,337.27,302.59,n,28.52,Low,983.54,984.76,992.53,1001.85,68.15,Medium
8.70351,80.85501,2026-09-05,813,6.71,342.1,304.44,n,31.2,Low,983.5,984.72,992.49,1001.8,70.83,Medium
8.69478,80.7962,2026-09-05,813,6.67,344.17,301.47,n,32.32,Low,982.88,984.1,991.84,1001.02,71.92,Medium
8.72964,80.96056,2026-09-05,813,3.93,332.41,298.84,n,23.73,Low,983.61,984.84,992.63,1002.19,63.36,Medium
8.6632,80.51487,2026-09-05,813,17.0,341.21,304.31,n,38.42,Low,979.36,980.57,988.24,996.77,77.87,Medium
8.66455,80.47787,2026-09-05,813,4.69,336.72,302.74,n,26.7,Low,978.37,979.58,987.24,995.68,66.11,Medium
8.64641,80.33406,2026-09-05,813,3.67,337.54,304.27,n,26.39,Low,977.22,978.42,986.03,994.15,65.75,Medium
8.68765,80.35707,2026-09-05,813,14.63,352.26,306.49,n,42.78,Medium,973.23,974.43,982.05,990.24,81.98,High
8.69101,80.35657,2026-09-05,813,14.63,347.26,302.46,n,40.01,Medium,972.85,974.05,981.68,989.86,79.19,Medium
8.69047,80.353,2026-09-05,813,14.63,335.52,303.33,n,33.48,Low,972.84,974.04,981.66,989.83,72.66,Medium
8.69899,80.28534,2026-09-05,813,2.41,330.9,301.1,l,21.75,Low,970.51,971.7,979.3,987.33,60.84,Medium
8.8086,81.00157,2026-09-05,813,9.27,367.0,306.04,h,46.95,Medium,976.35,977.58,985.38,995.08,86.29,High
8.80806,80.99785,2026-09-05,813,9.27,340.45,303.68,n,32.2,Low,976.3,977.53,985.33,995.02,71.54,Medium
8.81203,81.00107,2026-09-05,813,9.27,350.11,302.67,n,37.57,Low,975.97,977.19,985.0,994.7,76.9,Medium
8.75096,80.54166,2026-09-05,813,4.52,334.99,301.44,n,25.61,Low,970.5,971.7,979.39,988.02,64.71,Medium
8.75043,80.53805,2026-09-05,813,4.26,338.35,301.87,n,27.28,Low,970.47,971.68,979.36,987.99,66.38,Medium
8.74935,80.53083,2026-09-05,813,7.94,352.09,302.01,n,37.67,Low,970.42,971.62,979.3,987.92,76.76,Medium
8.8223,80.99955,2026-09-05,813,5.32,343.31,302.17,n,30.83,Low,974.83,976.06,983.86,993.56,70.11,Medium
8.75273,80.53033,2026-09-05,813,1.71,335.04,300.96,n,23.53,Low,970.04,971.25,978.93,987.54,62.61,Medium
8.75219,80.52672,2026-09-05,813,1.71,336.61,294.41,n,24.4,Low,970.01,971.22,978.9,987.5,63.48,Medium
8.83201,80.99429,2026-09-05,813,3.73,334.29,300.99,n,24.63,Low,973.64,974.87,982.67,992.37,63.87,Medium
8.811160000000001,80.85354,2026-09-05,813,4.45,343.29,301.96,n,30.17,Low,971.92,973.15,980.92,990.29,69.33,Medium
8.83324,80.86153,2026-09-05,813,3.26,333.62,303.95,l,23.9,Low,969.77,971.0,978.77,988.17,62.98,Medium
8.79525,80.56088,2026-09-05,813,4.55,338.1,302.86,n,27.36,Low,966.17,967.38,975.07,983.77,66.28,Medium
8.81148,80.57696,2026-09-05,813,6.13,336.95,302.34,n,27.9,Low,964.8,966.01,973.71,982.46,66.77,Medium
8.85021,80.74253,2026-09-05,813,7.86,342.85,296.95,n,32.48,Low,964.77,965.99,973.74,982.88,71.35,Medium
8.79784,80.39472,2026-09-05,813,6.19,338.65,303.53,n,28.89,Low,962.09,963.29,970.93,979.26,67.65,Medium
8.7973,80.39112,2026-09-05,813,5.15,336.46,301.83,n,26.9,Low,962.07,963.27,970.91,979.23,65.65,Medium
8.85361,80.74201,2026-09-05,813,14.2,341.82,302.32,n,36.66,Low,964.4,965.62,973.36,982.51,75.52,Medium
8.8651,80.74441,2026-09-05,813,2.97,338.98,304.68,n,26.66,Low,963.22,964.44,972.19,981.35,65.47,Medium
8.76995,80.10387,2026-09-05,813,4.48,337.67,303.09,n,27.07,Low,959.26,960.45,968.0,975.63,65.7,Medium
8.88978,80.86481,2026-09-05,813,4.77,335.51,304.13,n,26.08,Low,963.81,965.03,972.81,982.26,64.92,Medium
8.83489,80.47026,2026-09-05,813,5.31,342.51,296.82,n,30.38,Low,959.77,960.97,968.64,977.16,69.05,Medium
8.83842,80.44763,2026-09-05,813,4.07,336.37,301.57,n,26.04,Low,958.87,960.07,967.74,976.2,64.67,Medium
8.91352,80.88396,2026-09-05,813,10.26,338.46,300.59,n,31.84,Low,961.8,963.02,970.81,980.31,70.6,Medium
8.912980000000001,80.88026,2026-09-05,813,19.97,351.7,304.44,n,46.48,Medium,961.75,962.98,970.76,980.25,85.24,High
8.88087,80.66352,2026-09-05,813,6.01,330.16,302.42,l,24.04,Low,959.45,960.67,968.39,977.38,62.7,Medium
10.54381,79.22341,2026-09-05,813,5.35,346.01,303.01,n,32.35,Low,752.15,752.03,760.57,766.54,62.66,Medium
9.62122,77.4757,2026-09-05,813,5.38,330.24,297.29,n,23.61,Low,857.01,854.98,867.07,867.82,58.08,Medium
9.76186,79.01588,2026-09-05,813,1.74,333.28,301.89,n,22.57,Low,836.83,835.95,845.1,850.24,56.25,Medium
9.77927,80.18752,2026-09-05,813,3.52,340.77,299.6,n,28.07,Low,851.18,852.38,860.02,868.37,62.39,Medium
9.76191,80.18646,2026-09-05,813,4.1,341.75,297.91,n,29.05,Low,853.04,854.24,861.88,870.21,63.44,Medium
9.33446,77.69536,2026-09-05,813,7.2,346.22,307.87,n,33.86,Low,886.15,884.08,895.74,897.18,69.49,Medium
9.62942,80.3325,2026-09-05,813,2.0,332.14,299.9,n,22.13,Low,870.67,871.88,879.56,888.19,57.23,Medium
9.39375,78.88885,2026-09-05,813,4.57,340.06,303.67,n,28.46,Low,876.89,875.64,885.08,889.81,63.73,Medium
9.30931,78.79927,2026-09-05,813,4.62,340.57,302.17,n,28.78,Low,885.94,884.45,894.07,898.54,64.41,Medium
9.41381,80.42905,2026-09-05,813,1.79,340.91,302.15,n,26.85,Low,896.24,897.45,905.14,913.88,62.98,Medium
9.41815,80.45808,2026-09-05,813,1.08,334.11,302.01,n,22.54,Low,896.47,897.68,905.38,914.2,58.68,Medium
9.41869,80.46172,2026-09-05,813,1.47,333.34,301.23,n,22.4,Low,896.5,897.71,905.41,914.24,58.54,Medium
9.41477,80.45859,2026-09-05,813,1.4,333.53,301.82,n,22.46,Low,896.84,898.06,905.76,914.57,58.61,Medium
9.4007,80.457,2026-09-05,813,3.23,345.83,302.17,n,30.66,Low,898.32,899.54,907.24,916.04,66.87,Medium
9.39164,80.4658,2026-09-05,813,3.04,337.53,301.81,n,25.91,Low,899.51,900.73,908.43,917.25,62.17,Medium
9.38173,80.51563,2026-09-05,813,3.37,339.27,301.01,n,27.12,Low,901.81,903.02,910.74,919.67,63.47,Medium
9.21617,80.32276,2026-09-05,813,2.46,331.28,300.66,n,22.0,Low,915.17,916.38,924.02,932.39,58.88,Medium
9.22275,80.66697,2026-09-05,813,3.32,336.31,302.88,n,25.44,Low,922.78,924.0,931.75,940.94,62.63,Medium
8.76241,78.10452,2026-09-05,813,2.68,333.26,302.74,l,23.27,Low,946.65,944.53,955.41,958.05,61.32,Medium
9.07612,80.40704,2026-09-05,813,2.15,336.87,302.41,n,24.87,Low,932.22,933.43,941.09,949.59,62.43,Medium
9.07853,80.46942,2026-09-05,813,3.71,342.27,299.85,n,29.04,Low,933.4,934.61,942.3,950.94,66.65,Medium
9.04103,80.44921,2026-09-05,813,5.52,332.04,305.66,l,24.72,Low,936.99,938.19,945.87,954.45,62.48,Medium
8.99586,80.6644,2026-09-05,813,10.73,339.29,297.92,n,32.65,Low,947.1,948.32,956.05,965.1,70.82,Medium
8.94314,80.37978,2026-09-05,813,5.8100000000000005,346.45,302.05,n,32.94,Low,946.01,947.22,954.86,963.23,71.05,Medium
9.00062,80.81387,2026-09-05,813,5.24,350.01,302.17,n,34.49,Low,950.54,951.76,959.54,968.93,72.8,Medium
8.95918,80.58051,2026-09-05,813,20.83,345.88,304.91,n,43.89,Medium,948.95,950.16,957.87,966.71,82.13,High
8.95551,80.76838,2026-09-05,813,4.13,340.4,303.36,n,28.32,Low,954.15,955.37,963.13,972.4,66.77,Medium
8.96636,80.88741,2026-09-05,813,4.8100000000000005,340.97,301.33,n,29.15,Low,956.24,957.47,965.26,974.8,67.69,Medium
8.96129,80.87682,2026-09-05,813,4.8,335.18,303.6,n,25.92,Low,956.49,957.71,965.5,975.01,64.47,Medium
8.943,80.77776,2026-09-05,813,5.79,341.99,304.13,n,30.45,Low,955.74,956.96,964.72,974.0,68.96,Medium
8.94355,80.78143,2026-09-05,813,6.32,354.27,304.16,n,37.67,Low,955.78,957.0,964.76,974.05,76.19,Medium
8.94015,80.78194,2026-09-05,813,6.32,338.48,303.37,n,28.9,Low,956.16,957.38,965.14,974.43,67.43,Medium
8.91912,80.68765,2026-09-05,813,9.06,344.67,301.96,n,34.39,Low,955.95,957.17,964.9,973.96,72.91,Medium
8.92709,80.78766,2026-09-05,813,4.77,336.19,300.72,n,26.46,Low,957.71,958.94,966.7,975.99,65.05,Medium
8.94302,80.8947,2026-09-05,813,5.07,339.6,303.37,n,28.58,Low,958.94,960.17,967.96,977.5,67.23,Medium
8.92369,80.78816,2026-09-05,813,1.96,330.56,299.7,n,21.23,Low,958.09,959.31,967.07,976.37,59.84,Medium
8.85206,80.33175,2026-09-05,813,13.35,342.91,301.04,n,36.63,Low,954.85,956.05,963.68,971.88,75.09,Medium
8.91925,80.87554,2026-09-05,813,4.03,348.17,295.98,n,32.56,Low,960.95,962.18,969.96,979.44,71.29,Medium
6.1825,81.15936,2026-09-05,813,3.84,336.9,302.46,n,26.16,Low,1262.57,1263.78,1271.47,1280.14,76.94,Medium
6.1805,81.00926,2026-09-05,813,2.48,337.19,301.79,n,25.3,Low,1259.28,1260.49,1268.15,1276.55,75.94,Medium
6.17996,81.00569,2026-09-05,813,2.48,341.03,302.13,n,27.43,Low,1259.26,1260.46,1268.12,1276.52,78.07,Medium
6.18441,81.01233,2026-09-05,813,4.5,343.12,301.1,n,30.11,Low,1258.93,1260.13,1267.8,1276.21,80.74,High
6.18386,81.00876,2026-09-05,813,5.49,348.29,302.69,n,33.72,Low,1258.91,1260.11,1267.77,1276.18,84.35,High
6.18886,81.01897,2026-09-05,813,2.74,336.55,300.97,n,25.14,Low,1258.6,1259.8,1267.47,1275.89,75.76,Medium
6.18832,81.01539,2026-09-05,813,4.5,346.67,301.64,n,32.08,Low,1258.57,1259.78,1267.44,1275.86,82.7,High
6.19222,81.01846,2026-09-05,813,17.44,347.43,303.31,n,42.21,Medium,1258.22,1259.43,1267.09,1275.52,92.81,High
6.19168,81.01488,2026-09-05,813,18.42,352.21,303.42,n,45.6,Medium,1258.2,1259.4,1267.07,1275.49,96.2,High
6.21498,80.86486,2026-09-05,813,2.55,330.59,300.8,l,21.68,Low,1252.36,1253.56,1261.19,1269.35,72.04,Medium
6.35271,80.94569,2026-09-05,813,3.24,332.07,303.22,l,23.02,Low,1239.2,1240.41,1248.06,1256.42,72.86,Medium
6.33726,80.82056,2026-09-05,813,3.01,335.6,301.81,n,24.81,Low,1238.15,1239.35,1246.97,1255.1,74.61,Medium
6.35661,80.85766,2026-09-05,813,5.09,341.92,302.19,n,29.88,Low,1236.85,1238.05,1245.68,1253.88,79.62,Medium
6.39684,81.07821,2026-09-05,813,8.98,347.64,303.69,n,35.98,Low,1237.48,1238.69,1246.38,1255.0,85.76,High
6.35751,80.79565,2026-09-05,813,2.77,331.18,300.59,n,22.18,Low,1235.43,1236.63,1244.24,1252.33,71.87,Medium
6.40697,81.07669,2026-09-05,813,5.8100000000000005,338.35,301.63,n,28.44,Low,1236.35,1237.56,1245.25,1253.87,78.17,Medium
6.40642,81.07309,2026-09-05,813,5.8100000000000005,336.83,302.46,n,27.6,Low,1236.33,1237.54,1245.22,1253.84,77.33,Medium
6.47917,80.77299,2026-09-05,813,3.1,333.8,303.06,n,23.88,Low,1221.74,1222.94,1230.56,1238.65,73.02,Medium
6.57916,81.3848,2026-09-05,813,5.71,342.68,300.07,n,30.77,Low,1225.6,1226.83,1234.59,1243.83,80.08,High
6.59315,81.12927,2026-09-05,813,6.74,338.07,300.78,n,28.98,Low,1217.53,1218.74,1226.45,1235.24,77.96,Medium
6.66843,81.51497,2026-09-05,813,6.85,343.89,303.91,n,32.3,Low,1219.63,1220.86,1228.65,1238.17,81.37,High
6.69977,81.40025,2026-09-05,813,7.83,337.6,305.35,n,29.54,Low,1213.09,1214.31,1222.09,1231.42,78.35,Medium
6.70425,81.31312,2026-09-05,813,4.82,331.44,301.08,n,23.86,Low,1210.27,1211.49,1219.24,1228.42,72.55,Medium
6.72359,81.30273,2026-09-05,813,11.06,342.56,303.37,n,34.72,Low,1207.92,1209.14,1216.89,1226.06,83.32,High
6.73964,81.38676,2026-09-05,813,8.34,336.25,303.58,n,29.17,Low,1208.45,1209.67,1217.44,1226.77,77.79,Medium
6.76475,81.50785,2026-09-05,813,6.0,340.81,301.34,n,29.95,Low,1209.13,1210.36,1218.16,1227.71,78.6,Medium
6.7338000000000005,81.30119,2026-09-05,813,5.13,333.75,301.22,n,25.38,Low,1206.78,1208.0,1215.75,1224.92,73.93,Medium
6.76149,81.46268,2026-09-05,813,5.14,339.98,303.99,n,28.84,Low,1208.21,1209.43,1217.22,1226.69,77.46,Medium
6.75762,81.43685,2026-09-05,813,5.12,337.47,299.44,n,27.43,Low,1207.9,1209.13,1216.91,1226.33,76.03,Medium
6.75339,81.36208,2026-09-05,813,9.95,345.28,303.21,n,35.4,Low,1206.3,1207.53,1215.29,1224.58,83.94,High
6.78665,81.44385,2026-09-05,813,4.9,335.04,303.8,n,25.92,Low,1204.99,1206.21,1214.0,1223.45,74.41,Medium
7.1755,81.82485,2026-09-05,813,5.01,334.72,299.01,n,25.82,Low,1175.09,1176.33,1184.21,1194.55,73.12,Medium
7.15843,81.65216,2026-09-05,813,3.68,336.75,301.13,n,25.95,Low,1171.45,1172.69,1180.53,1190.55,73.1,Medium
7.21239,81.70628,2026-09-05,813,3.92,336.38,300.15,n,25.93,Low,1167.41,1168.64,1176.5,1186.65,72.92,Medium
7.01089,79.91428,2026-09-05,813,11.03,337.79,298.12,n,32.04,Low,1148.78,1149.3,1157.35,1163.94,78.23,Medium
7.01036,79.9108,2026-09-05,813,11.03,341.95,299.06,n,34.36,Low,1148.79,1149.31,1157.36,1163.95,80.55,High
7.30447,81.83759,2026-09-05,813,7.65,340.49,302.27,n,31.01,Low,1161.88,1163.12,1171.01,1181.44,77.78,Medium
7.30221,81.82216,2026-09-05,813,3.74,335.62,302.17,n,25.37,Low,1161.61,1162.86,1170.74,1181.14,72.13,Medium
7.30165,81.81831,2026-09-05,813,3.74,335.41,300.45,n,25.26,Low,1161.55,1162.79,1170.67,1181.07,72.02,Medium
7.30683,81.82935,2026-09-05,813,10.23,340.67,302.89,n,33.04,Low,1161.36,1162.6,1170.49,1180.91,79.79,Medium
7.304,81.81009,2026-09-05,813,4.77,338.65,299.42,n,27.83,Low,1161.03,1162.27,1170.15,1180.54,74.57,Medium
7.29734,81.74046,2026-09-05,813,8.52,338.69,301.45,n,30.66,Low,1159.49,1160.73,1168.6,1178.85,77.34,Medium
7.19413,80.99595,2026-09-05,813,6.1,333.09,295.73,n,25.74,Low,1149.45,1150.67,1158.38,1167.19,72.0,Medium
7.19752,80.99545,2026-09-05,813,6.1,349.7,303.7,n,34.96,Low,1149.08,1150.29,1158.0,1166.81,81.2,High
7.20091,80.99495,2026-09-05,813,6.99,340.49,301.01,n,30.51,Low,1148.7,1149.91,1157.62,1166.44,76.74,Medium
7.32206,81.78776,2026-09-05,813,2.29,337.67,300.27,n,25.42,Low,1158.4,1159.64,1167.52,1177.87,72.05,Medium
7.30746,81.66486,2026-09-05,813,6.26,337.07,296.28,n,28.07,Low,1156.03,1157.26,1165.12,1175.24,74.61,Medium
7.3626,81.82111,2026-09-05,813,5.16,340.73,300.7,n,29.28,Low,1155.2,1156.45,1164.33,1174.77,75.79,Medium
7.27373,81.22643,2026-09-05,813,3.53,341.48,298.99,n,28.47,Low,1146.84,1148.06,1155.83,1165.12,74.63,Medium
7.44445,81.74203,2026-09-05,813,8.4,348.12,301.8,n,35.81,Low,1143.97,1145.22,1153.09,1163.44,81.87,High
7.4885,81.72768,2026-09-05,813,7.0,336.75,302.23,n,28.44,Low,1138.85,1140.09,1147.97,1158.31,74.29,Medium
7.56126,81.77585,2026-09-05,813,1.25,336.95,298.87,n,24.24,Low,1132.74,1133.99,1141.88,1152.35,69.85,Medium
7.50149,81.07175,2026-09-05,813,5.05,336.52,302.05,n,26.85,Low,1118.29,1119.51,1127.25,1136.36,71.86,Medium
7.50166,81.0718,2026-09-05,813,7.47,336.67,303.09,n,28.75,Low,1118.27,1119.49,1127.23,1136.34,73.76,Medium
7.39973,79.91376,2026-09-05,813,4.26,342.18,301.4,n,29.41,Low,1106.11,1106.73,1114.69,1121.4,73.9,Medium
7.60592,81.04877,2026-09-05,813,3.35,334.47,301.46,n,24.44,Low,1106.47,1107.68,1115.43,1124.54,68.98,Medium
7.60654,81.04838,2026-09-05,813,4.32,334.99,301.64,n,25.46,Low,1106.39,1107.61,1115.35,1124.47,70.0,Medium
7.6148,81.08079,2026-09-05,813,9.58,348.93,305.95,n,37.15,Low,1106.35,1107.57,1115.33,1124.51,81.69,High
7.60346,81.00407,2026-09-05,813,4.52,340.52,298.77,n,28.68,Low,1105.57,1106.79,1114.53,1123.55,73.18,Medium
7.61821,81.08028,2026-09-05,813,3.58,335.16,303.13,n,25.0,Low,1105.97,1107.19,1114.95,1124.13,69.52,Medium
7.69191,81.5574,2026-09-05,813,4.11,336.61,302.72,n,26.2,Low,1111.89,1113.13,1120.98,1131.13,70.97,Medium
7.70151,81.59878,2026-09-05,813,4.64,342.51,303.41,n,29.87,Low,1112.18,1113.42,1121.28,1131.51,74.65,Medium
7.69537,81.55688,2026-09-05,813,2.44,337.86,302.19,n,25.64,Low,1111.51,1112.74,1120.6,1130.75,70.4,Medium
7.62678,81.06778,2026-09-05,813,2.51,332.79,303.23,l,22.88,Low,1104.72,1105.94,1113.69,1122.86,67.35,Medium
7.59167,80.83134,2026-09-05,813,2.41,333.62,302.46,n,23.26,Low,1102.57,1103.78,1111.47,1120.15,67.64,Medium
7.65567,81.16868,2026-09-05,813,9.04,340.63,303.89,n,32.13,Low,1104.33,1105.56,1113.33,1122.71,76.59,Medium
7.67097,81.17771,2026-09-05,813,4.4,345.72,305.33,n,31.48,Low,1102.94,1104.17,1111.95,1121.35,75.88,Medium
7.62369,80.83762,2026-09-05,813,1.63,330.26,303.41,l,20.81,Low,1099.27,1100.48,1108.17,1116.88,65.06,Medium
7.62707,80.83712,2026-09-05,813,1.63,334.79,305.17,l,23.33,Low,1098.89,1100.1,1107.79,1116.5,67.56,Medium
7.51144,80.02458,2026-09-05,813,2.78,330.9,301.28,l,22.03,Low,1095.49,1096.37,1104.12,1111.09,66.1,Medium
7.6407,80.81288,2026-09-05,813,2.77,336.79,303.38,n,25.29,Low,1096.84,1098.05,1105.74,1114.4,69.44,Medium
7.64571,80.82323,2026-09-05,813,2.22,337.66,302.55,n,25.37,Low,1096.54,1097.75,1105.45,1114.13,69.51,Medium
7.64909,80.82273,2026-09-05,813,2.95,336.79,301.94,n,25.43,Low,1096.17,1097.38,1105.07,1113.76,69.55,Medium
7.70464,81.14626,2026-09-05,813,6.9,340.32,305.74,n,30.35,Low,1098.47,1099.7,1107.47,1116.83,74.57,Medium
7.63089,80.6562,2026-09-05,813,3.24,334.1,300.94,n,24.15,Low,1094.3,1095.51,1103.16,1111.49,68.19,Medium
7.68547,80.99552,2026-09-05,813,6.88,340.84,303.93,n,30.63,Low,1096.53,1097.75,1105.49,1114.54,74.77,Medium
7.68887,80.99501,2026-09-05,813,6.83,340.46,303.14,n,30.38,Low,1096.16,1097.37,1105.11,1114.16,74.51,Medium
7.78416,81.55927,2026-09-05,813,4.22,341.74,301.7,n,29.13,Low,1102.17,1103.41,1111.27,1121.47,73.51,Medium
7.72235,81.0792,2026-09-05,813,4.54,338.32,303.14,n,27.47,Low,1094.76,1095.99,1103.74,1112.98,71.54,Medium
7.75451,81.20256,2026-09-05,813,4.12,337.42,303.73,n,26.66,Low,1094.69,1095.92,1103.71,1113.2,70.74,Medium
7.75396,81.19886,2026-09-05,813,3.34,336.97,303.49,n,25.82,Low,1094.65,1095.87,1103.66,1113.15,69.89,Medium
7.7608,81.19785,2026-09-05,813,5.36,334.86,306.38,l,26.16,Low,1093.89,1095.11,1102.9,1112.39,70.2,Medium
7.76915,81.23071,2026-09-05,813,10.17,338.68,304.8,n,31.89,Low,1093.92,1095.15,1102.94,1112.5,75.94,Medium
7.76861,81.227,2026-09-05,813,14.43,344.4,305.73,n,38.27,Low,1093.87,1095.1,1102.89,1112.44,82.31,High
7.7832,81.0439,2026-09-05,813,12.3,339.26,303.54,n,33.81,Low,1087.3,1088.52,1096.27,1105.47,77.59,Medium
7.7866,81.04339,2026-09-05,813,12.3,346.02,307.32,n,37.57,Low,1086.92,1088.14,1095.89,1105.09,81.33,High
7.79055,81.04655,2026-09-05,813,2.31,338.06,302.86,n,25.65,Low,1086.58,1087.8,1095.55,1104.76,69.4,Medium
7.81826,81.20822,2026-09-05,813,2.92,336.18,299.23,n,25.07,Low,1088.03,1089.26,1097.05,1106.59,68.88,Medium
7.84795,81.38319,2026-09-05,813,7.65,337.55,300.45,n,29.38,Low,1089.97,1091.2,1099.03,1108.93,73.27,Medium
7.79956,81.0602,2026-09-05,813,4.39,340.85,304.4,n,28.76,Low,1085.97,1087.19,1094.95,1104.19,72.48,Medium
7.66933,80.1969,2026-09-05,813,6.27,348.02,300.96,n,34.16,Low,1081.04,1082.22,1089.74,1097.14,77.66,Medium
7.86098,81.44675,2026-09-05,813,4.2,336.87,302.27,n,26.41,Low,1090.51,1091.75,1099.59,1109.63,70.32,Medium
7.86041,81.44298,2026-09-05,813,9.35,347.35,302.71,n,36.1,Low,1090.46,1091.69,1099.54,1109.56,80.01,High
7.75209,80.72167,2026-09-05,813,2.58,336.84,304.44,n,25.18,Low,1082.66,1083.87,1091.54,1100.07,68.76,Medium
7.88299,81.43579,2026-09-05,813,2.79,336.35,300.51,n,25.06,Low,1087.84,1089.07,1096.92,1106.94,68.87,Medium
7.88822,81.42342,2026-09-05,813,10.85,338.6,302.54,n,32.36,Low,1086.9,1088.14,1095.98,1105.98,76.13,Medium
7.82964,81.0255,2026-09-05,813,1.79,337.07,303.53,n,24.71,Low,1081.82,1083.04,1090.8,1099.98,68.27,Medium
7.89167,81.42291,2026-09-05,813,8.01,338.42,300.65,n,30.13,Low,1086.52,1087.76,1095.6,1105.6,73.88,Medium
7.94364,81.34592,2026-09-05,813,38.02,347.98,307.97,n,57.95,Medium,1078.66,1079.9,1087.73,1097.61,101.39,High
7.94659,81.31863,2026-09-05,813,8.62,341.88,305.5,n,32.51,Low,1077.54,1078.77,1086.59,1096.42,75.9,Medium
7.94947,81.31438,2026-09-05,813,14.73,343.14,305.5,n,37.79,Low,1077.1,1078.34,1086.16,1095.98,81.17,High
7.9614,81.34711,2026-09-05,813,11.76,343.54,302.04,n,35.79,Low,1076.81,1078.04,1085.87,1095.77,79.15,Medium
7.96084,81.34336,2026-09-05,813,15.93,341.45,307.04,n,37.75,Low,1076.76,1077.99,1085.82,1095.71,81.11,High
7.93732,81.18658,2026-09-05,813,2.04,333.77,303.74,n,23.07,Low,1074.69,1075.92,1083.72,1093.28,66.35,Medium
7.79189,80.17778,2026-09-05,813,1.97,336.17,300.25,n,24.35,Low,1067.32,1068.5,1076.02,1083.42,67.3,Medium
7.97633,81.33685,2026-09-05,813,9.96,339.61,304.54,n,32.25,Low,1074.91,1076.15,1083.98,1093.86,75.54,Medium
7.93822,81.05383,2026-09-05,813,3.19,331.29,304.28,l,22.55,Low,1070.93,1072.15,1079.91,1089.21,65.67,Medium
7.87753,80.62115,2026-09-05,813,3.3,333.05,301.93,n,23.61,Low,1066.81,1068.01,1075.66,1084.04,66.56,Medium
7.8793,80.6099,2026-09-05,813,3.66,334.81,302.97,n,24.86,Low,1066.36,1067.57,1075.22,1083.57,67.79,Medium
7.97576,81.23741,2026-09-05,813,4.69,340.57,304.5,n,28.83,Low,1072.04,1073.27,1081.08,1090.77,72.0,Medium
7.975210000000001,81.23369,2026-09-05,813,3.2,337.12,302.93,n,25.8,Low,1072.0,1073.23,1081.03,1090.71,68.97,Medium
7.88961,80.65601,2026-09-05,813,3.5,336.44,302.13,n,25.65,Low,1066.28,1067.49,1075.15,1083.61,68.58,Medium
7.89688,80.65858,2026-09-05,813,3.76,341.0,301.94,n,28.38,Low,1065.55,1066.76,1074.42,1082.89,71.28,Medium
8.01719,81.42326,2026-09-05,813,5.04,343.16,304.06,n,30.54,Low,1073.2,1074.44,1082.29,1092.37,73.76,Medium
8.02232,81.4341,2026-09-05,813,2.79,335.75,301.67,n,24.73,Low,1072.99,1074.23,1082.08,1092.19,67.94,Medium
8.02176,81.43032,2026-09-05,813,2.79,335.27,303.12,n,24.46,Low,1072.94,1074.17,1082.02,1092.12,67.67,Medium
7.93095,80.77126,2026-09-05,813,3.26,334.27,300.21,n,24.26,Low,1064.51,1065.72,1073.41,1082.13,67.12,Medium
7.81358,79.99068,2026-09-05,813,4.53,338.55,300.8,n,27.59,Low,1061.88,1062.78,1070.51,1077.52,70.32,Medium
8.02988,81.41364,2026-09-05,813,3.89,338.73,303.45,n,27.21,Low,1071.56,1072.79,1080.64,1090.71,70.37,Medium
7.91173,80.61968,2026-09-05,813,7.52,349.29,302.88,n,35.8,Low,1063.07,1064.27,1071.93,1080.32,78.6,Medium
7.91509,80.61917,2026-09-05,813,5.79,341.56,303.6,n,30.21,Low,1062.69,1063.9,1071.55,1079.94,72.99,Medium
7.91833,80.54915,2026-09-05,813,2.18,331.46,297.12,n,21.89,Low,1060.8,1062.0,1069.64,1077.89,64.59,Medium
7.93164,80.56907,2026-09-05,813,2.75,330.31,300.92,l,21.68,Low,1059.79,1061.0,1068.64,1076.93,64.34,Medium
8.02516,81.16928,2026-09-05,813,7.9,344.87,306.14,n,33.63,Low,1064.82,1066.04,1073.84,1083.42,76.51,Medium
7.93501,80.56857,2026-09-05,813,2.95,331.66,300.85,n,22.58,Low,1059.42,1060.62,1068.26,1076.56,65.23,Medium
7.85643,80.04865,2026-09-05,813,3.86,341.25,296.16,n,28.59,Low,1058.1,1059.14,1066.76,1073.9,71.17,Medium
8.02858,81.16877,2026-09-05,813,7.9,348.57,304.24,n,35.69,Low,1064.44,1065.66,1073.46,1083.04,78.56,Medium
7.82949,79.84887,2026-09-05,813,2.42,330.76,299.93,n,21.68,Low,1058.05,1058.67,1066.63,1073.33,64.25,Medium
7.82896,79.84538,2026-09-05,813,2.42,336.42,301.1,n,24.83,Low,1058.06,1058.67,1066.64,1073.33,67.4,Medium
7.986,80.79264,2026-09-05,813,6.93,342.84,302.91,n,31.78,Low,1059.08,1060.3,1068.0,1076.79,74.42,Medium
7.91204,80.30305,2026-09-05,813,6.46,337.0,302.09,n,28.18,Low,1056.49,1057.68,1065.24,1072.96,70.7,Medium
7.96221,80.61208,2026-09-05,813,3.86,340.15,302.42,n,27.98,Low,1057.43,1058.64,1066.29,1074.69,70.55,Medium
7.96167,80.60851,2026-09-05,813,3.27,336.87,302.76,n,25.71,Low,1057.41,1058.62,1066.27,1074.66,68.28,Medium
7.96558,80.61158,2026-09-05,813,3.86,333.98,300.83,n,24.55,Low,1057.06,1058.26,1065.92,1074.32,67.11,Medium
7.96504,80.60799,2026-09-05,813,3.27,331.5,300.51,n,22.73,Low,1057.03,1058.24,1065.89,1074.28,65.28,Medium
8.08628,81.38984,2026-09-05,813,3.25,337.45,301.1,n,26.02,Low,1064.83,1066.07,1073.92,1083.97,68.91,Medium
8.08633,81.36668,2026-09-05,813,5.79,336.74,299.72,n,27.53,Low,1064.12,1065.35,1073.2,1083.2,70.39,Medium
16.18071,75.15405,2026-09-05,816,7.59,337.87,303.1,n,29.51,Low,363.28,362.32,362.68,365.01,44.04,Low
10.71104,79.432,2026-09-05,816,6.82,341.49,306.21,n,30.94,Low,736.13,736.69,744.68,751.37,60.63,Medium
10.79202,79.03259,2026-09-05,816,10.43,340.12,304.36,n,32.89,Low,723.18,722.56,731.5,736.94,62.03,Medium
10.82872,79.18511,2026-09-05,816,2.98,346.57,300.54,n,30.88,Low,720.39,720.24,728.8,734.75,59.92,Medium
10.83204,79.18459,2026-09-05,816,2.98,332.25,301.85,n,22.93,Low,720.02,719.87,728.43,734.38,51.96,Medium
10.87647,79.25341,2026-09-05,816,2.99,338.54,304.22,n,26.43,Low,715.81,715.89,724.27,730.46,55.29,Medium
10.85818,78.95408,2026-09-05,816,4.71,341.88,304.07,n,29.58,Low,715.38,714.53,723.65,728.85,58.4,Medium
10.98545,78.22152,2026-09-05,816,4.83,341.16,307.93,n,29.27,Low,700.48,698.36,709.19,711.93,57.47,Medium
10.92989,77.06577,2026-09-05,816,3.75,339.03,308.06,l,27.27,Low,720.97,719.03,732.26,731.11,56.3,Medium
11.00525,77.1251,2026-09-05,816,7.94,345.45,309.27,l,33.98,Low,711.53,709.59,722.73,721.72,62.64,Medium
11.57037,79.64236,2026-09-05,816,1.41,335.47,290.73,n,23.54,Low,645.42,646.61,654.17,662.02,49.62,Low
11.48627,78.88146,2026-09-05,816,4.68,338.67,304.46,n,27.77,Low,645.59,644.65,653.83,658.94,53.8,Medium
11.81176,79.62698,2026-09-05,816,3.95,335.58,301.35,n,25.51,Low,618.83,620.02,627.6,635.56,50.53,Medium
11.85545,78.73141,2026-09-05,816,2.96,330.2,299.24,n,21.78,Low,604.21,602.8,612.34,616.97,46.14,Low
11.89135,78.72217,2026-09-05,816,1.26,333.36,303.29,n,22.26,Low,600.21,598.78,608.34,612.94,46.46,Low
11.96101,78.80475,2026-09-05,816,7.02,336.43,303.7,n,28.28,Low,592.78,591.65,600.97,605.91,52.19,Medium
11.96047,78.80122,2026-09-05,816,4.31,331.4,301.09,n,23.45,Low,592.82,591.69,601.02,605.94,47.36,Low
12.09322,79.02973,2026-09-05,816,3.38,338.07,300.9,n,26.46,Low,579.59,579.35,587.97,593.85,49.87,Low
12.80918,79.95596,2026-09-05,816,4.06,332.32,304.04,l,23.78,Low,519.39,520.62,528.46,538.62,44.85,Low
12.83815,79.94009,2026-09-05,816,5.26,334.31,305.24,l,25.78,Low,515.83,517.06,524.9,535.03,46.71,Low
12.87172,80.07278,2026-09-05,816,1.57,330.58,298.93,n,20.94,Low,516.45,517.69,525.58,536.28,41.9,Low
12.85665,79.94463,2026-09-05,816,4.58,332.34,302.97,l,24.18,Low,514.0,515.23,523.07,533.25,45.04,Low
12.86005,79.94411,2026-09-05,816,2.67,330.17,302.1,l,21.54,Low,513.62,514.86,522.69,532.87,42.38,Low
13.14227,79.26152,2026-09-05,816,1.48,336.42,301.2,n,24.12,Low,467.11,468.29,475.79,483.32,43.07,Low
13.29621,80.06625,2026-09-05,816,2.46,330.97,302.74,l,21.83,Low,471.68,472.93,480.87,492.15,41.01,Low
13.29584,80.0663,2026-09-05,816,4.15,331.23,302.64,l,23.24,Low,471.72,472.97,480.91,492.19,42.42,Low
12.93002,76.32658,2026-09-05,816,4.73,335.18,305.77,n,25.87,Low,534.02,532.41,543.58,541.99,47.39,Low
13.66856,78.35713,2026-09-05,816,3.12,333.98,306.22,l,24.0,Low,403.42,401.28,412.01,414.99,40.32,Low
13.98457,78.95074,2026-09-05,816,7.01,345.01,307.45,n,33.04,Low,370.41,370.8,378.89,385.52,48.1,Low
14.07302,79.44398,2026-09-05,816,5.39,339.09,302.05,n,28.54,Low,369.93,371.15,378.9,388.49,43.62,Low
13.9938,78.45014,2026-09-05,816,5.97,339.2,310.21,l,29.03,Low,367.43,365.28,375.65,379.17,43.91,Low
13.88681,77.37984,2026-09-05,816,8.42,347.76,311.54,n,35.63,Low,394.83,393.0,406.52,404.32,51.62,Medium
14.21456,79.22671,2026-09-05,816,9.3,348.93,307.57,n,36.94,Low,349.55,350.75,358.36,366.92,51.2,Medium
14.2971,79.05283,2026-09-05,816,9.37,351.03,305.22,n,38.16,Low,337.42,338.59,346.06,353.65,51.92,Medium
14.57383,79.93979,2026-09-05,816,6.63,334.23,299.73,n,26.77,Low,335.47,336.75,344.81,358.09,40.52,Low
14.57326,79.93592,2026-09-05,816,6.63,332.81,299.7,n,25.98,Low,335.35,336.63,344.69,357.95,39.73,Low
14.57245,79.93675,2026-09-05,816,12.86,342.49,302.56,n,36.03,Low,335.47,336.75,344.81,358.07,49.78,Low
14.52509,79.062,2026-09-05,816,4.51,341.72,307.25,n,29.34,Low,312.62,313.8,321.32,329.27,42.11,Low
14.66624,79.76509,2026-09-05,816,3.1,337.69,305.53,n,26.04,Low,318.47,319.74,327.77,340.37,39.1,Low
14.68695,79.73852,2026-09-05,816,6.04,349.33,309.32,n,34.71,Low,315.26,316.52,324.54,337.05,47.64,Low
14.69037,79.738,2026-09-05,816,6.04,337.92,306.41,n,28.37,Low,314.88,316.15,324.17,336.69,41.29,Low
14.77525,79.79544,2026-09-05,816,25.68,353.09,310.85,n,51.53,Medium,308.73,310.0,318.05,331.11,64.21,Medium
14.66658,78.99778,2026-09-05,816,3.54,341.44,306.16,n,28.46,Low,296.11,297.28,304.76,312.46,40.57,Low
14.46633,77.33766,2026-09-05,816,5.5600000000000005,338.22,307.13,n,28.18,Low,335.19,333.45,346.17,344.08,41.77,Low
14.89181,79.23329,2026-09-05,816,9.19,349.38,308.74,n,37.1,Low,276.53,277.75,285.51,295.32,48.45,Low
14.59007,76.56956,2026-09-05,816,2.28,333.14,301.11,l,22.9,Low,359.79,358.44,367.11,366.21,37.42,Low
15.16295,78.87427,2026-09-05,816,3.6,337.1,307.74,l,26.09,Low,239.91,241.01,248.48,255.96,35.94,Low
15.4074,80.12518,2026-09-05,816,6.1,340.46,298.97,n,29.83,Low,266.6,267.88,275.93,292.7,40.86,Low
15.08564,77.31834,2026-09-05,816,7.62,337.72,303.89,n,29.45,Low,272.58,270.98,282.25,280.57,40.51,Low
15.05285,77.10738,2026-09-05,816,3.63,337.92,305.06,n,26.57,Low,286.1,284.62,294.71,293.38,38.16,Low
15.45176,79.12704,2026-09-05,816,5.98,342.13,305.39,n,30.67,Low,213.69,214.92,222.72,233.13,39.51,Low
15.60291,79.61507,2026-09-05,816,6.08,338.85,302.66,n,28.92,Low,218.22,219.5,227.6,242.39,38.0,Low
15.17266,76.66496,2026-09-05,816,5.73,335.32,305.84,l,26.7,Low,301.22,300.04,307.14,306.66,38.85,Low
15.17484,76.65714,2026-09-05,816,3.25,335.27,306.58,l,24.81,Low,301.55,300.37,307.42,306.96,36.97,Low
15.17818,76.65657,2026-09-05,816,3.25,333.69,301.98,l,23.93,Low,301.29,300.12,307.15,306.69,36.08,Low
14.95491,75.19309,2026-09-05,816,2.89,333.16,295.4,n,23.37,Low,431.43,430.79,432.54,433.54,40.65,Low
15.22651,76.76752,2026-09-05,816,8.29,338.75,306.89,n,30.52,Low,289.79,288.58,296.03,295.45,42.22,Low
15.16875,76.38062,2026-09-05,816,5.59,330.07,304.76,l,23.68,Low,321.2,320.17,325.78,325.72,36.61,Low
15.57417,78.94083,2026-09-05,816,3.19,332.99,303.61,l,23.5,Low,196.01,197.21,204.81,213.8,31.62,Low
15.18627,76.31717,2026-09-05,816,5.01,331.27,305.6,l,23.91,Low,324.39,323.4,328.62,328.67,36.96,Low
15.54765,78.12994,2026-09-05,816,3.47,338.43,303.03,n,26.73,Low,197.66,195.66,208.54,208.35,34.83,Low
15.82935,79.52122,2026-09-05,816,9.8,340.2,305.37,n,32.46,Low,191.5,192.78,200.89,216.04,40.47,Low
15.9341,78.1999,2026-09-05,816,2.24,330.62,297.99,n,21.47,Low,154.26,152.26,165.18,165.04,27.84,Low
15.9781,78.4109,2026-09-05,816,3.85,334.76,302.36,n,24.98,Low,147.84,145.69,156.67,159.59,31.08,Low
16.27654,80.32413,2026-09-05,816,4.93,337.8,300.38,n,27.48,Low,216.68,217.84,225.09,245.85,36.53,Low
16.49307,79.94553,2026-09-05,816,5.38,334.64,303.86,n,26.06,Low,169.7,170.85,178.16,198.84,33.24,Low
16.27423,78.39685,2026-09-05,816,2.49,339.27,302.22,n,26.46,Low,115.07,112.94,124.29,126.79,31.25,Low
16.46479,79.59985,2026-09-05,816,3.25,337.28,303.58,n,25.93,Low,142.06,143.29,151.05,170.29,32.0,Low
16.51543,78.36472,2026-09-05,816,3.19,334.28,299.48,n,24.21,Low,88.48,86.38,98.55,100.0,27.94,Low
16.8774,79.9932,2026-09-05,816,3.15,332.78,301.37,n,23.35,Low,155.91,156.89,162.83,185.27,29.96,Low
16.59789,77.40491,2026-09-05,816,7.02,342.06,302.15,n,31.41,Low,132.73,132.12,134.64,135.23,36.76,Low
17.07409,78.59189,2026-09-05,816,3.91,334.67,300.67,n,24.97,Low,26.65,27.72,34.86,46.28,26.33,Low
17.75859,75.82333,2026-09-05,816,6.23,339.69,307.83,l,29.5,Low,259.92,258.75,258.92,262.29,39.9,Low
23.78617,85.55293,2026-09-05,818,4.76,333.73,292.06,n,25.09,Low,1007.88,1005.96,1011.41,1026.58,65.61,Medium
23.75978,86.40414,2026-09-05,818,4.93,328.16,289.56,n,22.12,Low,1071.79,1069.54,1075.2,1091.78,65.2,Medium
23.75821,86.40292,2026-09-05,818,4.62,331.56,290.06,n,23.78,Low,1071.58,1069.33,1074.99,1091.57,66.85,Medium
20.97448,85.17305,2026-09-05,818,3.48,333.03,294.32,n,23.74,Low,794.67,791.3,797.57,818.65,55.76,Medium
23.73798,86.4348,2026-09-05,818,3.33,333.13,290.42,n,23.68,Low,1072.71,1070.44,1076.11,1092.78,66.8,Medium
23.71049,86.45036,2026-09-05,818,5.0,328.02,290.43,n,22.09,Low,1072.05,1069.76,1075.45,1092.19,65.18,Medium
23.68271,86.39385,2026-09-05,818,8.81,331.16,291.17,n,26.7,Low,1065.63,1063.34,1069.02,1085.74,69.54,Medium
19.09782,82.1674,2026-09-05,818,6.04,334.75,295.4,n,26.61,Low,420.51,416.76,423.18,444.81,43.66,Low
21.10671,72.64536,2026-09-05,818,7.04,336.44,281.68,n,28.3,Low,710.48,709.21,709.34,712.87,56.72,Medium
22.3772,87.27846,2026-09-05,818,6.49,333.8,290.72,n,26.42,Low,1060.33,1057.14,1063.32,1083.77,69.07,Medium
21.92067,83.35186,2026-09-05,818,7.73,334.17,294.02,n,27.56,Low,701.79,699.88,705.33,720.53,55.84,Medium
19.10191,82.16685,2026-09-05,818,4.75,333.53,295.65,n,24.97,Low,420.64,416.9,423.32,444.94,42.03,Low
21.74623,83.83998,2026-09-05,818,5.4,341.98,294.07,n,30.15,Low,726.78,724.5,730.18,747.04,59.43,Medium
21.74681,83.84541,2026-09-05,818,13.65,343.02,293.86,n,36.92,Low,727.26,724.97,730.65,747.52,66.22,Medium
21.7415,83.84051,2026-09-05,818,5.4,331.26,293.72,n,24.19,Low,726.49,724.21,729.89,746.76,53.46,Medium
20.96741,85.15464,2026-09-05,818,4.32,333.4,295.34,n,24.57,Low,792.61,789.24,795.51,816.59,56.51,Medium
20.96937,85.17357,2026-09-05,818,4.26,345.88,295.24,n,31.46,Low,794.45,791.08,797.35,818.44,63.47,Medium
20.9697,85.17672,2026-09-05,818,4.26,330.55,294.23,n,22.95,Low,794.76,791.39,797.66,818.75,54.98,Medium
20.9636,85.16774,2026-09-05,818,6.38,331.63,295.36,n,25.13,Low,793.62,790.24,796.52,817.61,57.11,Medium
20.96047,85.18738,2026-09-05,818,3.52,333.23,295.0,n,23.88,Low,795.26,791.88,798.16,819.26,55.93,Medium
20.86472,84.9909,2026-09-05,818,6.34,330.54,293.37,n,24.5,Low,772.24,768.86,775.13,796.23,55.62,Medium
19.02065,72.89297,2026-09-05,818,4.9,332.56,298.09,l,24.54,Low,591.06,589.81,589.97,593.51,48.18,Low
21.75626,83.84433,2026-09-05,818,11.19,336.65,294.06,n,31.53,Low,727.84,725.56,731.23,748.07,60.86,Medium
22.831,69.52864,2026-09-05,818,2.4,338.61,298.65,n,26.03,Low,1084.63,1083.36,1083.49,1087.03,69.42,Medium
31.23082,75.08361,2026-09-05,820,4.59,335.64,295.18,n,26.02,Low,1551.08,1549.97,1550.27,1552.41,88.06,High
30.60174,73.64675,2026-09-05,820,2.55,335.72,301.07,n,24.53,Low,1521.38,1520.45,1520.5,1522.92,85.38,High
31.21054,73.72984,2026-09-05,820,5.02,330.49,300.9,l,23.48,Low,1582.92,1581.95,1582.05,1584.42,86.79,High
31.20992,73.72583,2026-09-05,820,8.31,332.22,305.13,l,26.91,Low,1582.97,1582.0,1582.1,1584.47,90.23,High
31.21322,73.72516,2026-09-05,820,4.89,330.57,303.89,l,23.43,Low,1583.34,1582.37,1582.46,1584.84,86.76,High
27.65105,68.4608,2026-09-05,820,4.34,345.47,300.17,n,31.29,Low,1505.7,1504.51,1504.61,1507.87,91.52,High
34.09602,72.00973,2026-09-05,822,3.05,339.02,296.12,n,26.74,Low,1938.11,1937.18,1937.21,1939.66,104.26,High
34.09272,72.01049,2026-09-05,822,3.05,335.65,297.0,n,24.87,Low,1937.74,1936.82,1936.85,1939.29,102.38,High
31.73204,74.48511,2026-09-05,822,4.36,340.17,298.88,n,28.36,Low,1618.46,1617.4,1617.63,1619.86,93.09,High
27.37908,95.33517,2026-09-05,1904,0.85,307.45,280.23,n,7.55,Low,2041.09,2038.21,2044.24,2063.32,89.42,High
23.6887,87.11978,2026-09-05,1906,2.7,306.73,285.17,n,8.54,Low,1124.93,1122.42,1128.24,1145.93,53.76,Medium
22.3653,87.01733,2026-09-05,1906,3.35,311.4,285.76,n,11.62,Low,1036.27,1033.15,1039.3,1059.5,53.3,Medium
22.37548,87.27741,2026-09-05,1906,4.57,315.33,285.35,n,14.72,Low,1060.14,1056.95,1063.14,1083.58,57.36,Medium
22.38052,87.27566,2026-09-05,1906,3.53,312.79,285.85,n,12.53,Low,1060.25,1057.07,1063.25,1083.69,55.17,Medium
23.55509,87.23924,2026-09-05,1906,4.18,305.77,285.16,n,9.12,Low,1126.26,1123.65,1129.53,1147.62,54.39,Medium
23.61425,86.7878,2026-09-05,1906,1.33,303.11,285.37,n,5.5,Low,1092.78,1090.34,1096.12,1113.52,49.43,Low
23.55211,87.24216,2026-09-05,1906,3.82,311.64,285.12,n,12.11,Low,1126.32,1123.7,1129.58,1147.69,57.38,Medium
23.6648,87.15537,2026-09-05,1906,1.48,306.2,285.59,n,7.33,Low,1126.32,1123.78,1129.62,1147.4,52.6,Medium
23.69583,87.12045,2026-09-05,1906,2.7,308.23,285.22,n,9.38,Low,1125.45,1122.94,1128.76,1146.44,54.62,Medium
23.69684,87.10555,2026-09-05,1906,4.09,302.82,285.1,n,7.41,Low,1124.29,1121.78,1127.6,1145.26,52.6,Medium
23.69161,87.117,2026-09-05,1906,4.15,309.44,285.14,n,11.13,Low,1124.89,1122.38,1128.2,1145.88,56.34,Medium
20.86821,96.38884,2026-09-05,1906,1.12,301.43,288.7,n,4.41,Low,1910.23,1905.85,1912.55,1934.98,81.05,High
15.12367,94.78321,2026-09-05,1908,2.34,307.5,289.41,n,8.7,Low,1746.37,1746.47,1751.56,1774.65,78.89,Medium
15.1244,94.77791,2026-09-05,1908,2.34,308.39,289.6,n,9.19,Low,1745.8,1745.9,1750.98,1774.07,79.36,Medium
15.12766,94.78379,2026-09-05,1908,2.13,306.04,289.54,n,7.73,Low,1746.36,1746.45,1751.54,1774.63,77.92,Medium
15.12839,94.77849,2026-09-05,1908,2.13,308.77,289.73,n,9.25,Low,1745.78,1745.88,1750.96,1774.05,79.42,Medium
29.47524,76.8587,2026-09-05,2044,0.88,312.67,292.14,n,10.48,Low,1330.53,1329.28,1329.81,1331.68,63.69,Medium
31.25029,76.9273,2026-09-05,2044,0.5700000000000001,306.11,290.29,n,6.6,Low,1525.57,1524.3,1524.88,1526.69,67.61,Medium
33.80225,72.09641,2026-09-05,2044,0.66,303.68,291.08,n,5.32,Low,1904.77,1903.84,1903.87,1906.32,81.51,High
35.96627,68.68471,2026-09-05,2044,1.37,303.76,290.62,n,5.89,Low,2250.75,2249.74,2249.79,2252.47,95.92,High
32.08572,74.16138,2026-09-05,2044,1.04,308.97,293.28,n,8.54,Low,1664.24,1663.2,1663.4,1665.66,75.11,Medium
32.10323,74.17525,2026-09-05,2044,0.92,307.41,293.36,n,7.58,Low,1665.77,1664.72,1664.93,1667.18,74.21,Medium
33.29705,71.18685,2026-09-05,2044,0.8,305.9,289.53,n,6.66,Low,1884.6,1883.63,1883.67,1886.25,82.04,High
21.33674,78.97054,2026-09-05,2046,1.04,306.77,287.46,n,7.32,Low,423.47,424.47,425.42,428.3,24.34,Low
20.75956,85.29154,2026-09-05,2046,1.38,300.22,276.32,n,3.94,Low,794.88,791.33,797.68,819.01,35.97,Low
20.79357,85.26019,2026-09-05,2046,2.35,308.35,287.49,n,9.18,Low,793.61,790.09,796.43,817.72,41.16,Low
20.79505,85.25336,2026-09-05,2046,4.69,334.7,287.79,n,25.57,Low,793.04,789.53,795.86,817.15,57.53,Medium
20.80538,85.25605,2026-09-05,2046,2.3,310.73,288.14,n,10.46,Low,793.8,790.3,796.63,817.9,42.45,Low
20.86363,84.98669,2026-09-05,2046,2.97,316.71,288.39,n,14.29,Low,771.79,768.41,774.69,795.79,45.4,Low
20.86291,84.98999,2026-09-05,2046,1.56,332.66,288.66,n,22.09,Low,772.06,768.68,774.95,796.06,53.21,Medium
20.8673,84.99452,2026-09-05,2046,1.56,308.75,288.98,n,8.81,Low,772.7,769.32,775.6,796.7,39.95,Low
20.86803,84.99112,2026-09-05,2046,1.56,305.14,288.57,n,6.8,Low,772.43,769.05,775.32,796.42,37.93,Low
22.80193,86.09046,2026-09-05,2046,2.09,314.38,289.31,n,12.33,Low,982.07,979.46,985.34,1003.47,51.83,Medium
22.37973,87.27766,2026-09-05,2046,1.08,308.18,284.46,n,8.13,Low,1060.39,1057.21,1063.39,1083.83,50.78,Medium
22.37874,87.28191,2026-09-05,2046,1.08,307.02,284.97,n,7.49,Low,1060.72,1057.53,1063.72,1084.16,50.15,Medium
22.36908,87.2974,2026-09-05,2046,0.53,304.62,284.39,n,5.74,Low,1061.59,1058.4,1064.59,1085.07,48.44,Low
22.36808,87.30167,2026-09-05,2046,2.1,310.24,288.1,n,10.04,Low,1061.93,1058.73,1064.92,1085.4,52.75,Medium
22.36242,87.30013,2026-09-05,2046,1.39,305.66,288.63,n,6.96,Low,1061.48,1058.28,1064.47,1084.97,49.65,Low
22.37881,87.27996,2026-09-05,2046,2.47,318.15,285.4,n,14.71,Low,1060.55,1057.36,1063.55,1083.99,57.36,Medium
22.36829,87.29976,2026-09-05,2046,1.67,309.34,286.86,n,9.22,Low,1061.76,1058.57,1064.76,1085.24,51.92,Medium
22.36731,87.30403,2026-09-05,2046,2.06,309.19,288.63,n,9.43,Low,1062.1,1058.9,1065.09,1085.58,52.15,Medium
22.36706,87.01907,2026-09-05,2046,1.12,313.72,289.89,n,11.24,Low,1036.53,1033.4,1039.56,1059.75,52.93,Medium
22.61234,85.91286,2026-09-05,2046,0.63,304.85,288.86,n,5.94,Low,955.05,952.4,958.3,976.6,44.36,Low
22.36147,87.01765,2026-09-05,2046,1.12,309.38,289.41,n,8.83,Low,1036.09,1032.97,1039.12,1059.32,50.5,Medium
22.59233,85.90408,2026-09-05,2046,0.78,305.92,288.9,n,6.65,Low,953.04,950.38,956.28,974.61,44.99,Low
22.24478,87.38964,2026-09-05,2046,0.71,305.49,288.62,n,6.36,Low,1063.36,1060.08,1066.31,1087.12,49.13,Low
25.38985,68.5817,2026-09-05,2046,1.86,309.94,294.74,n,9.7,Low,1327.06,1325.82,1325.93,1329.35,62.78,Medium
22.05721,88.12426,2026-09-05,2046,1.99,307.72,287.52,n,8.56,Low,1121.82,1118.29,1124.63,1145.94,53.67,Medium
22.57314,85.89168,2026-09-05,2046,1.6,307.27,289.17,n,8.02,Low,950.77,948.11,954.02,972.37,46.27,Low
22.57237,85.89508000000001,2026-09-05,2046,1.39,312.43,288.9,n,10.73,Low,951.01,948.34,954.25,972.61,48.99,Low
22.57162,85.89843,2026-09-05,2046,1.39,310.28,288.88,n,9.53,Low,951.25,948.58,954.49,972.86,47.8,Low
22.05124,88.12263,2026-09-05,2046,1.99,306.46,287.53,n,7.86,Low,1121.39,1117.86,1124.2,1145.51,52.95,Medium
25.38617,68.58049,2026-09-05,2046,1.89,306.42,294.73,n,7.76,Low,1326.89,1325.66,1325.77,1329.19,60.84,Medium
22.57335,85.89222,2026-09-05,2046,1.64,307.09,289.03,n,7.95,Low,950.83,948.17,954.07,972.43,46.2,Low
22.5726,85.89563,2026-09-05,2046,1.32,315.04,289.31,n,12.12,Low,951.07,948.4,954.31,972.68,50.38,Medium
22.57186,85.89901,2026-09-05,2046,1.32,307.13,288.97,n,7.73,Low,951.31,948.64,954.55,972.92,46.0,Low
22.05639,88.1225,2026-09-05,2046,1.6,304.22,287.22,n,6.32,Low,1121.62,1118.09,1124.43,1145.74,51.42,Medium
22.05524,88.12738,2026-09-05,2046,1.6,308.96,287.38,n,8.96,Low,1122.02,1118.49,1124.83,1146.14,54.07,Medium
22.20868,84.86357,2026-09-05,2046,3.01,304.19,288.58,n,7.36,Low,841.45,838.98,844.78,862.37,41.24,Low
21.96996,85.3136,2026-09-05,2046,1.69,301.33,286.98,n,4.78,Low,863.86,861.07,867.05,885.97,39.56,Low
21.00243,86.02597,2026-09-05,2046,3.58,306.67,288.82,n,9.17,Low,875.42,871.83,878.2,899.6,44.42,Low
20.97081,86.01405,2026-09-05,2046,2.55,327.75,289.02,n,20.11,Low,872.82,869.21,875.58,897.01,55.26,Medium
20.97332,86.00273,2026-09-05,2046,5.04,307.13,288.82,n,10.52,Low,871.87,868.26,874.64,896.06,45.63,Low
20.97165,86.01027,2026-09-05,2046,2.55,305.74,289.26,n,7.88,Low,872.5,868.89,875.27,896.69,43.01,Low
20.96543,86.01258,2026-09-05,2046,2.55,329.65,288.87,n,21.16,Low,872.43,868.81,875.19,896.62,56.29,Medium
20.96626,86.00883,2026-09-05,2046,2.55,319.76,288.78,n,15.67,Low,872.11,868.5,874.88,896.31,50.79,Medium
20.96087,86.00738,2026-09-05,2046,3.85,327.32,288.37,n,20.84,Low,871.73,868.11,874.49,895.92,55.94,Medium
20.9525,86.045,2026-09-05,2046,4.04,320.13,288.64,n,16.99,Low,874.89,871.26,877.64,899.09,52.22,Medium
20.95163,86.04891,2026-09-05,2046,4.04,315.49,289.05,n,14.41,Low,875.22,871.58,877.97,899.42,49.65,Low
20.98341,85.13425,2026-09-05,2046,1.44,304.37,287.74,n,6.29,Low,791.57,788.22,794.48,815.54,38.19,Low
20.97636,85.1673,2026-09-05,2046,1.86,307.05,287.84,n,8.09,Low,794.24,790.87,797.14,818.22,40.09,Low
20.97565,85.17059,2026-09-05,2046,1.44,311.04,287.42,n,9.99,Low,794.5,791.14,797.41,818.49,42.01,Low
20.97495,85.17385,2026-09-05,2046,1.44,310.9,287.89,n,9.91,Low,794.77,791.4,797.67,818.75,41.94,Low
20.96983,85.17253,2026-09-05,2046,2.04,335.81,288.32,n,24.2,Low,794.38,791.01,797.28,818.37,56.21,Medium
20.97829,85.13296,2026-09-05,2046,2.12,306.72,288.96,n,8.1,Low,791.19,787.84,794.1,815.16,39.98,Low
20.97758,85.13626,2026-09-05,2046,1.6800000000000002,310.46,288.32,n,9.85,Low,791.45,788.1,794.36,815.42,41.74,Low
20.96912,85.1758,2026-09-05,2046,4.27,318.77,288.11,n,16.41,Low,794.64,791.27,797.54,818.63,48.43,Low
20.96627,85.18915,2026-09-05,2046,1.67,309.58,288.0,n,9.35,Low,795.72,792.35,798.62,819.72,41.41,Low
20.96894,85.15144,2026-09-05,2046,5.08,339.81,288.69,n,28.7,Low,792.4,789.03,795.3,816.38,60.63,Medium
20.96822,85.15479,2026-09-05,2046,2.87,307.93,288.01,n,9.34,Low,792.67,789.3,795.57,816.65,41.28,Low
20.96611,85.16463,2026-09-05,2046,1.93,307.29,287.47,n,8.28,Low,793.46,790.09,796.36,817.45,40.25,Low
20.9654,85.16793,2026-09-05,2046,2.04,305.85,286.58,n,7.56,Low,793.73,790.36,796.63,817.71,39.54,Low
20.9647,85.1712,2026-09-05,2046,2.04,303.06,285.55,n,6.01,Low,793.99,790.62,796.89,817.98,38.0,Low
20.96185,85.18448,2026-09-05,2046,4.52,315.38,287.37,n,14.71,Low,795.07,791.69,797.96,819.06,46.75,Low
20.96112,85.18789,2026-09-05,2046,1.67,314.48,287.6,n,12.07,Low,795.34,791.96,798.24,819.34,44.12,Low
21.57817,82.02279,2026-09-05,2046,1.82,298.05,285.6,n,3.06,Low,580.22,578.84,583.97,596.2,26.45,Low
20.95634,85.01005,2026-09-05,2046,1.61,303.16,288.16,n,5.74,Low,778.78,775.45,781.7,802.72,37.13,Low
20.95564,85.01325,2026-09-05,2046,1.33,305.69,288.22,n,6.94,Low,779.03,775.71,781.96,802.98,38.34,Low
20.88604,84.98206,2026-09-05,2046,1.67,325.41,288.97,n,18.15,Low,772.53,769.17,775.43,796.51,49.29,Low
20.88534,84.98534,2026-09-05,2046,1.67,305.67,288.63,n,7.18,Low,772.79,769.43,775.7,796.78,38.33,Low
26.75865,83.20107,2026-09-05,2046,1.1,303.4,284.8,n,5.49,Low,1131.86,1131.86,1133.47,1141.26,50.87,Medium
23.66354,87.15416,2026-09-05,2046,2.85,309.16,280.21,n,10.0,Low,1126.14,1123.6,1129.44,1147.22,55.26,Medium
23.66264,87.15807,2026-09-05,2046,2.21,305.04,280.27,n,7.24,Low,1126.41,1123.87,1129.7,1147.49,52.51,Medium
23.75916,86.40092,2026-09-05,2046,1.87,297.2,258.38,n,2.62,Low,1071.49,1069.24,1074.9,1091.48,45.69,Low
23.74075,86.43363,2026-09-05,2046,1.41,304.09,278.08,n,6.11,Low,1072.81,1070.54,1076.21,1092.87,49.23,Low
23.73551,86.43227,2026-09-05,2046,1.6800000000000002,309.67,276.83,n,9.41,Low,1072.34,1070.07,1075.74,1092.41,52.52,Medium
24.44885,83.0391,2026-09-05,2046,0.66,300.77,280.08,n,3.7,Low,900.01,899.25,902.69,912.22,39.84,Low
23.71498,86.44942,2026-09-05,2046,2.22,307.91,284.92,n,8.84,Low,1072.29,1070.0,1075.68,1092.42,51.94,Medium
23.70973,86.44808,2026-09-05,2046,2.15,315.23,285.54,n,12.85,Low,1071.82,1069.53,1075.21,1091.96,55.94,Medium
23.69034,86.43555,2026-09-05,2046,0.77,303.17,281.46,n,5.12,Low,1069.48,1067.19,1072.87,1089.64,48.11,Low
23.68354,86.3924,2026-09-05,2046,4.39,317.36,287.63,n,15.71,Low,1065.57,1063.29,1068.97,1085.68,58.55,Medium
23.67989,86.39262,2026-09-05,2046,1.9,310.41,287.59,n,9.99,Low,1065.33,1063.05,1068.73,1085.45,52.82,Medium
23.67911,86.39612,2026-09-05,2046,1.9,308.56,288.37,n,8.96,Low,1065.56,1063.27,1068.96,1085.69,51.79,Medium
23.67832,86.39969,2026-09-05,2046,3.47,311.12,288.74,n,11.56,Low,1065.79,1063.5,1069.19,1085.92,54.4,Medium
23.75568,85.85284,2026-09-05,2046,0.97,304.07,277.94,n,5.77,Low,1028.43,1026.39,1031.92,1047.66,47.11,Low
23.70117,86.07451,2026-09-05,2046,0.77,298.32,266.21,n,2.42,Low,1041.7,1039.54,1045.15,1061.35,44.3,Low
23.69453,86.07994,2026-09-05,2046,0.75,302.22,272.29,n,4.57,Low,1041.65,1039.49,1045.1,1061.32,46.45,Low
23.68052,86.094,2026-09-05,2046,0.93,301.32,274.43,n,4.21,Low,1041.76,1039.59,1045.2,1061.48,46.09,Low
23.67692,86.08581,2026-09-05,2046,1.1,305.12,277.3,n,6.45,Low,1040.87,1038.69,1044.3,1060.57,48.29,Low
23.79019,85.55246,2026-09-05,2046,0.87,308.47,282.49,n,8.14,Low,1008.15,1006.22,1011.68,1026.84,48.67,Low
23.78521,85.55125,2026-09-05,2046,0.87,307.79,282.31,n,7.76,Low,1007.69,1005.76,1011.22,1026.39,48.27,Low
23.5474,86.53539,2026-09-05,2046,0.53,301.35,280.35,n,3.93,Low,1067.77,1065.38,1071.13,1088.32,46.86,Low
23.69439,85.372,2026-09-05,2046,3.4,308.29,279.18,n,9.93,Low,987.43,985.52,990.97,1006.02,49.63,Low
23.65894,85.50828,2026-09-05,2046,1.23,303.09,285.19,n,5.42,Low,995.04,993.08,998.55,1013.91,45.43,Low
23.6945,85.37199,2026-09-05,2046,3.98,309.93,281.38,n,11.28,Low,987.44,985.53,990.98,1006.02,50.98,Medium
23.65503,85.5074,2026-09-05,2046,1.06,307.41,283.93,n,7.69,Low,994.68,992.72,998.19,1013.56,47.68,Low
23.64934,85.43687,2026-09-05,2046,0.32,299.05,271.74,n,2.49,Low,988.92,986.98,992.45,1007.71,42.25,Low
23.64866,85.44,2026-09-05,2046,0.32,299.87,274.08,n,2.95,Low,989.11,987.17,992.63,1007.9,42.72,Low
22.87299,86.06194,2026-09-05,2046,1.62,318.0,289.02,n,13.99,Low,984.28,981.72,987.57,1005.5,53.58,Medium
22.87465,86.06137,2026-09-05,2046,0.9,308.9,288.82,n,8.4,Low,984.34,981.78,987.63,1005.56,47.99,Low
22.87387,86.06493,2026-09-05,2046,0.9,304.88,288.81,n,6.16,Low,984.59,982.02,987.87,1005.81,45.76,Low
22.79832,86.20602,2026-09-05,2046,1.44,319.84,288.96,n,14.88,Low,991.54,988.88,994.78,1013.08,54.76,Medium
22.7975,86.20966,2026-09-05,2046,1.44,308.81,288.97,n,8.75,Low,991.79,989.13,995.04,1013.34,48.64,Low
22.78704,86.20657,2026-09-05,2046,2.71,336.36,289.55,n,25.01,Low,990.87,988.21,994.11,1012.44,64.87,Medium
22.78942,86.19597,2026-09-05,2046,1.26,308.1,289.55,n,8.22,Low,990.13,987.47,993.37,1011.68,48.05,Low
22.78863,86.19949,2026-09-05,2046,1.26,306.0,289.8,n,7.06,Low,990.37,987.71,993.62,1011.93,46.9,Low
22.78784,86.20303,2026-09-05,2046,2.71,309.19,289.34,n,9.92,Low,990.62,987.96,993.86,1012.18,49.77,Low
17.61234,83.206,2026-09-05,2046,2.84,310.53,289.95,n,10.76,Low,489.89,487.52,493.77,516.56,30.64,Low
17.60749,83.20487,2026-09-05,2046,2.84,311.25,289.69,n,11.16,Low,489.74,487.39,493.63,516.43,31.03,Low
17.95661,80.79498,2026-09-05,2046,1.26,302.11,285.82,n,4.9,Low,241.84,237.42,244.12,266.58,14.8,Low
18.04078,74.8643,2026-09-05,2046,0.8300000000000001,310.8,290.71,n,9.4,Low,364.57,363.37,363.54,366.98,23.98,Low
17.14167,77.18513,2026-09-05,2046,1.6800000000000002,308.39,292.92,n,8.7,Low,122.24,121.29,121.59,124.08,13.59,Low
17.13956,77.17656,2026-09-05,2046,1.56,306.26,293.0,n,7.43,Low,123.17,122.23,122.52,125.01,12.36,Low
15.3352,76.28614,2026-09-05,2046,0.84,312.29,291.87,n,10.24,Low,314.95,314.05,318.42,318.69,22.9,Low
15.33179,76.28551,2026-09-05,2046,0.84,303.39,291.01,n,5.29,Low,315.26,314.36,318.74,319.01,17.96,Low
15.02384,78.01737,2026-09-05,2046,2.21,309.76,294.41,n,9.86,Low,256.79,254.81,267.74,267.35,20.33,Low
15.17896,77.10342,2026-09-05,2046,1.47,307.02,291.83,n,7.78,Low,274.17,272.74,282.38,281.18,18.88,Low
15.17545,77.10278,2026-09-05,2046,1.48,306.89,292.02,n,7.72,Low,274.54,273.1,282.76,281.55,18.84,Low
15.22675,76.76101,2026-09-05,2046,1.06,305.38,291.57,n,6.56,Low,290.19,288.98,296.39,295.83,18.27,Low
15.22608,76.76495,2026-09-05,2046,1.06,308.86,291.56,n,8.5,Low,290.0,288.78,296.22,295.65,20.21,Low
15.309,76.2541,2026-09-05,2046,0.61,302.96,290.92,n,4.88,Low,319.44,318.54,322.88,323.16,17.72,Low
15.3005,76.22136,2026-09-05,2046,0.72,303.55,291.33,n,5.29,Low,322.61,321.73,325.95,326.27,18.26,Low
15.65914,73.98743,2026-09-05,2046,0.59,304.12,290.25,n,5.51,Low,500.89,499.93,500.29,502.62,25.55,Low
15.65858,73.99101,2026-09-05,2046,0.59,308.41,289.16,n,7.89,Low,500.56,499.61,499.97,502.3,27.91,Low
15.17463,76.78519,2026-09-05,2046,2.58,305.64,291.85,n,7.85,Low,293.28,292.04,299.8,299.14,19.69,Low
15.18671,76.64958,2026-09-05,2046,1.58,306.13,292.46,n,7.37,Low,301.02,299.85,306.8,306.37,19.51,Low
15.18408,76.66525,2026-09-05,2046,1.48,309.32,291.73,n,9.07,Low,300.21,299.03,306.08,305.62,21.18,Low
15.18342,76.66917,2026-09-05,2046,1.48,318.33,292.33,n,14.07,Low,300.0,298.82,305.9,305.43,26.17,Low
15.18062,76.66463,2026-09-05,2046,1.48,307.28,292.43,n,7.93,Low,300.55,299.37,306.43,305.97,20.05,Low
15.17865,76.67638,2026-09-05,2046,2.25,308.7,293.14,n,9.3,Low,299.94,298.76,305.89,305.41,21.4,Low
15.17849,76.65616,2026-09-05,2046,1.51,318.32,293.73,n,14.09,Low,301.29,300.12,307.14,306.69,26.24,Low
15.17783,76.66007,2026-09-05,2046,1.51,308.24,292.41,n,8.49,Low,301.09,299.92,306.96,306.5,20.63,Low
15.17519,76.67574,2026-09-05,2046,1.16,306.33,291.78,n,7.16,Low,300.29,299.1,306.25,305.76,19.27,Low
15.17453,76.67966,2026-09-05,2046,1.17,305.76,292.15,n,6.86,Low,300.09,298.9,306.07,305.58,18.97,Low
15.17255,76.69141,2026-09-05,2046,2.3,319.54,292.3,n,15.36,Low,299.49,298.3,305.54,305.03,27.44,Low
15.17504,76.65553,2026-09-05,2046,1.51,312.27,293.05,n,10.73,Low,301.64,300.46,307.5,307.04,22.9,Low
15.16894,76.67054,2026-09-05,2046,0.73,306.65,292.39,n,7.02,Low,301.18,299.99,307.13,306.65,19.17,Low
15.16829,76.67445,2026-09-05,2046,0.73,305.39,292.09,n,6.32,Low,300.98,299.79,306.96,306.46,18.46,Low
15.13741,76.7094,2026-09-05,2046,1.14,307.17,291.66,n,7.62,Low,301.43,300.21,307.69,307.11,19.78,Low
15.18638,76.31535,2026-09-05,2046,1.39,313.8,292.18,n,11.49,Low,324.51,323.52,328.74,328.79,24.55,Low
15.17135,76.38354,2026-09-05,2046,0.76,305.11,291.53,n,6.19,Low,320.77,319.74,325.36,325.3,19.1,Low
15.16858,76.3791,2026-09-05,2046,1.64,314.2,292.21,n,11.9,Low,321.32,320.29,325.9,325.84,24.83,Low
15.07068,76.86605,2026-09-05,2046,2.19,305.47,292.31,n,7.46,Low,297.81,296.47,305.1,304.19,19.5,Low
14.15012,77.59451,2026-09-05,2049,1.16,305.37,293.27,n,6.63,Low,360.71,358.82,372.4,370.55,21.25,Low
14.15089,77.59003,2026-09-05,2049,2.02,320.11,293.75,n,15.47,Low,360.74,358.85,372.43,370.57,30.1,Low
11.6361,77.65678,2026-09-05,2049,2.4,327.2,290.59,n,19.69,Low,633.38,631.35,643.62,644.12,45.21,Low
12.62502,79.78784,2026-09-05,2049,1.63,308.38,289.72,n,8.66,Low,534.38,535.6,543.34,552.63,30.32,Low
17.60913,83.20568,2026-09-05,2049,6.72,317.89,290.33,n,17.76,Low,489.84,487.48,493.72,516.52,37.64,Low
17.6949,83.24507,2026-09-05,2049,3.38,309.35,290.69,n,10.51,Low,494.59,491.95,498.32,521.04,30.57,Low
18.71578,79.54022,2026-09-05,2049,1.46,308.94,290.52,n,8.84,Low,170.68,169.42,174.46,187.45,15.86,Low
18.72045,79.53607,2026-09-05,2049,1.46,307.44,290.76,n,8.01,Low,170.83,169.59,174.61,187.5,15.04,Low
19.09932,82.16781,2026-09-05,2049,3.2,317.65,288.78,n,14.98,Low,420.62,416.86,423.29,444.92,32.04,Low
19.10373,82.16882,2026-09-05,2049,1.32,307.37,289.24,n,7.86,Low,420.92,417.17,423.6,445.22,24.93,Low
8.12086,80.55772,2026-09-05,2049,1.13,304.17,284.69,n,5.94,Low,1039.04,1040.24,1047.89,1056.25,47.77,Low
13.41842,75.98045,2026-09-05,2049,0.73,306.9,291.32,n,7.16,Low,503.51,502.09,511.27,510.26,27.43,Low
13.16123,80.28672,2026-09-05,2049,2.49,323.74,289.72,n,17.83,Low,493.98,495.24,503.23,515.16,37.91,Low
20.90938,71.45822,2026-09-05,2049,1.45,311.03,293.48,n,9.99,Low,807.04,805.77,805.91,809.48,42.27,Low
21.1028,72.63883,2026-09-05,2049,4.18,305.88,292.33,n,9.18,Low,710.81,709.55,709.68,713.21,37.61,Low
21.10341,72.63448,2026-09-05,2049,5.41,327.06,292.52,n,21.87,Low,711.23,709.96,710.09,713.62,50.32,Medium
21.10517,72.6481,2026-09-05,2049,6.41,316.64,294.04,n,16.83,Low,710.15,708.88,709.01,712.54,45.24,Low
21.10577,72.64375,2026-09-05,2049,8.99,331.2,294.54,n,26.85,Low,710.56,709.29,709.43,712.96,55.27,Medium
21.11057,72.63561,2026-09-05,2049,4.62,313.66,293.99,n,13.83,Low,711.56,710.29,710.43,713.95,42.29,Low
20.65857,78.49527,2026-09-05,2049,0.7000000000000001,304.78,289.97,n,5.96,Low,344.66,345.54,346.49,347.8,19.8,Low
13.16061,80.2888,2026-09-05,2049,1.1,315.1,289.67,n,11.99,Low,494.12,495.39,503.38,515.31,32.07,Low
13.16142,80.28448,2026-09-05,2049,1.99,309.21,289.81,n,9.39,Low,493.87,495.13,503.12,515.05,29.46,Low
13.89843,76.56497,2026-09-05,2049,1.25,313.55,293.28,n,11.24,Low,426.33,424.8,435.17,433.8,28.44,Low
13.71024,79.61983,2026-09-05,2049,1.7000000000000002,308.48,293.37,n,8.76,Low,413.56,414.79,422.59,432.53,25.59,Low
28.49895,97.02425,2026-09-06,620,5.06,334.33,290.41,n,25.64,Low,2246.6,2243.8,2249.78,2268.55,115.73,High
27.85909,95.18375,2026-09-06,620,2.18,328.42,289.01,n,20.2,Low,2054.46,2051.73,2057.68,2076.14,102.6,High
27.85981,95.18361,2026-09-06,620,1.57,327.99,289.13,n,19.51,Low,2054.49,2051.76,2057.71,2076.17,101.91,High
27.88107,96.92548,2026-09-06,620,5.9,340.0,292.87,n,29.43,Low,2205.68,2202.73,2208.8,2228.15,117.88,High
27.87505,96.91943,2026-09-06,620,5.64,330.24,293.34,n,23.81,Low,2204.84,2201.9,2207.96,2227.31,112.23,High
27.87594,96.92361,2026-09-06,620,13.81,352.66,292.76,n,42.39,Medium,2205.25,2202.31,2208.37,2227.73,130.83,Critical
27.87185,96.92667,2026-09-06,620,13.81,355.9,293.57,n,44.19,Medium,2205.31,2202.36,2208.43,2227.79,132.63,Critical
8.74934,80.53089,2026-09-06,756,11.42,339.58,301.56,l,33.33,Low,970.42,971.63,979.31,987.92,72.42,Medium
8.7964,80.58931,2026-09-06,756,7.92,345.2,298.48,n,33.83,Low,966.72,967.93,975.63,984.4,72.78,Medium
8.89856,80.87868,2026-09-06,756,4.45,333.91,298.42,n,24.95,Low,963.25,964.48,972.26,981.74,63.77,Medium
8.89988,80.87962,2026-09-06,756,5.99,330.52,297.62,l,24.23,Low,963.14,964.36,972.15,981.63,63.04,Medium
8.89297,80.58804,2026-09-06,756,11.58,339.2,300.99,l,33.24,Low,956.27,957.49,965.19,974.01,71.77,Medium
8.953710000000001,80.87083,2026-09-06,756,4.19,333.82,296.18,n,24.71,Low,957.13,958.36,966.14,975.64,63.28,Medium
8.94726,80.80805,2026-09-06,756,4.8100000000000005,330.28,296.71,l,23.21,Low,956.1,957.32,965.09,974.44,61.74,Medium
8.92181,80.53501,2026-09-06,756,7.21,334.74,294.82,l,27.49,Low,951.88,953.09,960.79,969.5,65.84,Medium
8.91521,80.44745,2026-09-06,756,6.67,345.28,296.84,n,32.94,Low,950.56,951.76,959.43,967.94,71.24,Medium
8.97766,80.79027,2026-09-06,756,10.07,330.64,299.52,l,27.35,Low,952.36,953.58,961.35,970.68,65.73,Medium
8.99992,80.78308,2026-09-06,756,7.0,342.03,295.46,n,31.38,Low,949.78,951.0,958.77,968.09,69.66,Medium
8.64496,78.06096,2026-09-06,756,3.84,334.28,298.39,n,24.7,Low,959.8,957.69,968.63,971.17,63.27,Medium
8.64313,78.06151,2026-09-06,756,3.63,334.8,298.2,n,24.83,Low,960.0,957.89,968.83,971.37,63.41,Medium
8.69569,77.7998,2026-09-06,756,12.9,344.6,299.54,n,37.23,Low,955.72,953.63,965.02,966.88,75.64,Medium
9.21651,80.32494,2026-09-06,756,8.53,334.09,297.82,l,28.11,Low,915.18,916.39,924.03,932.41,64.99,Medium
8.751290000000001,77.44485,2026-09-06,756,6.9,343.06,299.3,n,31.88,Low,953.01,950.96,962.93,963.87,70.19,Medium
9.38268,80.52093,2026-09-06,756,7.72,330.96,294.06,l,25.77,Low,901.84,903.05,910.77,919.72,62.12,Medium
9.37995,80.32283,2026-09-06,756,8.4,337.54,298.09,n,29.93,Low,897.43,898.64,906.3,914.76,66.1,Medium
9.23311,78.75137,2026-09-06,756,2.59,337.36,297.91,n,25.48,Low,894.23,892.64,902.36,906.69,61.44,Medium
9.69221,77.82102,2026-09-06,756,4.64,340.85,294.22,n,28.95,Low,845.61,843.53,855.02,856.73,62.96,Medium
9.78295,77.51691,2026-09-06,756,10.03,340.9,289.11,n,33.02,Low,838.72,836.69,848.74,849.55,66.76,Medium
11.19149,79.82079,2026-09-06,756,6.32,338.01,293.68,n,28.63,Low,690.15,691.35,698.96,707.14,56.51,Medium
11.73491,76.77407,2026-09-06,756,6.41,338.02,295.97,n,28.71,Low,641.81,639.97,653.49,651.28,54.58,Medium
6.41315,81.08602,2026-09-06,756,21.13,334.96,300.91,l,38.05,Low,1235.91,1237.12,1244.81,1253.45,87.76,High
6.38152,81.02921,2026-09-06,756,3.96,337.57,299.39,n,26.62,Low,1237.99,1239.2,1246.87,1255.4,76.41,Medium
6.22826,80.84173,2026-09-06,756,6.27,335.94,303.5,n,27.45,Low,1250.43,1251.63,1259.25,1267.38,77.74,Medium
6.14477,81.02021,2026-09-06,756,6.65,334.72,299.55,n,27.05,Low,1263.4,1264.6,1272.26,1280.68,77.86,Medium
6.13792,81.04801,2026-09-06,756,4.6,333.95,298.08,l,25.09,Low,1264.77,1265.98,1273.65,1282.1,75.96,Medium
7.89036,80.43704,2026-09-06,756,13.18,342.62,297.47,l,36.34,Low,1061.49,1062.68,1070.28,1078.28,79.07,Medium
8.61943,80.69527,2026-09-06,756,7.65,333.64,299.75,l,27.2,Low,988.4,989.62,997.33,1006.24,67.02,Medium
8.60105,80.55779,2026-09-06,756,17.5,345.36,299.55,l,41.1,Medium,987.07,988.28,995.96,1004.55,80.86,High
8.62829,80.68075,2026-09-06,756,8.73,330.67,300.46,l,26.36,Low,987.09,988.3,996.02,1004.9,66.12,Medium
8.63741,80.64435,2026-09-06,756,4.35,330.11,300.41,l,22.77,Low,985.21,986.42,994.13,1002.93,62.46,Medium
8.63712,80.64507,2026-09-06,756,5.86,330.48,300.83,l,24.11,Low,985.26,986.47,994.18,1002.98,63.8,Medium
8.23612,80.1665,2026-09-06,756,6.0,338.29,299.55,l,28.55,Low,1018.63,1019.81,1027.35,1034.9,69.56,Medium
8.25071,80.2575,2026-09-06,756,4.58,331.3,299.64,l,23.6,Low,1018.73,1019.92,1027.49,1035.25,64.61,Medium
8.29433,80.57742,2026-09-06,756,15.45,331.23,296.58,l,31.72,Low,1020.7,1021.9,1029.57,1038.05,72.82,Medium
8.23099,80.32535,2026-09-06,756,2.74,335.4,296.16,n,24.5,Low,1022.2,1023.39,1030.98,1038.88,65.65,Medium
8.22726,80.32596,2026-09-06,756,2.74,334.35,296.89,n,23.92,Low,1022.62,1023.81,1031.4,1039.3,65.09,Medium
8.30794,81.00919,2026-09-06,756,5.61,332.94,296.67,n,25.29,Low,1030.09,1031.31,1039.09,1048.5,66.78,Medium
8.22669,80.60183,2026-09-06,756,4.55,335.12,299.46,l,25.7,Low,1028.57,1029.78,1037.45,1045.95,67.12,Medium
8.27718,81.00146,2026-09-06,756,8.12,331.91,297.76,l,26.6,Low,1033.17,1034.4,1042.17,1051.55,68.21,Medium
8.15541,80.45531,2026-09-06,756,7.45,335.29,299.82,n,27.97,Low,1033.07,1034.27,1041.9,1050.05,69.56,Medium
8.08336,80.1761,2026-09-06,756,8.84,336.55,298.36,n,29.71,Low,1035.47,1036.65,1044.19,1051.7,71.39,Medium
8.12533,80.55049,2026-09-06,756,5.23,332.17,302.12,l,24.57,Low,1038.39,1039.6,1047.24,1055.59,66.38,Medium
8.11108,80.60191,2026-09-06,756,4.13,333.84,300.27,l,24.68,Low,1041.09,1042.29,1049.95,1058.4,66.6,Medium
8.03835,80.35418,2026-09-06,756,7.63,341.72,296.93,n,31.68,Low,1043.73,1044.92,1052.51,1060.39,73.7,Medium
7.95103,80.12518,2026-09-06,756,8.13,336.62,298.53,n,29.22,Low,1049.03,1050.21,1057.72,1065.07,71.44,Medium
8.02274,80.63313,2026-09-06,756,11.54,340.91,300.64,l,34.16,Low,1051.36,1052.56,1060.23,1068.7,76.49,Medium
7.91617,80.31277,2026-09-06,756,13.18,333.74,298.42,l,31.41,Low,1056.23,1057.42,1064.98,1072.72,73.92,Medium
7.87201,80.30141,2026-09-06,756,7.11,344.8,299.8,n,33.0,Low,1060.82,1062.01,1069.57,1077.27,75.7,Medium
7.77909,81.10803,2026-09-06,756,4.55,332.78,294.64,n,24.4,Low,1089.45,1090.68,1098.45,1107.77,68.26,Medium
7.95897,81.18918,2026-09-06,756,5.46,332.46,301.56,l,24.91,Low,1072.45,1073.68,1081.48,1091.06,68.1,Medium
8.00894,81.30312,2026-09-06,756,2.97,331.75,297.93,n,22.64,Low,1070.43,1071.67,1079.49,1089.33,65.75,Medium
8.01671,81.30602,2026-09-06,756,9.02,337.18,299.87,l,30.2,Low,1069.69,1070.93,1078.75,1088.6,73.28,Medium
7.84201,80.23619,2026-09-06,756,4.13,331.24,298.92,l,23.23,Low,1062.89,1064.07,1071.61,1079.16,66.01,Medium
7.84125,80.23163,2026-09-06,756,6.36,331.08,298.44,l,24.81,Low,1062.89,1064.07,1071.61,1079.15,67.59,Medium
7.84577,80.23558,2026-09-06,756,4.13,336.04,298.88,n,25.9,Low,1062.46,1063.65,1071.19,1078.74,68.66,Medium
7.69491,80.81984,2026-09-06,756,7.2,335.43,300.54,n,27.86,Low,1091.15,1092.36,1100.06,1108.76,71.78,Medium
7.69565,80.82321,2026-09-06,756,5.79,335.67,301.46,l,26.94,Low,1091.15,1092.36,1100.06,1108.77,70.86,Medium
7.60936,80.93732,2026-09-06,756,7.12,335.7,301.95,l,27.95,Low,1103.25,1104.47,1112.18,1121.08,72.36,Medium
7.61005,80.94154,2026-09-06,756,7.12,332.01,301.28,l,25.9,Low,1103.28,1104.5,1112.22,1121.12,70.31,Medium
7.61,80.94065,2026-09-06,756,13.52,342.03,303.6,l,36.27,Low,1103.27,1104.48,1112.2,1121.1,80.68,High
7.42859,81.66696,2026-09-06,756,4.84,333.37,299.72,l,24.95,Low,1143.25,1144.49,1152.35,1162.55,70.98,Medium
7.41811,81.62414,2026-09-06,756,4.13,335.55,296.76,n,25.63,Low,1143.02,1144.25,1152.11,1162.22,71.65,Medium
7.42337,81.72427,2026-09-06,756,3.38,335.7,301.47,l,25.15,Low,1145.63,1146.87,1154.74,1165.04,71.27,Medium
7.3712,81.71616,2026-09-06,756,5.74,339.08,301.78,l,28.79,Low,1150.89,1152.13,1160.0,1170.25,75.12,Medium
7.33192,81.83062,2026-09-06,756,7.0,340.22,303.51,l,30.37,Low,1158.75,1160.0,1167.88,1178.32,77.02,Medium
7.22925,81.54749,2026-09-06,756,12.05,348.48,303.72,n,38.75,Low,1160.74,1161.98,1169.81,1179.67,85.47,High
7.10436,81.25865,2026-09-06,756,10.5,337.91,299.99,l,31.71,Low,1165.87,1167.1,1174.86,1184.13,78.63,Medium
6.99438,81.5918,2026-09-06,756,6.7,337.1,303.3,l,28.41,Low,1187.07,1188.31,1196.13,1205.95,76.18,Medium
6.99694,81.60781,2026-09-06,756,6.84,336.99,305.41,n,28.46,Low,1187.28,1188.51,1196.34,1206.19,76.24,Medium
6.986,81.5849,2026-09-06,756,12.33,348.85,305.94,n,39.16,Low,1187.76,1188.99,1196.82,1206.62,86.96,High
6.98664,81.5889,2026-09-06,756,13.38,342.62,304.69,n,36.49,Low,1187.81,1189.04,1196.87,1206.68,84.29,High
6.98437,81.59746,2026-09-06,756,10.62,342.97,305.09,n,34.62,Low,1188.31,1189.54,1197.37,1207.19,82.44,High
6.85239,81.03367,2026-09-06,756,3.41,332.47,294.64,n,23.37,Low,1187.23,1188.45,1196.15,1204.88,71.14,Medium
6.86452,81.32029,2026-09-06,756,6.07,338.43,300.65,n,28.68,Low,1193.26,1194.48,1202.25,1211.51,76.7,Medium
6.8483,81.40302,2026-09-06,756,3.42,337.34,301.76,l,26.09,Low,1197.26,1198.48,1206.26,1215.67,74.27,Medium
6.8797,81.66669,2026-09-06,756,5.67,332.17,304.13,l,24.9,Low,1201.52,1202.76,1210.59,1220.49,73.25,Medium
6.88034,81.67067,2026-09-06,756,19.23,353.84,306.22,n,47.11,Medium,1201.58,1202.81,1210.64,1220.55,95.47,High
6.88098,81.67465,2026-09-06,756,19.23,353.37,309.71,n,46.85,Medium,1201.63,1202.86,1210.7,1220.61,95.21,High
6.8768,81.67124,2026-09-06,756,19.23,355.75,305.84,n,48.17,Medium,1201.97,1203.2,1211.04,1220.94,96.54,High
6.87744,81.67522,2026-09-06,756,19.23,347.51,305.46,n,43.59,Medium,1202.02,1203.26,1211.09,1221.0,91.96,High
6.84022,81.46677,2026-09-06,756,10.8,355.22,308.37,n,41.56,Medium,1199.9,1201.13,1208.92,1218.44,89.84,High
6.82884,81.46439,2026-09-06,756,2.93,331.15,304.77,l,22.28,Low,1201.05,1202.28,1210.07,1219.58,70.61,Medium
6.814,81.52053,2026-09-06,756,6.31,341.56,304.51,l,30.6,Low,1204.23,1205.46,1213.26,1222.86,79.06,Medium
6.78676,81.53317,2026-09-06,756,6.74,340.98,305.84,l,30.6,Low,1207.5,1208.73,1216.54,1226.15,79.19,Medium
6.75454,81.35403,2026-09-06,756,11.62,349.67,305.88,n,39.09,Low,1205.96,1207.19,1214.95,1224.23,87.61,High
6.61357,80.78343,2026-09-06,756,4.7,338.79,298.05,n,27.85,Low,1207.38,1208.58,1216.2,1224.37,76.42,Medium
6.70751,81.38259,2026-09-06,756,11.19,337.54,304.87,l,32.03,Low,1211.78,1213.0,1220.77,1230.07,80.79,High
6.61155,80.78236,2026-09-06,756,2.15,330.68,297.81,n,21.43,Low,1207.57,1208.77,1216.4,1224.56,70.0,Medium
6.59875,80.79769,2026-09-06,756,6.85,332.09,297.39,l,25.74,Low,1209.29,1210.49,1218.12,1226.3,74.38,Medium
6.60208,80.96151,2026-09-06,756,6.43,332.27,305.28,l,25.53,Low,1212.57,1213.78,1221.45,1229.94,74.31,Medium
6.52079,80.76308,2026-09-06,756,3.7,332.35,299.43,n,23.53,Low,1217.01,1218.21,1225.83,1233.92,72.48,Medium
6.51854,80.91232,2026-09-06,756,4.88,333.81,301.07,l,25.22,Low,1220.5,1221.7,1229.36,1237.72,74.31,Medium
6.52024,80.91105,2026-09-06,756,5.9,335.82,302.82,l,27.1,Low,1220.29,1221.49,1229.14,1237.51,76.18,Medium
6.45064,81.04218,2026-09-06,756,4.44,335.99,299.3,l,26.1,Low,1230.82,1232.03,1239.71,1248.29,75.61,Medium
6.3734,80.78799,2026-09-06,756,8.95,347.93,302.26,n,36.12,Low,1233.54,1234.74,1242.36,1250.44,85.73,High
8.25819,80.25628,2026-09-06,756,8.63,337.49,299.47,l,30.08,Low,1017.89,1019.08,1026.65,1034.41,71.06,Medium
8.2361,80.16422,2026-09-06,756,5.42,336.92,300.06,l,27.35,Low,1018.59,1019.77,1027.31,1034.86,68.36,Medium
8.255,80.25446,2026-09-06,756,4.7,334.57,299.29,l,25.51,Low,1018.21,1019.4,1026.96,1034.72,66.5,Medium
8.26466,80.15013,2026-09-06,756,1.55,332.6,295.15,l,22.05,Low,1015.22,1016.4,1023.94,1031.47,62.92,Medium
8.26842,80.14952,2026-09-06,756,10.91,346.01,297.91,n,36.52,Low,1014.8,1015.98,1023.52,1031.04,77.37,Medium
8.29321,80.18297,2026-09-06,756,9.1,340.21,298.89,n,31.94,Low,1012.7,1013.89,1021.44,1029.05,72.71,Medium
8.40032,80.43282,2026-09-06,756,14.49,349.45,301.27,l,41.12,Medium,1006.02,1007.22,1014.85,1023.07,81.63,High
8.36934,80.17639,2026-09-06,756,12.84,338.25,294.62,l,33.66,Low,1004.28,1005.47,1013.02,1020.64,74.09,Medium
8.48052,80.82955,2026-09-06,756,12.26,340.74,302.42,l,34.61,Low,1006.77,1007.99,1015.73,1024.86,75.16,Medium
8.4589,80.62856,2026-09-06,756,6.95,335.02,298.1,l,27.45,Low,1004.1,1005.31,1013.0,1021.67,67.89,Medium
8.48561,80.74661,2026-09-06,756,6.65,333.16,302.15,l,26.19,Low,1004.1,1005.31,1013.04,1021.99,66.63,Medium
8.42356,80.34282,2026-09-06,756,4.74,332.46,297.82,n,24.37,Low,1001.61,1002.81,1010.41,1018.44,64.7,Medium
8.50583,80.82543,2026-09-06,756,15.74,345.18,303.37,l,39.68,Low,1003.94,1005.16,1012.9,1022.04,80.12,High
8.51488,80.78951,2026-09-06,756,7.49,340.7,299.95,l,31.01,Low,1002.04,1003.26,1010.99,1020.05,71.37,Medium
8.53316,80.83387,2026-09-06,756,10.43,343.15,298.66,n,34.57,Low,1001.22,1002.44,1010.19,1019.36,74.9,Medium
8.47988,80.45582,2026-09-06,756,5.17,333.2,298.07,l,25.1,Low,997.89,999.09,1006.73,1015.04,65.29,Medium
8.51461,80.60179,2026-09-06,756,13.37,354.81,301.69,n,43.26,Medium,997.45,998.66,1006.34,1014.99,83.43,High
8.51827,80.60117,2026-09-06,756,18.88,367.0,301.36,h,54.16,Medium,997.04,998.25,1005.93,1014.58,94.32,High
8.51295,80.54437,2026-09-06,756,3.69,332.69,295.51,n,23.71,Low,996.29,997.5,1005.17,1013.69,63.84,Medium
8.51251,80.54554,2026-09-06,756,3.9,331.71,296.75,l,23.32,Low,996.36,997.57,1005.24,1013.76,63.45,Medium
8.5646,80.74776,2026-09-06,756,40.67,343.58,300.17,l,57.49,Medium,995.62,996.84,1004.57,1013.56,97.6,High
8.4977,80.24945,2026-09-06,756,15.55,349.04,300.89,n,41.68,Medium,991.68,992.87,1000.45,1008.3,81.61,High
8.56329,80.62575,2026-09-06,756,11.53,340.26,301.67,l,33.79,Low,992.76,993.97,1001.66,1010.39,73.78,Medium
8.50974,80.18266,2026-09-06,756,23.97,335.74,294.4,l,40.61,Medium,989.09,990.28,997.84,1005.54,80.44,High
8.64888,80.62563,2026-09-06,756,6.18,335.0,298.56,l,26.86,Low,983.52,984.73,992.43,1001.2,66.48,Medium
8.65905,80.50457,2026-09-06,756,10.58,345.93,297.52,n,36.23,Low,979.57,980.78,988.45,996.95,75.69,Medium
8.69938,80.40393,2026-09-06,756,6.06,335.76,298.17,n,27.19,Low,972.96,974.16,981.8,990.1,66.38,Medium
8.75005,80.53522,2026-09-06,756,16.54,338.42,300.56,l,36.53,Low,970.44,971.65,979.33,987.95,75.62,Medium
8.78857,80.56424,2026-09-06,756,5.45,331.8,295.9,n,24.53,Low,966.97,968.18,975.87,984.58,63.49,Medium
18.31238,82.37919,2026-09-06,758,2.64,333.51,298.13,n,23.37,Low,414.03,409.63,416.33,438.78,40.16,Low
17.24984,78.81324,2026-09-06,758,4.69,332.6,299.0,n,24.41,Low,23.71,24.7,31.33,53.12,25.74,Low
17.6088,83.20451,2026-09-06,758,4.73,330.67,297.88,n,23.36,Low,489.71,487.36,493.6,516.39,43.23,Low
17.31903,82.25283,2026-09-06,758,3.74,335.47,297.73,n,25.29,Low,387.95,386.67,392.39,415.39,41.11,Low
15.18268,76.66901,2026-09-06,758,4.48,335.64,301.2,n,25.94,Low,300.08,298.9,305.98,305.51,38.04,Low
15.17639,76.65804,2026-09-06,758,4.8100000000000005,330.31,301.52,l,23.22,Low,301.35,300.18,307.22,306.76,35.38,Low
15.08584,77.31924,2026-09-06,758,7.01,341.72,300.95,n,31.21,Low,272.52,270.92,282.19,280.51,42.27,Low
14.64825,75.44234,2026-09-06,758,4.6,340.81,296.4,n,28.9,Low,433.06,432.21,436.0,436.47,46.28,Low
14.76573,77.04627,2026-09-06,758,5.72,346.38,304.13,n,32.83,Low,317.24,315.71,326.29,324.83,45.67,Low
14.90104,77.50089,2026-09-06,758,7.0,342.54,298.4,n,31.66,Low,283.98,282.24,295.03,292.9,43.2,Low
20.96956,86.01638,2026-09-06,758,7.92,333.55,296.57,n,27.36,Low,872.98,869.37,875.74,897.17,62.51,Medium
18.70286,72.34399,2026-09-06,758,1.7000000000000002,327.4,290.85,n,19.27,Low,639.5,638.28,638.45,641.93,44.85,Low
20.53382,85.9104,2026-09-06,758,7.0,336.89,292.52,n,28.52,Low,843.53,839.68,846.15,867.87,62.49,Medium
19.33445,83.43093,2026-09-06,758,3.33,334.55,302.13,n,24.47,Low,553.18,549.21,555.74,577.68,46.83,Low
23.63325,70.43996,2026-09-06,801,4.13,335.41,295.9,n,25.55,Low,1058.44,1057.2,1057.32,1060.76,67.89,Medium
25.70847,73.58088,2026-09-06,801,2.5,331.75,298.37,n,22.29,Low,1026.67,1025.61,1025.67,1028.52,63.35,Medium
24.1597,82.56544,2026-09-06,801,3.44,335.99,294.03,n,25.35,Low,847.68,847.12,850.09,859.22,59.39,Medium
21.10245,72.63563,2026-09-06,801,7.51,335.21,291.91,n,27.97,Low,711.07,709.8,709.94,713.47,56.41,Medium
21.10482,72.64702,2026-09-06,801,6.89,334.96,294.61,n,27.37,Low,710.22,708.95,709.08,712.61,55.78,Medium
22.36074,82.30308,2026-09-06,801,4.18,335.18,297.5,n,25.46,Low,666.38,665.21,670.13,681.02,52.29,Medium
22.35737,82.30364,2026-09-06,801,7.02,340.16,298.83,n,30.35,Low,666.11,664.95,669.87,680.77,57.17,Medium
22.78975,86.19833,2026-09-06,801,4.84,330.22,295.19,n,23.2,Low,990.34,987.69,993.59,1011.9,63.04,Medium
26.63973,72.26364,2026-09-06,803,3.86,339.78,302.25,n,27.77,Low,1182.86,1181.77,1181.84,1184.8,75.08,Medium
31.20359,72.1606,2026-09-06,803,1.24,330.81,301.76,l,20.82,Low,1635.15,1634.17,1634.21,1636.81,86.22,High
27.64392,69.48135,2026-09-06,803,2.23,340.12,302.18,n,26.74,Low,1437.3,1436.14,1436.23,1439.41,84.23,High
27.92614,69.84824,2026-09-06,803,2.71,342.67,302.05,n,28.52,Low,1438.32,1437.17,1437.25,1440.38,86.05,High
27.9254,69.84502,2026-09-06,803,2.71,347.18,302.92,n,31.02,Low,1438.45,1437.31,1437.39,1440.51,88.56,High
30.8377,72.16951,2026-09-06,803,2.38,331.87,298.45,n,22.27,Low,1597.7,1596.71,1596.76,1599.38,86.18,High
37.05942,80.25857,2026-09-06,805,1.93,330.23,296.74,n,21.02,Low,2169.84,2171.0,2171.91,2173.58,107.88,High
