latitude,longitude,acq_date,acq_time,frp,brightness,bright_t31,confidence,risk_score,risk_level
29.22012,88.95742,2026-08-07,722,11.32,349.19,311.38,n,38.6,Low
29.26978,88.90321,2026-08-07,722,3.97,336.33,309.42,l,25.94,Low
8.76202,78.18221,2026-08-07,858,5.28,335.65,274.04,n,26.54,Low
8.75627,78.18294,2026-08-07,858,5.28,351.99,275.14,n,35.62,Low
24.45387,68.30828,2026-08-07,902,4.49,335.35,294.28,n,25.78,Low
24.45394,68.31149,2026-08-07,902,4.14,335.11,298.14,n,25.39,Low
22.92664,70.10907,2026-08-07,902,3.96,333.56,292.97,n,24.39,Low
29.9692,72.58241,2026-08-07,905,1.89,333.64,293.09,n,22.88,Low
29.99058,72.58743,2026-08-07,905,4.97,344.35,293.35,n,31.14,Low
30.27074,73.32553,2026-08-07,905,8.07,352.08,294.2,n,37.76,Low
30.27043,73.32155,2026-08-07,905,4.6,330.42,294.05,n,23.13,Low
30.27128,73.32471,2026-08-07,905,8.61,367.0,294.51,h,46.46,Medium
30.65503,72.24939,2026-08-07,905,5.05,350.62,294.87,n,34.69,Low
30.66016,72.24886,2026-08-07,905,5.05,342.65,293.1,n,30.26,Low
30.79083,71.86834,2026-08-07,905,14.67,342.95,294.04,n,37.64,Low
30.78971,71.86646,2026-08-07,905,15.35,355.39,293.96,n,45.06,Medium
30.62494,72.0656,2026-08-07,905,2.81,330.11,293.52,n,21.61,Low
31.69593,73.21014,2026-08-07,905,2.58,339.71,293.91,n,26.77,Low
30.61991,72.13137,2026-08-07,905,5.18,355.67,293.97,n,37.59,Low
30.61707,72.13042,2026-08-07,905,2.56,334.09,293.6,n,23.64,Low
30.61736,72.13383,2026-08-07,905,2.56,337.32,293.34,n,25.43,Low
27.62686,69.46743,2026-08-07,905,5.3,344.75,302.75,n,31.61,Low
27.62732,69.47166,2026-08-07,905,5.3,336.3,303.63,n,26.92,Low
37.20391,68.12839,2026-08-07,905,46.07,346.14,315.83,n,62.96,Medium
29.47439,71.57051,2026-08-07,905,12.38,342.03,293.65,n,35.41,Low
29.47925,71.56997,2026-08-07,905,12.38,345.55,293.84,n,37.37,Low
26.64386,79.47507,2026-08-07,1947,2.77,295.42,265.29,n,2.31,Low
25.43726,86.06737,2026-08-07,1947,1.08,310.9,290.9,n,9.64,Low
24.11555,86.86207,2026-08-07,1947,1.11,303.43,289.19,n,5.52,Low
25.03565,87.36957,2026-08-07,1947,1.86,306.65,290.57,n,7.87,Low
24.11618,86.85732,2026-08-07,1947,1.11,305.24,289.98,n,6.52,Low
35.98919,94.83079,2026-08-07,1947,0.62,296.21,283.02,n,1.14,Low
35.99247,94.8316,2026-08-07,1947,0.58,302.11,283.01,n,4.39,Low
23.73722,86.43314,2026-08-07,1949,6.64,329.09,290.81,n,23.92,Low
23.73785,86.4282,2026-08-07,1949,2.55,306.48,289.72,n,8.29,Low
23.66795,86.93554,2026-08-07,1949,2.06,298.17,281.34,n,3.31,Low
23.72468,86.44123,2026-08-07,1949,1.72,304.22,289.04,n,6.41,Low
23.68906,86.38818,2026-08-07,1949,1.83,303.34,290.07,n,6.01,Low
23.6884,86.39319,2026-08-07,1949,1.83,301.71,289.27,n,5.1,Low
27.46227,95.47478,2026-08-07,1949,1.22,297.33,277.66,n,2.21,Low
23.68398,86.39757,2026-08-07,1949,2.63,306.33,289.37,n,8.27,Low
23.68087,86.39198,2026-08-07,1949,3.06,302.45,289.54,n,6.43,Low
23.68022,86.39696,2026-08-07,1949,2.02,309.59,289.83,n,9.62,Low
23.67646,86.39635,2026-08-07,1949,2.02,306.18,288.75,n,7.73,Low
23.69792,85.28923,2026-08-07,1949,1.32,300.5,288.09,n,4.05,Low
23.67205,84.99582,2026-08-07,1949,1.86,300.43,288.25,n,4.41,Low
23.66748,84.99914,2026-08-07,1949,1.32,300.96,288.84,n,4.3,Low
23.6634,84.99857,2026-08-07,1949,1.32,303.84,287.12,n,5.9,Low
29.26254,91.92178,2026-08-07,1949,1.44,301.34,284.78,n,4.6,Low
29.26521,91.92635,2026-08-07,1949,1.48,306.5,287.17,n,7.5,Low
29.66177,90.90686,2026-08-07,1949,1.06,299.46,286.92,n,3.27,Low
23.68464,86.39258,2026-08-07,1949,1.83,321.46,290.15,n,16.07,Low
29.37461,91.1497,2026-08-07,1949,0.94,298.36,284.63,n,2.57,Low
29.37792,91.15035,2026-08-07,1949,0.84,299.45,283.53,n,3.1,Low
23.76804,86.40265,2026-08-07,1949,5.76,326.74,290.33,n,21.95,Low
23.76739,86.40766,2026-08-07,1949,2.25,303.61,289.4,n,6.47,Low
23.76556,86.39212,2026-08-07,1949,2.54,306.89,290.18,n,8.51,Low
23.76427,86.40208,2026-08-07,1949,3.28,313.91,289.85,n,12.97,Low
23.76362,86.40708,2026-08-07,1949,2.78,304.9,289.45,n,7.58,Low
23.76051,86.40147,2026-08-07,1949,3.28,320.14,290.02,n,16.43,Low
23.75105,86.41519,2026-08-07,1949,3.62,307.74,289.43,n,9.79,Low
23.74098,86.43374,2026-08-07,1949,1.96,302.97,289.88,n,5.9,Low
7.53914,81.10133,2026-08-07,1953,0.63,299.6,278.51,n,3.03,Low
7.50678,81.1167,2026-08-07,1953,1.9,324.18,279.67,n,17.64,Low
6.63144,81.18604,2026-08-07,1953,3.45,335.44,268.8,n,25.05,Low
6.6309000000000005,81.18976,2026-08-07,1953,3.45,298.17,268.6,n,4.35,Low
6.62731,81.18541,2026-08-07,1953,3.45,352.97,268.14,n,34.79,Low
6.6278500000000005,81.18169,2026-08-07,1953,2.42,297.82,267.38,n,3.38,Low
6.62676,81.18913,2026-08-07,1953,3.45,301.4,267.44,n,6.14,Low
37.35176,70.37824,2026-08-07,2125,0.51,300.06,283.52,n,3.19,Low
37.34845,70.37748,2026-08-07,2125,0.51,295.9,284.26,n,0.88,Low
32.13319,74.17912,2026-08-07,2127,0.95,307.79,293.09,n,7.82,Low
32.2928,70.73085,2026-08-07,2127,2.81,310.6,295.09,n,10.77,Low
28.42482,69.70239,2026-08-07,2127,5.87,316.52,296.26,n,16.36,Low
33.5473,71.54827,2026-08-07,2127,1.28,305.92,293.76,n,7.03,Low
32.72197,72.92547,2026-08-07,2127,1.14,305.16,294.09,n,6.5,Low
33.17331,70.45238,2026-08-07,2127,0.44,305.79,293.04,n,6.32,Low
32.88826,71.61584,2026-08-07,2127,2.44,309.04,294.27,n,9.63,Low
25.38842,68.58425,2026-08-07,2129,1.14,323.26,292.42,n,16.55,Low
26.0948,68.87952,2026-08-07,2129,0.56,307.26,296.32,n,7.23,Low
23.70372,90.53355,2026-08-08,701,3.78,331.1,292.17,l,22.89,Low
23.9407,90.31876,2026-08-08,701,3.46,332.3,292.54,n,23.32,Low
23.76534,86.40513,2026-08-08,701,6.4,331.15,288.98,n,24.88,Low
21.29586,95.51554,2026-08-08,701,2.7,331.63,293.7,n,22.37,Low
29.64765,90.94865,2026-08-08,703,22.55,367.0,309.09,h,56.91,Medium
29.65398,90.98617,2026-08-08,703,16.99,367.0,300.2,h,52.74,Medium
6.82226,81.80397,2026-08-08,837,4.9,336.51,289.62,n,26.74,Low
6.81376,81.77986,2026-08-08,837,3.82,345.17,287.85,n,30.74,Low
6.8258,81.76459,2026-08-08,837,3.15,336.44,288.89,n,25.38,Low
6.82072,81.803,2026-08-08,837,2.19,333.23,291.18,n,22.88,Low
6.8226700000000005,81.80707,2026-08-08,837,4.58,333.26,289.83,n,24.69,Low
6.82115,81.8061,2026-08-08,837,2.19,336.02,290.73,n,24.43,Low
6.81248,81.78204,2026-08-08,837,3.5700000000000003,334.07,289.49,n,24.38,Low
7.46902,81.17296,2026-08-08,837,4.85,330.0,292.1,n,23.08,Low
9.77946,77.68204,2026-08-08,839,2.63,333.54,296.72,n,23.38,Low
9.75537,77.6293,2026-08-08,839,10.98,367.0,295.44,h,48.24,Medium
27.98071,69.4438,2026-08-08,843,2.19,337.33,303.34,n,25.16,Low
28.83582,70.42214,2026-08-08,843,6.67,330.2,303.4,l,24.56,Low
22.60662,70.24954,2026-08-08,843,2.24,331.84,300.49,n,22.15,Low
24.32291,72.46162,2026-08-08,843,4.09,332.77,295.39,n,24.05,Low
32.10804,72.90211,2026-08-08,845,3.07,341.29,296.66,n,28.02,Low
30.9771,70.80613,2026-08-08,845,8.22,330.41,304.04,l,25.84,Low
30.91326,71.91548,2026-08-08,845,7.93,337.43,297.28,n,29.52,Low
30.86695,71.91726,2026-08-08,845,6.19,343.55,298.2,n,31.61,Low
30.85815,71.87492,2026-08-08,845,6.29,333.73,296.57,n,26.23,Low
30.79273,71.87044,2026-08-08,845,8.25,331.09,298.66,n,26.24,Low
30.79337,71.87579,2026-08-08,845,8.25,333.61,297.69,n,27.64,Low
30.74677,71.74284,2026-08-08,845,2.7,333.79,298.29,n,23.58,Low
30.6985,71.78544,2026-08-08,845,9.01,347.61,298.7,n,35.99,Low
30.6943,71.97591,2026-08-08,845,10.41,337.7,299.15,n,31.53,Low
30.66328,71.87726,2026-08-08,845,6.51,332.77,298.24,n,25.87,Low
30.66391,71.88257,2026-08-08,845,6.51,335.64,298.72,n,27.46,Low
30.62572,71.72218,2026-08-08,845,3.25,335.05,299.18,n,24.69,Low
30.65879,72.24271,2026-08-08,845,5.84,332.84,297.87,n,25.4,Low
30.65776,72.24519,2026-08-08,845,4.05,337.36,298.15,n,26.57,Low
30.63301,72.07047,2026-08-08,845,4.51,338.93,297.02,n,27.79,Low
30.62918,72.07106,2026-08-08,845,4.51,343.13,297.11,n,30.12,Low
30.61395,72.13991,2026-08-08,845,4.51,334.77,297.39,n,25.48,Low
30.60304,72.0806,2026-08-08,845,3.22,332.68,298.53,n,23.35,Low
34.44895,71.26234,2026-08-08,845,4.53,341.11,305.37,n,29.01,Low
33.74356,70.23043,2026-08-08,845,4.05,338.46,306.91,n,27.18,Low
33.74333,70.22848,2026-08-08,845,4.18,336.46,307.21,l,26.17,Low
37.34737,97.40837,2026-08-08,1925,0.49,301.33,289.1,n,3.88,Low
35.99072,94.83022,2026-08-08,1925,0.79,301.4,285.46,n,4.15,Low
29.37856,91.14952,2026-08-08,1928,0.33,301.29,278.88,n,3.74,Low
29.65848,90.89863,2026-08-08,1928,0.89,301.16,281.94,n,4.09,Low
30.06933,96.97936,2026-08-08,1928,0.66,297.11,284.52,n,1.67,Low
23.5617,87.08315,2026-08-08,1930,4.17,310.49,287.51,n,11.73,Low
23.80587,86.32827,2026-08-08,1930,1.03,309.0,287.91,n,8.55,Low
23.79856,86.35028,2026-08-08,1930,1.95,327.19,288.32,n,19.35,Low
23.79887,86.34701,2026-08-08,1930,1.95,303.72,287.78,n,6.31,Low
23.79824,86.35355,2026-08-08,1930,0.87,306.5,287.78,n,7.04,Low
23.79314,86.35291,2026-08-08,1930,0.87,303.24,287.75,n,5.23,Low
23.77949,86.38737,2026-08-08,1930,3.29,321.08,288.49,n,16.96,Low
23.78107,86.37106,2026-08-08,1930,0.81,303.3,287.81,n,5.22,Low
23.77917,86.39056,2026-08-08,1930,1.43,311.63,287.61,n,10.31,Low
23.77692,86.36066,2026-08-08,1930,2.79,303.77,287.31,n,6.96,Low
23.77661,86.36392,2026-08-08,1930,1.41,319.54,287.86,n,14.69,Low
23.77151,86.3633,2026-08-08,1930,1.41,304.89,287.15,n,6.55,Low
23.7681,86.39877,2026-08-08,1930,0.92,303.31,287.23,n,5.31,Low
23.76778,86.40202,2026-08-08,1930,0.29,301.64,286.08,n,3.91,Low
23.76302,86.39813,2026-08-08,1930,0.97,306.55,287.32,n,7.14,Low
23.75794,86.39742,2026-08-08,1930,0.97,301.47,287.28,n,4.32,Low
23.76022,86.39659,2026-08-08,1930,1.08,304.41,287.29,n,6.04,Low
23.75988,86.39985,2026-08-08,1930,0.91,304.81,287.1,n,6.13,Low
23.56486,87.08422,2026-08-08,1930,2.6,305.78,287.56,n,7.94,Low
22.05452,88.1247,2026-08-08,1930,3.89,312.18,287.3,n,12.46,Low
20.96631,85.1635,2026-08-08,1932,1.02,301.58,279.71,n,4.42,Low
17.30454,97.0611,2026-08-08,1932,0.53,305.01,288.55,n,5.96,Low
20.78667,85.26571,2026-08-08,1932,0.61,302.89,278.85,n,4.84,Low
20.78739,85.2589,2026-08-08,1932,1.2,310.55,277.51,n,9.54,Low
20.78619,85.2653,2026-08-08,1932,0.68,300.75,279.05,n,3.7,Low
20.78687,85.25846,2026-08-08,1932,1.2,308.31,278.08,n,8.29,Low
21.07961,85.03843,2026-08-08,1932,1.56,302.21,282.03,n,5.18,Low
20.80865,85.25416,2026-08-08,1932,1.39,305.48,278.63,n,6.86,Low
20.9638,85.18809,2026-08-08,1932,1.05,307.75,278.97,n,7.87,Low
20.96416,85.18463,2026-08-08,1932,0.65,302.01,279.2,n,4.38,Low
20.95013,86.04408,2026-08-08,1932,2.05,306.58,280.28,n,7.97,Low
20.9495,86.05014,2026-08-08,1932,2.05,302.74,279.68,n,5.84,Low
20.98516,85.13718,2026-08-08,1932,1.21,301.48,282.13,n,4.51,Low
20.97623,85.17174,2026-08-08,1932,0.86,302.12,280.84,n,4.6,Low
20.97055,85.1747,2026-08-08,1932,0.74,306.8,279.86,n,7.11,Low
20.96451,85.18114,2026-08-08,1932,0.65,301.1,279.6,n,3.88,Low
20.96523,85.17413,2026-08-08,1932,0.74,306.67,279.54,n,7.04,Low
20.97019,85.17823,2026-08-08,1932,0.74,302.29,279.6,n,4.61,Low
7.6444,80.95997,2026-08-08,1934,3.48,324.28,286.7,n,18.88,Low
7.64384,80.96423,2026-08-08,1934,1.85,305.29,286.9,n,7.1,Low
6.74823,81.13704,2026-08-08,1934,0.76,303.98,283.37,n,5.56,Low
34.31626,72.82005,2026-08-08,2108,1.69,315.38,291.93,n,12.59,Low
33.84938,72.87296,2026-08-08,2108,1.4,306.89,292.95,n,7.66,Low
33.69244,72.85727,2026-08-08,2108,1.73,305.7,292.46,n,7.24,Low
33.68829,72.71162,2026-08-08,2108,3.1,314.05,293.23,n,12.91,Low
33.4081,71.94009,2026-08-08,2108,1.85,311.34,294.99,n,10.47,Low
32.72028,72.92399,2026-08-08,2108,0.62,305.56,288.5,n,6.33,Low
32.73539,72.80925,2026-08-08,2108,0.28,304.99,291.69,n,5.76,Low
32.10377,74.17783,2026-08-08,2108,3.82,310.51,290.57,n,11.48,Low
32.08747,74.16682,2026-08-08,2108,3.73,307.55,290.48,n,9.77,Low
32.29551,70.73,2026-08-08,2108,2.37,312.53,297.24,n,11.52,Low
32.29091,70.73779,2026-08-08,2108,2.81,314.75,297.71,n,13.08,Low
27.2877,73.83897,2026-08-08,2110,1.52,306.61,291.65,n,7.59,Low
28.42521,69.70253,2026-08-08,2110,3.12,313.43,294.84,n,12.58,Low
26.64085,79.47772,2026-08-08,2110,0.85,304.21,279.24,n,5.75,Low
26.6441,79.47943,2026-08-08,2110,1.11,302.9,278.84,n,5.22,Low
25.38986,68.58427,2026-08-08,2110,0.56,316.63,295.14,n,12.44,Low
27.66929,76.13332,2026-08-08,2110,1.49,305.1,290.4,n,6.73,Low
25.38646,68.58366,2026-08-08,2110,0.56,309.09,295.02,n,8.25,Low
27.08046,73.81846,2026-08-08,2110,3.01,306.16,291.83,n,8.46,Low
22.93194,69.69582,2026-08-08,2112,1.91,309.33,293.87,n,9.39,Low
23.26628,70.25836,2026-08-08,2112,1.92,317.52,294.58,n,13.95,Low
17.61204,83.20204,2026-08-08,2112,5.14,299.99,271.15,n,6.63,Low
17.60958,83.20309,2026-08-08,2112,4.39,306.71,271.54,n,9.8,Low
18.9562,73.94472,2026-08-08,2112,1.22,306.32,283.13,n,7.2,Low
20.90929,71.46087,2026-08-08,2112,2.48,308.1,293.55,n,9.14,Low
22.93524,69.69643,2026-08-08,2112,1.91,319.89,294.08,n,15.26,Low
22.93406,69.70388,2026-08-08,2112,1.88,308.32,294.25,n,8.81,Low
23.49982,68.57675,2026-08-08,2112,1.69,307.53,294.54,n,8.23,Low
15.18023,76.66703,2026-08-08,2114,0.53,301.02,275.41,n,3.74,Low
16.6483,74.31618,2026-08-08,2114,0.58,296.42,277.96,n,1.22,Low
15.33485,76.28472,2026-08-08,2114,0.68,298.31,282.69,n,2.35,Low
14.93187,78.341,2026-08-08,2114,0.4,300.72,284.01,n,3.48,Low
15.18526,76.66817,2026-08-08,2114,0.53,296.14,274.8,n,1.03,Low
15.17838,76.67624,2026-08-08,2114,1.0,301.88,276.35,n,4.57,Low
15.17765,76.65363,2026-08-08,2114,1.77,315.04,276.89,n,12.46,Low
15.17704,76.6567,2026-08-08,2114,0.77,307.58,275.83,n,7.57,Low
15.17642,76.65977,2026-08-08,2114,0.77,295.23,275.25,n,0.71,Low
15.1377,76.70893,2026-08-08,2114,0.29,295.3,274.45,n,0.38,Low
9.75953,77.62386,2026-08-08,2114,0.89,309.37,261.47,n,8.65,Low
27.95665,95.6004,2026-08-09,644,9.26,329.31,302.74,l,26.01,Low
22.28264,91.77599,2026-08-09,644,3.05,326.7,290.86,n,19.9,Low
37.35137,95.86098,2026-08-09,646,4.15,344.92,314.21,n,30.85,Low
37.35072,95.85667,2026-08-09,646,4.15,342.53,312.79,l,29.52,Low
37.35401,95.8559,2026-08-09,646,4.15,341.97,314.41,l,29.21,Low
29.30249,90.7239,2026-08-09,646,3.78,338.3,306.49,n,26.89,Low
29.66758,91.21227,2026-08-09,646,9.59,339.96,297.9,n,32.17,Low
29.678,91.13467,2026-08-09,646,2.75,338.91,301.74,n,26.46,Low
29.68395,91.14246,2026-08-09,646,3.29,338.62,303.41,n,26.7,Low
29.67816,91.13667,2026-08-09,646,5.34,344.64,300.83,n,31.58,Low
29.68417,91.14444,2026-08-09,646,5.13,341.13,303.75,n,29.48,Low
29.7055,91.12065,2026-08-09,646,3.27,333.05,302.33,n,23.59,Low
9.88524,78.29355,2026-08-09,820,19.84,335.89,295.04,n,37.6,Low
6.92662,81.673,2026-08-09,820,7.72,335.75,292.61,n,28.43,Low
7.19186,81.74882,2026-08-09,820,6.36,336.07,295.95,n,27.59,Low
7.19216,81.75013,2026-08-09,820,6.79,332.65,295.76,n,26.01,Low
7.24969,81.69533,2026-08-09,820,13.0,338.64,295.63,n,33.99,Low
7.24903,81.69079,2026-08-09,820,4.99,335.64,290.99,n,26.32,Low
7.27246,81.6412,2026-08-09,820,3.65,332.87,295.3,n,23.78,Low
7.47098,81.70876,2026-08-09,820,10.18,343.6,294.69,n,34.64,Low
7.46565,81.67219,2026-08-09,820,3.28,334.09,293.58,n,24.18,Low
7.44688,81.23547,2026-08-09,820,5.73,338.36,290.3,n,28.39,Low
7.44569,81.23631,2026-08-09,820,5.86,342.07,288.88,n,30.55,Low
7.54155,80.94489,2026-08-09,820,5.4,334.51,295.75,n,26.0,Low
7.5681,80.92384,2026-08-09,820,4.36,333.43,298.64,n,24.62,Low
7.65889,81.14084,2026-08-09,820,8.06,337.46,297.74,n,29.63,Low
7.69441,81.15324,2026-08-09,820,3.61,332.53,297.55,n,23.56,Low
7.69379,81.14894,2026-08-09,820,3.61,337.21,299.18,n,26.16,Low
7.69746,81.14842,2026-08-09,820,3.61,333.75,297.71,n,24.24,Low
7.93397,81.3446,2026-08-09,820,3.25,330.94,297.31,n,22.4,Low
8.00115,81.21894,2026-08-09,820,2.61,331.95,293.96,n,22.49,Low
8.00548,81.22277,2026-08-09,820,4.29,331.67,295.5,n,23.59,Low
8.1039,81.107,2026-08-09,820,4.61,333.36,292.28,n,24.77,Low
8.20783,80.57188,2026-08-09,820,3.69,337.75,291.16,n,26.52,Low
8.20257,80.4487,2026-08-09,820,4.26,338.59,286.71,n,27.41,Low
8.35285,80.79776,2026-08-09,820,8.24,350.02,298.19,n,36.75,Low
8.35344,80.7984,2026-08-09,820,9.06,340.16,297.62,n,31.88,Low
8.2831,80.20823,2026-08-09,820,8.29,347.16,291.85,n,35.2,Low
8.38241,80.6659,2026-08-09,820,8.36,348.52,288.4,n,36.0,Low
8.39263,80.66016,2026-08-09,820,12.33,347.48,289.94,n,38.4,Low
8.67835,80.37698,2026-08-09,820,5.08,335.78,283.81,n,26.47,Low
8.67597,80.36073,2026-08-09,820,3.28,339.48,287.28,n,27.17,Low
8.712250000000001,80.35955,2026-08-09,820,6.61,339.92,292.38,n,29.91,Low
8.71466,80.3596,2026-08-09,820,2.51,331.0,291.55,n,21.88,Low
8.73953,80.40584,2026-08-09,820,3.51,332.52,293.33,n,23.48,Low
8.86085,80.50182,2026-08-09,820,10.71,347.4,287.83,n,37.14,Low
8.87646,80.48267,2026-08-09,820,3.62,332.63,292.76,n,23.62,Low
8.90778,77.70798,2026-08-09,820,1.5,331.91,300.39,n,21.63,Low
8.89835,78.04342,2026-08-09,820,1.95,335.75,298.13,n,24.1,Low
9.27793,79.12687,2026-08-09,820,6.85,335.7,300.72,n,27.75,Low
9.23388,78.68824,2026-08-09,820,2.14,333.0,298.5,n,22.72,Low
9.23726,78.68773,2026-08-09,820,2.14,340.37,299.91,n,26.81,Low
9.25581,78.76631,2026-08-09,820,2.38,338.32,297.49,n,25.85,Low
9.25919,78.76579,2026-08-09,820,1.43,331.52,296.74,n,21.36,Low
9.30707,78.76228,2026-08-09,820,1.64,334.15,300.15,n,22.98,Low
9.64156,80.321,2026-08-09,820,5.12,339.23,292.17,n,28.41,Low
9.40249,77.86951,2026-08-09,820,8.77,344.04,307.92,n,33.82,Low
9.76124,80.20286,2026-08-09,820,3.86,334.41,285.06,n,24.79,Low
9.50695,78.22846,2026-08-09,820,7.49,338.61,304.76,n,29.85,Low
9.55556,77.81236,2026-08-09,820,12.87,341.93,308.12,n,35.72,Low
9.65162,78.06435,2026-08-09,820,3.22,337.75,304.25,n,26.16,Low
9.83043,78.55554,2026-08-09,820,1.93,330.15,294.59,n,20.98,Low
9.80894,78.38943,2026-08-09,820,2.49,336.39,302.68,n,24.86,Low
9.88578,78.29712,2026-08-09,820,19.84,347.52,298.6,n,44.06,Medium
10.9494,78.43846,2026-08-09,820,2.47,338.87,302.18,n,26.22,Low
10.70734,79.56654,2026-08-09,820,16.49,347.98,273.54,n,41.8,Medium
10.8716,79.0443,2026-08-09,820,10.47,352.09,303.67,n,39.57,Low
10.96547,78.87568,2026-08-09,820,4.12,336.29,280.52,n,26.03,Low
6.83105,81.75486,2026-08-09,820,3.36,331.89,286.65,n,23.01,Low
15.6994,76.64658,2026-08-09,822,4.95,338.0,300.19,n,27.6,Low
11.19703,78.23231,2026-08-09,822,5.29,336.41,302.37,n,26.97,Low
12.07076,79.81661,2026-08-09,822,4.54,338.9,297.28,n,27.79,Low
12.71801,77.46906,2026-08-09,822,8.87,339.87,298.49,n,31.58,Low
13.35524,76.1264,2026-08-09,822,2.36,334.62,298.38,n,23.78,Low
13.35856,76.12586,2026-08-09,822,2.36,335.1,294.9,n,24.05,Low
14.49981,79.59328,2026-08-09,822,3.06,337.67,297.07,n,26.0,Low
15.26647,79.7698,2026-08-09,822,2.71,336.78,296.89,n,25.24,Low
15.05902,77.04708,2026-08-09,822,5.8100000000000005,337.61,300.3,n,28.03,Low
15.57389,79.7675,2026-08-09,822,3.73,335.75,298.55,n,25.44,Low
15.11534,76.20264,2026-08-09,822,4.95,343.73,298.5,n,30.78,Low
15.58949,79.25832,2026-08-09,822,6.62,343.05,299.58,n,31.66,Low
15.94282,77.87696,2026-08-09,822,4.61,333.12,301.75,n,24.64,Low
15.86068,76.55389,2026-08-09,822,2.28,333.95,298.79,n,23.35,Low
15.86455,76.55697,2026-08-09,822,2.28,336.54,300.89,n,24.79,Low
15.86401,76.55335,2026-08-09,822,2.28,341.33,299.62,n,27.45,Low
16.28229,77.94062,2026-08-09,822,1.82,332.97,295.16,n,22.46,Low
16.931820000000002,80.82512,2026-08-09,822,1.84,334.89,289.57,n,23.54,Low
16.87387,76.99135,2026-08-09,822,1.83,331.58,295.38,n,21.69,Low
16.87724,76.99081,2026-08-09,822,3.0,333.41,295.37,n,23.59,Low
21.74523,83.8415,2026-08-09,824,10.2,357.33,287.79,l,42.28,Medium
21.74558,83.84499,2026-08-09,824,13.51,348.88,287.87,n,40.07,Medium
31.53647,70.73714,2026-08-09,826,1.61,330.33,301.25,l,20.84,Low
30.91877,71.95527,2026-08-09,826,2.3,335.14,298.62,n,24.02,Low
30.89644,73.2084,2026-08-09,826,4.04,331.57,302.55,l,23.35,Low
30.89251,73.20496,2026-08-09,826,3.85,330.43,302.12,l,22.57,Low
30.74251,72.91972,2026-08-09,826,6.66,330.09,301.36,l,24.49,Low
30.11512,71.60341,2026-08-09,826,0.77,333.26,299.13,n,21.83,Low
34.00609,71.46138,2026-08-09,828,1.22,330.72,303.53,l,20.76,Low
29.22542,88.34853,2026-08-09,1910,1.72,300.65,284.09,n,4.43,Low
23.72358,86.43977,2026-08-09,1913,3.39,304.84,283.74,n,8.01,Low
23.67829,86.09538,2026-08-09,1913,1.6800000000000002,303.21,283.72,n,5.82,Low
23.67917,86.08173,2026-08-09,1913,5.35,308.47,283.66,n,11.5,Low
23.77668,86.38493,2026-08-09,1913,4.09,303.03,283.49,n,7.53,Low
22.36211,87.01589,2026-08-09,1913,2.38,305.84,281.24,n,7.81,Low
23.73755,86.43457,2026-08-09,1913,2.18,301.63,283.46,n,5.32,Low
23.77515,86.38584,2026-08-09,1913,5.89,302.55,283.02,n,8.61,Low
23.7766,86.36593,2026-08-09,1913,3.79,303.26,283.33,n,7.43,Low
23.72545,86.43877,2026-08-09,1913,2.72,303.96,283.53,n,7.02,Low
23.69268,87.12355,2026-08-09,1913,3.42,302.44,281.23,n,6.7,Low
22.36856,87.01659,2026-08-09,1913,1.6,301.8,281.31,n,4.98,Low
22.36279,87.01665,2026-08-09,1913,2.89,310.07,280.9,n,10.54,Low
22.78946,86.20515,2026-08-09,1913,3.0,299.41,281.43,n,4.7,Low
23.60814,85.67458,2026-08-09,1913,2.14,301.04,282.98,n,4.96,Low
23.64419,85.44029,2026-08-09,1913,2.76,303.65,283.05,n,6.88,Low
23.65178,85.43373,2026-08-09,1913,2.09,303.24,282.76,n,6.15,Low
23.56024,87.23846,2026-08-09,1913,4.18,307.75,281.33,n,10.22,Low
23.61382,86.79093,2026-08-09,1913,1.0,301.45,283.76,n,4.33,Low
23.6142,86.78581,2026-08-09,1913,1.0,300.2,283.27,n,3.64,Low
23.679,86.08202,2026-08-09,1913,4.5,310.64,283.37,n,12.06,Low
29.37353,91.14912,2026-08-09,2051,1.72,296.0,279.61,n,1.85,Low
29.37619,91.15083,2026-08-09,2051,2.03,301.85,280.72,n,5.33,Low
29.22537,88.34882,2026-08-09,2051,1.23,304.73,283.11,n,6.33,Low
29.22488,88.34971,2026-08-09,2051,1.28,305.89,282.82,n,7.01,Low
29.47577,76.85696,2026-08-09,2051,0.61,307.79,287.48,n,7.56,Low
30.09282,71.3667,2026-08-09,2051,1.08,311.7,295.21,n,10.09,Low
28.74297,76.93353,2026-08-09,2051,0.94,308.59,287.86,n,8.25,Low
28.37205,77.22668,2026-08-09,2051,0.97,305.23,287.46,n,6.41,Low
34.15973,77.6091,2026-08-09,2051,0.61,303.4,284.25,n,5.12,Low
33.68818,72.70954,2026-08-09,2051,3.05,309.12,293.35,n,10.13,Low
33.27439,71.58952,2026-08-09,2051,1.04,318.46,294.71,n,13.81,Low
33.27035,71.58929,2026-08-09,2051,1.04,316.72,294.69,n,12.85,Low
33.27303,71.59341,2026-08-09,2051,5.23,316.26,295.1,n,15.73,Low
21.98404,83.23331,2026-08-09,2053,0.63,313.26,286.97,n,10.62,Low
21.92497,83.3391,2026-08-09,2053,2.53,319.32,287.43,n,15.41,Low
21.92297,83.34842,2026-08-09,2053,1.99,305.39,287.4,n,7.26,Low
21.76745,84.01727,2026-08-09,2053,1.45,308.2,286.56,n,8.42,Low
21.7667,84.02068,2026-08-09,2053,1.45,311.13,286.49,n,10.05,Low
21.76148,84.01937,2026-08-09,2053,1.97,309.95,286.62,n,9.78,Low
21.76073,84.02281,2026-08-09,2053,1.14,305.64,286.79,n,6.77,Low
21.7555,84.02152,2026-08-09,2053,1.14,304.3,286.65,n,6.02,Low
21.75475,84.02496,2026-08-09,2053,1.14,311.48,286.61,n,10.01,Low
21.77686,83.8248,2026-08-09,2053,2.22,317.02,286.71,n,13.9,Low
21.76645,83.84737,2026-08-09,2053,0.74,304.54,284.25,n,5.86,Low
21.76204,83.84266,2026-08-09,2053,0.74,302.22,281.94,n,4.57,Low
21.75613,83.84473,2026-08-09,2053,1.57,331.1,282.29,n,21.23,Low
21.75689,83.84132,2026-08-09,2053,1.57,306.24,282.08,n,7.42,Low
21.75098,83.84337,2026-08-09,2053,1.57,321.57,281.66,n,15.94,Low
21.75174,83.83995,2026-08-09,2053,1.57,301.66,279.99,n,4.88,Low
21.74584,83.84196,2026-08-09,2053,4.53,367.0,282.41,h,43.4,Medium
21.7466,83.83854,2026-08-09,2053,4.53,303.08,279.54,n,7.89,Low
21.74508,83.84539,2026-08-09,2053,2.07,304.62,282.25,n,6.9,Low
21.7407,83.84058,2026-08-09,2053,4.53,308.79,281.73,n,11.06,Low
21.73995,83.84397,2026-08-09,2053,2.07,303.18,281.42,n,6.1,Low
21.69786,84.03272,2026-08-09,2053,0.95,300.38,286.1,n,3.7,Low
21.7454,83.84225,2026-08-09,2053,4.43,367.0,282.45,h,43.32,Medium
21.74613,83.83881,2026-08-09,2053,4.43,302.67,279.07,n,7.58,Low
21.74466,83.84566,2026-08-09,2053,2.16,304.79,281.94,n,7.06,Low
21.74026,83.84083,2026-08-09,2053,4.43,303.89,280.66,n,8.26,Low
21.73952,83.84424,2026-08-09,2053,2.16,301.74,279.15,n,5.36,Low
21.80161,82.04208,2026-08-09,2053,1.46,298.97,286.53,n,3.3,Low
20.98613,85.13412,2026-08-09,2053,1.25,307.17,284.57,n,7.7,Low
20.97851,85.16796,2026-08-09,2053,2.42,303.53,284.78,n,6.55,Low
20.97757,85.17213,2026-08-09,2053,1.67,306.64,284.05,n,7.72,Low
20.98047,85.13264,2026-08-09,2053,2.63,309.35,284.93,n,9.94,Low
20.97952,85.13689,2026-08-09,2053,2.03,304.81,284.8,n,6.97,Low
20.97097,85.17477,2026-08-09,2053,1.6800000000000002,306.12,282.96,n,7.44,Low
20.9672,85.16487,2026-08-09,2053,3.5700000000000003,305.74,284.02,n,8.64,Low
20.96626,85.16904,2026-08-09,2053,1.6800000000000002,306.44,285.1,n,7.62,Low
20.96531,85.17321,2026-08-09,2053,1.6800000000000002,303.02,282.73,n,5.72,Low
21.57739,82.02422,2026-08-09,2053,0.74,303.84,287.59,n,5.47,Low
21.57567,82.02277,2026-08-09,2053,1.36,305.27,287.38,n,6.73,Low
20.79585,85.25479,2026-08-09,2053,4.58,322.38,283.66,n,18.65,Low
23.31598,70.48666,2026-08-09,2053,1.34,304.72,287.01,n,6.41,Low
15.17016,76.66847,2026-08-09,2053,1.7000000000000002,305.37,288.79,n,7.04,Low
23.26503,70.2586,2026-08-09,2053,0.45,300.98,283.85,n,3.66,Low
21.29874,81.60884,2026-08-09,2053,1.09,301.03,280.22,n,4.17,Low
21.18384,81.38453,2026-08-09,2053,2.28,308.14,287.48,n,9.01,Low
22.93463,69.69802,2026-08-09,2053,1.61,308.32,292.47,n,8.61,Low
22.33633,69.86706,2026-08-09,2053,0.94,296.59,276.09,n,1.59,Low
22.41452,69.03976,2026-08-09,2053,2.56,305.86,291.91,n,7.95,Low
21.10748,72.64737,2026-08-09,2053,2.5,337.04,284.79,n,25.23,Low
21.10862,72.63972,2026-08-09,2053,0.95,304.99,281.09,n,6.26,Low
21.10805,72.64354,2026-08-09,2053,2.5,305.64,281.4,n,7.79,Low
21.10411,72.6468,2026-08-09,2053,2.5,327.81,281.03,n,20.1,Low
21.10583,72.63531,2026-08-09,2053,0.95,301.51,276.58,n,4.33,Low
21.10468,72.64297,2026-08-09,2053,2.5,304.37,279.26,n,7.08,Low
21.10246,72.63474,2026-08-09,2053,2.43,334.79,276.12,n,23.93,Low
21.10189,72.63857,2026-08-09,2053,2.43,299.87,277.11,n,4.53,Low
21.05607,72.85309,2026-08-09,2053,0.73,308.76,281.79,n,8.19,Low
21.05272,72.85251,2026-08-09,2053,0.73,305.92,281.49,n,6.61,Low
23.55756,87.23849,2026-08-09,2053,6.46,331.11,283.93,n,24.91,Low
23.5581,87.23757,2026-08-09,2053,3.94,320.15,283.53,n,16.93,Low
23.55688,87.24264,2026-08-09,2053,3.94,319.62,283.57,n,16.63,Low
23.70715,86.07474,2026-08-09,2053,1.54,309.27,285.3,n,9.08,Low
23.78739,85.55407,2026-08-09,2053,1.76,304.64,284.95,n,6.68,Low
23.78459,85.56609,2026-08-09,2053,1.71,303.32,285.25,n,5.9,Low
23.69682,85.37211,2026-08-09,2053,2.51,312.73,285.43,n,11.73,Low
23.69139,85.37067,2026-08-09,2053,1.02,301.7,284.11,n,4.49,Low
23.6982,85.36979,2026-08-09,2053,0.75,304.83,285.52,n,6.02,Low
23.69277,85.36834,2026-08-09,2053,0.75,301.77,284.98,n,4.32,Low
23.69188,85.37228,2026-08-09,2053,0.75,300.95,283.39,n,3.87,Low
23.68279,85.36151,2026-08-09,2053,1.0,303.63,285.34,n,5.54,Low
23.82163,84.57192,2026-08-09,2053,1.6800000000000002,296.02,282.73,n,1.83,Low
24.18504,82.65644,2026-08-09,2053,1.5,305.11,288.06,n,6.74,Low
24.17704,82.64884,2026-08-09,2053,1.95,304.12,288.36,n,6.53,Low
24.17747,82.65152,2026-08-09,2053,1.92,309.63,288.57,n,9.57,Low
25.94221,72.19034,2026-08-09,2053,0.98,297.05,251.72,n,1.87,Low
26.09499,68.87696,2026-08-09,2053,0.93,311.21,294.85,n,9.7,Low
22.57261,85.8962,2026-08-09,2053,2.37,315.67,284.87,n,13.26,Low
23.5636,87.24025,2026-08-09,2053,3.77,311.73,283.68,n,12.12,Low
18.57864,72.24078,2026-08-09,2053,2.83,324.38,293.14,n,18.44,Low
18.57529,72.24021,2026-08-09,2053,2.83,312.1,292.74,n,11.62,Low
15.3384,76.28057,2026-08-09,2053,1.24,319.07,282.8,n,14.3,Low
15.33398,76.28428,2026-08-09,2053,0.61,301.8,280.59,n,4.24,Low
15.02215,78.01655,2026-08-09,2053,1.21,309.3,290.87,n,8.85,Low
15.33284,76.24754,2026-08-09,2053,0.67,304.58,286.14,n,5.82,Low
15.17859,77.10164,2026-08-09,2053,0.93,303.55,286.08,n,5.45,Low
15.17477,77.1009,2026-08-09,2053,0.93,304.35,286.31,n,5.89,Low
15.22696,76.76333,2026-08-09,2053,1.96,317.11,291.42,n,13.75,Low
15.18752,76.65742,2026-08-09,2053,1.82,305.57,289.22,n,7.24,Low
15.18005,76.65598,2026-08-09,2053,1.25,305.06,288.25,n,6.53,Low
15.176,76.67924,2026-08-09,2053,2.26,303.56,288.93,n,6.45,Low
15.17357,76.69316,2026-08-09,2053,0.94,307.58,288.66,n,7.69,Low
15.17632,76.65526,2026-08-09,2053,1.92,316.1,289.35,n,13.16,Low
15.17551,76.65991,2026-08-09,2053,1.92,309.43,288.44,n,9.46,Low
22.57268,85.89642,2026-08-09,2053,2.38,315.22,285.1,n,13.02,Low
25.3894,68.57915,2026-08-09,2053,1.39,309.02,293.58,n,8.83,Low
25.3889,68.5837,2026-08-09,2053,1.21,316.63,293.58,n,12.92,Low
22.06459,83.70384,2026-08-09,2053,0.62,299.4,285.57,n,2.91,Low
22.01604,83.75397,2026-08-09,2053,0.71,302.39,286.91,n,4.64,Low
21.96346,83.77216,2026-08-09,2053,0.98,306.88,287.27,n,7.33,Low
21.96713,83.77322,2026-08-09,2053,0.96,306.19,287.2,n,6.94,Low
22.04151,83.35121,2026-08-09,2053,0.62,306.0,287.01,n,6.58,Low
22.04084,83.35434,2026-08-09,2053,0.62,305.59,287.39,n,6.35,Low
22.03652,83.35001,2026-08-09,2053,0.9,309.81,286.96,n,8.9,Low
22.03585,83.35313,2026-08-09,2053,0.9,302.69,287.24,n,4.95,Low
22.03518,83.35629,2026-08-09,2053,1.37,303.07,287.39,n,5.51,Low
22.03383,83.36263,2026-08-09,2053,0.93,302.33,287.23,n,4.77,Low
22.03315,83.36578,2026-08-09,2053,0.93,309.35,287.56,n,8.67,Low
21.85959,83.96744,2026-08-09,2053,0.85,305.11,286.95,n,6.25,Low
21.98326,83.23328,2026-08-09,2053,1.54,308.46,286.98,n,8.63,Low
21.9223,83.35155,2026-08-09,2053,1.99,327.47,287.99,n,19.53,Low
21.36524,81.67861,2026-08-09,2053,1.74,305.57,287.26,n,7.18,Low
18.68412,73.03049,2026-08-09,2055,1.37,310.97,289.69,n,9.9,Low
20.86897,70.56341,2026-08-09,2055,1.22,304.13,288.58,n,5.99,Low
18.95695,73.94106,2026-08-09,2055,0.43,304.84,289.53,n,5.79,Low
19.17647,70.94337,2026-08-09,2055,2.67,304.83,289.45,n,7.46,Low
18.68744,73.03105,2026-08-09,2055,1.37,310.64,291.63,n,9.72,Low
9.71063,77.60217,2026-08-09,2055,3.01,307.3,290.09,n,9.09,Low
9.71142,77.59763,2026-08-09,2055,3.01,326.39,289.48,n,19.7,Low
9.7151,77.60211,2026-08-09,2055,3.01,318.67,289.84,n,15.41,Low
9.71592,77.59735,2026-08-09,2055,3.01,333.99,290.27,n,23.92,Low
9.71963,77.60168,2026-08-09,2055,0.8300000000000001,307.9,288.83,n,7.79,Low
9.72244,77.61123,2026-08-09,2055,3.78,314.72,289.24,n,13.79,Low
9.72325,77.60651,2026-08-09,2055,3.78,334.47,289.84,n,24.76,Low
9.71238,77.60028,2026-08-09,2055,5.68,342.1,290.56,n,30.43,Low
9.71691,77.59991,2026-08-09,2055,5.68,322.27,289.49,n,19.41,Low
9.71971,77.60912,2026-08-09,2055,1.92,316.36,289.45,n,13.31,Low
9.72057,77.60439,2026-08-09,2055,1.92,325.17,289.69,n,18.2,Low
9.72415,77.60929,2026-08-09,2055,1.92,319.58,289.29,n,15.1,Low
9.725,77.60458,2026-08-09,2055,1.92,302.41,288.54,n,5.56,Low
10.41551,77.10945,2026-08-09,2055,2.55,320.29,287.16,n,15.96,Low
23.95202,97.65089,2026-08-10,625,3.55,328.56,291.73,n,21.31,Low
25.23627,97.25916,2026-08-10,625,2.92,327.99,292.39,n,20.52,Low
27.26478,97.50578,2026-08-10,627,1.65,326.33,294.46,n,18.64,Low
6.11241,81.09345,2026-08-10,758,4.57,339.02,298.34,n,27.88,Low
6.23674,80.99846,2026-08-10,758,5.44,335.42,300.13,n,26.54,Low
6.75074,81.74324,2026-08-10,758,10.85,354.65,290.31,n,41.28,Medium
8.66093,81.11579,2026-08-10,801,3.44,330.25,299.71,l,22.16,Low
8.56523,80.44241,2026-08-10,801,5.48,340.41,300.39,n,29.34,Low
8.58914,80.54917,2026-08-10,801,7.15,345.35,301.95,l,33.33,Low
8.65186,80.48193,2026-08-10,801,6.71,339.28,303.0,n,29.63,Low
8.68488,80.46899,2026-08-10,801,4.33,334.26,300.72,l,25.06,Low
8.678840000000001,80.29721,2026-08-10,801,2.98,335.32,297.9,n,24.63,Low
8.84993,80.89687,2026-08-10,801,5.9,333.39,302.86,l,25.75,Low
8.86749,80.58756,2026-08-10,801,3.17,334.47,298.83,l,24.31,Low
8.86692,80.58389,2026-08-10,801,3.17,337.39,298.86,l,25.93,Low
8.66499,77.87334,2026-08-10,801,6.53,340.85,301.71,n,30.37,Low
9.1559,80.68771,2026-08-10,801,6.05,337.55,301.25,l,28.18,Low
8.74038,77.72398,2026-08-10,801,2.94,332.77,301.52,n,23.19,Low
9.11507,77.54341,2026-08-10,801,5.08,346.35,301.99,n,32.34,Low
9.42565,78.80767,2026-08-10,801,8.7,336.8,299.57,l,29.75,Low
9.53488,78.5205,2026-08-10,801,2.49,330.49,300.86,l,21.58,Low
9.65848,78.09887,2026-08-10,801,5.64,336.36,304.93,n,27.21,Low
9.65751,78.09645,2026-08-10,801,4.57,338.99,304.84,n,27.87,Low
9.70958,77.59943,2026-08-10,801,6.59,339.29,295.83,n,29.55,Low
9.67706,77.40768,2026-08-10,801,27.78,353.93,300.22,n,53.57,Medium
9.90223,78.1714,2026-08-10,801,2.8,335.02,302.49,n,24.33,Low
10.007,78.03323,2026-08-10,801,19.23,355.73,303.39,n,48.16,Medium
10.40051,79.41708,2026-08-10,801,8.13,346.89,298.99,n,34.93,Low
11.73288,79.25768,2026-08-10,801,6.5600000000000005,339.42,303.89,n,29.6,Low
12.09698,79.78356,2026-08-10,801,8.28,346.95,296.78,n,35.07,Low
12.56739,76.95238,2026-08-10,801,6.39,341.37,296.74,n,30.55,Low
14.25999,80.11745,2026-08-10,801,7.87,337.94,303.7,l,29.76,Low
13.99028,79.82359,2026-08-10,801,9.45,345.75,302.37,n,35.28,Low
7.24348,81.25483,2026-08-10,801,4.29,333.67,298.08,l,24.7,Low
7.33924,81.19566,2026-08-10,801,7.25,330.99,303.28,l,25.43,Low
8.2479,80.687,2026-08-10,801,2.23,331.95,299.67,l,22.2,Low
8.28735,80.1686,2026-08-10,801,5.09,334.38,298.45,n,25.7,Low
8.50113,80.65372,2026-08-10,801,1.56,331.8,300.46,l,21.61,Low
8.56684,80.65114,2026-08-10,801,6.16,332.25,301.56,l,25.31,Low
19.81181,79.30586,2026-08-10,803,1.52,333.62,298.76,n,22.6,Low
14.61157,79.57929,2026-08-10,803,3.22,331.31,301.41,l,22.59,Low
14.41773,77.48374,2026-08-10,803,4.22,336.38,299.27,l,26.15,Low
14.78313,77.36995,2026-08-10,803,5.15,333.51,295.22,l,25.26,Low
15.17701,79.4042,2026-08-10,803,3.8,335.91,303.39,l,25.58,Low
15.29744,79.91622,2026-08-10,803,6.41,336.62,304.21,l,27.93,Low
15.31481,79.78688,2026-08-10,803,7.27,339.73,306.18,l,30.3,Low
15.66939,80.24091,2026-08-10,803,26.37,340.92,307.19,n,45.29,Medium
15.73965,76.86564,2026-08-10,803,6.36,333.53,298.41,n,26.18,Low
16.6777,79.28349,2026-08-10,803,3.93,334.32,301.38,l,24.79,Low
17.95901,80.79624,2026-08-10,803,2.8200000000000003,331.58,300.21,n,22.44,Low
24.96334,68.29653,2026-08-10,805,7.01,367.0,291.98,h,45.26,Medium
27.41576,68.69434,2026-08-10,807,11.3,330.47,305.29,l,28.18,Low
29.47674,71.57613,2026-08-10,807,1.95,333.68,296.5,n,22.95,Low
29.87585,72.1666,2026-08-10,807,2.0,330.63,297.6,n,21.29,Low
29.75784,71.19679,2026-08-10,807,4.14,341.31,299.6,n,28.83,Low
29.80911,71.22158,2026-08-10,807,0.95,330.73,299.48,n,20.56,Low
30.44198,72.03133,2026-08-10,807,2.14,331.4,299.0,n,21.83,Low
30.6178,72.00645,2026-08-10,807,1.87,331.22,299.11,n,21.52,Low
30.66452,72.10686,2026-08-10,807,4.7,334.89,298.45,n,25.69,Low
30.66344,72.10561,2026-08-10,807,3.42,336.39,298.6,n,25.56,Low
30.6663,71.79234,2026-08-10,807,2.69,332.62,300.0,n,22.92,Low
30.74711,71.97482,2026-08-10,807,3.62,330.13,298.49,n,22.23,Low
30.82264,71.89292,2026-08-10,807,5.59,342.09,298.75,n,30.35,Low
30.92426,71.95514,2026-08-10,807,6.69,344.23,298.26,n,32.37,Low
30.93043,71.92529,2026-08-10,807,6.31,334.04,298.77,n,26.42,Low
30.93421,71.92432,2026-08-10,807,6.31,334.6,298.79,n,26.73,Low
31.03724,70.81618,2026-08-10,807,4.71,331.0,304.12,l,23.53,Low
30.97559,70.80282,2026-08-10,807,7.21,330.49,304.99,l,25.12,Low
29.26117,91.92243,2026-08-10,1849,2.96,300.93,280.17,n,5.51,Low
30.06718,96.97577,2026-08-10,1849,1.16,298.83,284.24,n,3.0,Low
27.31815,95.26571,2026-08-10,1851,1.48,306.66,288.23,n,7.59,Low
27.22307,95.34376,2026-08-10,1851,0.8,308.54,288.42,n,8.12,Low
27.22299,95.34394,2026-08-10,1851,1.19,307.29,288.14,n,7.72,Low
27.46151,95.47781,2026-08-10,1851,2.14,305.79,285.79,n,7.6,Low
26.77199,94.50657,2026-08-10,1851,3.63,307.07,287.31,n,9.43,Low
35.99197,94.82977,2026-08-10,2027,1.0,300.52,282.93,n,3.82,Low
35.99315,94.82987,2026-08-10,2027,0.76,295.44,281.78,n,0.81,Low
37.34717,97.4121,2026-08-10,2027,1.11,295.35,284.66,n,1.03,Low
35.96609,68.6862,2026-08-10,2029,2.5700000000000003,303.69,290.08,n,6.76,Low
33.40569,71.93793,2026-08-10,2029,0.51,307.04,292.13,n,7.07,Low
23.75578,85.85191,2026-08-10,2032,5.25,315.07,290.47,n,15.09,Low
23.78816,85.55405,2026-08-10,2032,1.27,308.19,289.81,n,8.28,Low
29.26332,91.92432,2026-08-10,2032,1.32,305.14,283.89,n,6.62,Low
29.37813,91.15085,2026-08-10,2032,0.76,305.5,281.64,n,6.4,Low
23.74609,85.50594,2026-08-10,2032,0.92,304.91,289.89,n,6.2,Low
23.78002,85.57363,2026-08-10,2032,2.75,308.17,290.36,n,9.38,Low
23.78163,85.56542,2026-08-10,2032,1.44,310.99,289.95,n,9.96,Low
29.22212,88.35135,2026-08-10,2032,0.68,295.74,281.25,n,0.92,Low
23.76469,86.40427,2026-08-10,2032,1.8,304.0,282.6,n,6.35,Low
23.74069,86.43222,2026-08-10,2032,1.6,303.33,285.19,n,5.83,Low
23.73635,86.43119,2026-08-10,2032,1.6,309.38,283.53,n,9.19,Low
23.74017,86.43353,2026-08-10,2032,1.47,305.53,284.99,n,6.95,Low
23.71038,86.44572,2026-08-10,2032,0.96,303.13,283.23,n,5.24,Low
23.73582,86.4325,2026-08-10,2032,1.47,307.8,284.03,n,8.21,Low
23.6797,86.39513,2026-08-10,2032,1.54,304.13,282.86,n,6.23,Low
23.67876,86.3997,2026-08-10,2032,1.54,302.17,283.07,n,5.14,Low
23.75876,85.85487,2026-08-10,2032,2.36,306.85,289.0,n,8.35,Low
23.75457,85.85389,2026-08-10,2032,2.36,308.66,290.0,n,9.36,Low
23.82257,85.49671,2026-08-10,2032,1.94,308.19,290.96,n,8.78,Low
23.82469,85.49886,2026-08-10,2032,2.63,307.93,290.74,n,9.16,Low
23.69617,85.29114,2026-08-10,2034,1.31,313.71,289.32,n,11.38,Low
18.71598,79.53969,2026-08-10,2034,1.6,307.68,289.3,n,8.24,Low
18.71994,79.53657,2026-08-10,2034,1.69,309.87,289.56,n,9.53,Low
19.96435,79.33541,2026-08-10,2034,1.08,308.94,289.41,n,8.55,Low
20.86358,84.98724,2026-08-10,2034,2.21,310.48,285.82,n,10.26,Low
20.86698,84.99238,2026-08-10,2034,2.35,305.69,286.46,n,7.7,Low
20.86225,84.98945,2026-08-10,2034,3.24,303.1,286.36,n,6.93,Low
20.86561,84.9946,2026-08-10,2034,2.5700000000000003,308.58,286.6,n,9.47,Low
22.79967,86.0918,2026-08-10,2034,2.5,312.26,284.01,n,11.46,Low
22.79259,86.1953,2026-08-10,2034,2.71,306.0,282.34,n,8.14,Low
22.87322,86.06417,2026-08-10,2034,1.81,311.97,286.43,n,10.79,Low
25.38742,68.58064,2026-08-10,2034,1.64,317.53,283.9,n,13.75,Low
23.71813,85.00859,2026-08-10,2034,0.65,304.69,288.6,n,5.87,Low
23.72211,85.0095,2026-08-10,2034,0.65,304.33,288.82,n,5.67,Low
23.73483,85.00838,2026-08-10,2034,0.8,303.67,289.21,n,5.42,Low
23.73657,85.02082,2026-08-10,2034,1.07,306.38,289.07,n,7.12,Low
23.73882,85.00931,2026-08-10,2034,1.47,304.21,289.03,n,6.22,Low
23.69358,85.36925,2026-08-10,2034,1.3,320.89,289.53,n,15.36,Low
23.69766,85.37018,2026-08-10,2034,1.3,304.92,289.46,n,6.49,Low
9.90036,77.68868,2026-08-10,2038,2.83,330.49,290.67,n,21.84,Low
9.89699,77.68813,2026-08-10,2038,2.01,321.31,290.67,n,16.12,Low
9.20653,77.49845,2026-08-10,2038,1.56,310.68,293.23,n,9.88,Low
8.69899,78.05886,2026-08-10,2038,1.16,316.48,293.48,n,12.8,Low
8.29562,80.34652,2026-08-10,2038,2.86,320.93,291.09,n,16.55,Low
7.38877,81.22155,2026-08-10,2038,6.13,339.66,284.24,n,29.41,Low
7.36113,80.89506,2026-08-10,2038,1.04,307.16,288.27,n,7.54,Low
6.86747,81.55627,2026-08-10,2038,1.39,307.5,284.61,n,7.99,Low
9.72326,77.61427,2026-08-10,2038,0.32,303.75,290.64,n,5.1,Low
9.71671,77.59083,2026-08-10,2038,1.08,305.73,290.88,n,6.77,Low
9.70653,77.58966,2026-08-10,2038,1.61,309.63,292.62,n,9.34,Low
9.28078,77.39169,2026-08-10,2038,2.94,329.87,291.78,n,21.58,Low
9.70315,77.58917,2026-08-10,2038,6.37,344.88,294.0,n,32.49,Low
9.53022,77.44653,2026-08-10,2038,3.14,342.64,294.87,n,28.82,Low
9.52966,77.44995,2026-08-10,2038,3.14,337.96,293.68,n,26.22,Low
9.52627,77.44958,2026-08-10,2038,3.14,320.1,292.59,n,16.3,Low
9.52684,77.44609,2026-08-10,2038,3.14,315.95,293.58,n,13.99,Low
34.44133,71.02061,2026-08-10,2210,1.53,302.32,288.94,n,5.21,Low
35.96784,68.68665,2026-08-10,2210,1.41,302.47,288.39,n,5.21,Low
28.06321,95.35553,2026-08-11,608,4.22,327.28,293.7,n,21.1,Low
37.35823,97.43069,2026-08-11,610,3.69,336.87,310.56,l,26.03,Low
7.90745,81.47761,2026-08-11,741,1.57,332.43,288.44,n,21.97,Low
6.37665,81.13255,2026-08-11,741,4.36,329.86,288.76,n,22.64,Low
6.65509,81.18199,2026-08-11,741,3.37,332.54,297.2,n,23.38,Low
6.6595,81.18127,2026-08-11,741,3.37,334.1,294.78,n,24.25,Low
6.7003900000000005,81.40369,2026-08-11,741,6.7,331.46,294.81,n,25.28,Low
6.68748,81.3247,2026-08-11,741,11.45,344.69,295.91,n,36.19,Low
6.65942,81.1833,2026-08-11,741,5.83,341.39,295.17,n,30.14,Low
6.68776,81.32225,2026-08-11,741,4.67,341.77,295.01,n,29.49,Low
6.7392,81.33511,2026-08-11,741,3.63,336.69,295.0,n,25.88,Low
6.76589,81.44145,2026-08-11,741,2.06,334.51,293.71,n,23.49,Low
6.73881,81.27922,2026-08-11,741,3.35,331.02,295.47,n,22.52,Low
6.75822,81.31496,2026-08-11,741,2.7,334.62,294.47,n,24.04,Low
6.82637,81.59361,2026-08-11,741,19.63,343.07,297.88,n,41.43,Medium
6.8257,81.58957,2026-08-11,741,19.63,340.34,297.74,n,39.91,Low
6.83064,81.59292,2026-08-11,741,4.59,332.16,295.03,n,24.09,Low
6.90791,81.62111,2026-08-11,741,3.99,335.65,294.65,n,25.58,Low
6.90725,81.61715,2026-08-11,741,3.99,336.73,296.69,n,26.18,Low
6.91217,81.62042,2026-08-11,741,3.99,330.19,295.45,n,22.54,Low
6.96316,81.59194,2026-08-11,741,4.5600000000000005,330.07,296.68,n,22.9,Low
6.96249,81.588,2026-08-11,741,2.43,332.65,295.85,n,22.74,Low
6.96741,81.59118,2026-08-11,741,7.47,348.3,296.17,n,35.21,Low
7.14803,81.09077,2026-08-11,741,2.03,330.98,290.13,n,21.51,Low
7.3861,81.2234,2026-08-11,741,8.58,342.56,294.12,n,32.86,Low
7.40687,81.32104,2026-08-11,741,3.62,336.07,290.73,n,25.53,Low
7.39043,81.22261,2026-08-11,741,9.55,342.94,294.26,n,33.8,Low
7.41117,81.32027,2026-08-11,741,3.62,333.42,291.15,n,24.06,Low
7.38883,81.13251,2026-08-11,741,1.43,337.3,293.69,n,24.57,Low
7.42013,81.15775,2026-08-11,741,3.02,333.81,290.39,n,23.83,Low
7.42813,81.15214,2026-08-11,741,5.09,329.51,290.29,n,22.99,Low
7.47229,81.30639,2026-08-11,741,3.51,335.81,290.21,n,25.3,Low
7.65809,81.07646,2026-08-11,741,5.39,340.34,283.5,n,29.23,Low
7.76478,80.79965,2026-08-11,741,6.5,343.36,288.86,n,31.74,Low
7.89212,81.48428,2026-08-11,741,2.25,330.24,288.13,n,21.27,Low
7.89147,81.48035,2026-08-11,741,2.25,333.41,287.78,n,23.03,Low
8.0036,81.25312,2026-08-11,741,9.78,343.11,289.99,n,34.06,Low
8.09114,81.10897,2026-08-11,741,5.24,334.11,279.84,n,25.66,Low
8.37599,80.77338,2026-08-11,741,3.98,327.7,284.65,n,21.15,Low
8.84146,80.9937,2026-08-11,741,4.82,332.16,268.98,n,24.26,Low
9.16179,77.91492,2026-08-11,741,3.53,341.92,272.28,n,28.71,Low
10.93614,78.50137,2026-08-11,744,7.51,334.18,295.06,n,27.4,Low
10.83465,78.6193,2026-08-11,744,11.21,340.31,288.36,n,33.58,Low
10.93295,78.50113,2026-08-11,744,2.47,335.0,295.8,n,24.07,Low
11.65238,79.1266,2026-08-11,744,9.66,341.69,291.4,n,33.18,Low
12.29835,78.21772,2026-08-11,744,3.83,331.88,295.98,n,23.36,Low
13.35804,80.23712,2026-08-11,744,4.38,330.27,298.49,n,22.88,Low
13.36924,80.1537,2026-08-11,744,1.87,333.26,296.81,n,22.66,Low
13.46839,79.86543,2026-08-11,744,5.22,330.21,297.42,n,23.48,Low
14.28755,77.5889,2026-08-11,744,8.36,332.14,295.76,n,26.9,Low
14.65185,79.52352,2026-08-11,744,4.74,335.67,299.11,n,26.15,Low
14.20572,76.8857,2026-08-11,744,2.48,333.73,295.27,n,23.38,Low
14.72405,79.54469,2026-08-11,744,2.55,336.35,297.26,n,24.88,Low
14.79489,79.71674,2026-08-11,744,2.24,341.48,301.17,n,27.5,Low
14.8896,79.33846,2026-08-11,744,3.12,330.6,300.12,n,22.12,Low
14.8567,76.95497,2026-08-11,744,3.81,347.51,296.43,n,32.03,Low
14.85612,76.95194,2026-08-11,744,3.81,333.96,295.53,n,24.5,Low
14.92106,76.83829,2026-08-11,744,3.24,333.55,295.04,n,23.85,Low
15.56061,79.96441,2026-08-11,744,3.18,331.98,299.56,n,22.93,Low
15.50542,79.54381,2026-08-11,744,1.58,333.42,302.44,n,22.53,Low
15.28784,78.3216,2026-08-11,744,5.03,333.38,299.14,n,25.09,Low
15.61035,79.47829,2026-08-11,744,2.44,333.92,300.29,n,23.45,Low
15.74237,79.7478,2026-08-11,744,13.35,367.0,301.79,h,50.01,Medium
15.82722,80.0759,2026-08-11,744,3.41,337.76,299.81,n,26.31,Low
15.76487,79.08978,2026-08-11,744,4.03,335.82,300.82,n,25.7,Low
16.18703,79.21886,2026-08-11,744,5.58,341.68,298.18,n,30.12,Low
16.19199,79.22189,2026-08-11,744,3.79,337.02,298.02,n,26.19,Low
16.1912,79.21764,2026-08-11,744,3.79,333.73,298.91,n,24.36,Low
16.58509,80.65373,2026-08-11,744,9.49,351.25,296.0,n,38.37,Low
17.03344,80.86896,2026-08-11,744,3.2,330.45,297.1,n,22.09,Low
17.14975,80.77999,2026-08-11,744,6.13,336.15,296.25,n,27.46,Low
17.07935,79.29828,2026-08-11,744,4.78,343.28,293.19,n,30.41,Low
23.67661,86.40046,2026-08-11,746,5.3,339.43,299.61,n,28.66,Low
23.67603,86.39613,2026-08-11,746,5.3,332.7,297.42,n,24.92,Low
23.68312,86.39497,2026-08-11,746,8.3,337.76,297.42,n,29.98,Low
23.68666,86.39442,2026-08-11,746,5.02,331.94,296.98,n,24.29,Low
23.70852,86.44854,2026-08-11,746,5.08,331.98,296.71,n,24.35,Low
23.71266,86.45232,2026-08-11,746,8.07,345.01,298.38,n,33.84,Low
23.73859,86.43661,2026-08-11,746,4.86,336.81,295.44,n,26.87,Low
23.73802,86.43224,2026-08-11,746,4.86,335.93,297.09,n,26.38,Low
23.75939,86.4022,2026-08-11,746,3.56,334.36,290.89,n,24.54,Low
23.76351,86.40594,2026-08-11,746,3.56,335.54,290.67,n,25.19,Low
23.7795,86.39009,2026-08-11,746,4.26,336.13,290.25,n,26.04,Low
23.79607,86.3521,2026-08-11,746,5.15,334.26,289.52,n,25.67,Low
23.82317,85.4987,2026-08-11,746,6.34,331.16,302.17,l,24.84,Low
23.8239,84.57516,2026-08-11,746,8.57,338.45,301.98,n,30.57,Low
23.82334,84.57131,2026-08-11,746,2.24,337.01,301.02,n,25.02,Low
25.23994,97.27036,2026-08-11,746,6.35,337.19,288.29,n,28.2,Low
26.9619,90.02505,2026-08-11,748,5.16,333.23,293.56,n,25.11,Low
26.85012,90.44472,2026-08-11,748,4.4,330.6,293.27,n,23.08,Low
26.9697,90.05672,2026-08-11,748,12.92,343.06,294.86,n,36.39,Low
27.24553,88.29237,2026-08-11,748,3.14,340.22,294.71,n,27.48,Low
28.12306,81.62691,2026-08-11,748,2.25,330.77,298.97,n,21.56,Low
30.66816,71.78967,2026-08-11,750,3.15,337.42,288.62,n,25.93,Low
36.96894,81.35172,2026-08-11,750,4.89,340.98,299.94,n,29.21,Low
36.96436,81.34357,2026-08-11,750,2.44,333.01,298.75,n,22.95,Low
30.66321,71.79121,2026-08-11,750,2.94,343.03,289.12,n,28.89,Low
30.66169,71.88341,2026-08-11,930,9.27,341.2,286.92,n,32.62,Low
35.99015,94.82831,2026-08-11,2010,1.25,300.33,285.95,n,3.9,Low
29.78707,91.60531,2026-08-11,2012,0.94,299.61,283.1,n,3.27,Low
29.26308,91.92442,2026-08-11,2012,0.9,297.31,282.73,n,1.96,Low
29.22609,88.34823,2026-08-11,2012,1.32,305.48,284.74,n,6.81,Low
30.94722,97.36116,2026-08-11,2012,1.09,296.64,283.33,n,1.73,Low
25.03476,87.37252,2026-08-11,2014,0.98,307.52,292.23,n,7.69,Low
24.3549,93.26946,2026-08-11,2014,0.72,304.35,289.06,n,5.73,Low
26.75969,83.19914,2026-08-11,2014,2.97,312.73,291.03,n,12.08,Low
25.54239,91.23597,2026-08-11,2014,1.11,308.27,287.89,n,8.2,Low
28.34927,77.25589,2026-08-11,2014,3.29,306.44,289.2,n,8.82,Low
28.6487,77.58789,2026-08-11,2014,5.8,307.21,290.5,n,11.13,Low
28.65111,77.58927,2026-08-11,2014,6.51,306.15,290.38,n,11.08,Low
21.80238,82.03889,2026-08-11,2014,1.02,309.42,286.82,n,8.78,Low
21.80074,85.56535,2026-08-11,2014,0.48,300.14,281.48,n,3.22,Low
21.9254,85.22261,2026-08-11,2014,2.73,321.36,284.15,n,16.69,Low
21.92939,85.21943,2026-08-11,2014,1.54,299.69,283.28,n,3.76,Low
21.96887,85.31376,2026-08-11,2014,0.61,299.0,278.57,n,2.68,Low
22.20957,84.86221,2026-08-11,2014,1.66,304.71,284.19,n,6.64,Low
22.21289,84.86283,2026-08-11,2014,1.5,304.32,283.6,n,6.3,Low
22.38987,85.77188,2026-08-11,2014,0.8200000000000001,300.14,280.51,n,3.47,Low
22.24713,87.38735,2026-08-11,2014,1.82,319.68,290.25,n,15.08,Low
22.36411,87.30314,2026-08-11,2014,2.22,311.38,290.1,n,10.76,Low
22.36491,87.29871,2026-08-11,2014,2.22,313.98,290.28,n,12.21,Low
22.36769,87.30388,2026-08-11,2014,2.22,313.1,288.6,n,11.72,Low
22.79881,86.0896,2026-08-11,2014,1.04,305.07,286.49,n,6.37,Low
22.80221,86.09029,2026-08-11,2014,1.55,314.38,286.15,n,11.93,Low
22.78914,86.20744,2026-08-11,2014,0.62,300.76,276.53,n,3.66,Low
22.8097,86.08765,2026-08-11,2014,0.98,306.51,284.74,n,7.13,Low
22.81786,86.03994,2026-08-11,2014,0.5,299.89,281.86,n,3.09,Low
22.79121,86.19544,2026-08-11,2014,3.88,334.83,278.41,n,25.04,Low
22.79186,86.21217,2026-08-11,2014,0.62,300.15,277.91,n,3.33,Low
22.79393,86.20012,2026-08-11,2014,1.06,299.38,277.75,n,3.23,Low
22.79597,86.20885,2026-08-11,2014,0.59,300.74,274.47,n,3.63,Low
22.79735,86.20081,2026-08-11,2014,1.21,302.57,276.85,n,5.11,Low
22.81718,86.085,2026-08-11,2014,0.52,303.35,283.4,n,5.03,Low
23.70293,86.07401,2026-08-11,2014,6.82,307.24,286.71,n,11.92,Low
23.7036,86.07006,2026-08-11,2014,6.82,312.66,286.71,n,14.93,Low
23.7063,86.07467,2026-08-11,2014,6.82,310.76,288.25,n,13.87,Low
23.70697,86.07074,2026-08-11,2014,6.82,330.69,288.41,n,24.94,Low
23.48925,87.36892,2026-08-11,2014,2.63,304.39,287.82,n,7.19,Low
23.75401,85.85337,2026-08-11,2014,1.87,315.37,290.59,n,12.72,Low
23.75737,85.85403,2026-08-11,2014,1.87,315.63,291.2,n,12.86,Low
23.67521,86.40223,2026-08-11,2014,1.61,303.92,280.73,n,6.16,Low
23.6759,86.3982,2026-08-11,2014,1.2,309.38,282.45,n,8.89,Low
23.67658,86.39417,2026-08-11,2014,1.2,300.57,280.55,n,3.99,Low
23.67889,86.39733,2026-08-11,2014,0.8300000000000001,301.55,280.82,n,4.26,Low
23.68299,86.394,2026-08-11,2014,0.8300000000000001,304.58,282.9,n,5.94,Low
23.7731,86.19726,2026-08-11,2014,2.38,315.9,290.85,n,13.4,Low
23.77445,86.20985,2026-08-11,2014,1.13,308.54,291.0,n,8.37,Low
23.77784,86.21052,2026-08-11,2014,1.13,307.26,288.9,n,7.66,Low
23.77852,86.20654,2026-08-11,2014,1.13,308.56,292.09,n,8.38,Low
23.78123,86.21118,2026-08-11,2014,3.42,326.79,290.48,n,20.23,Low
23.79478,86.2345,2026-08-11,2014,1.58,306.62,289.15,n,7.64,Low
23.8033,86.32986,2026-08-11,2014,1.34,309.99,283.47,n,9.33,Low
24.11535,86.86154,2026-08-11,2014,2.08,313.02,291.3,n,11.57,Low
24.11607,86.85741,2026-08-11,2014,2.08,307.05,290.83,n,8.25,Low
24.1188,86.86226,2026-08-11,2014,3.12,307.85,290.72,n,9.48,Low
25.03586,87.38855,2026-08-11,2014,1.34,313.95,292.6,n,11.53,Low
22.87343,86.06207,2026-08-11,2014,1.32,310.08,280.28,n,9.37,Low
23.64553,85.43775,2026-08-11,2014,1.34,308.94,281.96,n,8.75,Low
23.64823,85.44222,2026-08-11,2014,1.1,304.68,282.53,n,6.2,Low
23.6495,85.43458,2026-08-11,2014,1.34,305.0,283.27,n,6.56,Low
23.64886,85.43839,2026-08-11,2014,1.34,329.68,281.34,n,20.27,Low
23.82094,84.57207,2026-08-11,2014,1.47,306.88,280.72,n,7.7,Low
23.82424,84.57269,2026-08-11,2014,1.47,322.48,281.69,n,16.37,Low
23.82754,84.57332,2026-08-11,2014,0.88,306.58,280.53,n,7.09,Low
23.74338,85.50407,2026-08-11,2014,0.53,303.06,283.43,n,4.88,Low
23.66853,86.09152,2026-08-11,2014,0.88,305.9,284.0,n,6.72,Low
23.67595,86.08894,2026-08-11,2014,1.19,305.32,284.67,n,6.63,Low
23.67662,86.08499,2026-08-11,2014,2.78,323.01,286.71,n,17.65,Low
23.68136,86.0982,2026-08-11,2014,1.22,302.28,282.37,n,4.96,Low
23.68203,86.09425,2026-08-11,2014,3.39,324.49,284.05,n,18.93,Low
23.68405,86.08242,2026-08-11,2014,3.23,327.32,286.5,n,20.38,Low
23.77981,85.57465,2026-08-11,2014,2.52,309.27,289.81,n,9.82,Low
23.78109,85.56696,2026-08-11,2014,1.35,310.23,289.15,n,9.47,Low
23.78698,85.55224,2026-08-11,2014,1.93,318.72,288.19,n,14.63,Low
10.93105,77.06483,2026-08-11,2017,1.31,305.29,281.43,n,6.7,Low
16.36971,82.32138,2026-08-11,2017,1.81,321.87,283.29,n,16.29,Low
15.17621,77.1011,2026-08-11,2017,1.22,309.63,290.82,n,9.04,Low
15.02405,78.01597,2026-08-11,2017,1.89,311.37,292.13,n,10.51,Low
7.71748,80.1267,2026-08-11,2017,1.26,308.07,282.59,n,8.21,Low
7.77641,80.48136,2026-08-11,2017,0.97,310.32,283.1,n,9.24,Low
9.52184,77.45166,2026-08-11,2017,0.75,305.29,290.26,n,6.28,Low
9.53687,77.45146,2026-08-11,2017,3.07,318.31,290.55,n,15.25,Low
10.61676,77.42188,2026-08-11,2017,0.72,305.01,291.08,n,6.1,Low
21.30995,81.5898,2026-08-11,2017,1.06,296.74,276.97,n,1.76,Low
21.24532,81.77042,2026-08-11,2017,0.8200000000000001,304.8,287.12,n,6.06,Low
17.95764,80.79329,2026-08-11,2017,2.07,312.94,288.7,n,11.52,Low
17.95707,80.7972,2026-08-11,2017,2.07,311.76,290.83,n,10.86,Low
17.46195,80.6544,2026-08-11,2017,1.61,308.67,288.28,n,8.8,Low
17.02991,81.78046,2026-08-11,2017,0.7000000000000001,305.16,283.9,n,6.17,Low
13.39368,80.10179,2026-08-11,2019,1.0,304.89,284.2,n,6.24,Low
13.8981,76.56383,2026-08-11,2019,0.73,304.39,289.5,n,5.76,Low
12.74482,77.6194,2026-08-11,2019,0.42,297.44,278.88,n,1.67,Low
6.39361,80.91185,2026-08-11,2019,0.63,307.94,284.24,n,7.66,Low
28.42528,69.70116,2026-08-11,2153,0.52,307.19,281.39,n,7.16,Low
32.88791,71.61516,2026-08-11,2153,1.93,308.03,289.42,n,8.69,Low
35.96798,68.68655,2026-08-11,2153,1.23,306.61,294.11,n,7.37,Low
36.10521,69.34921,2026-08-11,2153,0.74,295.61,283.97,n,0.89,Low
7.87641,81.48878,2026-08-12,724,2.36,326.88,281.21,n,19.48,Low
21.74449,83.84071,2026-08-12,729,5.0,331.0,293.85,n,23.75,Low
26.32264,87.24606,2026-08-12,729,2.36,332.6,296.22,n,22.66,Low
23.16594,82.33984,2026-08-12,729,3.73,329.58,287.56,n,22.01,Low
23.66504,87.15353,2026-08-12,729,6.77,337.81,295.99,l,28.86,Low
21.74932,83.8451,2026-08-12,729,2.72,334.46,292.71,n,23.96,Low
9.03714,77.75275,2026-08-12,905,3.41,343.0,290.36,n,29.22,Low
8.9007,77.85759,2026-08-12,905,7.56,353.63,292.7,n,38.24,Low
8.90267,77.85844,2026-08-12,905,8.51,353.95,292.49,n,39.13,Low
8.89707,77.86404,2026-08-12,905,7.0,335.18,292.34,n,27.57,Low
8.72599,77.55264,2026-08-12,905,4.2,335.39,282.5,n,25.59,Low
8.72601,77.55209,2026-08-12,905,5.69,336.48,282.7,n,27.31,Low
9.39539,78.73707,2026-08-12,905,4.63,344.08,289.38,n,30.74,Low
9.39776,78.73965,2026-08-12,905,12.13,354.56,289.32,n,42.19,Medium
9.08511,77.74313,2026-08-12,905,3.19,336.57,291.66,n,25.49,Low
9.07997,77.74262,2026-08-12,905,1.53,336.58,291.71,n,24.25,Low
9.40201,78.73626,2026-08-12,905,4.63,338.73,289.02,n,27.77,Low
29.76524,72.71796,2026-08-12,909,3.21,330.41,290.53,n,22.08,Low
29.84647,71.29039,2026-08-12,909,2.92,341.6,296.23,n,28.08,Low
30.30019,73.51273,2026-08-12,909,7.14,338.0,290.59,n,29.24,Low
30.57857,71.62238,2026-08-12,909,8.85,367.0,295.37,h,46.64,Medium
30.63067,72.02832,2026-08-12,909,8.91,367.0,292.74,h,46.68,Medium
30.63098,72.03254,2026-08-12,909,8.91,338.06,291.53,n,30.6,Low
30.87823,71.93729,2026-08-12,909,2.66,333.98,294.84,n,23.65,Low
31.41129,72.3446,2026-08-12,909,6.05,349.65,292.36,n,34.9,Low
31.40686,72.34518,2026-08-12,909,4.05,338.42,292.53,n,27.16,Low
31.41257,72.34469,2026-08-12,909,3.11,330.33,291.88,n,21.96,Low
37.34636,97.41018,2026-08-12,1951,0.65,301.18,285.92,n,3.92,Low
35.99252,94.83054,2026-08-12,1951,0.76,296.9,283.31,n,1.63,Low
35.98915,94.82964,2026-08-12,1951,0.76,299.06,283.6,n,2.83,Low
30.94972,97.36299,2026-08-12,1951,1.13,297.17,284.84,n,2.05,Low
27.60436,95.40337,2026-08-12,1953,3.89,306.69,291.03,n,9.41,Low
26.64153,79.47498,2026-08-12,1953,1.03,306.13,284.86,n,6.96,Low
21.2409,79.22372,2026-08-12,1955,0.42,299.56,275.54,n,2.85,Low
21.24105,79.22495,2026-08-12,1955,0.63,300.81,276.01,n,3.7,Low
21.24658,79.22227,2026-08-12,1955,0.52,299.72,275.96,n,3.01,Low
21.24792,79.20891,2026-08-12,1955,0.56,303.12,275.52,n,4.93,Low
21.33618,78.96775,2026-08-12,1955,1.17,312.5,274.2,n,10.6,Low
21.37776,81.68217,2026-08-12,1955,1.87,305.45,284.92,n,7.21,Low
21.92072,83.35049,2026-08-12,1955,1.14,306.51,265.65,n,7.25,Low
22.00658,82.66907,2026-08-12,1955,1.29,298.55,273.22,n,2.94,Low
22.0304,83.36609,2026-08-12,1955,0.61,295.62,269.92,n,0.8,Low
22.35942,82.30392,2026-08-12,1955,0.97,302.34,277.31,n,4.81,Low
24.16736,82.62198,2026-08-12,1955,0.77,297.19,274.84,n,1.79,Low
24.20536,82.71243,2026-08-12,1955,2.5700000000000003,303.22,279.26,n,6.49,Low
25.03583,87.3895,2026-08-12,1955,3.04,312.2,289.33,n,11.84,Low
10.92167,78.51196,2026-08-12,2000,1.22,310.24,278.06,n,9.38,Low
6.8556,81.5332,2026-08-12,2000,1.22,310.08,283.19,n,9.29,Low
10.94384,76.3857,2026-08-12,2000,0.58,301.34,271.92,n,3.96,Low
10.94375,76.38715,2026-08-12,2000,0.45,297.97,271.91,n,1.99,Low
35.96698,68.68506,2026-08-12,2133,1.6800000000000002,312.77,296.13,n,11.13,Low
26.64256,79.48462,2026-08-12,2133,2.46,310.31,286.31,n,10.35,Low
26.64242,79.48309,2026-08-12,2133,2.67,313.16,286.19,n,12.09,Low
31.25882,76.92647,2026-08-12,2133,0.61,304.8,288.82,n,5.9,Low
33.29638,71.18766,2026-08-12,2133,3.45,307.57,293.14,n,9.57,Low
25.38832,68.58551,2026-08-12,2136,2.97,316.2,291.8,n,14.01,Low
23.73618,86.43395,2026-08-13,707,4.16,332.8,289.47,n,24.12,Low
23.73811,86.43422,2026-08-13,707,5.16,333.43,289.49,n,25.22,Low
23.77803,86.38847,2026-08-13,707,3.67,329.59,283.41,n,21.97,Low
23.80264,86.33192,2026-08-13,707,4.15,330.43,281.98,n,22.8,Low
27.75595,96.12046,2026-08-13,709,8.28,342.54,296.07,n,32.62,Low
27.95328,94.17912,2026-08-13,709,4.8100000000000005,333.1,296.61,n,24.77,Low
28.2101,95.63686,2026-08-13,709,2.9,331.73,296.51,n,22.58,Low
7.18049,81.00858,2026-08-13,843,4.38,337.71,291.58,n,27.01,Low
7.18077,81.00758,2026-08-13,843,4.57,347.77,291.97,n,32.74,Low
6.68782,81.21521,2026-08-13,843,6.02,334.78,292.55,n,26.61,Low
6.68831,81.21883,2026-08-13,843,6.02,367.0,294.08,h,44.52,Medium
6.38202,81.0257,2026-08-13,843,8.8,338.06,293.95,n,30.52,Low
6.3825,81.02918,2026-08-13,843,16.19,367.0,295.44,h,52.14,Medium
8.58456,80.87868,2026-08-13,845,1.26,333.07,287.52,n,22.09,Low
8.38041,80.17516,2026-08-13,845,1.57,330.13,291.27,n,20.69,Low
11.54044,79.12389,2026-08-13,845,2.58,339.14,278.6,n,26.46,Low
8.15321,81.32706,2026-08-13,845,2.49,331.23,291.49,n,22.0,Low
7.93612,80.75471,2026-08-13,845,6.15,354.15,291.01,n,37.47,Low
7.91424,81.47617,2026-08-13,845,4.65,342.26,292.16,n,29.74,Low
9.00208,80.6894,2026-08-13,845,3.68,331.06,289.85,n,22.79,Low
8.965160000000001,80.32503,2026-08-13,845,3.03,333.72,290.98,n,23.78,Low
9.16139,80.66515,2026-08-13,845,4.14,340.52,290.07,n,28.39,Low
9.13136,80.44212,2026-08-13,845,6.48,334.15,291.52,n,26.61,Low
8.76691,77.69192,2026-08-13,845,2.92,337.11,296.64,n,25.58,Low
9.13221,80.44027,2026-08-13,845,3.69,341.79,291.83,n,28.76,Low
9.16061,80.66372,2026-08-13,845,4.06,331.66,288.72,n,23.41,Low
9.47122,78.82121,2026-08-13,845,4.5600000000000005,336.94,289.42,n,26.72,Low
9.67933,78.15241,2026-08-13,845,7.88,343.29,298.39,n,32.74,Low
10.16619,78.93098,2026-08-13,845,5.27,335.29,293.51,n,26.34,Low
10.77735,79.65633,2026-08-13,845,5.45,351.27,292.13,n,35.35,Low
8.72843,80.47789,2026-08-13,845,5.72,335.24,289.94,n,26.65,Low
8.72888,80.48133,2026-08-13,845,5.72,354.36,290.51,n,37.27,Low
8.62785,80.65689,2026-08-13,845,2.32,330.35,290.42,n,21.38,Low
11.04338,78.72183,2026-08-13,845,2.94,330.37,294.1,n,21.86,Low
8.50201,80.25056,2026-08-13,845,8.17,346.28,291.65,n,34.62,Low
8.50331,80.26043,2026-08-13,845,3.89,330.37,290.69,n,22.57,Low
25.20996,68.73409,2026-08-13,850,1.25,331.13,296.98,n,21.01,Low
25.38725,68.58302,2026-08-13,850,2.51,333.81,298.7,n,23.44,Low
25.41183,68.25375,2026-08-13,850,1.74,335.85,302.68,n,24.0,Low
25.5373,68.85468,2026-08-13,850,3.36,334.98,297.43,n,24.73,Low
31.03059,70.82815,2026-08-13,852,4.69,330.22,303.46,l,23.08,Low
30.7853,72.02888,2026-08-13,852,3.51,335.81,297.31,n,25.3,Low
30.65683,71.97965,2026-08-13,852,2.66,330.24,297.4,n,21.57,Low
30.63265,72.03162,2026-08-13,852,4.78,346.91,295.82,n,32.42,Low
30.63135,72.03081,2026-08-13,852,3.8,342.08,296.25,n,29.01,Low
30.716,72.87063,2026-08-13,852,6.98,330.12,299.05,n,24.75,Low
30.62984,72.17395,2026-08-13,852,2.84,337.62,298.09,n,25.81,Low
30.55099,71.64114000000001,2026-08-13,852,3.9,331.74,303.12,l,23.34,Low
29.87196,72.63807,2026-08-13,852,5.43,338.26,292.52,n,28.11,Low
29.64513,71.6638,2026-08-13,852,2.33,332.63,294.15,n,22.65,Low
29.64557,71.66782,2026-08-13,852,3.02,330.4,294.52,n,21.93,Low
28.1092,69.16533,2026-08-13,852,11.82,342.19,301.24,n,35.08,Low
35.83731,71.41198,2026-08-13,854,3.12,341.46,309.78,n,28.15,Low
35.99004,94.83039,2026-08-13,1932,0.8,298.82,280.66,n,2.72,Low
37.34792,97.41002,2026-08-13,1932,0.71,300.21,285.02,n,3.43,Low
29.26384,91.9249,2026-08-13,1934,2.11,309.09,285.76,n,9.41,Low
29.37553,91.15138,2026-08-13,1934,1.46,300.84,280.97,n,4.34,Low
29.6605,90.89847,2026-08-13,1934,0.7000000000000001,295.22,282.3,n,0.65,Low
29.6602,90.89964,2026-08-13,1934,1.21,296.79,282.72,n,1.9,Low
30.07011,96.97737,2026-08-13,1934,0.85,302.28,287.89,n,4.68,Low
30.94826,97.36237,2026-08-13,1934,0.8200000000000001,298.25,285.35,n,2.42,Low
23.75365,86.41747,2026-08-13,1936,1.44,297.17,282.94,n,2.29,Low
23.74908,86.41685,2026-08-13,1936,2.09,296.97,283.17,n,2.66,Low
23.73823,86.43073,2026-08-13,1936,2.09,298.21,282.81,n,3.35,Low
24.54147,97.73922,2026-08-13,1936,1.27,299.76,289.69,n,3.6,Low
23.75298,86.41855,2026-08-13,1936,2.36,298.67,283.46,n,3.81,Low
22.06728,88.11946,2026-08-13,1938,3.26,323.97,288.71,n,18.54,Low
22.06281,88.12262,2026-08-13,1938,3.35,305.38,288.82,n,8.28,Low
22.06258,88.11909,2026-08-13,1938,4.17,325.03,288.7,n,19.81,Low
22.06327,88.11887,2026-08-13,1938,4.92,332.34,289.18,n,24.43,Low
6.75746,80.83669,2026-08-13,1942,1.58,319.82,289.08,n,14.97,Low
7.20609,81.10449,2026-08-13,1942,1.35,310.6,290.1,n,9.68,Low
35.96593,68.68664,2026-08-13,2114,1.0,309.89,294.98,n,9.02,Low
32.88816,71.61708,2026-08-13,2116,2.65,313.07,295.31,n,12.03,Low
32.29366,70.73075,2026-08-13,2116,1.49,313.79,297.18,n,11.56,Low
32.28909,70.73813,2026-08-13,2116,1.33,311.09,297.01,n,9.94,Low
25.94058,72.19393,2026-08-13,2116,2.2,304.94,290.17,n,7.17,Low
24.66126,74.63389,2026-08-13,2118,0.71,296.63,272.55,n,1.44,Low
19.36947,71.35176,2026-08-13,2118,3.02,310.92,290.37,n,11.11,Low
12.98518,74.85353,2026-08-13,2121,0.59,303.49,271.73,n,5.16,Low
22.70188,97.5589,2026-08-14,650,2.98,336.01,296.06,n,25.02,Low
29.70123,91.11729,2026-08-14,652,6.32,332.09,305.78,l,25.35,Low
29.66986,90.99896,2026-08-14,652,4.8100000000000005,333.94,301.63,n,25.24,Low
29.70388,91.11877,2026-08-14,652,6.41,336.3,303.36,n,27.75,Low
29.6841,91.14074,2026-08-14,652,3.76,334.97,305.12,l,25.03,Low
29.55282,90.96188,2026-08-14,652,2.72,331.65,304.02,l,22.4,Low
37.35157,95.85977,2026-08-14,654,2.19,344.78,303.8,n,29.3,Low
37.3482,95.86053,2026-08-14,654,2.19,335.5,305.26,n,24.14,Low
8.06051,80.6891,2026-08-14,826,6.96,335.1,288.84,n,27.5,Low
8.12584,81.42531,2026-08-14,826,4.62,336.64,295.31,n,26.6,Low
7.90225,81.48327,2026-08-14,826,4.13,331.82,296.51,n,23.55,Low
7.88716,81.43616,2026-08-14,826,5.15,343.79,297.63,n,30.97,Low
7.88768,81.43986,2026-08-14,826,6.46,342.63,297.79,n,31.31,Low
7.87329,81.48734,2026-08-14,826,4.01,339.46,295.12,n,27.71,Low
7.86656,81.46929,2026-08-14,826,17.08,355.08,298.99,n,46.19,Medium
7.86916,81.48792,2026-08-14,826,4.01,344.85,295.15,n,30.7,Low
7.86968,81.49164,2026-08-14,826,4.01,346.08,295.05,n,31.39,Low
7.79772,81.47552,2026-08-14,826,2.61,336.68,299.66,n,25.11,Low
7.69964,81.30701,2026-08-14,826,15.08,346.15,298.0,n,39.73,Low
8.80066,80.57003,2026-08-14,826,5.05,334.6,296.09,n,25.79,Low
8.80016,80.57328,2026-08-14,826,4.24,339.74,296.35,n,28.04,Low
8.80411,80.57274,2026-08-14,826,4.24,330.54,293.78,n,22.92,Low
8.82694,80.67886,2026-08-14,826,4.62,334.58,296.91,n,25.45,Low
7.70016,81.31061,2026-08-14,826,8.54,342.13,296.52,n,32.59,Low
7.69557,81.30759,2026-08-14,826,15.08,356.3,299.95,n,45.37,Medium
7.69609,81.31118,2026-08-14,826,8.54,343.16,297.2,n,33.16,Low
7.53184,81.66215,2026-08-14,826,3.62,337.53,293.06,n,26.34,Low
7.52985,81.67784,2026-08-14,826,6.31,342.28,291.39,n,31.0,Low
7.51518,81.66447,2026-08-14,826,2.07,334.28,294.11,n,23.37,Low
7.41772,81.64791,2026-08-14,826,1.33,335.83,296.67,n,23.68,Low
7.29912,81.1978,2026-08-14,826,4.35,337.71,294.44,n,26.99,Low
9.015,80.6757,2026-08-14,826,3.45,336.11,297.85,n,25.43,Low
7.27627,81.3829,2026-08-14,826,4.32,344.73,298.89,n,30.87,Low
7.26114,81.30737,2026-08-14,826,13.43,356.27,300.1,n,44.11,Medium
7.21928,81.10368,2026-08-14,826,4.99,334.58,296.86,n,25.73,Low
7.23446,81.77828,2026-08-14,826,5.77,342.69,296.12,n,30.82,Low
7.06421,81.81426,2026-08-14,826,2.99,337.07,299.42,n,25.61,Low
6.86874,81.71575,2026-08-14,826,8.71,339.26,300.77,n,31.12,Low
6.8008500000000005,81.47522,2026-08-14,826,5.55,349.9,293.67,n,34.66,Low
6.79066,81.46186,2026-08-14,826,7.08,334.12,287.95,n,27.04,Low
6.78809,81.47303,2026-08-14,826,4.27,346.08,291.08,n,31.58,Low
6.76902,81.36734,2026-08-14,826,8.53,351.93,285.58,n,38.03,Low
6.76952,81.3709,2026-08-14,826,8.53,342.65,285.29,n,32.87,Low
9.01102,80.67626,2026-08-14,826,3.45,334.4,297.93,n,24.48,Low
6.75863,81.78897,2026-08-14,826,6.09,331.63,300.64,n,24.92,Low
6.71394,81.47736,2026-08-14,826,3.67,331.43,294.62,n,22.99,Low
6.77634,81.53474,2026-08-14,826,3.22,336.47,294.06,n,25.45,Low
6.78043,81.5342,2026-08-14,826,3.22,338.06,296.85,n,26.34,Low
6.77589,81.53412,2026-08-14,826,2.8,338.45,295.33,n,26.24,Low
6.77998,81.53358,2026-08-14,826,2.8,341.37,297.4,n,27.86,Low
9.57666,78.31569,2026-08-14,826,5.44,336.05,300.88,n,26.89,Low
9.57608,78.31172,2026-08-14,826,4.92,335.35,300.96,n,26.11,Low
8.80139,80.57509,2026-08-14,826,3.59,334.87,294.74,n,24.84,Low
8.83132,80.89387,2026-08-14,826,2.66,330.97,296.6,n,21.98,Low
8.68916,80.46336,2026-08-14,826,6.47,341.02,294.43,n,30.42,Low
9.49049,78.61933,2026-08-14,826,6.35,342.11,301.52,n,30.93,Low
9.41698,77.81709,2026-08-14,826,14.1,344.56,300.93,n,38.11,Low
9.01351,80.67845,2026-08-14,826,6.88,334.27,297.46,n,26.98,Low
8.69729,77.84816000000001,2026-08-14,826,1.51,337.29,299.86,n,24.63,Low
9.0128,80.67327,2026-08-14,826,9.77,337.17,298.68,n,30.76,Low
9.0321,80.0744,2026-08-14,826,7.09,338.55,296.03,n,29.51,Low
8.76233,77.79604,2026-08-14,826,2.81,339.05,301.72,n,26.58,Low
9.31116,80.1535,2026-08-14,826,5.96,342.32,296.78,n,30.76,Low
8.66231,80.89346,2026-08-14,826,4.04,335.5,297.97,n,25.53,Low
8.65779,80.8905,2026-08-14,826,3.2,330.83,298.36,n,22.31,Low
8.5659,80.46375,2026-08-14,826,4.44,336.3,296.2,n,26.27,Low
8.566040000000001,80.46652,2026-08-14,826,3.5,333.18,294.91,n,23.84,Low
8.56307,80.58379,2026-08-14,826,3.64,334.57,292.09,n,24.71,Low
8.58222,80.85816,2026-08-14,826,16.38,344.61,298.69,n,39.85,Low
8.55964,80.872,2026-08-14,826,9.23,337.16,297.43,n,30.34,Low
8.41071,80.52218,2026-08-14,826,7.43,337.57,298.34,n,29.22,Low
8.4068,80.52273,2026-08-14,826,13.78,348.21,298.59,n,39.9,Low
14.33251,77.40853,2026-08-14,828,7.7,353.07,291.88,n,38.04,Low
9.94017,78.72459,2026-08-14,828,3.47,338.41,298.15,n,26.72,Low
9.94318,78.71989,2026-08-14,828,3.47,337.56,298.43,n,26.25,Low
9.94619,78.71519,2026-08-14,828,4.78,344.65,298.15,n,31.17,Low
10.16352,78.93459,2026-08-14,828,3.95,335.38,300.67,n,25.4,Low
10.15349,78.50438,2026-08-14,828,3.96,335.53,298.72,n,25.49,Low
10.6441,79.07843,2026-08-14,828,5.06,342.53,291.63,n,30.2,Low
10.79085,77.71056,2026-08-14,828,0.61,334.83,293.83,n,22.59,Low
11.10117,78.03844,2026-08-14,828,1.67,330.35,288.39,n,20.89,Low
12.34427,76.94675,2026-08-14,828,2.02,332.13,290.9,n,22.14,Low
12.92848,80.18225,2026-08-14,828,3.63,340.81,293.11,n,28.17,Low
13.13813,79.96019,2026-08-14,828,4.8,341.06,290.79,n,29.19,Low
13.85388,78.33376,2026-08-14,828,2.34,336.45,297.39,n,24.78,Low
14.31833,77.41064,2026-08-14,828,2.89,335.06,290.17,n,24.42,Low
14.32246,77.41421,2026-08-14,828,2.89,338.61,289.42,n,26.4,Low
14.32188,77.41011,2026-08-14,828,2.89,340.84,290.02,n,27.63,Low
14.3213,77.40604,2026-08-14,828,3.25,340.06,289.05,n,27.47,Low
14.326,77.41369,2026-08-14,828,3.04,338.16,289.44,n,26.26,Low
14.32542,77.40958,2026-08-14,828,3.04,341.0,289.59,n,27.84,Low
14.32896,77.40906,2026-08-14,828,3.04,346.67,290.23,n,30.99,Low
14.33192,77.40444,2026-08-14,828,2.83,336.96,288.56,n,25.43,Low
14.88612,77.45694,2026-08-14,828,4.17,334.57,292.58,n,25.11,Low
15.17322,76.69418,2026-08-14,828,3.3,335.93,298.56,n,25.21,Low
15.17222,76.66235,2026-08-14,828,4.86,343.64,298.9,n,30.67,Low
15.16369,76.38303,2026-08-14,828,3.96,334.16,294.54,n,24.73,Low
15.68431,80.11327,2026-08-14,828,3.22,340.56,298.04,n,27.73,Low
15.74877,80.01529,2026-08-14,828,3.47,346.84,296.82,n,31.4,Low
15.61406,78.3792,2026-08-14,828,12.98,336.76,296.62,n,32.93,Low
15.84728,80.08014,2026-08-14,828,2.4,334.29,296.58,n,23.63,Low
15.67526,78.37572,2026-08-14,828,5.6,332.72,294.49,n,25.16,Low
18.68664,73.04058,2026-08-14,830,8.31,336.58,292.42,n,29.33,Low
29.34646,73.11682,2026-08-14,833,3.83,336.71,294.38,n,26.04,Low
29.78008,72.30405,2026-08-14,833,4.37,337.19,302.22,n,26.72,Low
29.95238,72.94431,2026-08-14,833,3.6,338.9,297.13,n,27.09,Low
29.74283,71.27952,2026-08-14,833,3.84,344.03,300.06,n,30.12,Low
29.95464,72.57912,2026-08-14,833,4.39,341.73,300.02,n,29.25,Low
29.97913,72.60475,2026-08-14,833,22.79,339.93,300.37,n,42.05,Medium
29.94082,72.06029,2026-08-14,833,3.12,338.23,299.51,n,26.36,Low
30.01564,72.56848,2026-08-14,833,3.24,336.95,300.7,n,25.74,Low
29.85568,71.38053,2026-08-14,833,3.16,340.06,300.6,n,27.4,Low
30.03947,72.11456,2026-08-14,833,3.51,337.05,303.08,n,25.99,Low
30.07664,71.52844,2026-08-14,833,4.27,347.16,300.46,n,32.18,Low
30.07075,71.48827,2026-08-14,833,3.16,337.79,299.39,n,26.14,Low
30.41155,71.94455,2026-08-14,833,5.06,337.54,300.11,n,27.43,Low
30.4149,71.94391,2026-08-14,833,2.34,330.06,298.6,n,21.23,Low
30.65054,73.60814,2026-08-14,833,2.72,331.28,296.58,n,22.2,Low
30.4806,71.81483,2026-08-14,833,4.41,344.58,299.9,n,30.85,Low
30.53525,71.77944,2026-08-14,833,2.08,330.78,298.74,n,21.44,Low
30.60707,72.18962,2026-08-14,833,7.94,349.02,299.32,n,35.97,Low
30.54259,71.71091,2026-08-14,833,5.68,337.49,301.52,n,27.87,Low
30.60084,72.0713,2026-08-14,833,2.65,334.53,298.75,n,23.95,Low
30.61927,72.15311,2026-08-14,833,3.17,336.05,298.67,n,25.18,Low
30.65344,72.12532,2026-08-14,833,4.74,345.54,300.13,n,31.63,Low
30.63605,71.72717,2026-08-14,833,5.93,340.78,299.41,n,29.88,Low
30.89181,73.20399,2026-08-14,833,2.93,331.33,301.68,l,22.38,Low
30.89121,73.19951,2026-08-14,833,2.93,330.74,301.34,l,22.05,Low
30.89827,73.22582,2026-08-14,833,3.06,331.16,302.47,l,22.38,Low
30.89589,73.20786,2026-08-14,833,4.5,331.09,301.6,l,23.42,Low
30.8953,73.20337,2026-08-14,833,2.93,330.8,301.35,l,22.09,Low
30.90756,73.21498,2026-08-14,833,3.47,330.42,301.49,l,22.28,Low
30.91165,73.21886,2026-08-14,835,3.47,330.83,301.25,l,22.51,Low
30.75119,71.95432,2026-08-14,835,13.73,347.09,299.8,n,39.24,Low
30.76738,72.01932,2026-08-14,835,3.81,338.15,298.56,n,26.83,Low
30.79395,71.93381,2026-08-14,835,4.45,335.92,297.72,n,26.07,Low
30.81083,71.85845,2026-08-14,835,11.4,347.77,301.48,n,37.87,Low
31.03194,73.37009,2026-08-14,835,6.75,331.52,301.15,n,25.35,Low
31.19237,72.09209,2026-08-14,835,4.1,337.63,299.72,n,26.76,Low
31.7036,72.48791,2026-08-14,835,3.79,338.18,296.24,n,26.83,Low
31.70236,72.48913,2026-08-14,835,5.11,340.88,296.25,n,29.32,Low
32.03644,71.12323,2026-08-14,835,3.69,331.69,305.49,l,23.15,Low
32.04037,71.12668,2026-08-14,835,3.45,332.71,306.11,l,23.54,Low
32.03977,71.12256000000001,2026-08-14,835,3.45,330.52,305.03,l,22.32,Low
32.88853,71.61611,2026-08-14,835,3.3,334.49,301.83,n,24.41,Low
27.32576,95.27875,2026-08-14,1917,4.34,311.81,291.58,n,12.59,Low
27.03289,94.89212,2026-08-14,1917,5.03,314.82,290.69,n,14.78,Low
7.49311,81.1361,2026-08-14,1921,2.42,300.3,275.88,n,4.76,Low
35.9678,68.6875,2026-08-14,2055,1.44,310.43,295.46,n,9.65,Low
33.68887,72.71381,2026-08-14,2055,0.95,310.22,291.07,n,9.17,Low
33.29664,71.1873,2026-08-14,2055,0.89,305.45,291.6,n,6.47,Low
26.60479,73.68352,2026-08-14,2057,1.07,306.63,290.8,n,7.26,Low
22.9329,69.70402,2026-08-14,2057,0.96,302.22,284.65,n,4.73,Low
23.31558,70.4867,2026-08-14,2057,1.06,303.46,285.88,n,5.49,Low
25.3884,68.58215,2026-08-14,2057,3.33,325.12,292.7,n,19.23,Low
25.94164,72.19266,2026-08-14,2057,1.49,321.57,291.08,n,15.88,Low
25.94279,72.19247,2026-08-14,2057,1.72,324.59,291.21,n,17.73,Low
26.87478,73.51643,2026-08-14,2057,0.84,304.98,287.95,n,6.17,Low
26.87868,73.51321,2026-08-14,2057,0.84,305.24,287.87,n,6.32,Low
28.60834,68.63084,2026-08-14,2057,1.6,313.15,293.58,n,11.28,Low
19.52992,71.29703,2026-08-14,2059,2.67,304.31,286.88,n,7.17,Low
19.17778,70.94668,2026-08-14,2059,2.39,310.03,289.34,n,10.14,Low
22.3395,69.85548,2026-08-14,2059,1.98,304.65,288.65,n,6.85,Low
21.10971,72.63481,2026-08-14,2059,3.07,316.45,285.7,n,14.22,Low
21.11126,72.64643,2026-08-14,2059,1.51,298.17,286.11,n,2.89,Low
19.52935,71.30072,2026-08-14,2059,2.78,306.8,287.05,n,8.64,Low
15.18089,76.67749,2026-08-14,2101,2.41,298.56,271.88,n,3.79,Low
13.74471,76.84552,2026-08-14,2101,0.8,299.46,280.6,n,3.08,Low
10.70914,79.85674,2026-08-14,2101,4.8,295.3,283.98,n,3.77,Low
15.18296,76.66602,2026-08-14,2101,2.09,307.58,269.21,n,8.56,Low
15.22752,76.76139,2026-08-14,2101,0.8,300.97,278.55,n,3.92,Low
15.22681,76.76525,2026-08-14,2101,0.8,301.71,279.55,n,4.33,Low
15.17404,76.69186,2026-08-14,2101,0.7000000000000001,298.99,270.74,n,2.74,Low
23.88082,96.3227,2026-08-15,631,2.08,328.68,293.48,n,20.27,Low
27.60563,95.40367,2026-08-15,631,1.91,328.54,291.65,n,20.07,Low
29.63094,94.37956,2026-08-15,631,4.52,328.54,301.58,l,22.02,Low
7.86798,81.48515,2026-08-15,807,7.95,344.3,298.92,n,33.35,Low
6.37115,81.1376,2026-08-15,807,2.89,342.49,301.05,n,28.55,Low
6.37501,81.0518,2026-08-15,807,3.71,336.62,301.05,n,25.9,Low
6.37833,81.05128,2026-08-15,807,3.71,330.3,297.94,n,22.39,Low
6.40712,80.86543,2026-08-15,807,61.04,334.18,298.85,n,67.55,Medium
6.41216,80.85397,2026-08-15,807,7.89,331.36,298.73,n,26.12,Low
6.45107,81.01872,2026-08-15,807,5.04,340.98,301.66,n,29.32,Low
6.74334,81.44843,2026-08-15,807,6.78,339.44,301.97,n,29.77,Low
6.76617,81.50903,2026-08-15,807,12.22,356.79,304.24,n,43.49,Medium
6.76564,81.50555,2026-08-15,807,24.6,344.05,307.61,n,45.7,Medium
6.7695,81.50852,2026-08-15,807,7.32,339.15,301.06,n,30.02,Low
6.76897,81.50504,2026-08-15,807,9.66,343.02,302.74,n,33.92,Low
6.75534,81.39326,2026-08-15,807,3.48,337.53,301.16,n,26.24,Low
6.77933,81.5284,2026-08-15,807,2.22,335.32,297.36,n,24.06,Low
6.78265,81.5279,2026-08-15,807,2.22,335.84,295.53,n,24.35,Low
6.79901,81.41767,2026-08-15,807,4.2,341.82,301.54,n,29.16,Low
6.82552,81.50262,2026-08-15,807,20.84,345.37,298.42,n,43.61,Medium
6.87988,81.72637,2026-08-15,807,5.14,332.19,299.29,n,24.52,Low
6.92249,81.82744,2026-08-15,807,4.07,338.67,301.2,n,27.31,Low
7.09154,81.80807,2026-08-15,807,15.76,338.98,301.49,n,36.25,Low
7.08942,81.79402,2026-08-15,807,1.91,332.81,300.33,n,22.44,Low
7.08889,81.79051,2026-08-15,807,3.93,331.34,302.19,l,23.14,Low
7.08783,81.78349,2026-08-15,807,2.56,336.33,302.39,n,24.88,Low
7.09117,81.78297,2026-08-15,807,2.56,337.21,302.07,n,25.37,Low
7.08286,81.548,2026-08-15,807,1.91,334.3,296.82,n,23.27,Low
7.13562,81.78342,2026-08-15,807,3.53,336.51,296.81,n,25.71,Low
7.2196,81.80241,2026-08-15,807,3.25,342.03,301.67,n,28.57,Low
7.2127,81.75674,2026-08-15,807,1.36,330.4,299.07,n,20.69,Low
7.22135,81.79135,2026-08-15,807,1.96,331.91,301.6,n,21.98,Low
7.17662,81.36192,2026-08-15,807,3.58,331.11,300.56,n,22.75,Low
7.14985,81.14191,2026-08-15,807,4.04,339.87,301.36,n,27.96,Low
7.15318,81.14142,2026-08-15,807,3.21,337.71,299.52,n,26.14,Low
7.17507,81.26253,2026-08-15,807,1.4,332.28,299.68,n,21.76,Low
7.11188,80.8494,2026-08-15,807,1.73,330.41,293.14,n,20.97,Low
7.25144,81.69704,2026-08-15,807,2.51,331.64,300.15,n,22.24,Low
7.20137,81.30119,2026-08-15,807,2.35,331.85,301.29,n,22.23,Low
7.22044,81.36495,2026-08-15,807,3.92,333.75,300.91,n,24.47,Low
7.22374,81.20788,2026-08-15,807,3.49,340.75,301.23,n,28.03,Low
7.226,81.20042,2026-08-15,807,3.14,332.23,301.31,n,23.04,Low
7.34131,81.7579,2026-08-15,807,3.07,333.99,300.59,n,23.96,Low
7.37176,81.77847,2026-08-15,807,3.56,331.64,298.51,n,23.03,Low
7.37122,81.77496,2026-08-15,807,2.62,335.67,298.98,n,24.56,Low
7.32439,81.22396,2026-08-15,807,4.41,344.63,300.3,n,30.88,Low
7.32385,81.22048,2026-08-15,807,4.41,346.41,302.53,n,31.87,Low
7.32174,81.20657,2026-08-15,807,8.01,340.99,302.3,n,31.56,Low
7.32294,81.19213,2026-08-15,807,2.39,333.69,301.8,n,23.29,Low
7.32838,81.20554,2026-08-15,807,4.73,335.92,304.61,n,26.28,Low
7.31725,81.13255,2026-08-15,807,3.6,335.0,304.52,n,24.92,Low
7.3329,81.19061,2026-08-15,807,2.32,336.68,300.39,n,24.9,Low
7.35452,81.26561,2026-08-15,807,1.15,331.72,300.28,n,21.26,Low
7.42865,81.68666,2026-08-15,807,3.55,342.69,301.88,n,29.16,Low
7.42812,81.68315,2026-08-15,807,3.55,343.47,300.95,n,29.59,Low
7.4536,81.69365,2026-08-15,807,2.12,335.57,300.67,n,24.13,Low
7.46201,81.68159,2026-08-15,807,4.77,348.64,301.8,n,33.38,Low
7.4235,81.29427,2026-08-15,807,4.42,342.35,304.87,n,29.62,Low
7.43956,81.31653,2026-08-15,807,8.01,354.43,302.12,n,39.02,Low
7.44289,81.31603,2026-08-15,807,9.5,346.97,301.04,n,36.0,Low
7.45797,81.21402,2026-08-15,807,3.81,335.72,299.89,n,25.48,Low
7.46977,81.26918,2026-08-15,807,10.19,341.58,302.62,n,33.52,Low
7.46924,81.26571,2026-08-15,807,5.7,336.66,302.09,n,27.42,Low
7.55715,81.71012,2026-08-15,807,2.96,339.1,296.11,n,26.72,Low
7.51134,81.0985,2026-08-15,807,61.88,344.65,313.04,n,73.99,High
7.51081,81.09502,2026-08-15,807,8.11,339.29,304.99,n,30.69,Low
7.51028,81.09155,2026-08-15,807,8.11,343.02,306.56,n,32.76,Low
7.71951,81.42249,2026-08-15,807,11.86,339.53,299.24,n,33.63,Low
7.72114,81.34359,2026-08-15,807,6.04,339.52,300.52,n,29.26,Low
7.72447,81.34308,2026-08-15,807,2.94,331.95,298.41,n,22.73,Low
7.72394,81.3396,2026-08-15,807,3.61,335.9,297.8,n,25.43,Low
7.86744,81.48164,2026-08-15,807,6.51,341.65,297.98,n,30.8,Low
8.18145,80.48837,2026-08-15,807,0.8,331.15,293.83,n,20.68,Low
8.27499,81.05516,2026-08-15,807,3.53,332.41,297.68,n,23.43,Low
8.34802,80.2693,2026-08-15,807,8.35,347.84,296.14,n,35.62,Low
8.35063,80.27195,2026-08-15,807,4.58,343.95,296.75,n,30.63,Low
8.35009,80.26845,2026-08-15,807,5.07,343.95,296.93,n,31.0,Low
8.65191,81.13203,2026-08-15,807,5.47,336.93,282.45,n,27.4,Low
8.55446,80.49377,2026-08-15,807,1.82,335.03,292.86,n,23.6,Low
8.61206,80.51968,2026-08-15,807,6.41,346.01,291.86,n,33.15,Low
8.679310000000001,80.75907,2026-08-15,807,9.82,345.27,285.8,n,35.29,Low
8.80854,80.32371,2026-08-15,807,1.44,330.01,295.99,n,20.53,Low
8.92352,80.47691,2026-08-15,807,4.58,334.02,297.4,n,25.11,Low
9.06104,80.53681,2026-08-15,807,1.72,335.0,290.03,n,23.51,Low
9.04828,80.18815,2026-08-15,807,4.05,331.15,297.36,n,23.12,Low
11.4172,79.66978,2026-08-15,807,2.76,336.37,289.86,n,25.05,Low
12.37895,76.98724,2026-08-15,807,3.01,330.87,296.66,n,22.19,Low
18.66053,79.14503,2026-08-15,809,10.47,331.03,293.71,n,27.87,Low
15.10484,76.8101,2026-08-15,809,6.87,338.38,291.65,n,29.25,Low
17.53543,79.50681,2026-08-15,809,4.85,333.28,294.2,n,24.9,Low
15.30614,78.18951,2026-08-15,809,4.07,335.73,288.89,n,25.68,Low
14.66645,79.53525,2026-08-15,809,2.34,334.11,295.43,n,23.48,Low
14.05112,79.77888,2026-08-15,809,7.99,347.47,300.54,n,35.14,Low
14.47881,79.97202,2026-08-15,809,3.59,335.54,294.9,n,25.21,Low
14.47548,79.97254,2026-08-15,809,4.62,338.98,296.41,n,27.9,Low
18.85886,72.92574,2026-08-15,809,6.55,341.49,288.26,n,30.74,Low
22.36821,87.30191,2026-08-15,811,3.8,330.19,283.37,n,22.4,Low
27.80209,69.54681,2026-08-15,813,6.32,330.09,303.51,l,24.23,Low
25.72742,68.40441,2026-08-15,813,5.38,333.58,284.72,n,25.47,Low
29.4572,71.3344,2026-08-15,813,6.31,347.98,299.63,n,34.17,Low
31.59891,72.30718,2026-08-15,813,5.35,336.52,298.11,n,27.08,Low
34.0741,72.14128,2026-08-15,816,2.32,336.42,303.53,n,24.75,Low
22.35315,96.7031,2026-08-15,1858,0.66,301.77,287.78,n,4.26,Low
22.35743,96.70364,2026-08-15,1858,0.54,302.57,288.66,n,4.61,Low
35.96585,68.68399,2026-08-15,2036,1.22,305.92,293.72,n,6.98,Low
31.61599,74.3751,2026-08-15,2038,0.5700000000000001,304.18,278.41,n,5.53,Low
33.24784,71.28815,2026-08-15,2038,3.77,319.75,292.14,n,16.58,Low
33.2496,71.28826,2026-08-15,2038,1.43,313.68,291.92,n,11.45,Low
33.27397,71.59183,2026-08-15,2038,0.75,309.07,291.86,n,8.38,Low
28.4244,69.69858,2026-08-15,2038,1.01,312.95,294.59,n,10.73,Low
28.27054,69.7699,2026-08-15,2038,0.5700000000000001,307.35,293.77,n,7.29,Low
28.42625,69.69794,2026-08-15,2038,0.85,307.18,294.14,n,7.4,Low
23.16633,82.3391,2026-08-15,2040,1.77,297.19,265.95,n,2.54,Low
21.10614,72.64859,2026-08-15,2040,1.51,300.38,265.29,n,4.12,Low
21.10682,72.64341,2026-08-15,2040,4.1,316.57,269.23,n,15.06,Low
25.39021,68.58022,2026-08-15,2040,0.51,306.4,281.86,n,6.72,Low
25.942,72.1899,2026-08-15,2040,1.12,307.92,288.2,n,8.02,Low
15.17897,77.10359,2026-08-15,2042,0.75,302.38,284.12,n,4.66,Low
15.17622,77.09935,2026-08-15,2042,1.14,300.72,283.57,n,4.03,Low
15.02488,78.01537,2026-08-15,2042,0.92,305.29,289.14,n,6.41,Low
18.69004,73.0424,2026-08-15,2042,4.35,308.29,288.23,n,10.65,Low
12.23028,79.20409,2026-08-15,2042,0.65,303.61,280.63,n,5.27,Low
12.29187,78.93195,2026-08-15,2042,0.84,300.29,275.58,n,3.57,Low
12.28915,78.93369,2026-08-15,2042,0.9,299.95,275.68,n,3.42,Low
13.60553,76.79213,2026-08-15,2042,0.41,301.13,286.81,n,3.71,Low
14.37725,79.89831,2026-08-15,2042,1.09,304.74,267.56,n,6.23,Low
15.02144,78.01479,2026-08-15,2042,0.92,310.19,289.18,n,9.13,Low
13.16287,80.28493,2026-08-15,2042,5.01,313.34,290.47,n,13.95,Low
13.15892,80.28419,2026-08-15,2042,11.5,338.12,291.24,n,32.58,Low
18.68268,73.04128,2026-08-15,2042,3.45,305.74,286.79,n,8.55,Low
18.68394,73.03215,2026-08-15,2042,4.49,310.27,290.08,n,11.85,Low
15.33481,76.28645,2026-08-15,2042,0.97,305.36,286.38,n,6.48,Low
11.80888,77.9234,2026-08-15,2044,1.75,309.59,270.04,n,9.42,Low
11.81028,77.92094,2026-08-15,2044,0.81,296.33,269.71,n,1.35,Low
11.8096,77.92503,2026-08-15,2044,0.81,308.4,269.92,n,8.05,Low
11.21336,77.89606,2026-08-15,2044,0.91,304.47,274.78,n,5.94,Low
10.62393,79.12068,2026-08-15,2044,1.55,300.22,272.74,n,4.06,Low
10.62608,79.11906,2026-08-15,2044,1.41,310.41,272.97,n,9.62,Low
10.92917,77.06458,2026-08-15,2044,0.54,302.5,277.82,n,4.57,Low
10.61674,77.42191,2026-08-15,2044,0.44,296.05,272.09,n,0.91,Low
9.33741,78.60825,2026-08-15,2044,1.12,304.15,277.2,n,5.92,Low
6.82898,81.17235,2026-08-15,2044,0.94,306.56,283.54,n,7.13,Low
6.82814,81.17716,2026-08-15,2044,0.94,301.74,282.98,n,4.45,Low
6.82433,81.17148,2026-08-15,2044,2.5700000000000003,329.63,284.13,n,21.17,Low
6.82513,81.16695,2026-08-15,2044,2.05,301.6,282.42,n,5.2,Low
6.82044,81.16622,2026-08-15,2044,2.05,308.11,284.85,n,8.82,Low
6.81964,81.17075,2026-08-15,2044,2.5700000000000003,313.61,283.91,n,12.27,Low
6.8224800000000005,81.16821,2026-08-15,2044,1.84,316.25,284.85,n,13.19,Low
6.81776,81.16775,2026-08-15,2044,1.84,307.37,285.17,n,8.25,Low
6.73721,81.02435,2026-08-15,2044,2.02,298.91,280.6,n,3.69,Low
6.73881,81.02721,2026-08-15,2044,1.29,305.05,282.29,n,6.55,Low
12.09803,78.35358,2026-08-15,2044,0.7000000000000001,295.31,267.92,n,0.7,Low
11.8396,78.97262,2026-08-15,2044,0.92,306.04,280.59,n,6.82,Low
33.2472,71.29536,2026-08-15,2218,2.9,309.79,287.99,n,10.39,Low
33.24935,71.28817,2026-08-15,2218,5.99,313.25,287.98,n,14.63,Low
33.24773,71.29378,2026-08-15,2218,3.28,317.5,287.68,n,14.96,Low
33.24991,71.28664,2026-08-15,2218,3.28,306.94,287.96,n,9.09,Low
8.05624,81.24507,2026-08-16,748,4.3,334.06,295.23,n,24.93,Low
7.87655,81.41111,2026-08-16,748,1.79,328.72,290.2,n,20.08,Low
7.88076,81.48351,2026-08-16,748,5.64,344.73,292.88,n,31.86,Low
7.87693,81.48414,2026-08-16,748,5.64,334.22,292.35,n,26.02,Low
7.87898,81.48672,2026-08-16,748,10.65,338.59,293.62,n,32.2,Low
7.86138,81.47504,2026-08-16,748,10.54,339.81,291.47,n,32.8,Low
7.73887,81.26031,2026-08-16,748,1.89,327.95,294.07,n,19.72,Low
7.73834,81.5024,2026-08-16,748,1.61,330.97,293.0,n,21.19,Low
7.4564,81.34227,2026-08-16,748,4.99,334.64,290.53,n,25.76,Low
7.31004,80.93993,2026-08-16,748,5.54,327.22,290.27,n,22.06,Low
7.26022,81.79184,2026-08-16,748,3.77,329.28,286.27,n,21.87,Low
7.18742,81.82262,2026-08-16,748,3.53,329.86,286.35,n,22.01,Low
6.72965,81.52991,2026-08-16,748,7.91,337.55,284.2,n,29.57,Low
8.06344,81.18587,2026-08-16,748,6.49,340.33,293.2,n,30.05,Low
8.05773,81.24693,2026-08-16,748,3.58,330.12,294.06,n,22.2,Low
8.05386,81.24757,2026-08-16,748,3.58,331.78,294.43,n,23.12,Low
11.92912,79.67993,2026-08-16,750,4.37,340.8,298.78,n,28.72,Low
10.95975,78.94122,2026-08-16,750,2.66,336.56,298.68,n,25.08,Low
10.85651,79.07156,2026-08-16,750,6.22,335.25,301.56,n,27.03,Low
10.8337,79.31152,2026-08-16,750,4.59,342.14,300.7,n,29.63,Low
10.53129,79.73779,2026-08-16,750,2.77,332.24,299.65,n,22.77,Low
10.20671,78.83601,2026-08-16,750,3.96,333.99,298.64,n,24.63,Low
9.85071,77.88331,2026-08-16,750,1.3,332.78,297.59,n,21.96,Low
9.85307,77.88065,2026-08-16,750,1.64,335.86,297.51,n,23.93,Low
9.45774,77.60921,2026-08-16,750,5.97,339.95,297.11,n,29.45,Low
9.45867,77.61446,2026-08-16,750,5.97,342.14,296.88,n,30.67,Low
9.6554,80.30992,2026-08-16,750,9.63,355.1,292.62,n,40.61,Medium
9.319,79.30539,2026-08-16,750,4.67,337.47,272.45,n,27.1,Low
9.459,80.47677,2026-08-16,750,4.75,341.37,293.63,n,29.32,Low
9.45503,80.47744,2026-08-16,750,4.75,329.83,293.37,n,22.91,Low
9.3233,80.19555,2026-08-16,750,3.18,333.77,290.77,n,23.92,Low
8.76996,78.10783,2026-08-16,750,2.39,335.8,286.4,n,24.46,Low
8.90999,80.47983,2026-08-16,750,7.28,344.01,295.13,n,32.69,Low
8.8501,80.42207,2026-08-16,750,1.69,334.26,292.67,n,23.08,Low
8.84015,80.60784,2026-08-16,750,3.8,331.63,289.47,n,23.2,Low
14.56621,77.56371,2026-08-16,750,6.17,345.18,294.68,n,32.51,Low
14.56593,77.56482,2026-08-16,750,4.13,341.41,294.23,n,28.88,Low
14.64689,79.2653,2026-08-16,750,3.94,333.62,287.95,n,24.41,Low
14.06632,77.34638,2026-08-16,750,2.69,337.35,297.1,n,25.55,Low
12.61864,80.07019,2026-08-16,750,3.24,331.42,301.49,l,22.66,Low
12.32878,78.75077,2026-08-16,750,15.33,349.65,303.03,n,41.86,Medium
12.3682,78.99841,2026-08-16,750,6.01,335.85,301.54,n,27.2,Low
12.43197,79.43339,2026-08-16,750,3.07,339.44,299.32,n,26.99,Low
12.21654,79.85169,2026-08-16,750,3.2,337.97,299.27,n,26.27,Low
12.03929,79.50043,2026-08-16,750,3.09,339.7,300.91,n,27.15,Low
11.94788,79.04879,2026-08-16,750,4.5600000000000005,336.96,299.72,n,26.73,Low
11.46932,79.35802,2026-08-16,750,2.64,332.09,299.45,n,22.59,Low
11.40386,79.70392,2026-08-16,750,2.19,332.63,299.83,n,22.55,Low
10.92125,78.4465,2026-08-16,750,3.75,333.11,300.93,n,23.98,Low
11.08317,79.47999,2026-08-16,750,4.53,338.97,293.66,n,27.83,Low
16.85509,79.1368,2026-08-16,752,4.27,330.97,292.29,n,23.19,Low
23.71242,86.45026,2026-08-16,752,2.04,332.31,289.61,n,22.26,Low
23.80482,86.32938,2026-08-16,752,6.8100000000000005,336.19,290.31,n,27.99,Low
22.36782,87.30247,2026-08-16,752,2.37,330.84,285.54,n,21.69,Low
22.37709,87.27881,2026-08-16,752,5.71,332.37,287.18,n,25.04,Low
27.4415,70.79316,2026-08-16,754,2.1,337.65,298.49,n,25.27,Low
27.32376,71.15984,2026-08-16,754,2.66,339.18,297.48,n,26.54,Low
30.03814,71.55405,2026-08-16,756,3.21,331.37,297.92,n,22.61,Low
30.65555,74.16005,2026-08-16,756,3.35,336.41,296.81,n,25.52,Low
30.56189,72.18955,2026-08-16,756,3.98,336.38,297.4,n,25.97,Low
31.0305,73.36909,2026-08-16,756,6.02,330.39,302.55,l,24.18,Low
30.68955,71.74601,2026-08-16,756,5.2,337.11,296.32,n,27.29,Low
30.89985,71.96447,2026-08-16,756,5.5600000000000005,338.45,296.86,n,28.31,Low
31.37678,72.17642,2026-08-16,756,4.21,338.72,297.01,n,27.45,Low
30.03752,72.56381,2026-08-16,756,6.57,341.13,298.16,n,30.56,Low
29.97123,72.10835,2026-08-16,756,2.95,330.37,298.84,n,21.86,Low
30.30352,73.35507,2026-08-16,756,2.95,330.83,297.26,n,22.12,Low
30.42686,73.71638,2026-08-16,756,4.55,342.02,296.02,n,29.53,Low
27.30517,95.31655,2026-08-16,1838,4.12,299.58,277.63,n,5.63,Low
27.32653,95.27569,2026-08-16,2019,1.01,303.59,285.06,n,5.53,Low
23.68976,87.09792,2026-08-16,2019,1.13,297.24,268.87,n,2.09,Low
23.79461,86.35178,2026-08-16,2019,1.21,296.15,261.93,n,1.55,Low
23.79429,86.3544,2026-08-16,2019,0.52,296.66,261.64,n,1.31,Low
23.78065,86.34676,2026-08-16,2019,1.23,295.08,264.35,n,0.97,Low
23.78283,86.21016,2026-08-16,2019,0.51,296.19,262.46,n,1.04,Low
23.77923,86.20941,2026-08-16,2019,1.72,309.51,262.94,n,9.35,Low
23.82256,85.49575,2026-08-16,2019,1.43,302.8,278.35,n,5.41,Low
37.30309,77.71994,2026-08-16,2019,1.12,300.9,283.37,n,4.12,Low
23.71088,85.28767,2026-08-16,2019,0.41,300.01,274.78,n,3.09,Low
23.69622,85.37119,2026-08-16,2019,1.19,303.45,276.34,n,5.59,Low
23.75624,85.8518,2026-08-16,2019,2.37,310.63,280.13,n,10.46,Low
25.03796,87.39037,2026-08-16,2019,0.3,295.34,268.71,n,0.41,Low
23.75901,85.8569,2026-08-16,2019,1.26,305.05,279.7,n,6.53,Low
23.82388,84.57319,2026-08-16,2019,1.28,307.11,273.38,n,7.69,Low
23.69631,85.28904,2026-08-16,2019,0.64,300.29,274.73,n,3.42,Low
23.73841,85.00768,2026-08-16,2019,0.87,303.12,278.09,n,5.16,Low
23.64884,85.43541,2026-08-16,2019,1.39,304.07,274.32,n,6.08,Low
23.64809,85.43964,2026-08-16,2019,2.02,318.07,273.03,n,14.33,Low
23.72058,85.00829,2026-08-16,2019,0.44,302.03,274.47,n,4.24,Low
23.48163,87.36025,2026-08-16,2019,3.31,311.77,278.91,n,11.8,Low
23.78699,85.55426,2026-08-16,2019,0.73,304.07,278.48,n,5.59,Low
23.68358,86.09312,2026-08-16,2019,0.87,304.62,274.35,n,6.0,Low
23.68162,86.0834,2026-08-16,2019,0.92,299.64,273.67,n,3.27,Low
23.68001,86.09234,2026-08-16,2019,0.87,303.11,274.08,n,5.16,Low
23.67724,86.0871,2026-08-16,2019,1.11,300.84,273.71,n,4.08,Low
23.63231,86.29353,2026-08-16,2019,0.74,300.99,267.55,n,3.88,Low
23.74492,85.50591,2026-08-16,2019,0.43,299.47,273.56,n,2.81,Low
17.06268,76.97933,2026-08-16,2021,1.23,304.44,290.34,n,6.17,Low
16.48338,79.32732,2026-08-16,2021,2.43,301.16,283.73,n,5.24,Low
16.13906,78.94816,2026-08-16,2021,1.16,306.38,289.05,n,7.19,Low
16.80935,79.91482,2026-08-16,2021,2.22,306.66,291.22,n,8.14,Low
11.00697,78.65388,2026-08-16,2023,0.34,301.05,275.21,n,3.62,Low
15.65948,73.98701,2026-08-16,2023,1.31,305.13,288.56,n,6.61,Low
15.22664,76.76346,2026-08-16,2023,0.8200000000000001,300.09,278.08,n,3.44,Low
15.17787,77.10235,2026-08-16,2023,0.59,298.51,273.99,n,2.39,Low
15.17421,77.10181,2026-08-16,2023,0.59,298.95,274.65,n,2.64,Low
15.1829,76.66685,2026-08-16,2023,1.96,316.76,274.66,n,13.56,Low
15.17785,76.67564,2026-08-16,2023,1.32,304.74,273.98,n,6.4,Low
15.17668,76.65643,2026-08-16,2023,2.73,313.84,279.49,n,12.51,Low
15.16656,76.67412,2026-08-16,2023,0.52,295.92,271.83,n,0.9,Low
11.81462,77.91779,2026-08-16,2023,1.6800000000000002,306.86,284.95,n,7.85,Low
9.55242,80.3984,2026-08-16,2023,2.52,307.71,291.82,n,8.95,Low
10.35551,77.15921,2026-08-16,2023,0.65,298.6,279.64,n,2.49,Low
10.35654,77.1524,2026-08-16,2023,0.97,312.75,278.28,n,10.59,Low
10.35705,77.14909,2026-08-16,2023,0.97,300.2,277.8,n,3.62,Low
10.36002,77.15292,2026-08-16,2023,0.97,305.9,278.2,n,6.78,Low
10.36054,77.14954,2026-08-16,2023,0.97,307.66,278.32,n,7.76,Low
11.17648,79.08794,2026-08-16,2023,0.41,299.38,272.57,n,2.74,Low
7.98776,79.86501,2026-08-16,2025,1.82,304.05,292.58,n,6.39,Low
7.34767,81.24226,2026-08-16,2025,1.57,307.5,293.49,n,8.12,Low
7.35945,81.23593,2026-08-16,2025,3.79,328.47,293.6,n,21.44,Low
7.437,81.27293,2026-08-16,2025,0.75,305.52,293.31,n,6.41,Low
7.52707,81.07053,2026-08-16,2025,2.35,323.31,293.47,n,17.49,Low
7.78494,80.4927,2026-08-16,2025,2.84,330.13,292.38,n,21.65,Low
6.33424,81.09734,2026-08-16,2025,0.93,310.21,292.51,n,9.15,Low
6.60892,81.18781,2026-08-16,2025,1.6800000000000002,309.21,291.97,n,9.15,Low
6.68423,81.03857,2026-08-16,2025,1.51,315.79,291.7,n,12.68,Low
6.8011,81.494,2026-08-16,2025,2.7,323.83,292.37,n,18.04,Low
7.38599,80.92137,2026-08-16,2025,1.11,313.44,292.07,n,11.08,Low
7.38881,80.92573,2026-08-16,2025,1.11,305.81,291.95,n,6.84,Low
7.397,80.91884,2026-08-16,2025,5.39,342.42,292.9,n,30.39,Low
32.88736,71.61448,2026-08-16,2157,4.22,310.51,291.46,n,11.78,Low
33.25005,71.29332,2026-08-16,2157,1.26,313.83,291.1,n,11.41,Low
33.25105,71.28937,2026-08-16,2157,1.26,305.23,291.01,n,6.63,Low
33.29679,71.18593,2026-08-16,2157,1.06,310.43,291.16,n,9.37,Low
35.96718,68.68407,2026-08-16,2157,1.28,307.09,294.87,n,7.68,Low
37.12394,68.40198,2026-08-16,2157,2.04,305.46,292.31,n,7.34,Low
37.12806,68.40341,2026-08-16,2157,2.04,325.93,294.63,n,18.71,Low
32.29563,70.73203,2026-08-16,2159,3.38,308.42,292.72,n,9.99,Low
32.28855,70.73765,2026-08-16,2159,3.53,308.76,293.1,n,10.29,Low
7.8946,81.41067,2026-08-17,729,4.6,340.61,294.12,n,28.79,Low
7.91302,81.45422,2026-08-17,729,3.5700000000000003,336.81,295.21,n,25.91,Low
7.90644,81.47861,2026-08-17,729,4.88,334.18,294.21,n,25.43,Low
7.69074,81.1427,2026-08-17,729,5.62,339.47,293.83,n,28.92,Low
7.68535,81.14362,2026-08-17,729,2.94,334.69,293.08,n,24.26,Low
7.59237,80.9697,2026-08-17,729,4.47,330.68,293.21,n,23.17,Low
7.40015,80.90923,2026-08-17,729,11.96,336.2,293.53,n,31.86,Low
7.39885,80.90202,2026-08-17,729,13.44,367.0,293.17,h,50.08,Medium
7.39953,80.90575,2026-08-17,729,13.44,367.0,295.29,h,50.08,Medium
7.35611,81.1077,2026-08-17,729,3.45,340.48,293.8,n,27.85,Low
7.36152,81.10664,2026-08-17,729,2.22,331.12,292.94,n,21.73,Low
7.4248,81.18104,2026-08-17,729,4.99,335.91,294.15,n,26.47,Low
7.42786,81.1346,2026-08-17,729,6.06,354.12,293.23,n,37.39,Low
7.42131,81.18064,2026-08-17,729,5.13,340.19,294.56,n,28.95,Low
7.42405,81.13436,2026-08-17,729,4.0,332.66,293.7,n,23.92,Low
7.42945,81.13339,2026-08-17,729,5.19,343.76,292.72,n,30.98,Low
7.39652,80.92043,2026-08-17,729,10.54,347.59,293.14,n,37.12,Low
9.75891,78.5976,2026-08-17,729,6.91,337.94,290.03,n,29.04,Low
9.75952,78.60124,2026-08-17,729,8.81,343.8,290.07,n,33.72,Low
9.42494,77.81399,2026-08-17,729,5.99,332.66,287.59,n,25.41,Low
8.82915,80.8968,2026-08-17,729,11.63,357.25,288.51,l,43.31,Medium
8.82977,80.9002,2026-08-17,729,6.06,333.33,288.54,n,25.84,Low
8.83039,80.90359,2026-08-17,729,6.06,332.89,288.51,n,25.59,Low
8.82442,80.90121,2026-08-17,729,5.79,353.07,289.72,n,36.6,Low
8.82503,80.90459,2026-08-17,729,5.79,342.57,288.07,n,30.77,Low
8.09535,81.39194,2026-08-17,729,1.76,336.13,292.9,n,24.17,Low
7.81238,79.93328,2026-08-17,729,4.71,343.05,289.48,n,30.23,Low
8.00141,81.46672,2026-08-17,729,21.33,367.0,296.55,h,56.0,Medium
7.99094,81.46861,2026-08-17,729,3.67,335.06,294.57,n,25.01,Low
7.9129,81.45583,2026-08-17,729,2.67,336.79,294.85,n,25.22,Low
7.90649,81.48015,2026-08-17,729,5.55,332.51,293.81,n,25.0,Low
7.903,81.49067,2026-08-17,729,5.94,333.62,293.48,n,25.91,Low
7.12697,81.78335,2026-08-17,731,2.65,330.85,294.31,n,21.9,Low
6.5092,80.98142,2026-08-17,731,12.47,367.0,291.08,h,49.35,Medium
7.10485,81.78197,2026-08-17,731,3.19,336.71,294.7,n,25.56,Low
7.10559,81.78389,2026-08-17,731,3.92,330.51,294.56,n,22.67,Low
7.10503,81.78075,2026-08-17,731,1.69,332.65,294.33,n,22.18,Low
7.12642,81.7802,2026-08-17,731,2.65,340.0,293.97,n,26.99,Low
7.16783,81.80219,2026-08-17,731,2.12,332.75,294.53,n,22.56,Low
7.27832,81.82177,2026-08-17,731,2.83,338.68,294.28,n,26.39,Low
7.27778,81.81866,2026-08-17,731,2.83,333.41,294.77,n,23.46,Low
7.20693,81.81159,2026-08-17,731,3.5,343.9,295.69,n,29.79,Low
7.20699,81.81147,2026-08-17,731,3.29,343.26,295.38,n,29.28,Low
29.91521,71.71583,2026-08-17,735,13.13,367.0,293.58,h,49.85,Medium
29.91381,71.71052,2026-08-17,735,13.13,343.62,292.7,n,36.86,Low
29.80713,73.34641,2026-08-17,735,2.66,332.94,293.62,n,23.07,Low
30.53718,73.88202,2026-08-17,735,1.99,331.82,293.37,n,21.95,Low
30.40925,72.10819,2026-08-17,735,3.26,332.07,291.74,n,23.04,Low
9.88916,77.87049,2026-08-17,909,3.89,337.09,288.9,n,26.3,Low
9.88751,77.86655,2026-08-17,909,7.76,338.98,289.24,n,30.25,Low
23.50516,69.26018,2026-08-17,915,3.6,330.24,290.98,n,22.28,Low
26.22446,68.21117,2026-08-17,915,5.76,339.48,296.49,n,29.03,Low
23.50567,69.26427,2026-08-17,915,3.46,330.78,292.07,n,22.47,Low
35.24258,68.10051,2026-08-17,917,3.1,338.67,311.1,n,26.59,Low
35.24283,68.10374,2026-08-17,917,2.88,341.91,309.91,n,28.22,Low
31.58373,72.28916,2026-08-17,917,3.03,341.91,290.64,n,28.33,Low
35.98857,94.83189,2026-08-17,1957,0.72,303.72,276.21,n,5.38,Low
29.65801,90.89878,2026-08-17,2000,1.24,303.14,282.46,n,5.45,Low
21.10202,72.64528,2026-08-17,2002,2.69,306.41,282.12,n,8.36,Low
21.1071,72.64555,2026-08-17,2002,3.43,308.27,282.02,n,9.94,Low
17.60581,83.20076,2026-08-17,2004,1.01,298.13,269.84,n,2.5,Low
17.60875,83.20546,2026-08-17,2004,0.78,305.86,270.46,n,6.62,Low
10.91686,78.14649,2026-08-17,2006,1.49,306.58,289.32,n,7.55,Low
10.92123,78.14713,2026-08-17,2006,1.49,310.07,290.63,n,9.49,Low
8.39024,81.03989,2026-08-17,2006,0.43,307.93,291.67,n,7.51,Low
7.65789,80.73828,2026-08-17,2006,5.23,326.15,291.7,n,21.23,Low
8.67061,77.99346,2026-08-17,2006,1.29,308.12,292.31,n,8.26,Low
10.36333,77.14931,2026-08-17,2006,0.99,310.09,288.41,n,9.13,Low
10.36136,77.14999,2026-08-17,2006,1.65,309.71,288.08,n,9.41,Low
10.35866,77.14888,2026-08-17,2006,0.99,302.98,287.41,n,5.18,Low
8.81313,80.58661,2026-08-17,2006,2.27,308.18,291.13,n,9.02,Low
10.36181,77.14661,2026-08-17,2006,1.65,304.57,287.55,n,6.55,Low
37.29158,77.764,2026-08-17,2138,0.4,301.35,282.41,n,3.83,Low
33.29498,71.1871,2026-08-17,2140,1.98,309.29,292.28,n,9.42,Low
32.89033,71.61874,2026-08-17,2140,5.63,309.79,292.9,n,12.44,Low
32.28934,70.74017,2026-08-17,2140,3.3,309.19,293.1,n,10.36,Low
35.9673,68.68782,2026-08-17,2140,1.59,308.02,295.98,n,8.43,Low
25.38917,68.58541,2026-08-17,2142,1.03,307.1,292.28,n,7.49,Low
8.17521,81.31606,2026-08-18,712,12.11,349.37,290.05,n,39.29,Low
8.17243,81.31873,2026-08-18,712,9.68,341.97,289.97,n,33.35,Low
7.89723,81.41067,2026-08-18,712,5.29,332.88,290.87,n,25.01,Low
7.89501,81.47443,2026-08-18,712,9.23,334.33,289.97,n,28.77,Low
7.89822,81.47876,2026-08-18,712,8.31,339.73,289.61,n,31.08,Low
20.12857,94.99934,2026-08-18,714,2.31,332.36,295.04,n,22.49,Low
24.11654,96.44064,2026-08-18,714,10.55,339.0,294.24,n,32.36,Low
8.44541,80.87798,2026-08-18,852,6.25,333.68,293.14,n,26.18,Low
8.99168,77.85832,2026-08-18,852,0.67,335.44,301.12,n,22.97,Low
9.02396,78.0217,2026-08-18,852,5.37,339.33,301.52,n,28.66,Low
9.08152,78.16898,2026-08-18,852,0.54,337.52,299.57,n,24.03,Low
9.39631,80.47998,2026-08-18,852,2.51,336.87,290.03,n,25.14,Low
9.31616,78.82542,2026-08-18,852,2.23,347.61,296.54,n,30.9,Low
9.32526,77.54498,2026-08-18,852,2.5,331.97,300.07,n,22.41,Low
9.31592,77.47726,2026-08-18,852,13.56,344.24,301.44,n,37.53,Low
9.32631,77.54832,2026-08-18,852,3.32,337.57,300.39,n,26.14,Low
9.31747,77.48039,2026-08-18,852,13.78,343.13,300.83,n,37.07,Low
9.3803,77.76629,2026-08-18,852,7.4,347.32,303.89,n,34.62,Low
9.57292,78.26406,2026-08-18,852,1.93,340.68,301.01,n,26.83,Low
10.02321,79.23365,2026-08-18,852,2.5700000000000003,330.52,289.62,n,21.66,Low
9.98813,77.85934,2026-08-18,852,1.89,333.85,299.78,n,23.0,Low
9.97747,77.62643,2026-08-18,852,1.96,333.17,296.86,n,22.68,Low
9.97656,77.62728,2026-08-18,852,2.5700000000000003,344.36,296.89,n,29.35,Low
10.01453,77.60332,2026-08-18,852,3.89,335.04,296.38,n,25.16,Low
10.08427,77.70177,2026-08-18,852,5.9,367.0,295.49,h,44.43,Medium
10.08387,77.69878,2026-08-18,852,2.46,342.31,295.81,n,28.13,Low
10.08721,77.70203,2026-08-18,852,4.08,347.07,294.59,n,31.99,Low
10.08683,77.69904,2026-08-18,852,4.08,354.14,294.99,n,35.92,Low
10.58747,78.2113,2026-08-18,852,2.74,332.8,298.46,n,23.06,Low
10.90674,78.5377,2026-08-18,852,2.85,342.06,292.74,n,28.28,Low
11.14147,78.58251,2026-08-18,852,5.09,367.0,290.57,h,43.82,Medium
11.14694,78.58183,2026-08-18,852,5.09,334.73,289.91,n,25.89,Low
11.14221,78.58167,2026-08-18,852,9.24,367.0,291.46,h,46.93,Medium
11.66242,78.67835,2026-08-18,852,25.85,367.0,295.2,h,59.39,Medium
11.66187,78.67394,2026-08-18,852,25.85,353.32,288.24,n,51.79,Medium
11.66789,78.67705,2026-08-18,852,25.85,356.8,286.88,l,53.72,Medium
11.70775,78.76962,2026-08-18,852,5.77,340.29,288.77,n,29.49,Low
11.70585,78.76863,2026-08-18,852,3.09,334.85,287.81,n,24.46,Low
11.72489,78.6914,2026-08-18,852,9.96,350.81,283.05,n,38.48,Low
7.54263,81.63725,2026-08-18,852,2.87,338.79,286.8,n,26.48,Low
7.59886,80.97195,2026-08-18,852,2.68,333.14,296.82,n,23.2,Low
7.86299,81.47017,2026-08-18,852,5.46,331.26,291.52,n,24.24,Low
7.95368,81.35379,2026-08-18,852,2.85,330.01,293.49,n,21.59,Low
8.92865,77.50169,2026-08-18,852,9.79,342.66,296.3,n,33.82,Low
8.51392,80.6392,2026-08-18,852,6.33,335.11,294.72,n,27.03,Low
8.69215,80.8621,2026-08-18,852,4.23,332.07,292.1,n,23.77,Low
8.91704,80.38799,2026-08-18,852,2.73,332.03,292.31,n,22.62,Low
7.26419,81.21719,2026-08-18,852,5.88,343.19,295.08,n,31.18,Low
7.26466,81.21556,2026-08-18,852,5.21,351.28,295.17,n,35.17,Low
7.25844,81.21591,2026-08-18,852,5.21,330.6,294.35,n,23.69,Low
6.69037,80.83154,2026-08-18,852,11.81,355.54,293.05,n,42.49,Medium
6.35878,81.14948,2026-08-18,852,32.9,350.74,294.55,n,55.64,Medium
6.3594100000000005,81.15408,2026-08-18,852,32.9,367.0,296.81,h,64.68,Medium
8.92939,77.50723,2026-08-18,852,13.39,341.8,296.25,n,36.04,Low
8.96803,78.03201,2026-08-18,852,6.52,342.35,302.05,n,31.2,Low
8.9135,77.99487,2026-08-18,852,2.98,340.4,301.01,n,27.46,Low
8.91391,77.99789,2026-08-18,852,4.37,341.03,301.42,n,28.85,Low
8.88123,77.79373,2026-08-18,852,2.78,331.3,299.67,n,22.25,Low
9.06209,80.29271,2026-08-18,852,3.01,333.93,291.04,n,23.89,Low
8.617750000000001,77.96022,2026-08-18,852,1.25,334.7,300.56,n,22.99,Low
8.94732,80.56693,2026-08-18,852,5.0,344.94,290.04,n,31.49,Low
6.36902,81.26952,2026-08-18,852,5.43,336.87,291.37,n,27.33,Low
7.26356,81.21234,2026-08-18,852,5.88,333.22,293.94,n,25.64,Low
7.28158,81.30244,2026-08-18,852,3.02,332.6,293.15,n,23.15,Low
13.98488,77.39144,2026-08-18,854,0.93,332.67,287.86,n,21.63,Low
14.07884,77.73779,2026-08-18,854,4.91,334.27,290.17,n,25.5,Low
14.46883,78.26192,2026-08-18,854,5.25,338.86,274.94,n,28.3,Low
14.46839,78.25809,2026-08-18,854,4.39,336.52,275.26,n,26.36,Low
14.474,78.25748,2026-08-18,854,4.46,335.97,275.75,n,26.11,Low
22.03904,69.47427,2026-08-18,856,3.92,337.49,296.43,n,26.55,Low
24.8247,68.06085,2026-08-18,856,4.0,333.28,299.18,n,24.27,Low
24.9635,68.29146,2026-08-18,856,4.37,332.73,297.0,n,24.24,Low
25.3872,68.58287,2026-08-18,856,2.79,331.56,298.89,n,22.4,Low
33.47198,68.28136,2026-08-18,858,7.95,341.6,315.45,l,31.85,Low
30.889,72.16714,2026-08-18,858,3.49,341.14,294.79,n,28.25,Low
30.64728,71.75764,2026-08-18,858,2.99,332.31,294.96,n,22.97,Low
30.47086,73.88448,2026-08-18,858,2.56,334.87,292.14,n,24.07,Low
30.47113,73.88796,2026-08-18,858,3.08,330.45,291.9,n,22.0,Low
30.4691,73.88613,2026-08-18,858,2.81,341.11,292.43,n,27.72,Low
30.01328,72.56928,2026-08-18,858,2.25,330.36,294.94,n,21.33,Low
29.90467,72.59055,2026-08-18,858,11.88,343.08,294.96,n,35.62,Low
28.73033,68.09136,2026-08-18,858,3.25,341.64,309.03,n,28.35,Low
28.73092,68.09602,2026-08-18,858,3.25,341.18,309.09,n,28.09,Low
37.34704,97.41084,2026-08-18,1938,0.63,300.86,286.35,n,3.73,Low
27.00237,82.48734,2026-08-18,1942,2.13,295.81,285.39,n,2.05,Low
27.22178,95.34567,2026-08-18,1942,1.41,308.29,290.9,n,8.44,Low
27.31664,95.26646,2026-08-18,1942,1.42,308.57,290.63,n,8.6,Low
27.5312,77.66014,2026-08-18,1942,2.9,312.08,282.5,n,11.66,Low
27.46271,95.47729,2026-08-18,1942,1.18,305.07,290.42,n,6.48,Low
27.46869,95.42249,2026-08-18,1942,1.03,306.92,290.83,n,7.39,Low
27.37571,95.08824,2026-08-18,1942,1.65,308.04,290.82,n,8.48,Low
27.32538,95.27692,2026-08-18,1942,1.59,311.7,291.21,n,10.47,Low
24.25639,91.37678,2026-08-18,1942,0.44,299.17,275.87,n,2.65,Low
27.53036,77.65813,2026-08-18,1942,2.76,311.81,282.43,n,11.41,Low
6.863020000000001,81.10007,2026-08-18,1947,0.49,300.57,288.3,n,3.46,Low
6.85854,81.09821,2026-08-18,1947,0.87,304.43,290.0,n,5.89,Low
6.69242,80.83759,2026-08-18,1947,3.9,321.53,291.73,n,17.66,Low
6.43064,80.86023,2026-08-18,1947,3.55,332.72,291.87,n,23.62,Low
10.48666,79.32134,2026-08-18,1947,1.88,317.51,287.78,n,13.92,Low
10.48713,79.31767,2026-08-18,1947,2.41,311.88,287.65,n,11.19,Low
6.62802,81.19518,2026-08-18,1947,1.5,306.83,293.45,n,7.7,Low
6.69147,80.83995,2026-08-18,1947,1.5,308.59,291.54,n,8.67,Low
6.69223,80.83482,2026-08-18,1947,1.5,309.63,291.81,n,9.25,Low
6.62906,81.1973,2026-08-18,1947,2.08,312.87,294.04,n,11.49,Low
7.26242,81.20609,2026-08-18,1949,1.32,304.43,293.31,n,6.23,Low
6.86124,81.09518,2026-08-18,1949,1.29,302.63,289.27,n,5.21,Low
6.93897,81.60261,2026-08-18,1949,1.97,317.46,293.72,n,13.96,Low
7.0516,80.8127,2026-08-18,1949,0.9,301.89,286.73,n,4.5,Low
7.22923,81.13885,2026-08-18,1949,2.9,305.75,293.13,n,8.15,Low
7.22851,81.14391,2026-08-18,1949,2.9,339.88,295.22,n,27.11,Low
7.23261,81.14859,2026-08-18,1949,2.19,314.19,294.23,n,12.3,Low
7.23396,81.13914,2026-08-18,1949,2.9,305.94,292.86,n,8.25,Low
7.25981,81.20732,2026-08-18,1949,1.07,305.15,293.51,n,6.44,Low
7.62339,81.76878,2026-08-18,1949,2.12,309.93,293.58,n,9.88,Low
7.6244,81.77097,2026-08-18,1949,0.75,308.42,293.5,n,8.02,Low
9.31313,77.44205,2026-08-18,1949,1.7000000000000002,313.02,288.76,n,11.29,Low
7.22388,81.14285,2026-08-18,1949,2.71,312.03,292.89,n,11.49,Low
7.22787,81.14833,2026-08-18,1949,2.19,308.07,294.08,n,8.9,Low
6.86042,81.10104,2026-08-18,1949,0.98,302.97,288.71,n,5.16,Low
37.29039,77.76585,2026-08-18,2121,0.6000000000000001,297.92,283.02,n,2.07,Low
35.96759,68.68444,2026-08-18,2121,2.19,311.85,298.07,n,11.0,Low
33.54516,71.54924,2026-08-18,2123,2.75,307.28,293.9,n,8.88,Low
32.88902,71.61536,2026-08-18,2123,3.74,318.82,295.72,n,16.04,Low
32.57403,72.5666,2026-08-18,2123,1.33,308.16,294.69,n,8.31,Low
32.29366,70.73219,2026-08-18,2123,1.15,311.79,295.71,n,10.19,Low
32.2889,70.73969,2026-08-18,2123,1.19,310.03,295.63,n,9.24,Low
28.4253,69.70142,2026-08-18,2123,1.61,321.55,298.1,n,15.96,Low
26.25886,74.09746,2026-08-18,2125,0.44,302.57,284.31,n,4.54,Low
25.38887,68.5822,2026-08-18,2125,2.5,324.11,296.54,n,18.05,Low
20.95116,86.04971,2026-08-19,657,4.92,330.14,287.21,n,23.21,Low
6.83494,81.45702,2026-08-19,833,5.19,337.33,302.58,n,27.41,Low
6.83975,81.55939,2026-08-19,833,2.04,334.49,301.3,n,23.47,Low
6.7623,81.50774,2026-08-19,833,3.66,332.37,302.75,l,23.51,Low
6.73667,81.62422,2026-08-19,833,12.96,344.86,299.91,n,37.42,Low
6.7373,81.62887,2026-08-19,833,12.96,367.0,302.68,h,49.72,Medium
6.73724,81.6267,2026-08-19,833,14.53,357.52,301.76,n,45.63,Medium
6.73792,81.63136,2026-08-19,833,10.86,347.12,301.58,n,37.1,Low
6.64284,81.09991,2026-08-19,833,3.64,335.38,298.34,n,25.16,Low
6.51853,81.10849,2026-08-19,833,4.06,336.64,299.29,n,26.18,Low
6.42231,81.122,2026-08-19,833,3.17,335.05,300.2,n,24.63,Low
6.41853,81.12688,2026-08-19,833,3.4,333.13,300.9,n,23.73,Low
6.28867,80.91139,2026-08-19,833,5.86,336.88,298.15,n,27.66,Low
6.29997,80.98937,2026-08-19,833,2.95,335.51,297.45,n,24.72,Low
6.23047,81.06284,2026-08-19,833,5.29,337.63,298.73,n,27.65,Low
6.23004,81.06303,2026-08-19,833,5.31,334.03,298.82,n,25.67,Low
8.73711,80.99287,2026-08-19,833,6.69,338.6,296.44,n,29.24,Low
8.69701,80.86628,2026-08-19,833,8.54,343.09,295.46,n,33.12,Low
8.66704,80.74513,2026-08-19,833,5.98,331.19,296.63,n,24.59,Low
8.607990000000001,80.5139,2026-08-19,833,5.89,338.86,296.4,n,28.78,Low
8.62317,80.87952,2026-08-19,833,2.1,336.76,292.87,n,24.77,Low
8.61871,80.88013,2026-08-19,833,3.86,333.61,295.33,n,24.35,Low
8.56811,80.90949,2026-08-19,833,10.1,350.22,296.8,n,38.25,Low
8.5687,80.91391,2026-08-19,833,5.25,331.19,294.68,n,24.04,Low
8.56571,80.90945,2026-08-19,833,10.95,345.33,297.58,n,36.17,Low
8.56634,80.91386,2026-08-19,833,7.84,341.31,295.72,n,31.61,Low
8.47922,80.3933,2026-08-19,833,5.73,341.14,295.83,n,29.93,Low
8.47491,80.3939,2026-08-19,833,5.73,334.07,296.32,n,26.0,Low
8.51689,80.75557,2026-08-19,833,10.51,345.77,298.34,n,36.09,Low
8.49986,80.66592,2026-08-19,833,2.16,330.18,295.89,n,21.16,Low
8.50443,80.82825,2026-08-19,833,4.9,335.23,295.9,n,26.03,Low
8.41088,80.18614,2026-08-19,833,4.33,334.15,295.23,n,25.0,Low
8.44913,80.87863,2026-08-19,833,5.77,337.09,297.38,n,27.71,Low
8.395199999999999,80.68755,2026-08-19,833,2.77,331.71,296.05,n,22.47,Low
8.31046,80.65611,2026-08-19,833,7.09,338.47,297.27,n,29.47,Low
8.29942,81.03003,2026-08-19,833,1.58,331.03,296.97,n,21.2,Low
8.12639,80.55296,2026-08-19,833,2.51,334.29,297.23,n,23.71,Low
8.1191,80.59635,2026-08-19,833,6.74,336.38,295.93,n,28.04,Low
8.19289,81.20457,2026-08-19,833,8.19,342.81,299.14,n,32.7,Low
8.19289,81.20832,2026-08-19,833,7.25,341.82,298.87,n,31.45,Low
8.06456,81.14703,2026-08-19,833,7.79,345.76,297.93,n,34.04,Low
8.06318,81.14916,2026-08-19,833,4.58,342.05,298.27,n,29.57,Low
7.90849,81.36997,2026-08-19,833,10.52,352.52,303.68,n,39.85,Low
7.82808,80.84888,2026-08-19,833,3.14,336.97,296.65,n,25.67,Low
7.85508,81.42368,2026-08-19,833,15.68,339.31,301.64,n,36.38,Low
7.85574,81.42837,2026-08-19,833,15.09,343.44,296.67,n,38.23,Low
7.70519,80.39142,2026-08-19,833,6.57,342.15,295.28,n,31.12,Low
7.70094,80.39207,2026-08-19,833,2.23,332.5,294.76,n,22.51,Low
7.75295,81.25404,2026-08-19,833,4.92,337.8,302.74,n,27.47,Low
7.75189,81.25346,2026-08-19,833,6.8,343.8,303.53,n,32.21,Low
7.52671,80.90238,2026-08-19,833,8.58,342.91,303.28,n,33.05,Low
7.52232,80.90304,2026-08-19,833,5.82,339.11,303.57,n,28.87,Low
7.59265,81.4476,2026-08-19,833,5.37,330.13,291.82,n,23.54,Low
7.53314,81.11317,2026-08-19,833,7.15,335.15,278.76,n,27.67,Low
7.52691,81.10084,2026-08-19,833,4.07,341.13,285.18,n,28.68,Low
7.5275,81.10516,2026-08-19,833,4.07,330.83,280.49,n,22.96,Low
7.5281,81.10955,2026-08-19,833,7.15,338.78,279.53,n,29.68,Low
7.5287,81.11393,2026-08-19,833,7.15,351.31,279.95,n,36.65,Low
7.52304,81.1058,2026-08-19,833,5.86,335.87,283.83,n,27.1,Low
7.52928,81.10335,2026-08-19,833,4.94,344.25,281.47,n,31.07,Low
7.5299,81.10768,2026-08-19,833,5.92,333.05,278.81,n,25.58,Low
7.53053,81.11201,2026-08-19,833,5.92,353.48,279.82,n,36.93,Low
7.52482,81.10393,2026-08-19,833,6.73,333.25,285.96,n,26.3,Low
7.52545,81.10831,2026-08-19,833,5.58,335.83,280.99,n,26.87,Low
7.52607,81.11268,2026-08-19,833,5.58,352.29,280.67,n,36.01,Low
7.51386,81.65334,2026-08-19,833,5.04,332.75,298.8,n,24.75,Low
7.44826,81.24146,2026-08-19,833,7.17,343.7,305.24,n,32.43,Low
7.44888,81.24596,2026-08-19,833,10.77,339.96,305.73,n,33.06,Low
7.44681,81.24532,2026-08-19,833,4.54,338.77,305.16,n,27.72,Low
7.38174,81.10937,2026-08-19,833,2.72,336.12,304.01,n,24.88,Low
7.39605,81.24292,2026-08-19,833,2.6,334.8,303.34,n,24.06,Low
7.39155,81.24351,2026-08-19,833,5.32,335.74,304.95,n,26.62,Low
7.39219,81.24805,2026-08-19,833,5.32,347.37,303.46,n,33.08,Low
7.3813,81.23574,2026-08-19,833,4.71,337.56,304.71,n,27.18,Low
7.39139,81.30784,2026-08-19,833,4.15,342.57,304.57,n,29.54,Low
7.44215,81.70579,2026-08-19,833,4.17,342.61,294.55,n,29.58,Low
7.42954,81.75178,2026-08-19,833,5.29,337.26,296.18,n,27.45,Low
7.31318,81.17209,2026-08-19,833,4.2,340.67,303.31,n,28.52,Low
7.31527,81.17111,2026-08-19,833,3.98,343.27,305.23,n,29.8,Low
7.30184,81.26899,2026-08-19,833,3.17,330.73,299.32,n,22.23,Low
7.32558,81.43645,2026-08-19,833,16.41,342.47,300.76,n,38.68,Low
7.23752,81.13548,2026-08-19,833,2.34,338.24,299.75,n,25.78,Low
7.23305,81.13596,2026-08-19,833,15.44,343.86,302.31,n,38.72,Low
7.22807,81.13277,2026-08-19,833,4.99,330.19,299.78,n,23.29,Low
7.22857,81.1364,2026-08-19,833,15.44,367.0,304.61,h,51.58,Medium
7.29642,81.83806,2026-08-19,833,5.71,331.24,295.66,n,24.42,Low
7.21426,81.77812,2026-08-19,833,6.34,344.56,302.48,n,32.29,Low
7.12555,81.73818,2026-08-19,833,4.47,331.84,302.16,l,23.82,Low
7.08648,81.79789,2026-08-19,833,5.84,337.01,303.77,n,27.72,Low
7.08782,81.79578,2026-08-19,833,5.44,334.31,303.73,n,25.92,Low
6.91316,81.45554,2026-08-19,833,3.78,332.07,298.86,n,23.43,Low
8.89924,77.86769,2026-08-19,835,7.97,340.38,301.81,n,31.19,Low
21.1031,72.63488,2026-08-19,835,1.57,331.79,289.06,n,21.62,Low
18.67997,73.0383,2026-08-19,835,3.89,335.52,295.19,n,25.43,Low
11.14616,76.89647,2026-08-19,835,4.96,336.2,294.92,n,26.61,Low
11.14976,76.89596,2026-08-19,835,4.96,331.53,297.02,n,24.01,Low
15.17723,76.65598,2026-08-19,835,6.24,337.58,294.67,n,28.34,Low
10.95679,78.40086,2026-08-19,835,6.15,335.84,300.64,n,27.3,Low
10.93714,78.49078,2026-08-19,835,8.01,341.28,300.71,n,31.72,Low
10.75007,78.63698,2026-08-19,835,9.85,339.53,301.41,n,32.13,Low
10.03752,78.66753,2026-08-19,835,2.84,330.97,295.48,n,22.11,Low
9.57684,78.31702,2026-08-19,835,10.51,340.72,301.62,n,33.28,Low
9.52467,78.22387,2026-08-19,835,5.7,342.78,298.01,n,30.82,Low
9.52153,78.22908,2026-08-19,835,2.8200000000000003,341.77,297.44,n,28.1,Low
9.52219,78.23375,2026-08-19,835,2.8200000000000003,336.27,297.65,n,25.04,Low
9.51772,78.22963,2026-08-19,835,2.8200000000000003,337.42,298.46,n,25.68,Low
9.78078,80.23373,2026-08-19,835,4.99,336.93,294.03,n,27.04,Low
9.45543,78.69313,2026-08-19,835,5.02,337.51,299.76,n,27.38,Low
9.38257,78.68613,2026-08-19,835,6.44,338.68,300.46,n,29.1,Low
9.36352,78.6637,2026-08-19,835,4.18,341.86,300.46,n,29.17,Low
9.13059,77.62038,2026-08-19,835,2.56,339.34,298.57,n,26.55,Low
9.42854,80.37435,2026-08-19,835,5.7,344.88,295.23,n,31.99,Low
9.43555,80.42497,2026-08-19,835,2.97,336.17,296.0,n,25.1,Low
9.03474,77.75704,2026-08-19,835,11.46,350.59,305.75,n,39.48,Low
9.03537,77.76139,2026-08-19,835,9.87,345.75,305.95,n,35.6,Low
9.03106,77.75757,2026-08-19,835,9.32,345.88,306.08,n,35.26,Low
9.03169,77.76192,2026-08-19,835,11.65,344.0,305.97,n,35.96,Low
9.39435,80.58342,2026-08-19,835,7.93,342.97,295.86,n,32.6,Low
9.38992,80.58401,2026-08-19,835,6.79,342.04,295.67,n,31.23,Low
8.97893,77.73409,2026-08-19,835,6.63,343.11,303.8,n,31.7,Low
9.39086,80.58241,2026-08-19,835,8.48,355.55,295.52,n,40.0,Medium
8.90883,77.7077,2026-08-19,835,2.39,336.15,303.21,n,24.65,Low
8.90407,77.80566,2026-08-19,835,7.93,349.6,303.82,n,36.28,Low
8.90469,77.81,2026-08-19,835,7.93,354.05,304.26,n,38.75,Low
8.90038,77.80621,2026-08-19,835,8.58,349.37,303.92,n,36.64,Low
8.90412,77.85908,2026-08-19,835,9.84,356.97,305.53,l,41.81,Medium
8.9035,77.85469,2026-08-19,835,15.94,348.35,304.9,n,41.59,Medium
8.90474,77.86346,2026-08-19,835,9.84,341.44,305.68,n,33.18,Low
8.8998,77.85522,2026-08-19,835,7.59,341.75,304.64,n,31.66,Low
8.90042,77.8596,2026-08-19,835,6.75,351.01,304.5,n,36.18,Low
8.90104,77.86399,2026-08-19,835,6.75,348.91,303.75,n,35.01,Low
8.89859,77.86332,2026-08-19,835,9.44,350.18,302.22,n,37.74,Low
8.91504,78.00077,2026-08-19,835,11.0,342.35,304.47,n,34.56,Low
8.83535,77.7394,2026-08-19,835,3.06,337.15,302.31,n,25.71,Low
9.21012,80.80761,2026-08-19,835,3.16,331.87,293.79,n,22.85,Low
8.74087,77.59978,2026-08-19,835,5.47,336.15,302.15,n,26.96,Low
9.1541,80.74639,2026-08-19,835,6.37,340.57,295.37,n,30.09,Low
8.71938,77.94218,2026-08-19,835,5.73,345.04,305.13,n,32.1,Low
8.71568,77.94273,2026-08-19,835,5.73,351.14,305.18,n,35.49,Low
8.71631,77.94712,2026-08-19,835,10.01,343.37,306.07,n,34.38,Low
8.64296,77.89849,2026-08-19,835,8.57,349.3,303.38,n,36.59,Low
8.64359,77.90287000000001,2026-08-19,835,12.23,342.47,303.55,n,35.54,Low
8.63544,78.02991,2026-08-19,835,3.21,333.63,299.02,n,23.87,Low
9.02323,80.83984,2026-08-19,835,5.11,340.52,293.86,n,29.12,Low
9.02384,80.84435,2026-08-19,835,5.11,337.3,294.26,n,27.33,Low
8.60867,77.97512,2026-08-19,835,4.86,338.07,301.3,n,27.57,Low
8.80154,80.3954,2026-08-19,835,10.19,345.86,297.36,n,35.9,Low
26.3985,71.93286,2026-08-19,837,4.5,338.78,307.98,n,27.7,Low
30.43392,73.87374,2026-08-19,839,7.54,338.98,296.91,n,30.09,Low
30.63585,73.59945,2026-08-19,839,2.33,336.02,293.37,n,24.54,Low
29.96772,71.26892,2026-08-19,839,7.85,341.22,302.05,n,31.57,Low
29.97767,72.18323,2026-08-19,839,5.89,331.41,298.32,n,24.65,Low
29.97413,72.18383,2026-08-19,839,5.89,347.71,300.65,n,33.7,Low
29.95266,72.0762,2026-08-19,839,4.51,339.04,300.62,n,27.85,Low
30.01381,72.62862,2026-08-19,839,5.91,337.11,297.92,n,27.83,Low
30.0102,72.62923,2026-08-19,839,5.91,338.31,300.6,n,28.49,Low
30.01081,72.63397,2026-08-19,839,9.02,331.26,297.94,n,26.91,Low
31.52647,72.2468,2026-08-19,839,6.98,337.63,296.36,n,28.92,Low
30.89714,71.94514,2026-08-19,839,4.05,334.7,297.31,n,25.09,Low
30.63913,71.97771,2026-08-19,839,2.9,338.85,297.14,n,26.54,Low
30.41897,71.74954,2026-08-19,839,3.1,332.68,297.94,n,23.26,Low
29.96822,71.26781,2026-08-19,839,6.72,340.56,302.08,n,30.35,Low
29.95557,72.60442,2026-08-19,839,3.23,331.66,300.19,n,22.79,Low
29.90848,74.94983,2026-08-19,839,3.03,333.01,295.88,n,23.39,Low
29.97657,72.62513,2026-08-19,839,7.35,336.9,296.93,n,28.79,Low
29.97297,72.62572,2026-08-19,839,7.35,339.54,299.08,n,30.26,Low
30.32824,72.15308,2026-08-19,839,2.77,334.61,297.49,n,24.08,Low
30.12338,71.33872,2026-08-19,839,2.27,333.13,300.03,n,22.89,Low
30.32764,72.14849,2026-08-19,839,2.77,336.66,299.23,n,25.22,Low
27.22185,95.34703,2026-08-19,1921,3.23,307.97,290.42,n,9.63,Low
27.32527,95.27496,2026-08-19,1921,2.05,309.52,290.12,n,9.6,Low
20.95201,86.04612,2026-08-19,1923,3.94,322.73,287.32,n,18.36,Low
20.95163,86.04997,2026-08-19,1923,1.2,306.94,286.95,n,7.53,Low
20.94607,86.04922,2026-08-19,1923,1.2,305.35,287.13,n,6.65,Low
20.97523,85.17226,2026-08-19,1923,1.5,303.35,285.27,n,5.76,Low
20.96893,85.17625,2026-08-19,1923,1.5,315.76,285.58,n,12.66,Low
22.57185,85.89693,2026-08-19,1923,1.56,310.32,287.17,n,9.68,Low
22.36426,87.01864,2026-08-19,1923,1.23,317.31,288.0,n,13.32,Low
20.18982,94.93205,2026-08-19,1923,0.59,303.92,283.89,n,5.4,Low
20.99923,86.01053,2026-08-19,1923,1.12,307.18,286.89,n,7.61,Low
20.99886,86.01447,2026-08-19,1923,0.94,307.0,287.07,n,7.37,Low
21.00053,86.01202,2026-08-19,1923,1.62,309.94,287.39,n,9.51,Low
21.07718,85.03671,2026-08-19,1923,2.6,307.33,285.01,n,8.8,Low
21.07631,85.046,2026-08-19,1923,1.01,304.51,284.84,n,6.04,Low
23.68837,87.1004,2026-08-19,1923,1.21,302.69,283.48,n,5.18,Low
22.61078,85.91381,2026-08-19,1923,0.49,303.74,286.77,n,5.22,Low
23.56234,87.08282,2026-08-19,1923,1.05,301.66,277.02,n,4.49,Low
23.56008,87.08398,2026-08-19,1923,0.72,298.21,276.82,n,2.32,Low
22.79074,86.20767,2026-08-19,1923,1.58,307.3,285.79,n,8.02,Low
22.58936,85.90438,2026-08-19,1923,1.15,305.62,287.33,n,6.76,Low
25.54247,91.23459,2026-08-19,1923,1.51,305.72,280.72,n,7.09,Low
25.61233,89.81267,2026-08-19,1923,2.28,307.28,287.43,n,8.53,Low
25.60961,89.81148,2026-08-19,1923,3.35,313.78,287.97,n,12.95,Low
24.28024,91.38567,2026-08-19,1923,3.5,309.04,288.48,n,10.43,Low
23.69443,87.0937,2026-08-19,1923,1.73,307.52,285.64,n,8.25,Low
23.69341,87.10468,2026-08-19,1923,1.21,302.52,285.04,n,5.09,Low
23.69172,87.12292,2026-08-19,1923,2.18,310.51,284.78,n,10.25,Low
23.68871,87.09673,2026-08-19,1923,1.73,302.28,285.59,n,5.34,Low
20.80461,85.25742,2026-08-19,1925,1.98,307.64,285.28,n,8.51,Low
20.96412,85.1883,2026-08-19,1925,2.18,308.22,285.69,n,8.98,Low
20.96539,85.175,2026-08-19,1925,2.73,308.01,285.56,n,9.28,Low
20.96581,85.17046,2026-08-19,1925,3.26,312.59,285.52,n,12.22,Low
20.97085,85.18008,2026-08-19,1925,1.2,306.86,285.19,n,7.49,Low
20.97128,85.17556,2026-08-19,1925,1.2,307.44,285.47,n,7.81,Low
7.57253,80.92683,2026-08-19,1928,1.46,301.28,272.55,n,4.58,Low
7.57323,80.92142,2026-08-19,1928,1.97,302.92,271.22,n,5.88,Low
7.57451,80.92145,2026-08-19,1928,1.42,301.17,271.23,n,4.49,Low
7.57378,80.92686,2026-08-19,1928,1.42,300.8,272.25,n,4.29,Low
6.60867,81.18574,2026-08-19,1928,5.18,341.77,273.07,n,29.87,Low
31.24975,76.93059,2026-08-19,2101,0.32,298.28,276.07,n,2.06,Low
31.25838,76.92349,2026-08-19,2101,0.41,296.85,278.55,n,1.34,Low
32.08467,74.16386,2026-08-19,2101,2.53,307.0,290.12,n,8.56,Low
32.08796,74.16459,2026-08-19,2101,2.73,310.46,291.04,n,10.64,Low
21.00072,86.03053,2026-08-19,2104,0.67,302.51,283.95,n,4.67,Low
20.96749,86.01265,2026-08-19,2104,6.1,320.45,284.02,n,18.71,Low
26.0932,68.88027,2026-08-19,2104,0.85,308.76,296.84,n,8.28,Low
22.78883,86.20107,2026-08-19,2104,3.62,300.7,284.83,n,5.88,Low
22.87589,86.06185,2026-08-19,2104,1.9,306.21,284.44,n,7.65,Low
22.87391,86.06372,2026-08-19,2104,1.74,304.33,284.84,n,6.49,Low
25.94172,72.19282,2026-08-19,2104,1.78,315.34,295.0,n,12.63,Low
24.14009,82.70357,2026-08-19,2104,0.72,300.69,285.61,n,3.7,Low
26.25635,74.09737,2026-08-19,2104,0.62,308.4,293.69,n,7.91,Low
23.68032,86.39847,2026-08-19,2104,3.34,297.79,271.76,n,4.06,Low
23.68212,86.39163,2026-08-19,2104,2.84,300.13,272.32,n,4.98,Low
23.76052,86.40015,2026-08-19,2104,4.7,302.24,274.57,n,7.55,Low
23.69582,87.09637,2026-08-19,2104,2.39,297.9,273.75,n,3.4,Low
23.69837,87.09444,2026-08-19,2104,2.73,296.23,273.35,n,2.73,Low
26.87381,73.5167,2026-08-19,2104,2.95,308.59,293.46,n,9.76,Low
26.87778,73.51348,2026-08-19,2104,1.56,301.9,287.87,n,5.0,Low
28.30434,68.08573,2026-08-19,2104,0.74,311.52,297.0,n,9.73,Low
28.42477,69.7021,2026-08-19,2104,1.36,320.23,297.76,n,15.04,Low
29.12563,75.77744,2026-08-19,2104,2.07,307.57,292.72,n,8.54,Low
25.38717,68.58005,2026-08-19,2104,1.46,314.92,296.36,n,12.16,Low
25.38654,68.58464,2026-08-19,2104,1.46,306.93,295.93,n,7.72,Low
22.80233,86.09171,2026-08-19,2104,2.03,302.09,284.97,n,5.46,Low
20.99709,86.02748,2026-08-19,2104,1.34,304.22,284.09,n,6.13,Low
20.96512,85.19021,2026-08-19,2106,2.37,306.9,283.52,n,8.39,Low
20.95084,86.04825,2026-08-19,2106,2.2,304.82,283.78,n,7.11,Low
21.081,85.04028,2026-08-19,2106,1.92,296.85,283.39,n,2.47,Low
21.07434,85.03826,2026-08-19,2106,1.92,296.86,283.23,n,2.47,Low
20.9768,85.17226,2026-08-19,2106,3.04,305.85,283.58,n,8.31,Low
20.97995,85.13054,2026-08-19,2106,1.89,305.17,283.4,n,7.07,Low
20.97829,85.13718,2026-08-19,2106,1.89,300.87,283.46,n,4.68,Low
20.9701,85.17019,2026-08-19,2106,3.04,319.84,283.67,n,16.08,Low
20.96847,85.17673,2026-08-19,2106,3.04,310.25,283.36,n,10.75,Low
20.96682,85.18336,2026-08-19,2106,2.37,311.96,283.3,n,11.2,Low
20.75727,85.29929,2026-08-19,2106,1.49,303.61,283.86,n,5.9,Low
20.75887,85.29279,2026-08-19,2106,2.83,305.28,283.96,n,7.83,Low
20.79777,85.25298,2026-08-19,2106,4.38,306.61,283.39,n,9.74,Low
20.75702,85.29877,2026-08-19,2106,2.06,301.57,283.57,n,5.19,Low
20.75867,85.29228,2026-08-19,2106,2.06,302.97,283.55,n,5.97,Low
20.78761,85.26431,2026-08-19,2106,2.28,302.5,283.34,n,5.88,Low
20.79788,85.25243,2026-08-19,2106,2.83,305.54,283.36,n,7.98,Low
20.86326,84.99146,2026-08-19,2106,2.29,298.26,282.38,n,3.53,Low
20.96339,85.16812,2026-08-19,2106,2.94,305.31,283.71,n,7.93,Low
17.98492,80.8302,2026-08-19,2106,1.37,303.98,284.61,n,6.02,Low
19.37153,71.3558,2026-08-19,2106,3.41,331.25,291.57,n,22.7,Low
19.37213,71.35212,2026-08-19,2106,5.9,307.08,291.67,n,11.14,Low
19.36821,71.3552,2026-08-19,2106,3.41,320.19,291.91,n,16.55,Low
18.68423,73.03175,2026-08-19,2106,0.77,301.89,283.24,n,4.41,Low
8.73753,77.59727,2026-08-19,2108,7.6,329.03,289.86,n,24.61,Low
8.73686,77.60081,2026-08-19,2108,7.27,337.37,290.24,n,28.99,Low
15.65996,73.98722,2026-08-19,2108,1.46,298.88,280.81,n,3.25,Low
15.65748,73.98986,2026-08-19,2108,1.1,303.04,281.03,n,5.29,Low
8.74296,77.59831,2026-08-19,2108,21.46,367.0,291.41,h,56.1,Medium
8.7423,77.60185,2026-08-19,2108,9.46,355.88,292.11,n,40.92,Medium
8.74163,77.60539,2026-08-19,2108,9.46,307.47,289.76,n,14.02,Low
7.57133,80.92029,2026-08-19,2110,2.18,297.71,277.79,n,3.14,Low
6.54586,80.97478,2026-08-20,813,2.84,330.9,300.53,n,22.07,Low
10.57315,79.49966,2026-08-20,813,2.25,330.82,291.05,n,21.59,Low
10.20464,78.83772,2026-08-20,813,11.72,339.24,302.04,n,33.37,Low
9.43061,80.44665,2026-08-20,813,2.42,336.91,300.61,n,25.1,Low
9.41284,80.44965,2026-08-20,813,4.4,348.03,298.31,n,32.76,Low
8.92556,77.96257,2026-08-20,813,8.49,348.38,298.95,n,36.02,Low
9.0254,79.83466,2026-08-20,813,1.97,331.19,294.77,n,21.58,Low
9.00601,79.87824,2026-08-20,813,4.06,338.67,296.45,n,27.31,Low
9.00053,79.86462,2026-08-20,813,3.48,336.71,294.45,n,25.78,Low
8.95379,80.75946,2026-08-20,813,2.26,332.3,296.4,n,22.42,Low
8.87924,81.03294,2026-08-20,813,9.71,339.85,299.87,n,32.2,Low
8.82787,80.89571,2026-08-20,813,3.25,331.38,296.56,n,22.65,Low
8.68966,80.85621,2026-08-20,813,4.11,330.75,278.73,n,22.94,Low
8.65339,80.63652,2026-08-20,813,2.64,332.32,287.95,n,22.71,Low
8.68008,80.83871,2026-08-20,813,3.44,331.34,274.97,n,22.77,Low
8.45045,80.81741,2026-08-20,813,3.69,330.74,288.96,n,22.62,Low
8.41734,81.08703,2026-08-20,813,2.9,334.09,274.8,n,23.89,Low
8.16379,79.83366,2026-08-20,813,5.84,347.02,292.76,n,33.28,Low
8.21754,81.10218,2026-08-20,813,3.07,330.44,281.72,n,21.99,Low
7.9938,80.16321,2026-08-20,813,2.49,330.74,286.19,n,21.72,Low
7.94184,81.19656,2026-08-20,813,4.82,337.62,283.16,n,27.29,Low
7.94464,81.31114,2026-08-20,813,3.91,335.61,282.41,n,25.49,Low
7.9452,81.3149,2026-08-20,813,6.62,334.77,284.29,n,27.06,Low
7.9423,81.31919,2026-08-20,813,3.72,332.49,283.91,n,23.62,Low
7.92285,81.39185,2026-08-20,813,3.61,338.55,285.73,n,26.9,Low
7.79305,81.15463,2026-08-20,813,6.44,336.72,299.84,n,28.01,Low
7.72984,81.24775,2026-08-20,813,12.48,350.83,304.44,n,40.38,Medium
7.64166,80.67686,2026-08-20,813,3.46,336.86,294.0,n,25.85,Low
7.70978,81.25452,2026-08-20,813,5.0,338.33,300.73,n,27.82,Low
7.64815,80.93231,2026-08-20,813,2.7,331.57,300.03,n,22.34,Low
7.61461,80.96349,2026-08-20,813,3.96,335.63,299.85,n,25.54,Low
7.61121,80.964,2026-08-20,813,3.96,347.49,299.44,n,32.13,Low
7.57791,80.85709,2026-08-20,813,5.69,346.72,296.07,n,33.0,Low
7.53321,80.93436,2026-08-20,813,3.36,332.12,300.46,n,23.14,Low
7.52927,80.93124,2026-08-20,813,4.45,342.64,301.62,n,29.8,Low
7.52982,80.93488,2026-08-20,813,4.45,339.22,301.13,n,27.9,Low
7.50024,80.96915,2026-08-20,813,3.78,336.72,301.6,n,26.01,Low
7.50069,81.27799,2026-08-20,813,3.74,338.29,292.39,n,26.86,Low
7.45547,81.08854,2026-08-20,813,4.91,339.59,298.74,n,28.45,Low
7.45602,81.09219,2026-08-20,813,6.89,341.46,300.15,n,30.98,Low
7.4271,80.96945,2026-08-20,813,4.02,337.48,301.21,n,26.62,Low
7.38893,81.10962,2026-08-20,813,4.26,353.09,301.89,n,35.47,Low
7.38948,81.11331,2026-08-20,813,4.26,331.24,299.88,n,23.33,Low
7.38552,81.11015,2026-08-20,813,1.97,343.3,300.03,n,28.31,Low
7.38607,81.11382,2026-08-20,813,1.97,330.98,300.35,n,21.47,Low
7.40332,81.2776,2026-08-20,813,3.27,334.13,295.31,n,24.19,Low
7.3295,81.04007,2026-08-20,813,3.78,334.27,297.01,n,24.65,Low
7.33495,81.21577,2026-08-20,813,3.1,333.8,294.24,n,23.88,Low
7.33097,81.21256,2026-08-20,813,6.96,346.04,296.19,n,33.58,Low
7.33153,81.21626,2026-08-20,813,3.1,340.26,294.76,n,27.47,Low
7.32756,81.21307,2026-08-20,813,3.91,336.06,294.63,n,25.74,Low
7.27521,81.11919,2026-08-20,813,2.61,334.07,296.52,n,23.66,Low
7.34035,81.75928,2026-08-20,813,3.59,335.49,291.33,n,25.19,Low
7.32988,81.76083,2026-08-20,813,2.56,338.64,292.51,n,26.16,Low
7.2488,81.26661,2026-08-20,813,2.65,340.23,290.57,n,27.12,Low
7.31885,81.75852,2026-08-20,813,9.86,345.08,295.81,n,35.22,Low
7.32287,81.78553,2026-08-20,813,4.13,342.25,294.83,n,29.35,Low
7.32629,81.8325,2026-08-20,813,6.35,339.07,291.25,n,29.25,Low
7.2192,81.13906,2026-08-20,813,4.19,331.21,293.6,n,23.26,Low
7.21973,81.14264,2026-08-20,813,2.06,336.15,293.15,n,24.41,Low
7.30599,81.79197,2026-08-20,813,10.5,347.92,296.19,n,37.28,Low
7.30823,81.83119,2026-08-20,813,5.92,330.47,295.54,n,24.15,Low
7.30818,81.85501,2026-08-20,813,6.5,335.17,295.63,n,27.19,Low
7.19321,81.76139,2026-08-20,813,5.62,336.44,301.04,n,27.24,Low
7.04992,81.78621,2026-08-20,813,2.52,336.11,298.23,n,24.73,Low
6.95979,81.57388,2026-08-20,813,2.5700000000000003,335.24,298.94,n,24.28,Low
6.96545,81.61172,2026-08-20,813,35.28,351.89,303.5,n,58.07,Medium
6.80653,81.24734,2026-08-20,813,3.4,331.85,298.55,n,23.02,Low
6.83426,81.43214,2026-08-20,813,1.38,333.02,300.34,n,22.16,Low
6.82714,81.50195,2026-08-20,813,4.96,342.25,302.17,n,29.97,Low
6.77621,81.18446,2026-08-20,813,5.73,347.85,298.8,n,33.66,Low
6.71841,80.84508,2026-08-20,813,2.78,333.17,297.79,n,23.29,Low
6.77269,81.20744,2026-08-20,813,3.34,334.47,297.52,n,24.43,Low
6.8106,81.48529,2026-08-20,813,5.58,345.87,301.07,n,32.45,Low
6.73328,81.05975,2026-08-20,813,24.32,355.31,300.3,n,51.75,Medium
6.72991,81.06036,2026-08-20,813,10.21,356.7,299.67,n,41.94,Medium
6.73046,81.06409,2026-08-20,813,10.21,346.72,296.21,n,36.39,Low
6.72654,81.06101,2026-08-20,813,10.21,350.79,299.01,n,38.65,Low
6.7872,81.46957,2026-08-20,813,3.08,336.68,299.78,n,25.47,Low
6.72316,81.06162,2026-08-20,813,3.0,335.84,297.22,n,24.94,Low
6.70792,80.98251,2026-08-20,813,4.57,338.65,297.44,n,27.68,Low
6.72233,81.24533,2026-08-20,813,2.22,337.11,298.65,n,25.06,Low
6.75499,81.74423,2026-08-20,813,6.92,343.94,299.7,n,32.38,Low
6.60576,80.88501,2026-08-20,813,1.81,332.03,299.29,n,21.93,Low
6.6253,81.24866,2026-08-20,813,6.04,335.44,304.65,n,27.0,Low
6.62535,81.24851,2026-08-20,813,2.46,334.21,304.46,l,23.63,Low
6.6259,81.25217,2026-08-20,813,2.46,331.08,303.44,l,21.89,Low
6.56569,80.94603,2026-08-20,813,2.49,338.96,300.94,n,26.29,Low
6.48633,80.71687,2026-08-20,813,11.31,345.02,294.02,n,36.27,Low
6.52056,81.05968,2026-08-20,813,8.84,347.19,300.28,n,35.62,Low
6.35923,81.14768,2026-08-20,813,4.63,337.82,294.97,n,27.26,Low
6.3817,81.29693,2026-08-20,813,5.74,336.87,295.15,n,27.57,Low
6.35584,81.14819,2026-08-20,813,4.63,338.11,295.78,n,27.42,Low
6.29387,81.24715,2026-08-20,813,4.01,336.98,290.41,n,26.33,Low
6.21973,80.87165,2026-08-20,813,2.19,331.93,289.93,n,22.16,Low
6.21678,80.89765,2026-08-20,813,5.99,336.55,290.98,n,27.58,Low
12.66698,79.70408,2026-08-20,816,1.45,331.27,298.22,n,21.24,Low
17.54337,83.00231,2026-08-20,816,3.18,335.63,291.61,n,24.96,Low
17.79435,83.16505,2026-08-20,816,6.14,341.11,291.69,n,30.22,Low
17.955940000000002,80.79374,2026-08-20,816,6.47,337.11,297.0,n,28.25,Low
17.77165,79.02434,2026-08-20,816,2.96,336.41,295.03,n,25.23,Low
12.54274,79.87836,2026-08-20,816,4.92,347.01,293.15,n,32.58,Low
12.89302,78.87909,2026-08-20,816,1.83,331.01,285.21,n,21.38,Low
13.07203,79.95014,2026-08-20,816,3.38,330.69,296.86,n,22.36,Low
13.04383,79.59259,2026-08-20,816,2.46,335.61,300.02,n,24.41,Low
13.40582,80.21592,2026-08-20,816,6.25,334.97,295.65,n,26.89,Low
13.34752,79.09665,2026-08-20,816,1.8,337.78,303.6,n,25.12,Low
13.66444,79.61813,2026-08-20,816,6.06,341.5,300.91,n,30.38,Low
14.28543,79.97816,2026-08-20,816,2.41,338.42,299.04,n,25.93,Low
14.34493,79.72159,2026-08-20,816,5.86,345.53,292.28,n,32.47,Low
15.26779,78.92377,2026-08-20,816,3.8,336.08,296.02,n,25.67,Low
15.1724,76.69444,2026-08-20,816,2.38,335.7,298.46,n,24.4,Low
15.16424,76.3814,2026-08-20,816,5.53,338.7,298.01,n,28.43,Low
15.1676,76.38084,2026-08-20,816,5.97,330.62,299.2,l,24.27,Low
16.07655,79.14837,2026-08-20,816,1.46,330.86,298.08,n,21.02,Low
16.07496,79.11341,2026-08-20,816,3.87,341.12,298.92,n,28.52,Low
15.58879,75.15228,2026-08-20,816,5.86,332.36,301.44,l,25.15,Low
17.29004,82.58302,2026-08-20,816,1.58,331.27,293.78,n,21.33,Low
17.50736,82.95307,2026-08-20,816,3.79,335.65,294.23,n,25.43,Low
17.50684,82.94902,2026-08-20,816,3.79,342.7,294.09,n,29.34,Low
17.51158,82.95251,2026-08-20,816,6.78,348.49,293.97,n,34.8,Low
21.10092,72.63459,2026-08-20,818,10.43,334.49,296.82,n,29.76,Low
21.10331,72.64813,2026-08-20,818,7.57,335.83,297.18,l,28.36,Low
20.96745,86.01298,2026-08-20,818,7.71,349.96,288.46,n,36.32,Low
21.10694,72.64742,2026-08-20,818,13.54,340.92,299.37,n,35.67,Low
20.95271,86.0482,2026-08-20,818,4.49,329.15,287.39,n,22.34,Low
30.43244,73.96255,2026-08-20,820,4.15,334.16,301.78,n,24.87,Low
31.14108,73.58968,2026-08-20,820,5.6,330.28,302.73,l,23.8,Low
24.80284,71.78471,2026-08-20,820,4.64,338.32,297.97,n,27.55,Low
25.09726,68.29532,2026-08-20,820,3.84,339.12,299.91,n,27.39,Low
27.93253,68.64394,2026-08-20,820,1.41,331.31,299.95,n,21.23,Low
30.40259,73.87827,2026-08-20,820,3.35,340.93,299.56,n,28.03,Low
22.36499,87.0154,2026-08-20,1906,2.08,298.17,274.56,n,3.32,Low
23.69259,87.12586,2026-08-20,1906,0.75,295.1,272.1,n,0.62,Low
22.36236,87.01414,2026-08-20,1906,2.1,296.48,274.4,n,2.4,Low
23.69758,87.09327,2026-08-20,1906,1.38,298.4,275.21,n,2.92,Low
23.69671,87.10807,2026-08-20,1906,0.63,296.93,273.98,n,1.54,Low
23.69627,87.11548,2026-08-20,1906,0.63,295.82,272.87,n,0.93,Low
23.69583,87.12293,2026-08-20,1906,1.59,298.65,274.04,n,3.22,Low
23.69451,87.0962,2026-08-20,1906,2.15,296.66,273.52,n,2.53,Low
23.69403,87.10361,2026-08-20,1906,0.98,297.31,273.74,n,2.02,Low
23.69355,87.111,2026-08-20,1906,0.98,298.67,273.4,n,2.77,Low
23.69308,87.11836,2026-08-20,1906,0.75,299.47,272.76,n,3.05,Low
32.57585,72.56123,2026-08-20,2044,2.78,310.55,293.24,n,10.72,Low
32.57539,72.56554,2026-08-20,2044,2.4,305.87,292.99,n,7.84,Low
31.25985,76.92484,2026-08-20,2044,0.5,302.16,289.51,n,4.35,Low
31.2492,76.92705,2026-08-20,2044,0.66,304.76,288.69,n,5.92,Low
29.91072,74.94928,2026-08-20,2044,2.62,307.57,292.31,n,8.95,Low
29.45876,76.86543,2026-08-20,2044,3.34,316.16,292.37,n,14.26,Low
28.77214,76.70122,2026-08-20,2044,2.28,310.21,289.31,n,10.16,Low
28.27534,77.18294,2026-08-20,2044,0.74,302.62,283.37,n,4.79,Low
20.96588,86.01382,2026-08-20,2046,1.91,318.18,282.08,n,14.31,Low
27.79252,75.33192,2026-08-20,2046,0.81,306.87,292.48,n,7.2,Low
25.03646,87.38701,2026-08-20,2046,0.72,304.58,281.72,n,5.86,Low
25.03673,87.38658,2026-08-20,2046,0.67,303.78,281.24,n,5.38,Low
23.69376,87.12176,2026-08-20,2046,1.51,305.75,277.41,n,7.1,Low
23.69202,87.10435,2026-08-20,2046,1.24,298.55,275.24,n,2.9,Low
23.68785,87.10063,2026-08-20,2046,1.13,301.76,276.75,n,4.6,Low
23.66421,87.1534,2026-08-20,2046,0.31,298.63,264.14,n,2.25,Low
23.66331,87.15736,2026-08-20,2046,0.27,296.41,264.16,n,0.99,Low
23.66743,86.9369,2026-08-20,2046,0.73,307.82,282.4,n,7.67,Low
23.78109,86.38872,2026-08-20,2046,2.9,306.48,286.55,n,8.55,Low
23.76735,86.40035,2026-08-20,2046,1.24,306.55,285.85,n,7.35,Low
23.76655,86.40386,2026-08-20,2046,1.24,307.05,285.05,n,7.62,Low
23.76131,86.40248,2026-08-20,2046,1.24,322.91,285.65,n,16.44,Low
23.75525,86.40467,2026-08-20,2046,0.91,306.53,286.53,n,7.09,Low
23.56212,87.24074,2026-08-20,2046,0.94,303.44,273.47,n,5.39,Low
23.5566,87.23922,2026-08-20,2046,0.94,303.93,274.86,n,5.67,Low
23.7374,86.4341,2026-08-20,2046,3.28,324.26,286.38,n,18.72,Low
23.72326,86.4229,2026-08-20,2046,1.26,305.68,286.03,n,6.88,Low
23.71226,86.44649,2026-08-20,2046,1.84,316.2,282.43,n,13.16,Low
23.71143,86.45005,2026-08-20,2046,1.84,318.51,282.44,n,14.44,Low
23.56388,87.08366,2026-08-20,2046,1.58,310.88,284.26,n,10.01,Low
23.71398,86.45003,2026-08-20,2046,1.32,316.78,282.64,n,13.09,Low
23.71431,86.42361,2026-08-20,2046,1.54,304.75,285.0,n,6.57,Low
23.70951,86.44509,2026-08-20,2046,1.32,307.26,282.19,n,7.8,Low
23.70871,86.44867,2026-08-20,2046,1.32,309.25,282.46,n,8.91,Low
23.5599,87.08255,2026-08-20,2046,1.07,308.76,284.24,n,8.45,Low
23.51662,87.27167,2026-08-20,2046,0.73,303.04,280.4,n,5.01,Low
23.61549,86.78763000000001,2026-08-20,2046,0.68,303.7,283.3,n,5.34,Low
23.61454,86.79183,2026-08-20,2046,0.68,304.84,283.34,n,5.98,Low
23.68841,86.39032,2026-08-20,2046,1.63,305.25,285.93,n,6.92,Low
23.68763,86.39378,2026-08-20,2046,1.11,308.4,285.7,n,8.28,Low
23.68236,86.39249,2026-08-20,2046,1.46,312.1,285.51,n,10.6,Low
23.68157,86.39599,2026-08-20,2046,1.46,308.75,284.97,n,8.73,Low
23.68076,86.39959,2026-08-20,2046,0.95,303.5,284.68,n,5.43,Low
23.6763,86.39473,2026-08-20,2046,1.46,308.25,284.09,n,8.46,Low
23.67549,86.39829,2026-08-20,2046,0.95,307.45,284.27,n,7.63,Low
23.67467,86.40192,2026-08-20,2046,0.95,306.13,284.73,n,6.9,Low
23.82381,85.49748,2026-08-20,2046,1.25,301.5,283.37,n,4.55,Low
23.68078,86.08385,2026-08-20,2046,1.77,307.33,286.05,n,8.18,Low
23.82423,85.49743,2026-08-20,2046,1.08,302.7,283.19,n,5.09,Low
23.68017,86.08412,2026-08-20,2046,1.56,305.76,286.04,n,7.15,Low
23.67731,86.07244,2026-08-20,2046,1.04,302.65,285.32,n,5.03,Low
16.20556,75.20766,2026-08-20,2046,0.67,303.43,291.13,n,5.19,Low
15.3343,76.28691,2026-08-20,2046,1.13,312.86,290.5,n,10.77,Low
15.02354,78.01447,2026-08-20,2046,1.4,308.12,291.12,n,8.34,Low
15.22626,76.76389,2026-08-20,2046,0.8200000000000001,304.55,292.0,n,5.92,Low
15.18207,76.66643,2026-08-20,2046,3.01,323.44,291.62,n,18.06,Low
15.17391,76.69331,2026-08-20,2046,2.81,323.79,291.38,n,18.1,Low
15.17659,76.6776,2026-08-20,2046,1.7000000000000002,305.91,291.87,n,7.34,Low
15.17717,76.65337,2026-08-20,2046,2.8,323.16,292.18,n,17.74,Low
15.17649,76.6573,2026-08-20,2046,4.52,333.4,292.62,n,24.72,Low
15.17371,76.65274,2026-08-20,2046,1.05,304.58,289.83,n,6.11,Low
15.17304,76.65667,2026-08-20,2046,1.74,307.97,291.12,n,8.51,Low
15.16689,76.67173,2026-08-20,2046,1.09,305.06,290.88,n,6.41,Low
15.16889,76.67329,2026-08-20,2046,0.89,306.37,290.86,n,6.98,Low
15.14843,76.71026,2026-08-20,2046,0.81,304.65,290.87,n,5.97,Low
15.13803,76.70839,2026-08-20,2046,0.85,304.91,290.35,n,6.14,Low
14.60754,79.6615,2026-08-20,2046,2.56,308.19,290.14,n,9.25,Low
15.16817,76.38058,2026-08-20,2046,1.14,304.25,290.12,n,5.99,Low
23.67428,86.08614,2026-08-20,2046,1.08,306.76,286.31,n,7.34,Low
23.7864,85.55096,2026-08-20,2046,1.48,308.04,285.87,n,8.35,Low
23.78225,85.57,2026-08-20,2046,1.34,302.54,285.61,n,5.19,Low
23.66762,86.09156,2026-08-20,2046,0.94,306.33,286.03,n,7.0,Low
23.66165,85.55202,2026-08-20,2046,0.37,303.54,284.34,n,5.02,Low
23.69603,85.37061,2026-08-20,2046,1.96,309.89,280.7,n,9.74,Low
23.65573,85.50697,2026-08-20,2046,1.16,308.42,284.46,n,8.33,Low
23.65035,85.43598,2026-08-20,2046,0.6900000000000001,305.16,284.58,n,6.16,Low
23.64966,85.43914,2026-08-20,2046,0.6900000000000001,314.37,284.87,n,11.28,Low
23.61622,85.42603,2026-08-20,2046,0.49,302.01,285.62,n,4.26,Low
22.7945,86.20801,2026-08-20,2046,0.89,299.78,277.36,n,3.32,Low
22.81689,86.08504,2026-08-20,2046,0.24,301.13,281.23,n,3.59,Low
22.79169,86.19576,2026-08-20,2046,0.37,299.44,271.1,n,2.74,Low
22.79088,86.19932,2026-08-20,2046,0.37,298.49,275.6,n,2.22,Low
22.78925,86.20647,2026-08-20,2046,0.89,305.09,279.7,n,6.27,Low
22.78398,86.20503,2026-08-20,2046,0.97,301.39,279.38,n,4.28,Low
24.71524,75.95329,2026-08-20,2046,0.89,304.87,288.14,n,6.15,Low
22.7973,86.20584,2026-08-20,2046,1.63,304.34,275.14,n,6.41,Low
22.81808,86.08607,2026-08-20,2046,0.22,302.52,281.19,n,4.34,Low
22.79364,86.19712,2026-08-20,2046,0.58,297.16,272.18,n,1.64,Low
22.78835,86.19575,2026-08-20,2046,0.55,298.96,273.72,n,2.61,Low
22.78678,86.20286,2026-08-20,2046,0.78,301.24,278.89,n,4.05,Low
22.78599,86.20644,2026-08-20,2046,0.78,305.61,279.74,n,6.48,Low
22.80075,86.08921,2026-08-20,2046,1.75,313.38,284.61,n,11.52,Low
25.39003,68.58031,2026-08-20,2046,2.26,311.58,294.68,n,10.91,Low
22.05638,88.12125,2026-08-20,2046,0.8200000000000001,302.14,280.14,n,4.58,Low
22.0552,88.12618,2026-08-20,2046,0.8200000000000001,308.08,279.31,n,7.88,Low
22.08609,83.11594,2026-08-20,2046,2.44,316.03,286.41,n,13.51,Low
20.96791,86.00322,2026-08-20,2046,2.6,300.73,280.79,n,5.13,Low
20.96618,86.01083,2026-08-20,2046,1.93,309.48,281.45,n,9.49,Low
20.96533,86.01462,2026-08-20,2046,1.93,308.0,282.04,n,8.67,Low
20.96671,86.01003,2026-08-20,2046,1.91,302.63,280.92,n,5.67,Low
18.57617,72.24023,2026-08-20,2049,3.65,306.94,293.57,n,9.37,Low
12.66991,76.85605,2026-08-20,2049,0.73,302.15,285.08,n,4.52,Low
12.98436,74.85372,2026-08-20,2049,0.45,300.05,286.35,n,3.14,Low
12.68449,76.45203,2026-08-20,2049,0.81,306.01,287.99,n,6.72,Low
8.73957,77.60084,2026-08-20,2049,2.37,314.99,270.0,n,12.88,Low
7.39811,81.10191,2026-08-20,2049,1.65,313.18,289.24,n,11.34,Low
7.32876,81.21317,2026-08-20,2049,0.45,303.7,287.21,n,5.17,Low
7.25554,81.11653,2026-08-20,2049,1.0,309.52,288.53,n,8.82,Low
6.86581,81.57717,2026-08-20,2049,3.85,347.18,281.25,n,31.88,Low
6.86048,81.57622,2026-08-20,2049,0.91,308.61,281.38,n,8.24,Low
6.64764,80.81381,2026-08-20,2049,0.43,301.23,283.76,n,3.78,Low
6.64705,80.81706,2026-08-20,2049,0.41,302.64,283.88,n,4.55,Low
6.64253,80.81303,2026-08-20,2049,1.13,302.78,283.56,n,5.17,Low
6.64198,80.81609,2026-08-20,2049,1.04,317.08,283.12,n,13.05,Low
6.64509,80.81454,2026-08-20,2049,1.37,327.34,283.66,n,18.99,Low
6.64453,80.81778,2026-08-20,2049,1.37,302.41,283.32,n,5.14,Low
6.56044,81.14934,2026-08-20,2049,0.52,302.17,282.41,n,4.37,Low
18.71585,79.53936,2026-08-20,2049,2.11,301.57,288.1,n,5.23,Low
24.26015,97.75832,2026-08-21,618,5.24,332.76,293.39,n,24.91,Low
11.71266,79.13078,2026-08-21,756,13.01,335.7,299.97,l,32.37,Low
11.3864,77.68139,2026-08-21,756,3.66,337.39,302.13,n,26.29,Low
11.17986,76.86322,2026-08-21,756,7.75,352.61,299.65,n,37.82,Low
10.94861,77.29926,2026-08-21,756,1.82,332.62,302.59,n,22.27,Low
10.8355,78.05512,2026-08-21,756,5.12,348.83,306.32,n,33.75,Low
10.89906,78.69358,2026-08-21,756,8.39,335.4,303.41,n,28.74,Low
10.90762,78.79076,2026-08-21,756,4.54,339.02,306.52,n,27.86,Low
10.86351,78.60498,2026-08-21,756,3.6,334.68,304.43,n,24.74,Low
10.86179,78.60693,2026-08-21,756,3.75,332.53,303.6,l,23.66,Low
10.46239,77.96943,2026-08-21,756,2.2,332.02,302.17,l,22.22,Low
10.06246,77.61354,2026-08-21,756,3.37,338.53,301.37,n,26.71,Low
10.40818,77.98702,2026-08-21,756,8.58,344.36,300.35,n,33.86,Low
10.05175,77.94893,2026-08-21,756,7.89,344.09,300.57,n,33.19,Low
7.39327,81.09946,2026-08-21,756,6.4,345.34,293.06,l,32.77,Low
9.74707,77.88758,2026-08-21,756,1.44,336.81,305.26,n,24.31,Low
9.46089,77.93649,2026-08-21,756,2.92,343.41,304.98,n,29.08,Low
9.31269,78.05367,2026-08-21,756,7.06,338.9,305.16,n,29.68,Low
11.25114,77.55007,2026-08-21,756,1.81,335.0,302.87,n,23.58,Low
12.35125,77.01255,2026-08-21,756,5.9,340.97,293.35,n,29.96,Low
12.30416,76.82388,2026-08-21,756,6.57,339.02,296.98,n,29.38,Low
12.0637,76.96976,2026-08-21,756,6.65,336.06,299.1,n,27.8,Low
12.05267,79.61187,2026-08-21,756,4.25,334.23,300.37,l,24.98,Low
11.52693,77.66856,2026-08-21,756,1.03,331.72,300.84,n,21.17,Low
11.71186,79.12611,2026-08-21,756,49.23,335.37,306.57,l,59.35,Medium
7.80986,81.37318,2026-08-21,756,5.27,339.32,304.17,l,28.57,Low
7.8134,81.37262,2026-08-21,756,10.42,333.7,303.44,l,29.31,Low
7.81277,81.36861,2026-08-21,756,13.76,349.14,303.85,n,40.4,Medium
8.07838,80.0887,2026-08-21,756,15.5,331.6,294.15,n,31.96,Low
8.24257,80.90491,2026-08-21,756,7.18,333.1,296.23,l,26.55,Low
8.43317,80.33639,2026-08-21,756,14.02,334.3,295.35,l,32.35,Low
8.77498,80.40853,2026-08-21,756,7.54,335.22,293.95,l,28.0,Low
8.77386,80.41042,2026-08-21,756,15.2,349.35,295.37,n,41.59,Medium
8.58488,77.95021,2026-08-21,756,2.49,335.12,298.77,n,24.16,Low
9.34518,78.81236,2026-08-21,756,1.58,335.72,301.64,n,23.81,Low
9.3194,78.58262,2026-08-21,756,1.47,336.47,303.54,n,24.14,Low
9.36559,78.66248,2026-08-21,756,10.37,367.0,306.38,h,47.78,Medium
9.74367,77.84486,2026-08-21,756,1.11,336.43,303.98,n,23.85,Low
10.04823,77.95352,2026-08-21,756,5.9,349.94,300.86,n,34.95,Low
10.05242,77.9528,2026-08-21,756,5.9,337.08,296.24,n,27.8,Low
7.81049,81.37718,2026-08-21,756,5.27,335.63,301.8,l,26.52,Low
7.51083,81.69547,2026-08-21,756,5.97,334.46,296.31,l,26.4,Low
7.39688,81.09885,2026-08-21,756,6.4,332.08,293.05,l,25.4,Low
19.48988,85.20114,2026-08-21,758,3.89,328.82,281.45,n,21.71,Low
17.60843,83.20383,2026-08-21,758,4.98,335.84,299.16,n,26.42,Low
16.29151,80.82072,2026-08-21,758,4.54,334.45,298.58,n,25.32,Low
15.34653,77.09008,2026-08-21,758,1.89,330.63,300.14,n,21.21,Low
14.52306,77.43476,2026-08-21,758,4.98,336.84,295.01,n,26.98,Low
15.1363,79.88412,2026-08-21,758,3.42,332.13,297.87,n,23.19,Low
14.60819,79.65999,2026-08-21,758,20.66,344.84,298.95,l,43.18,Medium
14.60742,79.66074,2026-08-21,758,24.47,347.79,301.13,n,47.68,Medium
23.67844,86.39668,2026-08-21,801,8.2,331.72,295.56,n,26.55,Low
23.75674,85.85435,2026-08-21,801,5.93,334.01,295.91,n,26.12,Low
23.66432,87.15331,2026-08-21,801,2.74,330.29,293.42,n,21.66,Low
23.78134,86.2098,2026-08-21,801,9.1,345.58,293.89,n,34.92,Low
23.68191,86.0946,2026-08-21,801,7.7,349.84,293.37,n,36.24,Low
23.67682,86.08707,2026-08-21,801,4.24,330.7,294.62,n,23.01,Low
23.71468,86.45161,2026-08-21,801,8.89,338.05,291.86,n,30.58,Low
23.70997,86.44798,2026-08-21,801,7.64,334.64,292.54,n,27.75,Low
23.68639,86.39134,2026-08-21,801,5.68,330.74,294.17,n,24.12,Low
23.68265,86.39607,2026-08-21,801,5.68,334.93,295.22,n,26.44,Low
30.4877,71.85971,2026-08-21,803,5.77,338.94,295.55,n,28.74,Low
33.55837,70.22543,2026-08-21,803,4.64,338.62,306.3,n,27.71,Low
31.53478,72.39529,2026-08-21,803,3.29,342.48,297.46,n,28.85,Low
31.32454,72.16799,2026-08-21,803,2.45,339.5,297.32,n,26.56,Low
30.6631,72.1522,2026-08-21,803,7.36,347.82,298.0,n,34.86,Low
30.62073,72.08163,2026-08-21,803,3.93,337.31,297.63,n,26.45,Low
30.48677,71.85528,2026-08-21,803,7.01,343.91,297.25,n,32.43,Low
30.4485,71.695,2026-08-21,803,2.2,338.49,295.83,n,25.81,Low
30.47054,72.13536,2026-08-21,803,4.49,342.1,297.91,n,29.53,Low
30.46146,72.13331,2026-08-21,803,3.37,338.91,297.68,n,26.92,Low
29.56096,69.60496,2026-08-21,803,9.47,335.89,299.63,n,29.82,Low
30.00368,72.55402,2026-08-21,803,3.67,337.29,298.77,n,26.25,Low
29.98619,72.59346,2026-08-21,803,2.98,334.45,298.45,n,24.15,Low
29.82557,72.8396,2026-08-21,803,2.06,334.4,297.57,n,23.43,Low
29.48029,71.78488,2026-08-21,803,6.67,341.43,298.78,n,30.8,Low
29.47919,71.78834,2026-08-21,803,7.1,342.21,299.83,n,31.55,Low
27.43876,70.85847,2026-08-21,803,8.02,344.68,302.88,n,33.62,Low
35.78532,71.34322,2026-08-21,2023,1.39,297.04,284.07,n,2.18,Low
35.77929,71.34325,2026-08-21,2023,2.09,319.44,284.89,n,15.15,Low
35.77944,71.34021,2026-08-21,2023,2.09,299.71,283.88,n,4.18,Low
23.67846,86.08486,2026-08-21,2025,2.61,307.47,284.66,n,8.89,Low
23.6783,86.10711,2026-08-21,2025,0.56,305.64,285.15,n,6.33,Low
23.56004,87.24049,2026-08-21,2025,2.79,307.65,286.15,n,9.12,Low
23.66372,87.15993,2026-08-21,2025,0.59,302.49,278.95,n,4.6,Low
32.88974,71.61488,2026-08-21,2025,2.91,307.6,293.29,n,9.18,Low
32.57627,72.55994,2026-08-21,2025,2.9,307.64,293.93,n,9.2,Low
28.77367,77.56798,2026-08-21,2025,2.5700000000000003,309.15,283.53,n,9.79,Low
24.92917,84.14589,2026-08-21,2025,2.88,308.3,288.84,n,9.55,Low
24.92936,84.14852,2026-08-21,2025,2.91,310.02,289.28,n,10.53,Low
23.71933,85.00983,2026-08-21,2025,1.6,300.63,272.32,n,4.33,Low
24.18137,82.64606,2026-08-21,2025,0.93,307.55,281.64,n,7.67,Low
22.36072,87.01704,2026-08-21,2027,0.73,303.37,275.6,n,5.2,Low
22.36491,87.01798,2026-08-21,2027,0.73,303.61,275.64,n,5.33,Low
22.37519,87.27901,2026-08-21,2027,1.07,306.49,274.56,n,7.19,Low
22.36667,87.29975,2026-08-21,2027,1.47,307.2,275.03,n,7.88,Low
22.37945,87.28,2026-08-21,2027,1.79,312.84,275.6,n,11.25,Low
22.37663,87.28174,2026-08-21,2027,1.69,311.32,275.48,n,10.33,Low
22.37751,87.2774,2026-08-21,2027,1.69,313.32,276.0,n,11.45,Low
22.78901,86.19763,2026-08-21,2027,0.95,300.01,273.29,n,3.5,Low
24.76452,74.60926,2026-08-21,2027,0.71,304.28,282.05,n,5.69,Low
16.871950000000002,80.02106,2026-08-21,2027,1.5,308.57,290.85,n,8.66,Low
17.08458,79.32294,2026-08-21,2027,2.91,309.57,292.48,n,10.28,Low
17.37035,77.44494,2026-08-21,2027,0.79,304.8,292.06,n,6.04,Low
17.29117,78.40939,2026-08-21,2027,0.73,314.49,290.12,n,11.38,Low
17.29336,78.40997,2026-08-21,2027,1.01,316.83,290.6,n,12.89,Low
18.8016,74.25277,2026-08-21,2027,0.73,301.85,279.71,n,4.35,Low
22.05068,88.12516,2026-08-21,2027,1.92,298.93,269.97,n,3.62,Low
22.05519,88.12621,2026-08-21,2027,1.92,303.92,269.79,n,6.4,Low
15.17962,76.67133,2026-08-21,2029,1.16,304.09,291.72,n,5.92,Low
15.1802,76.66738,2026-08-21,2029,2.11,311.52,292.67,n,10.76,Low
15.18368,76.66792,2026-08-21,2029,2.11,326.21,293.0,n,18.92,Low
15.18423,76.63964,2026-08-21,2029,1.51,308.44,292.75,n,8.6,Low
10.93034,77.06337,2026-08-21,2029,0.63,300.84,281.61,n,3.72,Low
11.11709,77.75499,2026-08-21,2029,0.46,302.08,277.9,n,4.28,Low
11.42601,77.51267,2026-08-21,2029,0.62,301.37,272.63,n,4.0,Low
13.89879,76.56554,2026-08-21,2029,0.49,296.53,274.71,n,1.22,Low
13.39369,80.10202,2026-08-21,2029,0.81,305.09,284.92,n,6.21,Low
13.8039,78.06523,2026-08-21,2029,0.25,305.05,282.42,n,5.77,Low
15.33752,76.27949,2026-08-21,2029,1.38,307.45,289.54,n,7.95,Low
15.33276,76.28716,2026-08-21,2029,0.96,306.84,288.33,n,7.3,Low
15.17908,77.10468,2026-08-21,2029,0.81,303.34,287.2,n,5.24,Low
15.17623,77.10031,2026-08-21,2029,1.16,305.69,287.88,n,6.81,Low
14.82645,79.31465,2026-08-21,2029,0.8,303.62,269.66,n,5.39,Low
15.02356,78.01485,2026-08-21,2029,1.27,311.86,287.15,n,10.32,Low
15.18658,76.6724,2026-08-21,2029,0.71,305.96,291.38,n,6.62,Low
15.33696,76.27781,2026-08-21,2029,1.07,307.42,290.03,n,7.7,Low
14.60582,78.52377,2026-08-21,2029,0.67,302.1,278.49,n,4.45,Low
15.07157,76.86326,2026-08-21,2029,1.66,302.8,290.44,n,5.58,Low
15.16771,76.37908,2026-08-21,2029,0.87,300.81,289.77,n,3.88,Low
15.13683,76.70946,2026-08-21,2029,0.6900000000000001,303.89,291.68,n,5.46,Low
15.16701,76.67386,2026-08-21,2029,1.71,317.3,291.08,n,13.67,Low
15.17346,76.65458,2026-08-21,2029,2.09,313.46,290.96,n,11.82,Low
15.1716,76.69071,2026-08-21,2029,0.76,305.37,291.44,n,6.33,Low
15.17635,76.65906,2026-08-21,2029,2.09,308.83,292.1,n,9.25,Low
15.17694,76.65511,2026-08-21,2029,2.09,335.65,294.53,n,24.15,Low
15.17382,76.66235,2026-08-21,2029,1.39,306.23,292.1,n,7.28,Low
15.17439,76.65839,2026-08-21,2029,1.69,305.16,291.75,n,6.91,Low
15.17497,76.65443,2026-08-21,2029,1.69,328.13,292.84,n,19.67,Low
15.17787,76.65893,2026-08-21,2029,1.69,306.97,292.38,n,7.92,Low
15.17327,76.69061,2026-08-21,2029,1.63,321.24,292.62,n,15.8,Low
15.17844,76.65497,2026-08-21,2029,1.69,327.64,293.6,n,19.4,Low
15.17905,76.67529,2026-08-21,2029,1.16,309.64,292.86,n,9.0,Low
10.61491,77.41926,2026-08-21,2032,0.5,300.63,276.99,n,3.5,Low
10.2504,77.21418,2026-08-21,2032,2.02,318.29,281.29,n,14.45,Low
10.24929,77.22139,2026-08-21,2032,0.7000000000000001,301.71,278.37,n,4.25,Low
10.24707,77.21375,2026-08-21,2032,3.49,340.55,281.06,n,27.92,Low
10.24651,77.21736,2026-08-21,2032,3.49,330.64,281.18,n,22.42,Low
10.24596,77.22096,2026-08-21,2032,0.45,296.36,273.85,n,1.09,Low
10.24541,77.22453,2026-08-21,2032,0.45,299.32,272.63,n,2.74,Low
10.24319,77.2169,2026-08-21,2032,3.49,308.07,272.56,n,9.88,Low
10.04985,77.95205,2026-08-21,2032,0.42,302.63,270.2,n,4.55,Low
10.09488,77.23631,2026-08-21,2032,1.76,300.78,282.58,n,4.53,Low
10.09154,77.23588,2026-08-21,2032,1.76,332.12,283.06,n,21.94,Low
10.08821,77.23543,2026-08-21,2032,6.59,341.68,282.74,n,30.88,Low
10.08768,77.23882,2026-08-21,2032,0.84,306.06,282.22,n,6.77,Low
9.24785,77.32679,2026-08-21,2032,0.4,304.23,264.54,n,5.43,Low
8.74099,77.59838,2026-08-21,2032,0.8200000000000001,309.44,280.22,n,8.64,Low
8.74044,77.60186,2026-08-21,2032,0.68,310.06,281.68,n,8.88,Low
8.59524,77.89958,2026-08-21,2032,0.29,300.64,278.2,n,3.35,Low
7.88986,80.12818,2026-08-21,2032,1.92,315.13,272.23,n,12.62,Low
35.78955,71.32182,2026-08-21,2203,2.28,296.02,279.83,n,2.28,Low
35.78323,71.34509,2026-08-21,2203,2.51,316.02,286.15,n,13.56,Low
35.78896,71.32448,2026-08-21,2203,2.06,299.59,279.54,n,4.09,Low
35.78307,71.34697,2026-08-21,2203,2.48,312.25,285.66,n,11.44,Low
32.29071,70.73856,2026-08-21,2205,3.07,306.65,291.92,n,8.77,Low
32.28937,70.73895,2026-08-21,2205,1.86,306.47,291.96,n,7.77,Low
32.29176,70.73003,2026-08-21,2205,3.24,306.58,291.68,n,8.86,Low
27.50491,68.73128,2026-08-21,2208,1.16,305.99,292.47,n,6.98,Low
27.50355,68.7322,2026-08-21,2208,1.28,314.2,292.54,n,11.63,Low
6.71469,81.05596,2026-08-22,735,5.45,336.11,284.13,n,26.93,Low
6.17408,80.89262,2026-08-22,735,1.55,328.94,285.24,n,20.02,Low
6.32669,81.36333,2026-08-22,735,4.03,332.28,291.14,n,23.73,Low
6.34838,81.34315,2026-08-22,735,11.74,342.58,296.87,n,35.24,Low
6.35328,81.34239,2026-08-22,735,11.74,342.42,292.37,n,35.15,Low
6.4117,81.11542,2026-08-22,735,22.91,350.41,290.03,n,47.97,Medium
6.43771,81.08816,2026-08-22,735,8.35,341.55,289.68,n,32.12,Low
6.439,81.09145,2026-08-22,735,6.58,340.14,289.27,n,30.01,Low
6.76744,81.79575,2026-08-22,735,4.34,335.16,292.8,n,25.57,Low
6.7659400000000005,81.58269,2026-08-22,735,6.37,328.81,288.58,n,23.56,Low
6.76642,81.58532,2026-08-22,735,4.94,330.53,289.07,n,23.44,Low
6.77002,81.52097,2026-08-22,735,4.78,339.64,288.65,n,28.38,Low
6.72955,81.2878,2026-08-22,735,6.07,331.18,290.25,n,24.65,Low
6.78047,81.52434,2026-08-22,735,5.67,331.85,289.22,n,24.72,Low
6.8743300000000005,81.61431,2026-08-22,735,7.21,330.59,292.71,n,25.18,Low
6.87378,81.61257,2026-08-22,735,4.9,330.28,292.96,n,23.27,Low
6.92842,80.95791,2026-08-22,735,3.47,329.42,291.57,n,21.72,Low
7.32284,81.83524,2026-08-22,735,3.62,332.59,292.97,n,23.6,Low
7.33841,81.84257,2026-08-22,735,4.32,332.59,292.75,n,24.12,Low
7.32121,81.73981,2026-08-22,735,2.77,333.03,291.96,n,23.21,Low
7.33737,81.80772,2026-08-22,735,3.98,337.37,293.59,n,26.52,Low
7.33641,81.84488,2026-08-22,735,5.49,343.04,293.85,n,30.81,Low
7.33425,81.80524,2026-08-22,735,4.57,335.6,293.68,n,25.98,Low
7.36009,81.76063,2026-08-22,735,5.19,341.67,295.43,n,29.82,Low
7.39444,81.76482,2026-08-22,735,4.55,333.56,295.13,n,24.83,Low
7.4015,81.54913,2026-08-22,735,7.2,346.53,299.83,n,34.03,Low
7.40222,81.54768,2026-08-22,735,8.19,342.18,300.09,n,32.35,Low
7.4526,81.38583,2026-08-22,735,8.7,343.64,298.44,n,33.55,Low
7.51929,81.26375,2026-08-22,735,7.14,333.2,292.03,n,26.58,Low
7.87591,81.39789,2026-08-22,735,3.11,334.98,287.37,n,24.54,Low
7.90395,81.47636,2026-08-22,735,4.51,339.6,289.96,n,28.16,Low
7.68064,80.17931,2026-08-22,735,2.2,327.95,291.6,n,19.96,Low
7.90481,81.42422,2026-08-22,735,3.86,333.99,288.13,n,24.56,Low
8.0697,81.24239,2026-08-22,735,13.1,341.28,292.31,n,35.54,Low
8.0688,81.23716,2026-08-22,735,13.1,341.01,293.77,n,35.39,Low
8.13909,81.41647,2026-08-22,735,5.38,334.56,292.38,n,26.01,Low
8.18642,81.32485,2026-08-22,735,9.57,342.21,292.39,n,33.41,Low
8.3067,80.45334,2026-08-22,735,3.16,338.58,296.14,n,26.58,Low
8.50192,80.8325,2026-08-22,735,4.76,333.29,292.81,n,24.84,Low
8.61922,81.18944,2026-08-22,735,10.33,333.89,296.8,n,29.35,Low
8.63243,80.87387,2026-08-22,735,3.96,333.89,296.65,n,24.58,Low
8.38548,77.54631,2026-08-22,735,5.8,332.37,294.62,n,25.11,Low
9.29744,77.75079,2026-08-22,735,1.45,330.78,287.77,n,20.97,Low
9.29573,77.75149,2026-08-22,737,1.47,333.98,287.66,n,22.76,Low
9.29351,77.3167,2026-08-22,737,7.09,334.7,287.41,n,27.37,Low
10.75991,79.65319,2026-08-22,737,2.68,336.62,291.23,n,25.13,Low
11.41039,78.7151,2026-08-22,737,1.96,339.14,297.26,n,25.99,Low
11.40803,78.71432,2026-08-22,737,2.35,336.41,297.37,n,24.77,Low
11.72925,78.6898,2026-08-22,737,1.86,331.96,290.07,n,21.93,Low
11.72656,78.68904,2026-08-22,737,0.95,333.4,289.76,n,22.05,Low
12.23923,79.42413,2026-08-22,737,2.81,332.77,295.75,n,23.09,Low
15.16347,77.15242,2026-08-22,737,5.49,330.11,293.56,n,23.62,Low
15.16272,77.14871,2026-08-22,737,5.69,331.26,293.65,n,24.41,Low
15.20629,77.16636,2026-08-22,737,6.06,337.41,292.33,n,28.11,Low
15.20609,77.16582,2026-08-22,737,6.3,330.78,292.09,n,24.6,Low
16.19788,78.35836,2026-08-22,737,3.75,333.26,282.6,n,24.07,Low
16.66123,77.32803,2026-08-22,737,4.72,335.42,294.4,n,26.0,Low
21.92436,85.22442,2026-08-22,739,2.33,328.0,287.89,n,20.08,Low
22.36426,87.3003,2026-08-22,739,3.04,333.91,294.57,n,23.9,Low
22.36824,87.3037,2026-08-22,739,7.65,339.4,295.97,n,30.4,Low
22.3785,87.27773,2026-08-22,739,4.94,331.88,294.66,n,24.19,Low
23.55723,87.24088,2026-08-22,739,5.86,336.79,284.1,n,27.61,Low
23.56066,87.24033,2026-08-22,739,5.86,338.44,285.8,n,28.53,Low
23.55952,87.23223,2026-08-22,739,4.78,339.73,286.05,n,28.44,Low
23.66381,87.15797,2026-08-22,739,2.97,334.21,298.17,n,24.01,Low
23.66324,87.15393,2026-08-22,739,2.97,339.39,298.38,n,26.89,Low
23.68436,86.39455,2026-08-22,739,6.05,340.32,296.73,n,29.72,Low
23.76498,86.40456,2026-08-22,739,7.66,340.68,295.23,n,31.12,Low
25.03907,96.37116,2026-08-22,739,3.74,326.69,287.84,n,20.41,Low
25.38784,86.15111,2026-08-22,739,1.86,332.18,294.15,n,22.05,Low
25.98661,90.07365,2026-08-22,739,2.88,330.23,278.18,n,21.73,Low
29.45792,76.8695,2026-08-22,741,14.92,330.42,294.61,n,30.87,Low
29.45699,76.86504,2026-08-22,741,13.33,346.56,298.27,n,38.64,Low
29.46118,76.86392,2026-08-22,741,13.33,339.97,293.77,n,34.98,Low
29.46026,76.85947,2026-08-22,741,13.33,330.53,292.28,n,29.74,Low
29.88109,72.81339,2026-08-22,741,3.04,338.62,297.12,n,26.51,Low
29.95708,72.17453,2026-08-22,741,15.89,367.0,296.48,h,51.92,Medium
30.0458,71.99122,2026-08-22,744,4.78,335.37,295.3,n,26.01,Low
30.04478,71.98708,2026-08-22,744,4.78,347.51,295.46,n,32.76,Low
30.57678,72.26831,2026-08-22,744,1.63,330.49,294.83,n,20.94,Low
30.57812,72.26745,2026-08-22,744,1.88,331.67,294.64,n,21.78,Low
31.57732,73.91469,2026-08-22,744,6.0,334.27,294.19,n,26.32,Low
31.24405,70.69089,2026-08-22,744,2.99,331.79,293.6,n,22.68,Low
35.78005,71.34366,2026-08-22,744,5.71,367.0,310.03,h,44.28,Medium
35.77949,71.34142,2026-08-22,744,5.71,352.2,306.67,n,36.06,Low
35.78503,71.34227,2026-08-22,744,3.86,337.64,304.99,n,26.58,Low
25.38739,68.584,2026-08-22,922,2.2,336.12,295.4,n,24.49,Low
30.07782,72.41095,2026-08-22,924,5.66,338.8,292.54,n,28.58,Low
37.34826,97.40997,2026-08-22,2004,1.03,299.33,283.49,n,3.18,Low
35.98956,94.83291,2026-08-22,2004,1.45,298.28,277.92,n,2.91,Low
23.75426,85.85425,2026-08-22,2008,1.37,314.65,284.25,n,11.94,Low
20.86423,84.99176,2026-08-22,2008,1.15,305.53,284.32,n,6.71,Low
20.86481,84.9881,2026-08-22,2008,1.27,309.45,284.82,n,8.98,Low
20.87026,84.99661,2026-08-22,2008,1.75,305.12,285.6,n,6.93,Low
20.88578,84.98428,2026-08-22,2008,1.23,304.65,286.19,n,6.28,Low
20.94061,86.0614,2026-08-22,2008,0.62,305.0,276.55,n,6.02,Low
20.95027,86.04403,2026-08-22,2008,1.39,300.51,276.88,n,4.1,Low
20.96898,86.01307,2026-08-22,2008,2.65,319.71,280.53,n,15.72,Low
20.96958,86.00936,2026-08-22,2008,2.65,330.3,280.45,n,21.6,Low
20.9735,86.00627,2026-08-22,2008,1.39,304.37,278.98,n,6.25,Low
21.00038,86.02657,2026-08-22,2008,0.51,299.94,273.93,n,3.13,Low
22.00386,82.66874,2026-08-22,2008,1.93,310.8,278.79,n,10.23,Low
22.03203,83.36678,2026-08-22,2008,1.44,303.47,285.55,n,5.79,Low
22.03156,83.36552,2026-08-22,2008,1.15,308.14,285.71,n,8.16,Low
22.01341,83.75511,2026-08-22,2008,1.06,304.08,286.39,n,5.84,Low
22.06613,83.70398,2026-08-22,2008,1.05,312.11,286.88,n,10.29,Low
22.05333,85.46575,2026-08-22,2008,0.32,299.31,275.48,n,2.63,Low
22.21849,84.75478,2026-08-22,2008,0.71,306.41,283.8,n,6.87,Low
22.22124,84.75909,2026-08-22,2008,0.71,302.73,283.0,n,4.83,Low
22.57128,85.89787,2026-08-22,2008,1.74,311.38,289.7,n,10.4,Low
22.57247,85.89046,2026-08-22,2008,1.49,309.05,289.7,n,8.92,Low
22.57577,85.89106,2026-08-22,2008,1.53,308.49,290.06,n,8.64,Low
22.59049,85.90527,2026-08-22,2008,2.02,309.42,289.55,n,9.53,Low
22.6097,85.91267,2026-08-22,2008,1.21,309.26,282.62,n,8.83,Low
23.16562,82.3415,2026-08-22,2008,0.63,305.08,263.61,n,6.07,Low
22.78465,86.0052,2026-08-22,2008,0.64,304.08,284.43,n,5.52,Low
22.79791,86.09208,2026-08-22,2008,1.36,316.12,280.64,n,12.75,Low
22.808,86.08934,2026-08-22,2008,0.51,301.5,280.42,n,3.99,Low
22.792,86.20931,2026-08-22,2008,1.59,306.36,280.75,n,7.5,Low
22.79591,86.2062,2026-08-22,2008,0.85,303.11,279.63,n,5.14,Low
22.87344,86.06319,2026-08-22,2008,1.49,316.43,285.9,n,13.02,Low
24.66097,74.6322,2026-08-22,2008,1.35,303.48,289.72,n,5.72,Low
24.71618,75.953,2026-08-22,2008,0.56,302.53,287.47,n,4.6,Low
23.6631,85.00007,2026-08-22,2008,0.78,307.72,284.51,n,7.65,Low
23.66699,84.99687,2026-08-22,2008,0.78,305.87,284.1,n,6.62,Low
23.60973,85.67503,2026-08-22,2008,0.76,308.45,282.97,n,8.04,Low
23.64662,85.43901,2026-08-22,2008,0.88,314.18,281.11,n,11.32,Low
23.6472,85.43526,2026-08-22,2008,0.88,304.38,280.87,n,5.87,Low
23.64993,85.43962,2026-08-22,2008,0.53,303.86,281.64,n,5.32,Low
23.65051,85.43587,2026-08-22,2008,0.53,306.44,281.3,n,6.75,Low
23.71957,85.01024,2026-08-22,2008,0.74,308.24,282.87,n,7.91,Low
23.67462,85.32437,2026-08-22,2008,1.02,304.67,283.89,n,6.14,Low
23.65651,85.50643,2026-08-22,2008,0.8200000000000001,302.38,280.17,n,4.71,Low
23.73948,85.00904,2026-08-22,2008,1.92,310.65,285.88,n,10.13,Low
23.69452,85.36971,2026-08-22,2008,1.49,308.97,283.86,n,8.88,Low
23.71059,85.28751,2026-08-22,2008,0.8,308.75,280.99,n,8.24,Low
23.82228,84.57104,2026-08-22,2008,0.72,302.53,272.31,n,4.72,Low
23.82564,84.57165,2026-08-22,2008,0.72,302.04,273.03,n,4.45,Low
23.82765,84.92325,2026-08-22,2008,0.43,302.42,282.28,n,4.44,Low
23.74471,85.50642,2026-08-22,2008,0.62,307.52,284.25,n,7.42,Low
23.67667,86.08633,2026-08-22,2008,0.8300000000000001,308.2,279.07,n,7.96,Low
23.68147,86.0988,2026-08-22,2008,0.33,300.33,272.9,n,3.21,Low
23.68207,86.09506,2026-08-22,2008,0.33,304.46,271.19,n,5.5,Low
23.78123,85.57403,2026-08-22,2008,1.57,305.43,284.26,n,6.97,Low
23.78473,85.55153,2026-08-22,2008,0.47,303.07,281.53,n,4.84,Low
23.78804,85.55214,2026-08-22,2008,1.26,314.76,282.58,n,11.92,Low
28.66381,77.57708,2026-08-22,2008,1.14,314.6,288.43,n,11.74,Low
23.75485,85.8505,2026-08-22,2008,1.25,304.65,283.43,n,6.3,Low
23.75756,85.85487,2026-08-22,2008,1.37,312.65,284.12,n,10.83,Low
23.67349,86.40237,2026-08-22,2008,1.25,303.05,278.73,n,5.41,Low
23.6741,86.39861,2026-08-22,2008,1.47,304.95,279.27,n,6.63,Low
23.6774,86.39924,2026-08-22,2008,1.47,318.96,280.77,n,14.41,Low
23.67801,86.39548,2026-08-22,2008,1.47,313.67,280.63,n,11.47,Low
23.68131,86.39611,2026-08-22,2008,1.78,312.42,281.27,n,11.01,Low
23.68522,86.39298,2026-08-22,2008,2.79,318.66,280.76,n,15.24,Low
23.70707,86.44749,2026-08-22,2008,1.4,302.79,275.82,n,5.38,Low
23.71037,86.44811,2026-08-22,2008,1.4,316.07,277.41,n,12.76,Low
23.71462,86.42181,2026-08-22,2008,1.19,307.49,278.36,n,7.83,Low
23.71307,86.4525,2026-08-22,2008,1.28,314.36,274.01,n,11.72,Low
23.71368,86.44874,2026-08-22,2008,1.28,305.31,275.58,n,6.69,Low
23.7182,86.44186,2026-08-22,2008,1.76,306.47,277.84,n,7.69,Low
23.72453,86.4237,2026-08-22,2008,1.02,303.85,274.68,n,5.68,Low
23.77052,86.19984,2026-08-22,2008,0.5700000000000001,302.18,281.08,n,4.42,Low
23.77112,86.19609,2026-08-22,2008,0.5700000000000001,308.73,280.99,n,8.06,Low
23.73694,86.42928,2026-08-22,2008,2.38,308.1,282.51,n,9.06,Low
23.73633,86.43303,2026-08-22,2008,2.38,330.14,283.11,n,21.31,Low
23.77592,86.20858,2026-08-22,2008,1.6,303.47,281.17,n,5.91,Low
23.77922,86.20919,2026-08-22,2008,1.47,321.79,282.09,n,15.99,Low
23.75233,86.39735,2026-08-22,2008,0.95,305.3,281.57,n,6.43,Low
23.78252,86.20982,2026-08-22,2008,1.47,306.98,282.05,n,7.76,Low
23.75259,86.41676,2026-08-22,2008,1.47,310.5,284.06,n,9.71,Low
23.75772,86.40613,2026-08-22,2008,1.76,307.26,284.32,n,8.13,Low
23.75833,86.40237,2026-08-22,2008,1.76,321.39,285.21,n,15.98,Low
23.76224,86.39925,2026-08-22,2008,1.64,308.2,284.46,n,8.56,Low
23.76345,86.39174,2026-08-22,2008,2.08,307.6,284.56,n,8.56,Low
23.76163,86.403,2026-08-22,2008,2.89,325.95,285.26,n,19.36,Low
23.76554,86.39987,2026-08-22,2008,1.64,309.21,284.91,n,9.12,Low
23.76493,86.40363,2026-08-22,2008,2.89,327.37,285.66,n,20.15,Low
23.76823,86.40426,2026-08-22,2008,1.61,313.83,284.92,n,11.67,Low
23.7749,86.36295,2026-08-22,2008,2.66,322.61,284.94,n,17.33,Low
23.77457,86.38611,2026-08-22,2008,1.52,308.73,285.05,n,8.77,Low
23.78062,86.34858,2026-08-22,2008,2.08,315.53,284.61,n,12.97,Low
23.77727,86.39049,2026-08-22,2008,1.76,314.36,284.97,n,12.08,Low
23.77787,86.38673,2026-08-22,2008,2.2,312.67,284.99,n,11.47,Low
23.7803,86.37172,2026-08-22,2008,1.29,308.3,284.73,n,8.36,Low
23.78514,86.3417,2026-08-22,2008,1.08,309.47,284.94,n,8.85,Low
23.78057,86.39111,2026-08-22,2008,1.76,317.42,285.83,n,13.78,Low
23.66223,87.1543,2026-08-22,2008,1.5,310.48,267.81,n,9.73,Low
23.79383,86.35108,2026-08-22,2008,1.52,309.25,285.21,n,9.06,Low
23.66493,87.15879,2026-08-22,2008,0.19,298.22,265.75,n,1.93,Low
23.66556,87.15495,2026-08-22,2008,0.53,297.9,268.08,n,2.01,Low
23.79713,86.35172,2026-08-22,2008,2.06,318.21,285.52,n,14.44,Low
23.80076,86.32919,2026-08-22,2008,2.14,313.28,285.2,n,11.76,Low
23.80196,86.32169,2026-08-22,2008,3.01,327.12,285.89,n,20.1,Low
23.80466,86.32607,2026-08-22,2008,2.14,305.78,285.54,n,7.59,Low
23.80406,86.32982,2026-08-22,2008,2.14,334.6,287.18,n,23.61,Low
23.68862,87.11987,2026-08-22,2008,0.15,296.46,263.58,n,0.92,Low
23.69131,87.12435,2026-08-22,2008,0.16,295.39,264.22,n,0.34,Low
23.69195,87.12051,2026-08-22,2008,0.48,297.67,263.87,n,1.84,Low
23.6964,87.09367,2026-08-22,2008,0.29,297.41,264.68,n,1.56,Low
24.1144,86.86147,2026-08-22,2008,1.07,308.81,283.21,n,8.47,Low
24.11502,86.85769,2026-08-22,2008,1.07,307.86,282.2,n,7.95,Low
25.5415,91.23676,2026-08-22,2008,1.22,301.27,277.81,n,4.4,Low
28.34062,77.22081,2026-08-22,2008,0.35,299.75,275.94,n,2.9,Low
15.18365,76.66782,2026-08-22,2010,3.25,299.67,269.5,n,5.03,Low
15.17784,76.67703,2026-08-22,2010,2.83,302.6,271.96,n,6.34,Low
15.18495,76.66499,2026-08-22,2010,1.01,295.13,269.54,n,0.83,Low
15.18033,76.66441,2026-08-22,2010,1.2,296.01,270.58,n,1.46,Low
15.17907,76.67417,2026-08-22,2010,1.99,298.84,271.44,n,3.63,Low
21.109,72.63563,2026-08-22,2010,2.38,296.9,276.1,n,2.84,Low
21.10789,72.63438,2026-08-22,2010,1.56,297.41,276.62,n,2.51,Low
21.10257,72.63496,2026-08-22,2010,3.3,314.08,277.35,n,13.07,Low
21.10811,72.64683,2026-08-22,2010,1.89,299.65,276.31,n,4.0,Low
21.10692,72.64557,2026-08-22,2010,2.11,306.14,276.15,n,7.77,Low
21.10145,72.63374,2026-08-22,2010,2.52,312.46,278.17,n,11.59,Low
17.14179,77.18325,2026-08-22,2010,0.97,300.35,286.5,n,3.7,Low
10.08541,77.24478,2026-08-22,2012,1.5,316.57,289.35,n,13.11,Low
10.0821,77.23841,2026-08-22,2012,1.95,305.95,289.39,n,7.55,Low
9.63003,77.42585,2026-08-22,2012,0.75,299.48,270.94,n,3.05,Low
9.00172,80.64706,2026-08-22,2012,1.01,309.5,281.17,n,8.81,Low
8.55599,80.63945,2026-08-22,2012,0.71,303.77,269.28,n,5.4,Low
8.06492,80.76916,2026-08-22,2012,0.42,299.13,273.3,n,2.61,Low
8.06154,80.76864,2026-08-22,2012,4.08,336.76,274.31,n,26.26,Low
7.91703,81.22473,2026-08-22,2012,0.37,299.45,280.44,n,2.75,Low
7.90925,81.23074,2026-08-22,2012,0.31,301.02,281.8,n,3.58,Low
11.81559,77.91829,2026-08-22,2012,1.22,302.45,280.35,n,5.05,Low
10.68565,77.50634,2026-08-22,2012,1.55,316.98,292.29,n,13.37,Low
10.61528,77.4217,2026-08-22,2012,0.7000000000000001,309.99,292.12,n,8.85,Low
10.2395,77.21495,2026-08-22,2012,1.38,306.04,285.61,n,7.17,Low
10.93126,77.0644,2026-08-22,2012,0.62,306.28,289.45,n,6.73,Low
10.92703,77.06378,2026-08-22,2012,0.53,300.75,289.03,n,3.59,Low
6.59516,81.25749,2026-08-22,2014,3.59,337.62,282.28,n,26.37,Low
6.85888,81.5591,2026-08-22,2014,0.4,306.71,280.03,n,6.81,Low
7.00877,81.18748,2026-08-22,2014,0.91,299.81,275.77,n,3.35,Low
6.93446,81.59588,2026-08-22,2014,0.56,298.79,276.78,n,2.53,Low
6.81104,81.30546,2026-08-22,2014,1.46,310.87,277.41,n,9.91,Low
7.21913,81.1442,2026-08-22,2014,0.46,302.36,284.96,n,4.43,Low
7.01209,81.18801,2026-08-22,2014,1.6,317.06,277.21,n,13.46,Low
7.00823,81.19087,2026-08-22,2014,0.43,298.18,276.65,n,2.09,Low
6.96207,81.59312,2026-08-22,2014,1.71,320.4,277.46,n,15.39,Low
7.10348,80.99658,2026-08-22,2014,0.77,301.12,281.62,n,3.98,Low
6.939,80.96082,2026-08-22,2014,0.74,304.14,271.98,n,5.63,Low
6.93567,80.96031,2026-08-22,2014,0.54,295.53,270.9,n,0.7,Low
6.78544,81.53284,2026-08-22,2014,0.66,306.42,280.53,n,6.84,Low
6.81436,81.30598,2026-08-22,2014,1.46,317.36,278.17,n,13.52,Low
32.0888,74.16383,2026-08-22,2146,0.77,302.24,282.9,n,4.6,Low
28.42265,69.70271,2026-08-22,2148,1.24,306.25,293.81,n,7.18,Low
26.25974,74.09682,2026-08-22,2148,0.87,301.85,288.7,n,4.46,Low
24.66165,74.63514,2026-08-22,2148,1.61,301.51,288.82,n,4.82,Low
21.10465,72.63463,2026-08-22,2150,1.71,303.18,287.89,n,5.83,Low
21.1083,72.64712,2026-08-22,2150,1.43,305.07,288.17,n,6.67,Low
6.38365,81.1438,2026-08-23,716,6.25,330.47,284.67,n,24.39,Low
6.37194,81.33924,2026-08-23,716,12.65,347.15,286.21,n,38.46,Low
6.38213,81.1468,2026-08-23,716,6.68,333.25,285.36,n,26.26,Low
6.36817,81.33694,2026-08-23,716,14.47,328.48,285.99,n,29.45,Low
8.5725,80.62511,2026-08-23,718,10.15,331.61,286.57,n,27.95,Low
8.47523,80.67675,2026-08-23,718,5.61,332.86,287.79,n,25.24,Low
8.07671,80.76878,2026-08-23,718,14.65,344.09,279.93,n,38.26,Low
8.07786,80.77467,2026-08-23,718,14.89,333.38,279.72,n,32.49,Low
8.07391,80.77219,2026-08-23,718,18.56,354.43,281.55,n,46.94,Medium
8.99527,80.7809,2026-08-23,718,9.1,332.78,287.89,n,27.81,Low
7.80901,81.38439,2026-08-23,718,8.14,343.87,290.73,n,33.26,Low
7.80918,81.38655,2026-08-23,718,9.2,336.18,290.84,n,29.78,Low
7.30336,81.1138,2026-08-23,718,4.61,329.2,290.33,n,22.46,Low
7.35866,81.40395,2026-08-23,718,7.21,328.15,293.27,n,23.82,Low
7.34757,81.45149,2026-08-23,718,8.35,331.66,294.63,n,26.63,Low
7.34827,81.45456,2026-08-23,718,7.2,327.95,294.82,n,23.71,Low
7.32968,81.81718,2026-08-23,718,5.91,328.91,290.42,n,23.27,Low
7.32888,81.82094,2026-08-23,718,9.07,335.59,290.03,n,29.35,Low
7.30796,81.81413,2026-08-23,718,4.73,329.27,290.47,n,22.59,Low
8.78643,80.98024,2026-08-23,718,6.7,331.0,288.49,n,25.03,Low
6.98739,81.59515,2026-08-23,718,4.74,331.91,291.81,n,24.06,Low
6.7437000000000005,81.28638,2026-08-23,718,10.99,336.34,291.35,n,31.21,Low
6.73045,81.28866,2026-08-23,718,9.77,333.87,292.41,n,28.92,Low
6.71637,81.49741,2026-08-23,718,5.16,327.59,289.92,n,21.98,Low
24.07692,96.54836,2026-08-23,722,5.15,328.57,286.08,n,22.51,Low
24.07321,96.04733,2026-08-23,722,4.17,332.14,287.37,n,23.76,Low
24.07573,96.04757,2026-08-23,722,4.06,339.63,287.67,n,27.84,Low
23.67774,86.39987,2026-08-23,722,6.8100000000000005,333.05,295.05,l,26.25,Low
23.68413,86.3939,2026-08-23,722,6.14,334.02,294.75,l,26.28,Low
23.71326,86.45322,2026-08-23,722,7.52,334.56,295.7,l,27.62,Low
23.76439,86.40546,2026-08-23,722,9.11,337.61,295.16,l,30.5,Low
25.70774,93.52971,2026-08-23,722,3.21,330.99,289.44,n,22.4,Low
26.96694,90.04264,2026-08-23,722,1.8,325.3,273.84,n,18.18,Low
26.96781,89.97786,2026-08-23,722,3.79,339.06,272.36,n,27.32,Low
28.90347,89.5985,2026-08-23,722,3.41,331.37,300.18,n,22.76,Low
29.24969,88.8512,2026-08-23,722,3.49,338.83,299.31,n,26.97,Low
29.25687,88.85385,2026-08-23,722,4.48,337.9,298.97,n,27.19,Low
29.22488,88.35183,2026-08-23,722,2.99,330.47,304.2,l,21.95,Low
29.45837,76.8635,2026-08-23,724,4.4,335.25,289.51,n,25.66,Low
7.93745,81.35905,2026-08-23,858,6.03,331.44,282.48,n,24.77,Low
7.93791,81.36346,2026-08-23,858,6.32,332.71,282.91,n,25.69,Low
8.20317,79.9137,2026-08-23,858,9.28,338.28,282.14,n,31.0,Low
8.43758,80.66031,2026-08-23,858,10.95,335.86,288.19,n,30.91,Low
8.60119,77.89647,2026-08-23,858,3.94,336.19,297.6,n,25.84,Low
9.11287,77.61896,2026-08-23,858,1.9,331.28,297.74,n,21.58,Low
9.40167,78.73985,2026-08-23,858,4.17,338.39,292.39,n,27.23,Low
9.33903,77.85733,2026-08-23,858,3.16,333.04,296.88,n,23.5,Low
9.30156,77.52041,2026-08-23,858,2.15,337.02,298.79,n,24.96,Low
9.75798,77.86183,2026-08-23,858,4.86,333.4,290.13,n,24.98,Low
7.30424,81.11216,2026-08-23,858,5.52,330.98,295.21,n,24.13,Low
6.43755,81.07249,2026-08-23,858,5.15,326.26,275.03,n,21.23,Low
7.18133,81.19161,2026-08-23,858,5.51,334.1,287.27,n,25.85,Low
7.3016,81.11191,2026-08-23,858,3.86,328.46,294.0,n,21.48,Low
7.42141,81.16647,2026-08-23,858,3.34,332.98,293.49,n,23.61,Low
30.39994,73.71344,2026-08-23,905,4.05,344.3,293.14,n,30.43,Low
30.50964,72.80186,2026-08-23,905,1.56,330.7,293.55,n,21.0,Low
30.45492,72.11394,2026-08-23,905,4.82,330.65,293.73,n,23.42,Low
31.00338,72.18047,2026-08-23,905,3.01,338.92,293.04,n,26.66,Low
31.40315,72.50063,2026-08-23,905,2.43,333.35,292.06,n,23.13,Low
29.45934,76.86684,2026-08-23,1947,3.52,311.09,280.2,n,11.58,Low
29.45968,76.85906,2026-08-23,1947,2.79,307.01,279.1,n,8.76,Low
29.45605,76.86481,2026-08-23,1947,4.86,326.44,279.86,n,21.11,Low
35.98909,94.83257,2026-08-23,1947,0.81,295.22,283.08,n,0.73,Low
35.98978,94.82835,2026-08-23,1947,0.81,299.61,285.5,n,3.17,Low
37.34708,97.41191,2026-08-23,1947,0.43,300.18,287.42,n,3.2,Low
23.68479,86.39607,2026-08-23,1949,1.98,308.93,286.78,n,9.22,Low
22.37808,87.27902,2026-08-23,1949,6.18,335.54,287.71,n,27.16,Low
22.38041,87.28827,2026-08-23,1949,2.54,307.22,285.8,n,8.69,Low
22.37646,87.2821,2026-08-23,1949,3.46,311.21,286.62,n,11.6,Low
22.37705,87.27776,2026-08-23,1949,3.46,331.69,287.58,n,22.98,Low
22.37884,87.29135,2026-08-23,1949,1.24,304.28,286.06,n,6.09,Low
22.37943,87.28702,2026-08-23,1949,1.24,304.16,286.03,n,6.02,Low
23.67103,86.11588,2026-08-23,1949,1.63,308.29,276.87,n,8.61,Low
23.675,86.08497,2026-08-23,1949,0.74,311.06,262.8,n,9.48,Low
23.67659,86.3998,2026-08-23,1949,3.66,319.75,287.62,n,16.5,Low
23.67725,86.39486,2026-08-23,1949,1.95,309.09,287.15,n,9.29,Low
23.68102,86.39546,2026-08-23,1949,1.95,308.42,287.08,n,8.92,Low
23.68546,86.39105,2026-08-23,1949,1.98,315.22,287.03,n,12.72,Low
23.67588,86.40126,2026-08-23,1949,1.83,314.16,287.11,n,12.02,Low
23.67651,86.3963,2026-08-23,1949,1.83,313.29,287.7,n,11.53,Low
23.68028,86.39692,2026-08-23,1949,1.83,310.89,286.89,n,10.2,Low
23.68469,86.39252,2026-08-23,1949,4.18,319.99,287.19,n,17.02,Low
23.70849,86.44699,2026-08-23,1949,1.32,306.06,284.37,n,7.13,Low
23.71161,86.45256,2026-08-23,1949,2.32,316.85,284.65,n,13.88,Low
23.71226,86.44759,2026-08-23,1949,1.32,304.5,284.46,n,6.27,Low
23.71483,86.4277,2026-08-23,1949,1.37,303.14,282.95,n,5.55,Low
23.71547,86.42276,2026-08-23,1949,1.37,309.67,284.04,n,9.18,Low
23.71666,86.44323,2026-08-23,1949,2.41,307.55,284.24,n,8.78,Low
23.71924,86.42335,2026-08-23,1949,0.68,302.48,282.02,n,4.67,Low
23.69247,87.10574,2026-08-23,1949,1.4,304.11,286.05,n,6.11,Low
23.69184,87.11031,2026-08-23,1949,2.47,304.34,286.12,n,7.04,Low
23.77302,86.36568,2026-08-23,1949,2.7,319.44,286.74,n,15.6,Low
23.76398,86.40508,2026-08-23,1949,3.24,320.1,286.71,n,16.37,Low
23.76086,86.39946,2026-08-23,1949,3.24,312.32,286.91,n,12.05,Low
23.7507,86.41822,2026-08-23,1949,3.23,311.61,286.58,n,11.65,Low
23.73744,86.43132,2026-08-23,1949,3.36,315.58,283.11,n,13.95,Low
23.73679,86.43628,2026-08-23,1949,0.7000000000000001,301.72,280.07,n,4.26,Low
23.72484,86.43946,2026-08-23,1949,1.33,305.83,284.04,n,7.01,Low
23.72365,86.41901,2026-08-23,1949,1.4,304.57,284.1,n,6.37,Low
23.72301,86.42394,2026-08-23,1949,0.68,302.85,283.39,n,4.87,Low
23.68946,87.10056,2026-08-23,1949,1.4,303.81,285.44,n,5.94,Low
23.77992,86.37187,2026-08-23,1949,2.64,307.54,286.83,n,8.95,Low
23.77368,86.36065,2026-08-23,1949,2.7,305.88,285.7,n,8.07,Low
25.03607,87.38985,2026-08-23,1949,0.78,300.94,276.37,n,3.88,Low
24.11867,86.86238,2026-08-23,1949,1.2,304.73,283.7,n,6.31,Low
24.11497,86.86179,2026-08-23,1949,1.2,315.04,284.19,n,12.03,Low
23.79316,86.35529,2026-08-23,1949,3.48,302.79,285.79,n,6.94,Low
23.6977,87.09478,2026-08-23,1949,2.05,303.2,287.02,n,6.09,Low
23.69225,87.10797,2026-08-23,1949,3.18,302.31,286.2,n,6.45,Low
23.79394,86.35359,2026-08-23,1949,3.37,310.56,285.98,n,11.17,Low
22.04995,88.12524,2026-08-23,1949,0.97,300.72,274.65,n,3.91,Low
22.05338,88.12582,2026-08-23,1949,0.97,312.77,274.86,n,10.6,Low
22.24415,87.38719,2026-08-23,1949,2.84,316.48,289.59,n,14.06,Low
22.36347,87.01639,2026-08-23,1949,1.1,307.08,281.28,n,7.54,Low
22.36707,87.01698,2026-08-23,1949,1.1,305.19,280.79,n,6.49,Low
22.35846,87.28915,2026-08-23,1949,3.44,315.8,289.23,n,14.14,Low
22.36435,87.29896,2026-08-23,1949,3.59,320.25,289.13,n,16.72,Low
17.6089,83.2031,2026-08-23,1951,2.51,312.06,285.59,n,11.36,Low
11.1382,77.34947,2026-08-23,1951,0.63,295.69,265.86,n,0.86,Low
17.60466,83.20252,2026-08-23,1951,1.86,308.79,284.47,n,9.06,Low
7.27776,81.28109,2026-08-23,1953,1.23,306.72,287.4,n,7.43,Low
10.07149,77.25207,2026-08-23,1953,2.47,301.66,276.97,n,5.55,Low
10.07236,77.25639,2026-08-23,1953,1.63,313.63,276.72,n,11.57,Low
10.07274,77.25336,2026-08-23,1953,1.63,313.23,276.82,n,11.35,Low
10.0711,77.255,2026-08-23,1953,1.65,318.01,277.2,n,14.02,Low
10.07071,77.25803,2026-08-23,1953,1.65,298.24,276.35,n,3.04,Low
7.09819,81.07236,2026-08-23,1953,2.2,303.83,282.86,n,6.56,Low
7.09879,81.06809,2026-08-23,1953,2.99,326.48,282.59,n,19.73,Low
7.22024,81.14927,2026-08-23,1953,1.48,304.43,280.97,n,6.35,Low
7.16669,81.71954,2026-08-23,1953,0.84,302.1,277.31,n,4.57,Low
7.09829,81.06927,2026-08-23,1953,2.8,328.06,282.99,n,20.47,Low
7.27879,81.28441,2026-08-23,1953,1.21,304.32,287.87,n,6.09,Low
6.73874,81.20061,2026-08-23,1953,0.89,302.52,275.04,n,4.85,Low
7.0567,81.00087,2026-08-23,1953,1.89,324.92,288.11,n,18.04,Low
7.0977,81.07322,2026-08-23,1953,1.21,301.64,283.16,n,4.6,Low
27.66743,76.13509,2026-08-23,2127,0.76,303.8,288.75,n,5.46,Low
31.26044,76.92447,2026-08-23,2127,1.21,303.03,289.55,n,5.37,Low
29.35946,76.95735,2026-08-23,2127,0.77,305.21,288.28,n,6.25,Low
33.5474,71.55044,2026-08-23,2127,1.1,307.58,296.19,n,7.81,Low
33.29773,71.18772,2026-08-23,2127,1.22,309.52,294.72,n,8.98,Low
32.88889,71.6182,2026-08-23,2127,2.84,320.66,297.89,n,16.39,Low
31.25972,76.92417,2026-08-23,2127,1.06,303.56,289.44,n,5.55,Low
32.29051,70.73896,2026-08-23,2127,0.6900000000000001,297.42,275.97,n,1.86,Low
29.45798,76.88937,2026-08-23,2127,1.17,307.07,286.24,n,7.58,Low
29.45706,76.87043,2026-08-23,2127,3.77,345.96,287.56,n,31.14,Low
29.45788,76.86697,2026-08-23,2127,2.77,309.22,287.34,n,9.98,Low
28.425,69.69938,2026-08-23,2129,1.53,315.86,294.06,n,12.74,Low
24.68984,73.00451,2026-08-23,2129,1.64,307.66,291.76,n,8.26,Low
16.7534,74.28566000000001,2026-08-23,2131,0.63,301.79,282.91,n,4.24,Low
20.96418,94.86232,2026-08-24,701,1.74,333.63,291.78,n,22.77,Low
29.66766,91.91384,2026-08-24,703,2.43,329.32,292.36,n,20.89,Low
29.08405,88.01155,2026-08-24,703,4.66,330.14,304.52,n,23.02,Low
31.99853,78.5369,2026-08-24,705,4.85,333.62,298.58,n,25.09,Low
7.44249,81.39476,2026-08-24,837,2.24,330.5,293.64,n,21.4,Low
7.31644,81.84643,2026-08-24,837,2.89,339.07,291.41,n,26.65,Low
7.30441,81.79688,2026-08-24,837,2.08,332.84,290.93,n,22.58,Low
7.16641,80.96938,2026-08-24,837,20.36,354.16,294.2,n,48.14,Medium
7.16158,80.97058,2026-08-24,837,22.92,367.0,298.01,h,57.19,Medium
7.15662,80.97082,2026-08-24,837,22.92,352.63,295.98,n,49.21,Medium
7.16425,80.96798,2026-08-24,837,15.32,350.82,296.84,n,42.5,Medium
7.1649,80.97253,2026-08-24,837,15.32,343.27,296.97,n,38.31,Low
7.15935,80.96866,2026-08-24,837,15.32,339.98,294.89,n,36.48,Low
7.16001,80.97327,2026-08-24,837,15.32,341.89,294.59,n,37.54,Low
7.16668,81.01984,2026-08-24,837,4.18,330.62,295.18,n,22.92,Low
7.15503,80.97341,2026-08-24,837,13.5,345.3,294.49,n,38.07,Low
6.85608,81.75537,2026-08-24,837,17.37,354.45,292.1,n,46.06,Medium
6.79838,81.44492,2026-08-24,837,5.18,332.22,290.14,n,24.56,Low
6.71762,81.08398,2026-08-24,837,7.81,336.16,289.92,n,28.72,Low
6.74807,81.51759,2026-08-24,837,2.92,332.68,291.31,n,23.12,Low
7.32001,81.79483,2026-08-24,837,5.67,351.6,290.42,n,35.7,Low
6.52771,81.11231,2026-08-24,837,4.55,332.84,294.46,n,24.43,Low
7.30329,81.19003,2026-08-24,837,9.89,338.57,293.6,n,31.62,Low
7.38769,81.77917,2026-08-24,837,5.9,351.78,291.45,n,35.97,Low
7.34063,81.42898,2026-08-24,837,2.2,330.92,292.17,n,21.61,Low
9.61047,80.29727,2026-08-24,839,3.54,338.24,296.02,n,26.68,Low
7.69291,81.59333,2026-08-24,839,3.38,335.54,289.91,n,25.06,Low
7.88901,80.67115,2026-08-24,839,6.95,343.1,290.9,n,31.93,Low
8.01478,80.62977,2026-08-24,839,4.21,330.11,289.11,n,22.66,Low
8.01957,80.31305,2026-08-24,839,6.13,342.68,289.59,n,31.09,Low
8.30899,80.57829,2026-08-24,839,4.19,332.05,288.19,n,23.73,Low
8.49439,80.82851,2026-08-24,839,15.6,341.74,287.07,n,37.67,Low
8.56913,80.77627,2026-08-24,839,6.43,337.4,288.92,n,28.38,Low
8.61324,80.83712,2026-08-24,839,26.33,356.02,283.41,n,53.65,Medium
8.61819,80.8364,2026-08-24,839,26.33,334.97,281.66,n,41.95,Medium
8.56977,80.46552,2026-08-24,839,9.45,338.31,286.46,n,31.15,Low
8.62935,80.6543,2026-08-24,839,11.03,331.68,288.33,n,28.65,Low
8.62862,80.64883,2026-08-24,839,10.64,340.74,288.93,n,33.39,Low
8.92843,80.69376,2026-08-24,839,7.31,340.86,290.6,n,30.96,Low
8.92972,80.69118,2026-08-24,839,9.03,339.81,287.48,n,31.67,Low
8.86875,78.15804,2026-08-24,839,5.2,341.5,289.45,n,29.73,Low
8.86698,78.08605,2026-08-24,839,3.33,332.97,286.72,n,23.59,Low
9.4129,80.40137,2026-08-24,839,12.45,341.51,294.88,n,35.18,Low
9.41015,80.39861,2026-08-24,839,11.22,349.18,295.47,n,38.52,Low
9.42267,80.38055,2026-08-24,839,3.37,330.97,293.91,n,22.51,Low
9.61269,80.30055,2026-08-24,839,1.85,334.09,294.89,n,23.1,Low
16.55141,82.59755,2026-08-24,841,7.24,347.47,279.29,n,34.58,Low
31.51264,72.28911,2026-08-24,845,7.14,335.05,301.76,n,27.61,Low
31.40357,72.55518000000001,2026-08-24,845,3.16,338.43,299.32,n,26.5,Low
31.08036,74.34518,2026-08-24,845,2.38,332.85,297.56,n,22.81,Low
30.80869,71.99914,2026-08-24,845,6.94,339.51,300.96,n,29.93,Low
30.89104,73.20267,2026-08-24,845,9.8,332.43,306.76,l,28.14,Low
30.63301,73.60488,2026-08-24,845,1.26,331.62,298.88,n,21.29,Low
30.4505,74.18115,2026-08-24,845,4.16,332.79,297.29,n,24.11,Low
29.95974,72.17165,2026-08-24,845,3.61,336.35,300.78,n,25.68,Low
28.42584,69.70153,2026-08-24,845,3.88,333.73,303.62,n,24.43,Low
32.88841,71.6194,2026-08-24,845,3.56,332.27,305.94,l,23.38,Low
29.08693,88.00976,2026-08-24,1928,1.73,296.87,278.34,n,2.34,Low
22.58779,85.89744,2026-08-24,1930,1.66,301.86,286.83,n,5.06,Low
27.37654,95.08727,2026-08-24,1930,1.51,307.83,286.2,n,8.26,Low
23.55243,87.23839,2026-08-24,1930,2.3,302.43,275.19,n,5.85,Low
22.86855,86.05769,2026-08-24,1930,0.98,301.01,286.9,n,4.07,Low
22.58832,85.90031,2026-08-24,1930,1.24,303.06,286.7,n,5.41,Low
22.58314,85.89967,2026-08-24,1930,1.24,302.78,286.6,n,5.25,Low
22.56736,85.89178,2026-08-24,1930,1.65,306.82,286.55,n,7.8,Low
22.37227,87.27415,2026-08-24,1930,5.77,325.21,288.95,n,21.11,Low
22.3605,87.29447,2026-08-24,1930,3.51,314.52,288.5,n,13.48,Low
22.36139,87.01068,2026-08-24,1930,3.56,308.79,289.02,n,10.33,Low
22.36172,87.01392,2026-08-24,1930,2.67,310.09,288.97,n,10.39,Low
7.64049,80.96828,2026-08-24,1934,0.87,304.64,289.47,n,6.01,Low
7.2735,81.28102,2026-08-24,1936,0.8200000000000001,304.67,289.37,n,5.99,Low
33.85027,72.87061,2026-08-24,2108,1.01,307.87,296.18,n,7.91,Low
33.90289,71.91724,2026-08-24,2108,1.75,309.84,296.82,n,9.56,Low
33.90868,71.46279,2026-08-24,2108,0.66,306.75,296.36,n,7.02,Low
33.68822,72.71246,2026-08-24,2108,1.55,313.03,295.85,n,11.18,Low
33.54464,71.54842,2026-08-24,2108,0.6900000000000001,311.57,297.55,n,9.72,Low
33.29536,71.18689,2026-08-24,2108,0.78,314.36,297.94,n,11.34,Low
37.30453,77.71964,2026-08-24,2108,0.99,305.03,281.26,n,6.31,Low
37.30347,77.71786,2026-08-24,2108,0.81,301.96,281.16,n,4.47,Low
31.25866,76.92591,2026-08-24,2110,1.06,304.88,290.63,n,6.28,Low
32.08799,74.16105,2026-08-24,2110,1.38,309.75,297.87,n,9.23,Low
32.10258,74.17775,2026-08-24,2110,1.18,313.6,297.89,n,11.22,Low
32.57596,72.56307,2026-08-24,2110,2.72,317.37,299.84,n,14.47,Low
32.88977,71.61715,2026-08-24,2110,2.53,324.91,300.33,n,18.51,Low
32.71789,72.77715,2026-08-24,2110,0.6000000000000001,307.23,296.25,n,7.24,Low
25.94131,72.19123,2026-08-24,2110,1.76,311.79,295.8,n,10.65,Low
26.25756,74.09525,2026-08-24,2110,1.39,308.52,293.4,n,8.55,Low
26.87662,73.51538,2026-08-24,2110,1.23,307.36,294.83,n,7.79,Low
28.42683,69.69943,2026-08-24,2110,1.17,316.43,297.34,n,12.78,Low
29.45879,76.8923,2026-08-24,2110,2.12,303.48,287.77,n,6.3,Low
32.28942,70.74173,2026-08-24,2110,2.64,310.18,297.47,n,10.41,Low
32.29401,70.73388,2026-08-24,2110,2.41,312.37,298.06,n,11.46,Low
22.34174,69.87002,2026-08-24,2112,1.78,322.14,292.79,n,16.41,Low
22.93641,69.69853,2026-08-24,2112,2.55,325.35,295.02,n,18.77,Low
22.3408,69.85459,2026-08-24,2112,1.87,305.94,294.23,n,7.48,Low
22.92933,70.10716,2026-08-24,2112,1.04,313.68,294.86,n,11.16,Low
23.05546,69.99567,2026-08-24,2112,0.63,308.71,294.75,n,8.09,Low
23.10639,70.1897,2026-08-24,2112,0.54,306.28,295.39,n,6.67,Low
25.38534,68.57845,2026-08-24,2112,2.22,316.67,295.13,n,13.7,Low
24.68826,72.99875,2026-08-24,2112,1.05,309.39,290.77,n,8.78,Low
24.8168,73.0893,2026-08-24,2112,0.76,306.65,290.19,n,7.04,Low
21.11144,72.63482,2026-08-24,2112,2.9,311.12,293.41,n,11.13,Low
22.93583,69.70226,2026-08-24,2112,3.69,321.57,295.22,n,17.53,Low
21.1091,72.64789,2026-08-24,2112,3.01,309.92,293.66,n,10.55,Low
21.10552,72.64716,2026-08-24,2112,10.73,337.64,295.31,n,31.74,Low
21.10352,72.63773,2026-08-24,2112,9.49,330.98,293.45,n,27.11,Low
23.3162,70.48951,2026-08-24,2112,1.26,309.1,295.62,n,8.78,Low
23.25788,70.26331,2026-08-24,2112,0.65,307.92,295.12,n,7.67,Low
23.2488,69.87011,2026-08-24,2112,0.8200000000000001,307.12,295.5,n,7.35,Low
20.91151,71.45895,2026-08-24,2112,1.54,310.03,293.19,n,9.5,Low
20.35698,72.95097,2026-08-24,2112,2.0,301.25,288.29,n,4.97,Low
22.34504,69.87063,2026-08-24,2112,1.78,323.05,292.53,n,16.92,Low
22.93312,69.69794,2026-08-24,2112,2.55,324.97,295.2,n,18.56,Low
18.68346,73.03221,2026-08-24,2114,1.88,304.3,288.14,n,6.58,Low
18.68722,73.03297,2026-08-24,2114,1.88,305.75,288.63,n,7.38,Low
28.49712,97.02263,2026-08-25,644,4.41,332.53,295.64,n,24.16,Low
28.49912,97.02243,2026-08-25,644,5.91,332.25,295.98,n,25.13,Low
29.69793,91.15185,2026-08-25,646,3.79,325.94,296.97,l,20.03,Low
29.68351,91.14562,2026-08-25,646,14.14,348.33,300.22,n,40.23,Medium
29.66602,91.18839,2026-08-25,646,4.17,325.57,292.84,n,20.11,Low
8.17185,80.48933,2026-08-25,820,5.88,337.53,291.39,n,28.04,Low
8.22376,79.9154,2026-08-25,820,8.69,335.11,289.18,n,28.8,Low
6.62764,81.1975,2026-08-25,820,6.36,348.58,301.61,n,34.54,Low
6.6325,81.20537,2026-08-25,820,22.55,350.36,301.65,n,47.67,Medium
6.73775,81.53931,2026-08-25,820,3.99,332.76,295.47,n,23.97,Low
6.70154,81.22091,2026-08-25,820,7.97,353.96,301.2,n,38.73,Low
6.70091,81.21671,2026-08-25,820,5.69,340.74,301.17,n,29.68,Low
6.72609,81.36019,2026-08-25,820,6.66,343.27,298.05,n,31.81,Low
6.70517,81.22038,2026-08-25,820,7.97,342.63,300.01,n,32.44,Low
6.70454,81.21617,2026-08-25,820,5.69,347.56,298.45,n,33.47,Low
6.70943,81.22404,2026-08-25,820,5.82,346.17,297.47,n,32.79,Low
6.7088,81.21983,2026-08-25,820,5.82,331.02,296.52,n,24.38,Low
6.70817,81.21564,2026-08-25,820,3.26,332.43,298.38,n,23.24,Low
6.72541,81.36154,2026-08-25,820,6.46,336.4,298.46,n,27.84,Low
6.70529,81.22145,2026-08-25,820,8.62,334.79,297.94,n,28.57,Low
6.70469,81.21725,2026-08-25,820,6.58,352.33,299.65,n,36.78,Low
6.70953,81.22513,2026-08-25,820,8.62,340.38,298.2,n,31.68,Low
6.7083200000000005,81.21671,2026-08-25,820,6.58,336.35,297.73,n,27.91,Low
6.74745,81.38467,2026-08-25,820,9.27,338.5,295.52,n,31.12,Low
6.76355,81.4702,2026-08-25,820,3.69,337.33,296.39,n,26.28,Low
6.75111,81.38413,2026-08-25,820,4.68,332.28,293.89,n,24.22,Low
6.7767,81.53517,2026-08-25,820,6.92,343.23,300.37,n,31.98,Low
6.79162,81.55989,2026-08-25,820,9.54,350.53,300.59,n,38.0,Low
6.75276,81.09026,2026-08-25,820,6.7,340.77,295.73,n,30.45,Low
6.8122,81.16679,2026-08-25,820,3.79,337.27,296.7,n,26.33,Low
6.81303,81.1674,2026-08-25,820,4.76,333.67,295.9,n,25.05,Low
6.88819,81.66446,2026-08-25,820,3.5700000000000003,337.67,297.83,n,26.38,Low
6.86466,81.47404,2026-08-25,820,6.06,340.1,298.21,n,29.6,Low
6.86836,81.47356,2026-08-25,820,6.06,341.88,297.47,n,30.59,Low
6.87965,81.52573,2026-08-25,820,6.91,338.09,299.5,n,29.12,Low
6.87901,81.52132,2026-08-25,820,6.91,337.32,299.21,n,28.69,Low
6.88335,81.52519,2026-08-25,820,6.91,337.45,298.35,n,28.77,Low
6.88271,81.52078,2026-08-25,820,6.91,336.86,299.0,n,28.44,Low
6.87135,81.44212,2026-08-25,820,2.2,331.31,296.26,n,21.82,Low
6.90784,81.4859,2026-08-25,820,56.74,339.31,298.22,n,67.17,Medium
6.91892,81.48431,2026-08-25,820,2.34,330.33,294.76,n,21.38,Low
6.99311,81.48762,2026-08-25,820,3.08,332.26,297.78,n,23.01,Low
6.99681,81.48708,2026-08-25,820,16.58,340.92,298.24,n,37.95,Low
6.9783,81.33369,2026-08-25,820,5.87,342.41,294.87,n,30.74,Low
7.00675,81.50349,2026-08-25,820,3.8,335.27,297.38,n,25.22,Low
6.98196,81.33311,2026-08-25,820,12.19,340.19,295.01,n,34.25,Low
7.01044,81.50293,2026-08-25,820,3.8,337.65,297.62,n,26.54,Low
7.10648,81.71599,2026-08-25,820,6.16,344.34,297.64,n,32.03,Low
7.10736,81.71725,2026-08-25,820,4.59,333.35,295.75,n,24.75,Low
7.10673,81.71281,2026-08-25,820,5.72,337.37,297.25,n,27.83,Low
7.29373,81.78432,2026-08-25,820,5.05,337.62,298.18,n,27.47,Low
7.29306,81.77975,2026-08-25,820,5.51,340.33,299.06,n,29.32,Low
7.30826,81.85727,2026-08-25,820,2.31,332.35,294.62,n,22.48,Low
7.30556,81.83883,2026-08-25,820,3.69,339.33,294.58,n,27.4,Low
7.29885,81.79293,2026-08-25,820,7.42,336.01,297.82,n,28.35,Low
7.2975,81.78377,2026-08-25,820,5.05,339.7,297.17,n,28.62,Low
7.29684,81.77921,2026-08-25,820,5.51,336.78,296.96,n,27.34,Low
7.28552,81.70193,2026-08-25,820,1.86,330.33,294.56,n,21.02,Low
7.3017,81.75987,2026-08-25,820,3.31,336.92,296.28,n,25.77,Low
7.3149,81.8234,2026-08-25,820,3.82,338.03,294.81,n,26.77,Low
7.3126,81.7816,2026-08-25,820,7.74,344.96,298.26,n,33.56,Low
7.32867,81.81205,2026-08-25,820,4.57,333.14,294.22,n,24.62,Low
7.3246,81.78455,2026-08-25,820,5.04,337.46,297.8,n,27.37,Low
7.32906,81.78858,2026-08-25,820,8.69,342.36,297.65,n,32.83,Low
7.33148,81.7789,2026-08-25,820,5.32,333.8,298.87,n,25.55,Low
7.329,81.81437,2026-08-25,820,6.33,336.95,294.42,n,28.05,Low
7.3251,81.78683,2026-08-25,820,8.5,338.15,298.35,n,30.35,Low
7.32252,81.76852,2026-08-25,820,5.16,337.87,297.51,n,27.69,Low
7.32953,81.79086,2026-08-25,820,9.32,346.5,296.65,n,35.6,Low
7.33417,81.45088,2026-08-25,820,7.83,336.54,293.93,n,28.95,Low
7.28824,81.13609,2026-08-25,820,7.17,339.35,298.74,n,30.02,Low
7.29552,81.13499,2026-08-25,820,4.34,331.24,298.72,n,23.39,Low
7.36624,81.2598,2026-08-25,820,12.49,354.22,297.6,n,42.27,Medium
7.36528,81.26039,2026-08-25,820,12.2,340.56,295.47,n,34.46,Low
7.36896,81.25998,2026-08-25,820,12.2,348.81,298.59,n,39.04,Low
7.42791,81.59241,2026-08-25,820,4.09,335.72,292.94,n,25.69,Low
7.44835,81.68165,2026-08-25,820,2.9,333.83,291.96,n,23.75,Low
7.41669,81.25322,2026-08-25,820,5.13,342.01,299.11,n,29.96,Low
7.42036,81.25268,2026-08-25,820,5.13,341.33,299.73,n,29.59,Low
7.44073,81.28928,2026-08-25,820,3.29,338.06,297.59,n,26.39,Low
7.46413,81.39714,2026-08-25,820,2.9,331.61,294.63,n,22.51,Low
7.4673,81.31651,2026-08-25,820,4.67,343.85,298.7,n,30.64,Low
7.48079,81.02785,2026-08-25,820,9.52,335.73,287.46,n,29.77,Low
7.48018,81.02367,2026-08-25,820,7.84,332.9,289.81,n,26.94,Low
7.57043,81.61926,2026-08-25,820,3.22,336.86,292.75,n,25.67,Low
7.54853,81.36391,2026-08-25,820,2.63,338.36,297.0,n,26.06,Low
7.57716,81.40447,2026-08-25,820,9.06,335.59,295.53,n,29.34,Low
7.57651,81.40005,2026-08-25,820,9.06,349.09,296.72,n,36.84,Low
7.63762,80.98406,2026-08-25,820,11.88,348.83,289.92,n,38.82,Low
7.637,80.97987,2026-08-25,820,11.88,349.1,290.6,n,38.97,Low
7.63637,80.97568,2026-08-25,820,5.47,338.61,290.12,n,28.33,Low
8.33228,81.02814,2026-08-25,820,5.71,336.9,289.01,n,27.56,Low
8.3507,80.67214,2026-08-25,820,3.94,330.59,289.59,n,22.73,Low
8.35207,80.67225,2026-08-25,820,6.02,338.64,290.08,n,28.76,Low
8.29243,80.20691,2026-08-25,820,11.89,348.62,287.69,n,38.71,Low
8.47277,81.33554,2026-08-25,820,9.87,334.73,282.25,n,29.47,Low
8.37075,80.59804,2026-08-25,820,3.91,338.74,291.28,n,27.23,Low
8.35752,80.23368,2026-08-25,820,7.87,344.91,287.66,n,33.63,Low
8.36105,80.23316,2026-08-25,820,3.9,334.08,288.27,n,24.64,Low
8.44847,80.80316,2026-08-25,820,4.05,335.04,284.12,n,25.28,Low
8.42033,80.56149,2026-08-25,820,5.89,339.71,289.5,n,29.26,Low
8.42392,80.56097,2026-08-25,820,10.47,342.91,290.88,n,34.47,Low
8.41851,80.52428,2026-08-25,820,3.76,335.59,290.38,n,25.37,Low
8.4179,80.5202,2026-08-25,820,1.09,334.3,287.87,n,22.65,Low
8.47545,80.57486,2026-08-25,820,3.83,334.97,291.24,n,25.08,Low
8.44372,80.35572,2026-08-25,820,11.18,339.94,291.17,n,33.35,Low
8.44314,80.35169,2026-08-25,820,5.12,331.81,290.04,n,24.29,Low
8.52601,80.82277,2026-08-25,820,4.38,333.46,290.21,n,24.65,Low
8.53026,80.82647,2026-08-25,820,4.38,336.45,287.83,n,26.31,Low
8.52343,80.70296,2026-08-25,820,2.65,330.42,287.42,n,21.67,Low
8.59756,80.82961,2026-08-25,820,4.69,333.91,284.88,n,25.13,Low
8.57438,80.56564,2026-08-25,820,4.5,343.12,289.7,n,30.11,Low
8.58405,80.45564,2026-08-25,820,2.8,332.59,289.38,n,22.98,Low
8.56757,80.34253,2026-08-25,820,3.72,334.74,287.91,n,24.87,Low
8.62952,80.64198,2026-08-25,820,3.74,333.52,291.64,n,24.2,Low
8.63329,80.34522,2026-08-25,820,7.19,338.37,294.85,n,29.49,Low
8.63257,80.34579,2026-08-25,820,8.37,344.64,295.21,n,33.86,Low
8.66378,80.43628,2026-08-25,820,3.55,332.82,289.17,n,23.67,Low
8.67924,80.44233,2026-08-25,820,6.78,346.52,289.13,n,33.71,Low
8.69478,80.34908,2026-08-25,820,3.86,339.58,291.26,n,27.66,Low
8.7244,80.32823,2026-08-25,820,4.74,336.03,287.31,n,26.35,Low
6.25056,81.16558,2026-08-25,820,1.87,331.6,296.59,n,21.74,Low
6.59563,81.12982,2026-08-25,820,3.38,335.19,297.31,n,24.86,Low
6.62887,81.20591,2026-08-25,820,8.09,350.02,301.37,n,36.63,Low
6.62826,81.20171,2026-08-25,820,6.36,347.17,304.09,n,33.75,Low
14.20531,77.38112,2026-08-25,822,3.89,337.11,297.5,n,26.31,Low
10.21385,79.24151,2026-08-25,822,3.48,330.12,278.65,n,22.12,Low
17.08652,79.68517,2026-08-25,822,3.75,330.79,293.24,n,22.7,Low
16.00588,79.10636,2026-08-25,822,1.63,330.37,297.38,n,20.87,Low
15.65774,78.98273,2026-08-25,822,6.07,344.31,299.23,n,31.95,Low
10.2144,79.2453,2026-08-25,822,4.51,332.07,277.4,n,23.98,Low
14.86806,79.7366,2026-08-25,822,9.7,350.15,299.64,n,37.91,Low
30.16365,72.41509,2026-08-25,826,3.03,342.79,307.09,n,28.82,Low
30.15438,73.2097,2026-08-25,826,1.61,330.18,305.01,l,20.75,Low
29.78545,72.26527,2026-08-25,826,3.8,343.41,307.31,n,29.74,Low
30.85566,71.98112,2026-08-25,826,2.21,334.02,300.18,n,23.34,Low
30.64405,72.29908,2026-08-25,826,2.22,333.31,299.84,n,22.95,Low
30.8567,71.94377,2026-08-25,826,8.91,347.82,303.01,n,36.03,Low
30.6344,73.05245,2026-08-25,826,4.64,336.05,303.52,n,26.29,Low
30.55025,73.47831,2026-08-25,826,4.79,339.44,308.94,n,28.28,Low
30.41115,73.77779,2026-08-25,826,1.7000000000000002,332.39,303.01,n,22.05,Low
30.26614,72.98603,2026-08-25,826,2.28,336.39,304.45,n,24.7,Low
30.35581,73.60623,2026-08-25,826,2.79,330.28,301.9,l,21.69,Low
30.38699,73.90166,2026-08-25,826,3.83,331.03,303.76,l,22.89,Low
32.57449,72.56425,2026-08-25,828,4.02,334.07,308.49,l,24.72,Low
31.74621,72.21912,2026-08-25,828,2.73,332.48,305.23,l,22.87,Low
31.09704,72.31596,2026-08-25,828,3.38,335.48,307.17,l,25.02,Low
31.09643,72.31196,2026-08-25,828,2.31,333.55,305.53,l,23.15,Low
37.26963,69.03612,2026-08-25,828,2.74,334.32,306.9,l,23.9,Low
31.86618,72.92677,2026-08-25,828,4.26,332.25,306.22,l,23.89,Low
27.31814,95.26488,2026-08-25,1910,2.44,317.39,287.49,n,14.27,Low
27.32489,95.27836,2026-08-25,1910,2.34,310.53,288.02,n,10.38,Low
22.37854,87.27468,2026-08-25,1910,2.05,305.68,275.84,n,7.47,Low
22.37812,87.2802,2026-08-25,1910,2.05,307.89,276.62,n,8.7,Low
22.37654,87.27341,2026-08-25,1910,2.54,299.76,276.37,n,4.55,Low
22.37608,87.27892,2026-08-25,1910,3.21,311.74,279.11,n,11.71,Low
22.36787,87.30032,2026-08-25,1910,1.59,305.12,281.45,n,6.81,Low
22.35603,87.28809,2026-08-25,1910,1.02,299.91,278.54,n,3.49,Low
22.36498,87.01769,2026-08-25,1910,0.5,302.1,277.98,n,4.32,Low
22.24567,87.3872,2026-08-25,1910,0.71,301.79,281.07,n,4.3,Low
37.30626,77.71896,2026-08-25,2049,0.43,295.89,283.19,n,0.82,Low
35.969030000000004,68.68799,2026-08-25,2051,2.05,304.65,293.92,n,6.9,Low
33.6881,72.71527,2026-08-25,2051,0.98,307.75,295.43,n,7.82,Low
33.2966,71.18492,2026-08-25,2051,1.13,314.05,296.22,n,11.43,Low
32.10264,74.17625,2026-08-25,2051,3.45,323.42,295.14,n,18.38,Low
31.61505,74.37461,2026-08-25,2051,0.89,312.1,297.17,n,10.17,Low
21.7445,83.84505,2026-08-25,2053,2.32,298.77,276.34,n,3.83,Low
17.95664,80.79015,2026-08-25,2053,2.22,304.6,287.69,n,7.0,Low
17.95564,80.7951,2026-08-25,2053,1.62,310.43,287.79,n,9.79,Low
17.95771,80.79256,2026-08-25,2053,4.11,318.24,287.88,n,15.99,Low
18.80515,74.26173,2026-08-25,2053,0.58,306.85,290.55,n,7.02,Low
18.57702,72.242,2026-08-25,2053,2.8,318.46,287.56,n,15.13,Low
15.17962,76.67442,2026-08-25,2053,0.71,300.33,283.81,n,3.49,Low
15.1759,76.67371,2026-08-25,2053,0.71,305.07,286.46,n,6.13,Low
15.17508,76.67832,2026-08-25,2053,2.28,297.22,285.37,n,2.94,Low
21.80047,83.89091,2026-08-25,2053,0.38,298.89,274.09,n,2.45,Low
21.75037,83.84305,2026-08-25,2053,0.9,301.57,274.45,n,4.32,Low
21.74524,83.84165,2026-08-25,2053,2.32,344.62,278.44,n,29.31,Low
21.74012,83.84026,2026-08-25,2053,2.32,308.08,277.41,n,9.01,Low
21.80072,82.0384,2026-08-25,2053,0.72,300.33,277.59,n,3.5,Low
21.37644,81.67916,2026-08-25,2053,1.1,295.33,271.65,n,1.01,Low
21.46661,80.1269,2026-08-25,2053,0.53,300.63,271.13,n,3.53,Low
22.93243,69.69887,2026-08-25,2053,2.23,311.42,293.13,n,10.79,Low
22.93312,69.69748,2026-08-25,2053,2.18,314.65,292.93,n,12.55,Low
28.42473,69.69848,2026-08-25,2053,1.64,315.47,297.82,n,12.6,Low
25.9415,72.19053,2026-08-25,2053,0.87,306.2,280.44,n,6.87,Low
26.09389,68.87976,2026-08-25,2053,1.18,305.55,291.38,n,6.75,Low
25.38861,68.58073,2026-08-25,2053,2.1,319.53,295.54,n,15.2,Low
22.03749,83.35403,2026-08-25,2053,1.02,297.68,272.66,n,2.25,Low
21.82554,83.90067,2026-08-25,2053,0.53,298.76,272.21,n,2.49,Low
9.70498,77.43482,2026-08-25,2055,1.89,295.89,271.73,n,1.91,Low
14.87239,78.05413,2026-08-25,2055,2.06,309.87,281.77,n,9.81,Low
19.82175,79.2376,2026-08-25,2055,0.86,301.47,286.07,n,4.24,Low
21.10119,72.63515,2026-08-25,2055,7.38,333.85,290.63,n,27.12,Low
21.10678,72.64395,2026-08-25,2055,2.31,316.16,277.94,n,13.49,Low
21.1062,72.64778,2026-08-25,2055,1.33,310.96,275.72,n,9.86,Low
22.4152,69.03896,2026-08-25,2055,1.39,305.3,285.84,n,6.76,Low
21.1113,72.63686,2026-08-25,2055,1.51,301.26,279.28,n,4.61,Low
21.10456,72.63571,2026-08-25,2055,3.21,316.63,287.4,n,14.42,Low
28.49955,97.02465,2026-08-26,627,4.07,329.5,293.85,n,22.22,Low
28.49959,97.02323,2026-08-26,627,3.98,333.15,295.27,n,24.18,Low
8.87628,80.67516,2026-08-26,801,21.83,349.07,295.63,l,46.41,Medium
10.05334,77.95324,2026-08-26,801,10.17,348.01,296.96,n,37.08,Low
9.90823,78.08034,2026-08-26,801,5.5,333.85,295.48,n,25.71,Low
9.90871,78.08326,2026-08-26,801,5.83,333.9,295.44,n,25.98,Low
9.80408,78.17467,2026-08-26,801,4.0,337.02,296.81,n,26.34,Low
9.6447,79.92132,2026-08-26,801,4.9,332.66,297.66,l,24.6,Low
9.38948,78.88505,2026-08-26,801,6.1,336.31,299.69,l,27.52,Low
9.38904,78.88414,2026-08-26,801,5.44,334.56,299.26,l,26.06,Low
9.34108,80.16885,2026-08-26,801,4.26,334.89,299.04,l,25.36,Low
9.15012,80.21935,2026-08-26,801,6.6,335.19,296.34,l,27.28,Low
9.07845,80.47284,2026-08-26,801,1.79,330.08,293.53,l,20.83,Low
8.54511,80.56976,2026-08-26,801,4.23,330.72,293.93,n,23.02,Low
9.04064,80.67525,2026-08-26,801,4.64,336.15,297.39,n,26.34,Low
9.00604,80.68044,2026-08-26,801,7.86,342.47,296.42,n,32.27,Low
8.99618,80.83887,2026-08-26,801,7.74,341.16,300.2,l,31.45,Low
12.13064,79.65323,2026-08-26,801,24.35,333.44,306.63,l,39.62,Low
8.69024,80.84766,2026-08-26,801,4.04,336.1,298.49,l,25.86,Low
8.66969,80.53839,2026-08-26,801,11.4,341.19,299.17,l,34.21,Low
8.77482,80.87483,2026-08-26,801,6.12,340.62,296.31,l,29.93,Low
14.25997,80.11976,2026-08-26,803,9.65,330.87,302.06,l,27.17,Low
13.84194,79.25305,2026-08-26,803,5.29,330.21,296.56,l,23.53,Low
14.2594,80.11615,2026-08-26,803,5.44,332.94,301.84,l,25.16,Low
15.17995,76.68201,2026-08-26,803,3.33,334.96,296.78,n,24.7,Low
15.90841,79.10486,2026-08-26,803,3.5700000000000003,332.68,300.64,l,23.61,Low
16.40065,79.36692,2026-08-26,803,4.44,335.87,297.3,n,26.04,Low
17.95717,80.79728,2026-08-26,803,3.39,333.75,296.44,n,24.07,Low
18.54734,74.17914,2026-08-26,803,5.43,332.83,294.44,n,25.09,Low
22.35679,82.30565,2026-08-26,805,5.19,330.32,295.09,n,23.51,Low
21.75594,83.84392,2026-08-26,805,10.06,339.67,293.25,n,32.36,Low
21.74819,83.84499,2026-08-26,805,5.71,338.5,294.05,n,28.45,Low
21.74366,83.84032,2026-08-26,805,5.71,332.06,291.1,n,24.87,Low
25.21213,68.3015,2026-08-26,805,2.42,334.66,299.45,n,23.85,Low
21.10126,72.63638,2026-08-26,805,11.1,355.87,294.3,n,42.14,Medium
21.10306,72.64542,2026-08-26,805,4.7,336.67,293.41,n,26.68,Low
33.57693,74.22216,2026-08-26,807,2.99,330.71,299.53,n,22.08,Low
28.51605,68.00181,2026-08-26,807,1.59,336.73,301.55,n,24.38,Low
26.53106,68.25273,2026-08-26,807,1.97,331.86,303.06,l,21.96,Low
28.51536,68.00385,2026-08-26,807,1.93,338.07,301.92,n,25.38,Low
30.37266,73.89281,2026-08-26,807,4.26,332.4,302.55,l,23.97,Low
30.37163,73.89048,2026-08-26,807,4.25,336.49,302.65,n,26.24,Low
31.608,74.33546,2026-08-26,807,3.2,330.73,304.78,l,22.25,Low
32.5758,72.56439,2026-08-26,807,4.02,333.08,305.2,l,24.17,Low
30.06765,96.97842,2026-08-26,1849,1.22,305.39,286.67,n,6.69,Low
22.47516,91.73235,2026-08-26,1851,3.27,303.45,282.54,n,7.15,Low
24.92307,92.52792,2026-08-26,1851,4.53,297.19,284.62,n,4.61,Low
35.97722,79.17194,2026-08-26,2029,0.62,296.85,274.87,n,1.49,Low
35.96835,68.68652,2026-08-26,2029,1.57,304.54,292.26,n,6.48,Low
29.92137,74.95252,2026-08-26,2032,0.96,298.99,282.32,n,2.94,Low
32.88788,71.61542,2026-08-26,2032,1.4,314.24,297.12,n,11.74,Low
32.57602,72.56142,2026-08-26,2032,4.27,308.57,297.06,n,10.74,Low
32.29348,70.72976,2026-08-26,2032,2.39,309.52,294.09,n,9.86,Low
33.40668,71.93626,2026-08-26,2032,0.93,315.38,295.4,n,12.02,Low
33.40617,71.93729,2026-08-26,2032,0.77,314.78,295.31,n,11.57,Low
33.29676,71.18489,2026-08-26,2032,1.05,312.33,293.68,n,10.42,Low
29.39776,70.99824,2026-08-26,2032,0.46,307.06,296.18,n,7.05,Low
22.92565,69.82343,2026-08-26,2034,0.67,303.65,290.14,n,5.31,Low
22.9245,69.82229,2026-08-26,2034,1.76,301.64,290.12,n,5.01,Low
20.78876,85.25801,2026-08-26,2034,1.13,301.02,286.65,n,4.19,Low
23.69875,87.09306,2026-08-26,2034,2.02,301.23,285.24,n,4.98,Low
23.79604,86.28603,2026-08-26,2034,1.39,299.33,285.08,n,3.45,Low
23.79305,86.23392,2026-08-26,2034,3.42,297.85,284.98,n,4.15,Low
23.56083,87.22818,2026-08-26,2034,2.21,300.7,280.42,n,4.82,Low
23.55976,87.23328,2026-08-26,2034,2.46,304.51,285.34,n,7.13,Low
23.61457,86.79169,2026-08-26,2034,3.56,311.36,287.95,n,11.76,Low
23.61321,86.78960000000001,2026-08-26,2034,3.11,311.97,287.72,n,11.76,Low
23.12196,70.08334,2026-08-26,2034,1.48,311.0,290.15,n,10.0,Low
20.86715,84.99306,2026-08-26,2034,2.21,303.85,281.88,n,6.57,Low
20.86633,84.99726,2026-08-26,2034,1.86,302.62,282.26,n,5.63,Low
20.86377,84.98796,2026-08-26,2034,2.41,331.05,283.25,n,21.84,Low
20.86296,84.99215,2026-08-26,2034,2.41,308.93,281.55,n,9.55,Low
20.79388,85.25462,2026-08-26,2034,1.13,303.84,286.57,n,5.76,Low
20.79303,85.25893,2026-08-26,2034,1.13,302.21,287.06,n,4.85,Low
18.95733,73.94366,2026-08-26,2036,2.23,324.36,290.0,n,17.98,Low
13.8324,79.25771,2026-08-26,2036,0.19,300.63,283.62,n,3.27,Low
15.01486,79.80273,2026-08-26,2036,4.8100000000000005,316.21,292.67,n,15.39,Low
15.68362,78.45876,2026-08-26,2036,0.94,306.97,292.66,n,7.36,Low
15.18476,76.66579,2026-08-26,2036,1.57,311.2,290.28,n,10.18,Low
15.1731,76.78556,2026-08-26,2036,0.8200000000000001,304.39,291.16,n,5.83,Low
15.30111,76.21888,2026-08-26,2036,0.6900000000000001,304.95,289.96,n,6.05,Low
15.0046,77.00061,2026-08-26,2036,0.6900000000000001,310.42,292.26,n,9.08,Low
15.16815,76.38161,2026-08-26,2036,1.39,308.5,288.52,n,8.54,Low
15.17149,76.38216,2026-08-26,2036,0.46,301.43,288.15,n,3.92,Low
15.02314,78.01447,2026-08-26,2036,1.12,308.69,280.87,n,8.45,Low
15.17495,77.10123,2026-08-26,2036,0.81,306.08,287.24,n,6.76,Low
15.17826,77.10178,2026-08-26,2036,0.81,302.31,285.43,n,4.67,Low
15.33239,76.28411,2026-08-26,2036,0.93,306.46,287.96,n,7.06,Low
15.18143,76.66524,2026-08-26,2036,1.57,326.3,290.26,n,18.57,Low
15.16735,76.6746,2026-08-26,2036,0.5,304.85,285.55,n,5.85,Low
15.16791,76.67098,2026-08-26,2036,1.47,309.55,285.83,n,9.19,Low
15.17348,76.65711,2026-08-26,2036,1.0,311.66,287.35,n,10.01,Low
15.17403,76.65352,2026-08-26,2036,1.0,310.22,286.79,n,9.21,Low
15.1712,76.69366,2026-08-26,2036,1.32,302.91,287.77,n,5.38,Low
15.17624,76.66125,2026-08-26,2036,1.72,304.34,288.3,n,6.48,Low
15.1768,76.65766,2026-08-26,2036,2.93,332.51,290.69,n,23.04,Low
15.17736,76.65406,2026-08-26,2036,2.93,327.76,291.09,n,20.4,Low
15.17453,76.69421,2026-08-26,2036,1.32,316.22,290.04,n,12.78,Low
15.17733,76.67619,2026-08-26,2036,3.51,328.74,292.52,n,21.38,Low
15.17922,76.67965,2026-08-26,2036,1.91,309.1,291.74,n,9.27,Low
15.18088,76.66885,2026-08-26,2036,2.45,306.97,290.26,n,8.49,Low
15.18476,76.64362,2026-08-26,2036,0.6000000000000001,304.82,289.85,n,5.91,Low
13.70935,79.61942,2026-08-26,2036,0.92,304.18,281.75,n,5.79,Low
13.62073,78.48496,2026-08-26,2036,0.4,299.89,281.72,n,3.02,Low
16.63467,74.34213,2026-08-26,2036,0.52,301.82,290.9,n,4.18,Low
18.68293,73.03869,2026-08-26,2036,2.52,308.16,291.72,n,9.2,Low
18.68391,73.0312,2026-08-26,2036,2.8,312.29,291.47,n,11.71,Low
11.81618,77.91673,2026-08-26,2038,2.03,315.08,286.24,n,12.68,Low
11.18108,79.10128,2026-08-26,2038,0.43,303.57,285.73,n,5.08,Low
11.2694,80.00464,2026-08-26,2038,1.4,310.68,285.63,n,9.76,Low
11.80979,77.00835,2026-08-26,2038,0.44,302.99,272.49,n,4.77,Low
32.29206,70.73114,2026-08-26,2212,2.11,305.52,292.87,n,7.43,Low
32.88802,71.61938,2026-08-26,2212,2.92,305.79,292.02,n,8.18,Low
33.2675,71.31137,2026-08-26,2212,2.25,320.75,291.57,n,15.99,Low
33.27002,71.31249,2026-08-26,2212,2.72,321.14,291.23,n,16.56,Low
7.93113,81.2623,2026-08-27,741,8.43,347.38,296.46,n,35.42,Low
8.493970000000001,80.63341,2026-08-27,741,4.77,341.23,292.78,n,29.26,Low
8.39403,81.18223,2026-08-27,741,2.83,333.39,292.71,n,23.45,Low
8.18817,81.2166,2026-08-27,741,2.87,332.07,296.28,n,22.75,Low
8.18319,81.21323,2026-08-27,741,4.85,333.47,297.42,n,25.01,Low
8.18388,81.21734,2026-08-27,741,3.52,335.58,295.36,n,25.18,Low
8.16389,81.33283,2026-08-27,741,2.9,331.58,297.15,n,22.5,Low
8.07976,81.34676,2026-08-27,741,3.62,341.29,297.32,n,28.43,Low
7.72983,79.9324,2026-08-27,741,6.21,335.01,289.15,n,26.89,Low
7.93437,81.33264,2026-08-27,741,3.31,334.16,299.4,n,24.24,Low
7.93412,81.38229,2026-08-27,741,4.3,340.78,299.88,n,28.66,Low
7.93105,81.38248,2026-08-27,741,3.19,331.54,299.2,n,22.69,Low
7.62258,80.95859,2026-08-27,741,1.45,334.5,291.98,n,23.03,Low
7.60005,81.70477,2026-08-27,741,4.67,330.28,296.53,n,23.1,Low
7.47004,81.04136,2026-08-27,741,9.14,346.12,296.41,n,35.26,Low
9.91843,77.93557,2026-08-27,744,2.5700000000000003,335.55,294.03,n,24.46,Low
10.02469,78.36389,2026-08-27,744,2.55,334.84,295.39,n,24.05,Low
10.28012,78.98431,2026-08-27,744,7.07,339.64,296.95,n,30.1,Low
12.19828,79.71751,2026-08-27,744,2.89,331.74,293.89,n,22.58,Low
8.92234,80.68958,2026-08-27,744,5.85,340.84,287.91,n,29.85,Low
8.90006,80.48241,2026-08-27,744,5.58,343.34,287.95,n,31.04,Low
8.53767,77.95551,2026-08-27,744,2.88,330.37,291.3,n,21.81,Low
8.53706,77.95217,2026-08-27,744,2.88,335.66,291.67,n,24.75,Low
9.13851,80.74121,2026-08-27,744,5.95,330.75,296.36,n,24.32,Low
9.38627,80.50593,2026-08-27,744,3.62,341.96,296.78,n,28.8,Low
11.69187,79.39234,2026-08-27,744,1.98,332.69,295.48,n,22.42,Low
10.87787,77.24078,2026-08-27,744,3.26,330.18,295.55,n,21.99,Low
9.1307,77.84574,2026-08-27,744,4.28,335.59,296.02,n,25.76,Low
9.13009,77.84245,2026-08-27,744,4.92,341.07,296.5,n,29.28,Low
9.30457,78.81348,2026-08-27,744,0.98,334.81,296.26,n,22.85,Low
9.13252,77.84334,2026-08-27,744,3.68,338.51,296.56,n,26.93,Low
9.30486,78.81577,2026-08-27,744,6.54,336.81,296.38,n,28.13,Low
9.45494,80.49021,2026-08-27,744,5.54,344.21,295.5,n,31.49,Low
9.42552,80.37328,2026-08-27,744,7.33,340.3,295.98,n,30.66,Low
9.4147,80.41617,2026-08-27,744,2.19,330.97,295.31,n,21.63,Low
8.93558,77.80733,2026-08-27,744,2.63,336.01,294.19,n,24.76,Low
10.99141,78.89906,2026-08-27,744,10.52,338.6,298.76,n,32.11,Low
9.20093,77.46384,2026-08-27,744,1.61,331.96,295.68,n,21.74,Low
9.9931,79.18903,2026-08-27,744,1.7000000000000002,333.06,295.75,n,22.42,Low
17.64342,74.69589,2026-08-27,746,4.07,335.54,291.34,n,25.57,Low
20.86458,84.98833,2026-08-27,746,4.15,338.21,293.29,n,27.12,Low
20.884,84.98126,2026-08-27,746,2.97,330.65,295.69,n,22.03,Low
20.78782,85.26209,2026-08-27,746,1.55,335.01,289.15,n,23.39,Low
27.73219,68.73432,2026-08-27,748,6.08,334.98,295.92,n,26.77,Low
26.63018,70.38756,2026-08-27,748,4.07,336.05,299.79,n,25.86,Low
27.26775,88.31142,2026-08-27,748,4.19,332.2,278.62,n,23.81,Low
26.63397,70.38496,2026-08-27,748,3.37,340.33,300.41,n,27.71,Low
29.70477,72.60225,2026-08-27,750,4.11,337.54,293.84,n,26.72,Low
29.47649,70.75252,2026-08-27,750,2.16,330.8,299.04,n,21.51,Low
30.60386,74.03584,2026-08-27,750,3.14,337.14,298.61,n,25.77,Low
30.69802,74.17593,2026-08-27,750,3.07,330.82,300.88,l,22.2,Low
31.39734,72.43457,2026-08-27,750,6.59,343.26,299.32,n,31.75,Low
31.39786,72.4391,2026-08-27,750,5.73,334.97,299.15,n,26.5,Low
31.39647,72.43313,2026-08-27,750,5.73,330.38,298.4,n,23.95,Low
31.4112,72.16735,2026-08-27,750,4.74,336.49,298.2,n,26.61,Low
31.45704,72.16631,2026-08-27,750,8.53,341.89,298.62,n,32.45,Low
30.17456,72.42779,2026-08-27,930,8.86,331.62,292.92,n,26.99,Low
30.17446,72.42593,2026-08-27,930,7.18,335.47,292.53,n,27.87,Low
37.30121,77.72136,2026-08-27,2010,0.8300000000000001,297.69,282.38,n,2.12,Low
25.81079,88.8863,2026-08-27,2014,3.4,303.34,286.07,n,7.18,Low
22.79055,86.20983,2026-08-27,2014,1.08,306.4,278.4,n,7.14,Low
29.08417,88.0132,2026-08-27,2014,1.48,300.12,280.25,n,3.95,Low
29.91529,74.9477,2026-08-27,2014,1.59,308.09,292.96,n,8.46,Low
29.91498,74.95193,2026-08-27,2014,1.59,306.17,293.0,n,7.4,Low
29.91002,74.94289,2026-08-27,2014,12.52,346.19,292.71,n,37.83,Low
29.90971,74.94712,2026-08-27,2014,13.61,350.51,294.75,n,41.05,Medium
22.24742,87.38844,2026-08-27,2014,1.81,309.29,285.15,n,9.3,Low
22.3576,87.29176,2026-08-27,2014,1.78,305.77,285.89,n,7.32,Low
22.36518,87.3004,2026-08-27,2014,3.88,323.59,287.19,n,18.79,Low
22.3771,87.27546,2026-08-27,2014,1.49,307.83,286.36,n,8.25,Low
22.3763,87.27986,2026-08-27,2014,3.31,324.45,287.22,n,18.84,Low
22.78921,86.19717,2026-08-27,2014,3.24,327.01,278.39,n,20.21,Low
29.9094,74.95135,2026-08-27,2014,13.61,321.57,293.15,n,24.97,Low
29.91033,74.93867,2026-08-27,2014,12.52,305.44,292.26,n,15.19,Low
29.90909,74.95557,2026-08-27,2014,2.25,306.55,292.96,n,8.1,Low
29.457,76.86609,2026-08-27,2014,7.66,334.4,289.84,n,27.63,Low
23.68629,87.12115,2026-08-27,2014,0.41,295.74,261.37,n,0.72,Low
23.66489,87.16066000000001,2026-08-27,2014,0.75,304.31,275.89,n,5.73,Low
23.66214,87.15569,2026-08-27,2014,2.08,314.34,274.6,n,12.3,Low
23.56085,87.2383,2026-08-27,2014,1.94,327.01,278.76,n,19.24,Low
23.56009,87.24259,2026-08-27,2014,1.94,308.29,278.93,n,8.84,Low
23.55659,87.24186,2026-08-27,2014,1.94,305.1,278.17,n,7.07,Low
23.55232,87.24541,2026-08-27,2014,0.54,308.68,275.15,n,8.01,Low
23.54881,87.24468,2026-08-27,2014,0.54,296.44,266.9,n,1.2,Low
23.84105,85.30284,2026-08-27,2014,0.35,296.4,270.04,n,1.04,Low
23.69652,85.29062,2026-08-27,2014,0.74,304.11,279.36,n,5.62,Low
9.49338,77.62221,2026-08-27,2017,0.44,302.0,281.79,n,4.22,Low
11.81781,77.91653,2026-08-27,2017,2.88,311.73,289.98,n,11.45,Low
15.99257,78.3996,2026-08-27,2017,1.89,304.82,283.96,n,6.87,Low
15.84457,79.77414,2026-08-27,2017,3.7,312.68,293.76,n,12.6,Low
11.26739,80.00417,2026-08-27,2017,1.56,312.59,289.69,n,10.94,Low
16.54488,79.75774,2026-08-27,2017,3.09,307.31,293.17,n,9.16,Low
11.18222,79.10208,2026-08-27,2017,2.06,304.71,290.78,n,6.94,Low
17.95681,80.78843,2026-08-27,2017,3.03,308.3,291.87,n,9.66,Low
21.10433,72.64272,2026-08-27,2017,2.66,305.89,264.87,n,8.04,Low
22.38937,73.11508,2026-08-27,2017,0.59,295.06,272.37,n,0.48,Low
17.46458,80.65409,2026-08-27,2017,2.91,319.97,292.22,n,16.05,Low
17.95565,80.79626,2026-08-27,2017,2.91,317.3,291.82,n,14.57,Low
11.10949,77.76649,2026-08-27,2017,1.12,309.44,292.92,n,8.86,Low
10.14528,78.35623,2026-08-27,2017,0.73,306.72,293.87,n,7.06,Low
11.17704,79.08945,2026-08-27,2017,1.27,307.88,291.52,n,8.11,Low
11.81603,77.91864,2026-08-27,2017,2.43,320.62,290.36,n,16.06,Low
8.99971,80.67416,2026-08-27,2017,1.16,308.64,291.14,n,8.45,Low
9.49335,77.62408,2026-08-27,2017,0.45,304.15,283.83,n,5.42,Low
8.30766,77.63818,2026-08-27,2019,1.33,310.18,293.28,n,9.43,Low
8.41052,80.75783,2026-08-27,2019,0.38,302.76,286.31,n,4.6,Low
7.3066,80.94781,2026-08-27,2019,1.88,306.31,286.08,n,7.69,Low
7.30935,80.95189,2026-08-27,2019,1.58,304.57,286.88,n,6.5,Low
7.30991,80.94836,2026-08-27,2019,1.88,325.87,287.3,n,18.56,Low
7.31267,80.95242,2026-08-27,2019,2.22,316.66,287.35,n,13.7,Low
15.17269,76.6937,2026-08-27,2019,1.21,297.01,273.2,n,2.02,Low
15.02335,78.01398,2026-08-27,2019,2.22,308.39,285.12,n,9.1,Low
15.17564,77.10123,2026-08-27,2019,1.48,299.95,280.76,n,3.86,Low
15.33447,76.2467,2026-08-27,2019,0.65,304.65,290.98,n,5.85,Low
6.85014,81.04932,2026-08-27,2019,0.66,295.85,271.53,n,0.97,Low
15.33388,76.28443,2026-08-27,2019,1.24,306.14,289.24,n,7.12,Low
15.07126,76.86606,2026-08-27,2019,1.52,302.03,286.05,n,5.05,Low
13.82483,79.2569,2026-08-27,2019,1.07,309.05,292.0,n,8.61,Low
13.70962,79.61949,2026-08-27,2019,1.84,310.51,292.96,n,10.0,Low
13.39244,80.10186,2026-08-27,2019,2.51,316.57,295.63,n,13.87,Low
15.17371,76.65434,2026-08-27,2019,2.19,309.23,285.98,n,9.55,Low
6.8742,81.44757,2026-08-27,2019,1.04,306.05,281.95,n,6.92,Low
7.31323,80.94892,2026-08-27,2019,3.94,332.47,287.52,n,23.77,Low
8.30407,77.63763,2026-08-27,2019,1.33,313.44,293.13,n,11.24,Low
8.40721,80.75729,2026-08-27,2019,0.38,303.08,285.68,n,4.77,Low
28.42398,69.70206,2026-08-27,2153,1.46,310.73,296.06,n,9.83,Low
33.80159,72.09836,2026-08-27,2153,0.73,307.55,294.52,n,7.52,Low
33.29675,71.1889,2026-08-27,2153,0.62,308.48,294.71,n,7.95,Low
32.88834,71.61575,2026-08-27,2153,1.67,316.14,296.86,n,13.0,Low
29.90671,74.9599,2026-08-27,2155,15.44,317.64,292.12,n,24.16,Low
29.91005,74.94773,2026-08-27,2155,28.69,319.45,292.36,n,35.1,Low
29.90838,74.95381,2026-08-27,2155,15.44,367.0,294.14,h,51.58,Medium
29.91466,74.95614,2026-08-27,2155,15.44,306.96,293.04,n,18.22,Low
29.90638,74.95924,2026-08-27,2155,19.52,319.9,292.24,n,28.47,Low
29.90978,74.9471,2026-08-27,2155,14.38,319.17,292.2,n,24.21,Low
29.90808,74.95317,2026-08-27,2155,14.38,367.0,294.32,h,50.79,Medium
29.91436,74.95547,2026-08-27,2155,14.38,310.32,292.87,n,19.3,Low
29.91607,74.94938,2026-08-27,2155,14.38,305.84,292.75,n,16.81,Low
29.47338,76.864,2026-08-27,2155,2.54,304.0,286.48,n,6.91,Low
6.82944,81.44043,2026-08-28,724,3.32,331.7,290.04,n,22.88,Low
8.97291,80.68935,2026-08-28,724,7.29,336.86,287.05,n,28.72,Low
8.73258,78.10741,2026-08-28,724,7.04,334.15,291.19,n,27.03,Low
8.72573,80.74754,2026-08-28,724,7.24,337.93,291.49,n,29.28,Low
8.71467,77.97586,2026-08-28,724,6.6,332.45,291.91,n,25.76,Low
8.72874,78.1054,2026-08-28,724,9.62,335.79,291.61,n,29.88,Low
9.277,78.39668,2026-08-28,724,6.4,334.35,290.53,n,26.66,Low
9.27714,78.39496,2026-08-28,724,4.62,335.92,290.19,n,26.2,Low
8.57365,80.37617,2026-08-28,724,3.95,329.17,282.05,n,21.95,Low
8.66278,81.14859,2026-08-28,724,2.39,330.04,287.35,n,21.26,Low
7.20586,81.80885,2026-08-28,724,3.52,327.81,291.56,n,20.87,Low
7.12036,81.83202,2026-08-28,724,7.49,340.52,290.97,n,30.91,Low
6.8483,81.47719,2026-08-28,724,8.93,341.48,291.08,n,32.52,Low
6.84907,81.48148,2026-08-28,724,11.54,349.79,289.59,n,39.09,Low
14.75162,79.71841,2026-08-28,726,2.94,330.88,293.97,n,22.14,Low
14.49187,79.7094,2026-08-28,726,5.47,335.09,297.62,n,26.37,Low
14.49166,79.70969,2026-08-28,726,6.57,339.76,297.46,n,29.79,Low
15.02867,79.75406,2026-08-28,726,2.51,334.11,296.17,n,23.61,Low
15.63637,79.58625,2026-08-28,726,4.78,330.26,295.72,n,23.17,Low
15.76769,79.49413,2026-08-28,726,3.29,331.28,292.63,n,22.62,Low
22.36216,87.01751,2026-08-28,729,4.8,332.41,295.92,n,24.38,Low
21.74797,83.84405,2026-08-28,729,4.65,332.09,289.1,n,24.09,Low
22.377,87.2805,2026-08-28,729,7.49,341.05,291.28,n,31.2,Low
26.60799,90.33498,2026-08-28,729,5.57,336.49,289.46,n,27.23,Low
28.31779,95.1801,2026-08-28,729,4.86,329.86,290.37,n,23.01,Low
29.08413,88.01273,2026-08-28,731,2.79,331.12,304.21,l,22.16,Low
29.13515,89.25123,2026-08-28,731,3.97,330.31,305.02,l,22.59,Low
37.08331,79.64874,2026-08-28,731,12.58,350.5,310.51,n,40.27,Medium
9.4159,77.509,2026-08-28,905,1.46,332.41,296.85,n,21.88,Low
9.41621,77.50993,2026-08-28,905,2.78,334.29,297.25,n,23.91,Low
9.27846,78.39858,2026-08-28,905,6.18,336.74,293.77,n,27.82,Low
9.33131,77.52667,2026-08-28,905,1.72,334.29,297.26,n,23.12,Low
9.33079,77.52433,2026-08-28,905,4.97,334.37,297.58,n,25.6,Low
22.92944,70.106,2026-08-28,907,4.39,336.34,295.78,n,26.26,Low
24.84141,68.06506,2026-08-28,909,3.72,342.24,304.84,n,29.03,Low
25.94312,72.19508,2026-08-28,909,21.83,367.0,302.25,h,56.37,Medium
25.94344,72.1987,2026-08-28,909,21.83,330.75,298.95,n,36.23,Low
25.9428,72.19143,2026-08-28,909,18.43,351.1,296.52,n,44.99,Medium
29.27192,71.18018000000001,2026-08-28,909,4.02,356.76,299.7,n,37.33,Low
29.27299,71.17931,2026-08-28,909,3.38,347.95,299.55,n,31.95,Low
37.19556,68.07668,2026-08-28,913,4.78,344.07,313.96,n,30.85,Low
36.74481,95.23365,2026-08-28,1951,2.22,311.03,290.98,n,10.57,Low
36.74516,95.23571,2026-08-28,1951,1.69,306.78,290.36,n,7.81,Low
27.37928,95.33176,2026-08-28,1953,3.02,306.89,289.99,n,8.87,Low
27.37818,95.33735,2026-08-28,1953,2.81,310.91,290.26,n,10.95,Low
27.32473,95.27738,2026-08-28,1953,0.89,308.91,289.97,n,8.4,Low
27.326,95.27651,2026-08-28,1953,0.92,309.19,290.24,n,8.57,Low
24.11609,86.8623,2026-08-28,1955,1.75,299.6,273.16,n,3.87,Low
24.11668,86.85818,2026-08-28,1955,1.25,299.08,270.26,n,3.2,Low
15.18288,76.67104,2026-08-28,1957,1.48,302.34,287.09,n,5.19,Low
15.18244,76.67507,2026-08-28,1957,2.9,315.47,286.94,n,13.55,Low
15.17891,76.65431,2026-08-28,1957,1.76,302.81,286.99,n,5.66,Low
15.18653,76.67741,2026-08-28,1957,1.49,301.38,286.17,n,4.66,Low
15.18174,76.66875,2026-08-28,1957,2.0,301.69,286.44,n,5.22,Low
13.71205,79.61907,2026-08-28,1957,2.67,307.18,290.35,n,8.77,Low
15.17508,76.67622,2026-08-28,1957,0.95,297.14,282.33,n,1.9,Low
15.17742,76.65607,2026-08-28,1957,2.55,302.89,286.94,n,6.3,Low
15.18081,76.67679,2026-08-28,1957,1.49,307.26,285.14,n,7.93,Low
15.18128,76.67277,2026-08-28,1957,2.0,310.62,286.51,n,10.18,Low
17.95635,80.79659,2026-08-28,1957,1.61,310.34,286.49,n,9.73,Low
17.46345,80.65358,2026-08-28,1957,1.06,305.28,287.2,n,6.51,Low
17.46277,80.65205,2026-08-28,1957,2.54,305.23,287.76,n,7.59,Low
15.66104,73.9874,2026-08-28,1957,0.86,299.07,285.44,n,2.91,Low
15.17497,77.10068,2026-08-28,1957,0.8300000000000001,306.28,288.41,n,6.89,Low
15.65942,73.98846,2026-08-28,1957,0.75,301.95,285.04,n,4.42,Low
15.18332,76.66703,2026-08-28,1957,1.48,307.26,287.05,n,7.92,Low
6.86092,81.53809,2026-08-28,2000,1.08,305.96,290.81,n,6.9,Low
6.817,80.87542,2026-08-28,2000,0.96,303.83,283.86,n,5.63,Low
6.81385,80.87016,2026-08-28,2000,3.37,325.37,283.06,n,19.4,Low
6.8131900000000005,80.87464,2026-08-28,2000,3.37,314.97,284.96,n,13.62,Low
6.81518,80.87301,2026-08-28,2000,3.98,337.37,286.53,n,26.52,Low
6.81137,80.87222,2026-08-28,2000,3.98,303.74,282.5,n,7.84,Low
10.61728,77.41994,2026-08-28,2000,0.23,301.09,284.85,n,3.56,Low
8.12065,80.80275,2026-08-28,2000,2.23,305.22,292.45,n,7.35,Low
8.1199,80.80773,2026-08-28,2000,1.65,309.11,290.57,n,9.08,Low
8.11915,80.81272,2026-08-28,2000,1.65,304.91,290.01,n,6.74,Low
7.8021,80.47414,2026-08-28,2000,1.63,305.84,290.75,n,7.24,Low
6.81763,80.87114,2026-08-28,2000,0.96,310.41,284.4,n,9.28,Low
8.12404,80.80512,2026-08-28,2000,1.75,309.4,292.18,n,9.31,Low
8.12011,80.80454,2026-08-28,2000,1.75,304.51,291.61,n,6.6,Low
8.1194,80.80952,2026-08-28,2000,1.75,307.31,289.69,n,8.15,Low
8.11868,80.81451,2026-08-28,2000,2.69,303.83,290.23,n,6.92,Low
34.84531,73.12538,2026-08-28,2133,1.3,298.62,286.73,n,2.99,Low
33.23443,71.51507,2026-08-28,2133,2.87,309.83,294.83,n,10.39,Low
33.29671,71.18774,2026-08-28,2133,3.28,310.92,295.41,n,11.3,Low
33.24416,71.29903,2026-08-28,2133,4.38,315.28,295.52,n,14.55,Low
32.64531,72.97565,2026-08-28,2133,1.63,307.22,295.31,n,8.01,Low
32.88881,71.6145,2026-08-28,2133,4.89,315.56,296.37,n,15.09,Low
32.29657,74.31654,2026-08-28,2133,2.54,307.16,292.56,n,8.66,Low
30.47519,76.58662,2026-08-28,2133,0.86,304.01,288.36,n,5.65,Low
31.76995,70.11077,2026-08-28,2133,2.36,309.2,297.18,n,9.66,Low
28.42477,69.69869,2026-08-28,2136,1.06,313.81,298.24,n,11.25,Low
28.42534,69.70181,2026-08-28,2136,1.63,313.98,298.29,n,11.77,Low
25.94091,72.19165,2026-08-28,2136,2.14,311.26,294.86,n,10.64,Low
24.66053,74.63365,2026-08-28,2136,1.34,302.81,289.45,n,5.34,Low
21.10043,72.63733,2026-08-28,2138,1.2,305.36,289.84,n,6.66,Low
20.9107,71.46196,2026-08-28,2138,2.89,305.7,292.17,n,8.11,Low
21.1034,72.64882,2026-08-28,2138,0.74,301.14,288.98,n,3.97,Low
21.84742,97.18694,2026-08-29,707,3.89,334.06,293.31,n,24.62,Low
22.37665,87.28234,2026-08-29,707,4.74,332.05,292.39,n,24.14,Low
22.37586,87.27822,2026-08-29,707,4.74,331.92,292.02,n,24.07,Low
23.74449,90.5308,2026-08-29,707,3.85,337.63,295.91,l,26.57,Low
24.08363,90.3568,2026-08-29,709,6.46,330.71,294.95,l,24.68,Low
23.55899,87.24026,2026-08-29,709,2.5700000000000003,330.62,290.41,n,21.72,Low
28.10045,95.53236,2026-08-29,709,2.14,330.43,294.85,n,21.29,Low
29.23654,88.87944,2026-08-29,709,2.4,329.58,294.29,n,21.01,Low
31.65704,78.40268,2026-08-29,712,4.03,329.09,303.31,l,21.96,Low
11.83292,79.64937,2026-08-29,845,2.65,332.56,295.44,n,22.85,Low
12.17967,79.73842,2026-08-29,845,7.67,344.66,295.14,n,33.34,Low
7.52567,81.08916,2026-08-29,845,8.15,339.17,268.01,n,30.65,Low
8.60485,77.9724,2026-08-29,845,3.44,339.73,288.68,n,27.43,Low
8.608740000000001,77.96722,2026-08-29,845,2.7,336.02,287.79,n,24.81,Low
8.57969,77.66151,2026-08-29,845,3.72,339.99,295.44,n,27.78,Low
8.64795,77.83846,2026-08-29,845,2.8200000000000003,336.15,293.65,n,24.98,Low
8.65245,77.83784,2026-08-29,845,1.92,330.16,291.93,n,20.97,Low
8.74677,78.08665,2026-08-29,845,2.69,332.55,287.41,n,22.88,Low
9.38339,80.4523,2026-08-29,845,4.82,329.01,282.56,n,22.51,Low
9.38294,80.44886,2026-08-29,845,5.38,345.5,283.23,n,32.09,Low
9.41203,80.44762,2026-08-29,845,3.19,328.29,287.77,n,20.89,Low
9.41747,80.44695,2026-08-29,845,3.19,343.39,286.81,n,29.28,Low
9.50563,77.60714,2026-08-29,845,4.45,335.3,295.79,n,25.73,Low
10.93459,78.47301,2026-08-29,845,5.59,337.47,299.46,n,27.79,Low
11.74922,79.71774,2026-08-29,845,2.5700000000000003,333.73,294.78,n,23.44,Low
15.47011,80.16361,2026-08-29,848,5.8,333.26,289.99,n,25.61,Low
16.34823,78.444,2026-08-29,848,3.06,337.73,290.62,n,26.03,Low
13.51015,78.18242,2026-08-29,848,6.93,335.03,295.74,n,27.44,Low
14.20221,79.16484,2026-08-29,848,2.54,336.34,292.66,n,24.87,Low
14.14709,77.40031,2026-08-29,848,1.36,330.17,296.0,n,20.56,Low
14.78831,79.94443,2026-08-29,848,6.21,332.64,290.36,n,25.57,Low
15.46434,80.16425,2026-08-29,848,5.8,349.37,293.78,n,34.56,Low
16.22416,80.35689,2026-08-29,848,3.15,334.08,290.07,n,24.07,Low
24.95683,68.29113,2026-08-29,850,2.12,330.06,304.65,l,21.07,Low
25.38717,68.58321,2026-08-29,850,2.16,337.92,305.66,n,25.46,Low
27.31574,72.3643,2026-08-29,852,3.5,338.67,308.58,n,26.89,Low
27.62484,69.46795,2026-08-29,852,10.69,340.88,312.95,l,33.51,Low
27.62835,69.46737,2026-08-29,852,11.26,343.7,314.95,l,35.5,Low
27.75767,68.69473,2026-08-29,852,20.55,344.79,309.26,n,43.07,Medium
29.90926,74.9532,2026-08-29,852,6.53,331.09,299.09,n,24.95,Low
30.46343,71.93924,2026-08-29,852,2.04,331.01,301.48,n,21.54,Low
31.50933,72.26437,2026-08-29,852,4.54,341.2,299.64,n,29.07,Low
31.93829,72.37972,2026-08-29,852,3.06,336.33,301.26,n,25.26,Low
32.88894,71.61886,2026-08-29,852,2.94,332.63,303.58,l,23.11,Low
27.22117,95.34689,2026-08-29,1936,1.76,312.89,291.18,n,11.26,Low
27.37836,95.08643,2026-08-29,1936,2.62,306.1,288.98,n,8.13,Low
27.37603,95.33333,2026-08-29,1936,1.99,305.91,282.11,n,7.55,Low
27.37933,95.33401,2026-08-29,1936,1.99,331.37,282.55,n,21.7,Low
27.47018,95.42361,2026-08-29,1936,1.89,307.94,289.54,n,8.61,Low
22.36468,87.01837,2026-08-29,1938,0.63,303.34,275.56,n,5.11,Low
22.36034,87.01775,2026-08-29,1938,0.63,301.87,276.38,n,4.29,Low
22.37698,87.28178,2026-08-29,1938,0.46,298.14,260.23,n,2.09,Low
22.37749,87.27749,2026-08-29,1938,0.46,301.79,261.04,n,4.12,Low
21.59176,96.22928,2026-08-29,1938,0.81,301.52,279.03,n,4.23,Low
22.36584,87.30197,2026-08-29,1938,0.61,304.37,263.27,n,5.66,Low
10.93793,78.46664,2026-08-29,1940,1.99,321.14,278.39,n,16.01,Low
10.94446,78.46751,2026-08-29,1940,1.99,302.27,277.97,n,5.53,Low
9.75605,77.51919,2026-08-29,1940,1.18,313.12,282.92,n,10.95,Low
9.75551,77.517,2026-08-29,1940,1.86,308.74,282.3,n,9.03,Low
7.43697,81.32012,2026-08-29,1942,0.33,295.42,262.31,n,0.48,Low
35.22365,72.93259,2026-08-29,2114,0.66,298.49,284.43,n,2.43,Low
32.57529,72.56393,2026-08-29,2116,2.59,313.33,296.49,n,12.13,Low
33.23603,71.51531,2026-08-29,2116,1.67,310.32,294.86,n,9.76,Low
28.37428,77.22549,2026-08-29,2116,1.03,303.85,273.19,n,5.69,Low
29.12339,75.77961,2026-08-29,2116,1.65,313.16,288.46,n,11.33,Low
29.45932,76.89091,2026-08-29,2116,4.63,330.32,274.43,n,23.09,Low
31.76838,70.1084,2026-08-29,2116,2.61,314.19,297.61,n,12.62,Low
32.29058,70.73904,2026-08-29,2116,3.05,314.07,298.8,n,12.88,Low
32.08598,74.16589,2026-08-29,2116,0.84,308.49,295.49,n,8.12,Low
32.08685,74.16118,2026-08-29,2116,0.89,310.53,295.5,n,9.3,Low
33.40789,71.94046,2026-08-29,2116,2.04,309.3,295.7,n,9.47,Low
33.54621,71.55232,2026-08-29,2116,0.76,307.93,294.71,n,7.75,Low
28.42461,69.70064,2026-08-29,2116,1.83,327.1,298.11,n,19.21,Low
26.87508,73.5155,2026-08-29,2116,1.58,307.67,290.4,n,8.22,Low
26.8731,73.51817,2026-08-29,2116,1.12,306.91,290.25,n,7.46,Low
20.86841,71.39706,2026-08-29,2118,2.52,303.07,292.83,n,6.37,Low
24.69089,73.00126,2026-08-29,2118,0.74,300.42,281.62,n,3.57,Low
25.94332,72.19199,2026-08-29,2118,0.98,305.54,291.65,n,6.59,Low
24.66288,74.63297,2026-08-29,2118,0.45,297.52,277.29,n,1.74,Low
24.66208,74.63699,2026-08-29,2118,0.36,297.67,277.18,n,1.75,Low
24.82164,73.09422,2026-08-29,2118,0.53,296.48,276.77,n,1.22,Low
13.03323,77.87466,2026-08-29,2121,0.36,295.27,280.63,n,0.42,Low
12.49513,76.73359,2026-08-29,2121,0.38,298.77,284.16,n,2.38,Low
12.07226,78.52171,2026-08-29,2121,1.07,302.25,284.22,n,4.83,Low
18.68747,73.03146,2026-08-29,2121,1.66,301.4,287.56,n,4.8,Low
18.68334,73.03059,2026-08-29,2121,1.66,312.61,289.26,n,11.03,Low
18.68258,73.03453,2026-08-29,2121,1.27,301.67,288.88,n,4.66,Low
18.68072,73.03546,2026-08-29,2121,1.16,301.74,286.59,n,4.61,Low
18.77881,73.74908,2026-08-29,2121,0.99,300.74,286.8,n,3.93,Low
9.75523,77.51794,2026-08-29,2123,2.38,313.52,288.15,n,12.07,Low
10.94256,78.46865,2026-08-29,2123,2.26,309.17,288.02,n,9.57,Low
29.55473,90.99751,2026-08-30,652,4.5,325.18,296.37,l,20.14,Low
29.55749,90.99095,2026-08-30,652,5.61,328.38,290.57,n,22.75,Low
29.65337,90.98225,2026-08-30,652,3.42,327.32,292.56,n,20.52,Low
27.98973,94.2222,2026-08-30,652,18.02,336.75,297.24,n,36.71,Low
37.35203,95.86047,2026-08-30,654,7.87,342.15,313.32,l,32.1,Low
6.45618,81.09254,2026-08-30,826,7.3,345.43,300.75,n,33.49,Low
6.46012,81.09199,2026-08-30,826,7.3,341.66,299.41,n,31.4,Low
6.45996,81.09512,2026-08-30,826,8.32,348.18,299.92,n,35.78,Low
6.45926,81.09015,2026-08-30,826,8.32,346.16,299.67,n,34.66,Low
6.57118,81.0588,2026-08-30,826,18.25,337.67,289.64,n,37.39,Low
6.57044,81.05381,2026-08-30,826,18.25,336.92,290.95,n,36.98,Low
6.55189,80.87561,2026-08-30,826,8.33,334.36,292.72,n,28.11,Low
6.56987,81.05585,2026-08-30,826,39.3,349.19,292.28,n,59.58,Medium
6.55183,80.87236,2026-08-30,826,11.61,346.14,291.28,n,37.12,Low
7.67645,81.44918,2026-08-30,826,6.52,347.74,308.37,n,34.19,Low
6.71188,81.53472,2026-08-30,826,3.03,341.78,300.87,n,28.26,Low
6.72105,81.5407,2026-08-30,826,5.65,343.31,300.12,n,31.08,Low
6.72053,81.5371,2026-08-30,826,5.65,342.87,299.79,n,30.83,Low
6.77788,81.78619,2026-08-30,826,4.91,338.04,302.1,n,27.59,Low
6.7412,81.50845,2026-08-30,826,4.05,342.02,306.51,n,29.16,Low
6.74896,81.53299,2026-08-30,826,3.24,336.66,306.47,n,25.57,Low
6.74123,81.50769,2026-08-30,826,3.86,340.69,306.26,n,28.28,Low
6.74882,81.53226,2026-08-30,826,3.11,335.77,306.41,l,24.98,Low
6.72933,81.16361,2026-08-30,826,4.87,339.18,291.13,n,28.2,Low
6.45692,81.09754,2026-08-30,826,19.19,349.51,301.59,n,44.68,Medium
6.24721,80.86079,2026-08-30,826,2.37,335.72,299.28,n,24.4,Low
6.26749,81.05721,2026-08-30,826,13.47,334.91,295.72,n,32.27,Low
7.69219,81.52925,2026-08-30,826,2.33,336.39,305.85,n,24.74,Low
7.80942,81.45202,2026-08-30,826,4.33,342.3,308.39,n,29.53,Low
7.80813,81.45168,2026-08-30,826,4.97,339.35,308.72,n,28.37,Low
7.78425,81.21941,2026-08-30,826,7.08,334.77,303.53,n,27.4,Low
7.78376,81.21587,2026-08-30,826,9.22,341.02,306.64,n,32.48,Low
7.81643,81.36108,2026-08-30,826,7.87,338.02,308.95,l,29.8,Low
7.87288,81.46512,2026-08-30,826,4.66,336.09,308.48,l,26.32,Low
7.87428,81.41622,2026-08-30,826,9.46,347.81,308.64,n,36.43,Low
8.60875,77.83811,2026-08-30,826,2.3,330.12,284.72,n,21.24,Low
7.36655,81.24904,2026-08-30,826,19.27,343.12,306.31,n,41.19,Medium
7.4156,81.56924,2026-08-30,826,2.32,341.29,302.85,n,27.46,Low
7.37766,81.24046,2026-08-30,826,3.11,336.16,306.84,l,25.2,Low
7.43686,81.39532,2026-08-30,826,4.3,337.73,307.01,n,26.96,Low
7.43925,81.32561,2026-08-30,826,4.43,340.99,309.94,n,28.87,Low
7.45403,81.34198,2026-08-30,826,4.67,340.72,308.95,n,28.9,Low
7.48906,81.38728,2026-08-30,826,3.0,338.59,306.08,n,26.47,Low
7.4743,81.05003,2026-08-30,826,3.44,337.26,305.58,n,26.06,Low
7.51956,81.30991,2026-08-30,826,2.27,334.71,305.47,l,23.76,Low
7.35118,81.19792,2026-08-30,826,3.8,336.49,309.58,l,25.9,Low
7.61807,81.15833,2026-08-30,826,34.65,367.0,311.16,h,65.99,Medium
7.61757,81.15485,2026-08-30,826,15.47,356.38,313.13,n,45.7,Medium
7.62159,81.15429,2026-08-30,826,15.47,335.61,306.78,n,34.16,Low
7.35166,81.2014,2026-08-30,826,3.8,348.5,310.47,n,32.57,Low
7.35215,81.2049,2026-08-30,826,6.09,344.63,310.14,n,32.14,Low
7.35264,81.2084,2026-08-30,826,6.09,348.0,307.54,n,34.01,Low
7.39604,81.54919,2026-08-30,826,8.59,349.53,303.82,n,36.74,Low
7.39143,81.54616,2026-08-30,826,4.74,342.88,300.33,n,30.15,Low
7.39712,81.54854,2026-08-30,826,5.04,336.74,302.96,n,26.97,Low
7.39302,81.54917,2026-08-30,826,5.04,343.05,300.78,n,30.47,Low
7.3884,81.54617,2026-08-30,826,4.46,340.43,299.81,n,28.58,Low
7.38893,81.54981,2026-08-30,826,4.08,338.13,298.51,n,27.02,Low
7.32021,81.10786,2026-08-30,826,2.2,336.09,306.09,n,24.48,Low
7.33473,81.20717,2026-08-30,826,10.19,357.22,311.78,n,42.21,Medium
7.31546,81.10326,2026-08-30,826,6.49,334.42,304.81,l,26.77,Low
7.31621,81.10839,2026-08-30,826,9.05,336.91,305.81,n,30.07,Low
7.37768,81.55894,2026-08-30,826,3.86,331.05,302.66,l,22.92,Low
7.32474,81.2229,2026-08-30,826,5.09,344.58,307.22,n,31.36,Low
7.37411,81.56326,2026-08-30,826,5.71,342.4,303.29,n,30.62,Low
7.4049,81.77624,2026-08-30,826,3.36,342.42,303.84,n,28.86,Low
7.36431,81.55346,2026-08-30,826,4.19,330.83,303.42,l,23.05,Low
7.36748,81.57545,2026-08-30,826,2.71,332.45,303.73,l,22.84,Low
7.27678,81.14547,2026-08-30,826,4.38,337.26,305.53,n,26.76,Low
7.27753,81.15067,2026-08-30,826,4.38,337.79,306.06,n,27.06,Low
7.36683,81.77773,2026-08-30,826,5.08,338.06,304.2,n,27.73,Low
7.27317,81.1773,2026-08-30,826,2.91,330.44,303.55,l,21.87,Low
7.35635,81.76369,2026-08-30,826,4.46,340.63,304.1,n,28.69,Low
7.34377,81.73465,2026-08-30,826,3.47,336.86,300.35,n,25.86,Low
7.35132,81.81868,2026-08-30,826,2.2,335.23,303.61,n,24.0,Low
7.3236,81.80315,2026-08-30,826,2.14,331.97,303.42,l,22.14,Low
7.31681,81.76224,2026-08-30,826,5.41,344.78,299.4,n,31.71,Low
7.32289,81.80387,2026-08-30,826,2.59,340.57,303.84,n,27.26,Low
7.27994,81.59621,2026-08-30,826,5.24,340.82,306.6,n,29.39,Low
7.29368,81.80795,2026-08-30,826,2.34,332.54,303.12,l,22.61,Low
7.21619,81.59032,2026-08-30,826,5.44,337.99,306.07,n,27.96,Low
7.13256,81.41004,2026-08-30,826,2.12,330.14,297.2,n,21.11,Low
7.10918,81.68468,2026-08-30,826,4.05,335.1,305.92,l,25.32,Low
7.01929,81.60059,2026-08-30,826,2.25,332.84,302.79,n,22.71,Low
7.01565,81.40194,2026-08-30,826,3.69,344.36,303.03,n,30.19,Low
6.96385,81.61536,2026-08-30,826,6.91,336.56,304.75,n,28.27,Low
6.863,81.43449,2026-08-30,826,3.02,332.96,297.4,n,23.35,Low
6.89576,81.66621,2026-08-30,826,3.31,331.54,301.71,l,22.78,Low
6.81849,81.5262,2026-08-30,826,2.63,339.07,303.18,n,26.46,Low
6.81451,81.55614,2026-08-30,826,3.16,340.43,305.15,n,27.61,Low
6.7977,81.55489,2026-08-30,826,6.68,349.29,305.52,n,35.17,Low
6.7333,81.16302,2026-08-30,826,19.5,349.54,291.31,n,44.93,Medium
14.69206,79.62556,2026-08-30,828,2.12,331.61,295.71,n,21.93,Low
8.78732,78.01003,2026-08-30,828,4.32,339.42,301.37,n,27.92,Low
8.80542,78.10815,2026-08-30,828,2.62,335.36,296.09,n,24.39,Low
8.88687,77.78855,2026-08-30,828,3.0,336.67,297.2,n,25.4,Low
8.93294,77.9651,2026-08-30,828,2.9,349.29,296.81,n,32.34,Low
8.93239,77.96133,2026-08-30,828,2.9,333.2,296.5,n,23.4,Low
8.91,77.59529,2026-08-30,828,1.37,335.65,296.51,n,23.61,Low
9.40266,80.43048,2026-08-30,828,4.05,328.22,295.28,n,21.49,Low
9.42778,80.38101,2026-08-30,828,1.83,331.15,292.84,n,21.46,Low
9.15121,78.32916,2026-08-30,828,1.56,331.35,293.35,n,21.36,Low
9.11369,77.77237,2026-08-30,828,1.37,334.29,298.66,n,22.86,Low
9.32007,77.4914,2026-08-30,828,2.53,333.17,290.35,n,23.1,Low
9.44472,77.67329,2026-08-30,828,5.42,339.12,287.31,n,28.58,Low
9.44417,77.66956,2026-08-30,828,5.42,357.05,290.55,n,38.54,Low
9.51278,78.066,2026-08-30,828,10.29,343.56,303.22,n,34.7,Low
9.49209,77.66238,2026-08-30,828,7.59,342.98,299.79,n,32.35,Low
9.86126,78.18573,2026-08-30,828,4.18,338.34,303.91,n,27.21,Low
9.87797,78.03197,2026-08-30,828,1.97,336.6,294.37,n,24.59,Low
9.82619,77.39869,2026-08-30,828,1.05,331.44,303.27,l,21.03,Low
10.00316,76.4542,2026-08-30,828,0.94,333.81,298.59,n,22.27,Low
11.80984,77.21425,2026-08-30,828,61.33,335.6,301.41,n,68.55,Medium
12.07999,76.99017,2026-08-30,828,3.7,338.02,303.8,n,26.67,Low
12.81456,78.60983,2026-08-30,828,2.64,333.07,291.11,n,23.13,Low
12.48661,76.3177,2026-08-30,828,3.61,336.89,298.79,n,25.98,Low
13.99587,79.86121,2026-08-30,828,3.16,330.58,297.69,n,22.14,Low
13.9402,78.66064,2026-08-30,828,2.81,331.18,299.53,n,22.21,Low
14.4991,79.69765,2026-08-30,828,1.87,330.15,297.16,n,20.93,Low
14.50312,79.69711,2026-08-30,828,1.54,336.85,296.91,n,24.41,Low
14.18999,77.3446,2026-08-30,828,3.06,342.86,298.23,n,28.88,Low
14.29174,77.98407,2026-08-30,828,3.76,337.34,294.69,n,26.34,Low
14.3499,77.63499,2026-08-30,828,3.47,335.71,300.01,n,25.22,Low
14.71446,79.98879,2026-08-30,828,7.26,342.4,295.02,n,31.78,Low
14.84624,78.37249,2026-08-30,828,2.01,332.45,299.84,n,22.31,Low
14.67836,76.89172,2026-08-30,828,2.11,333.67,291.89,n,23.07,Low
15.43925,77.664,2026-08-30,828,2.43,333.31,291.37,n,23.11,Low
15.93384,79.5267,2026-08-30,828,4.06,343.13,289.76,n,29.78,Low
21.17639,74.58324,2026-08-30,830,1.91,334.94,291.83,n,23.62,Low
19.7772,73.79005,2026-08-30,830,2.03,333.97,293.26,n,23.17,Low
30.11638,73.26059,2026-08-30,835,3.03,335.4,305.78,l,24.72,Low
30.02923,71.74337,2026-08-30,835,0.5700000000000001,332.13,304.36,l,21.06,Low
30.35123,73.65195,2026-08-30,835,1.82,334.44,300.2,n,23.28,Low
30.08648,71.7243,2026-08-30,835,1.66,334.33,303.89,n,23.09,Low
30.51386,73.90864,2026-08-30,835,2.87,335.57,299.41,n,24.69,Low
31.10913,74.49384,2026-08-30,835,9.69,345.2,299.84,n,35.16,Low
31.12675,74.30208,2026-08-30,835,4.14,342.96,300.91,n,29.75,Low
31.2082,73.91856,2026-08-30,835,3.87,337.22,300.68,n,26.36,Low
31.2118,73.91795,2026-08-30,835,2.3,331.16,299.86,n,21.81,Low
31.39489,72.12487,2026-08-30,835,1.87,333.23,300.88,n,22.64,Low
31.4235,72.12935,2026-08-30,835,3.19,331.22,300.79,n,22.51,Low
31.46879,72.1555,2026-08-30,835,3.6,335.84,301.51,n,25.39,Low
31.56943,72.27724,2026-08-30,835,1.98,340.52,301.32,n,26.77,Low
31.56918,72.22474,2026-08-30,835,2.25,334.87,302.29,n,23.84,Low
31.58139,72.28816,2026-08-30,835,2.12,337.8,299.58,n,25.37,Low
32.05318,73.38254,2026-08-30,835,3.08,337.5,301.33,n,25.92,Low
32.09223,73.23719,2026-08-30,835,2.2,330.89,299.99,n,21.59,Low
32.30693,73.28819,2026-08-30,835,3.64,337.47,297.34,n,26.32,Low
32.8883,71.61584,2026-08-30,835,1.77,331.99,303.18,l,21.88,Low
33.84936,72.20547,2026-08-30,835,3.38,340.8,297.4,n,27.98,Low
33.58202,69.2417,2026-08-30,835,3.52,340.44,315.16,l,27.88,Low
30.16407,74.51582,2026-08-30,835,3.35,331.57,302.09,l,22.83,Low
30.11697,73.26498,2026-08-30,835,5.74,336.37,305.23,n,27.29,Low
7.14013,81.1341,2026-08-30,1921,3.59,297.7,283.35,n,4.19,Low
7.13631,81.13902,2026-08-30,1921,1.72,296.16,280.67,n,1.93,Low
7.28379,81.16539,2026-08-30,1921,1.34,304.2,288.27,n,6.12,Low
7.6078,81.15397,2026-08-30,1921,0.8200000000000001,303.16,288.01,n,5.15,Low
8.86712,81.02701,2026-08-30,1921,1.75,309.61,287.51,n,9.43,Low
8.86843,81.02491,2026-08-30,1921,2.71,316.5,287.9,n,13.98,Low
37.30244,77.71731,2026-08-30,2055,0.52,300.32,283.57,n,3.35,Low
33.29611,71.18341,2026-08-30,2055,0.8,310.8,293.05,n,9.38,Low
33.29622,71.18803,2026-08-30,2055,1.09,306.97,293.04,n,7.47,Low
32.88999,71.6175,2026-08-30,2055,3.33,308.91,293.74,n,10.23,Low
32.64409,72.9769,2026-08-30,2055,1.59,307.1,293.7,n,7.91,Low
32.57351,72.56357,2026-08-30,2055,4.1,309.26,294.88,n,11.0,Low
32.13232,74.17843,2026-08-30,2055,0.79,312.92,295.18,n,10.55,Low
32.08741,74.15643,2026-08-30,2055,0.65,308.49,294.49,n,7.98,Low
32.0868,74.16059,2026-08-30,2055,2.11,315.49,294.79,n,12.97,Low
31.64126,74.42704,2026-08-30,2055,0.49,308.12,295.23,n,7.66,Low
31.61482,74.37532,2026-08-30,2055,0.61,311.52,295.45,n,9.64,Low
31.769,70.10805,2026-08-30,2055,4.57,312.33,295.54,n,13.06,Low
26.87664,73.51275,2026-08-30,2057,1.39,304.99,292.77,n,6.59,Low
27.66868,76.13271,2026-08-30,2057,0.32,296.11,276.77,n,0.86,Low
25.9433,72.19072,2026-08-30,2057,2.98,329.62,294.95,n,21.47,Low
27.66938,76.12862,2026-08-30,2057,0.32,299.11,279.78,n,2.52,Low
28.74306,76.92912,2026-08-30,2057,1.91,316.04,291.02,n,13.12,Low
29.45914,76.89161,2026-08-30,2057,3.18,316.03,292.1,n,14.07,Low
29.4759,76.85623,2026-08-30,2057,2.28,311.77,289.97,n,11.03,Low
26.09499,68.87773,2026-08-30,2057,0.92,305.36,295.07,n,6.45,Low
24.68952,73.00175,2026-08-30,2057,1.08,308.21,292.27,n,8.15,Low
25.94431,72.19051,2026-08-30,2057,2.14,325.37,295.03,n,18.48,Low
26.60605,73.68385,2026-08-30,2057,0.71,305.13,292.92,n,6.16,Low
26.87274,73.51597,2026-08-30,2057,1.35,306.77,293.13,n,7.55,Low
26.87605,73.51661,2026-08-30,2057,1.26,309.34,293.23,n,8.91,Low
28.42588,69.698,2026-08-30,2057,1.83,310.32,297.18,n,9.88,Low
28.35198,70.13081,2026-08-30,2057,0.75,307.1,296.83,n,7.28,Low
21.1016,72.63586,2026-08-30,2059,1.65,315.23,282.26,n,12.48,Low
21.10102,72.63954,2026-08-30,2059,0.49,295.93,281.97,n,0.88,Low
20.35619,72.94963,2026-08-30,2059,1.84,305.96,291.96,n,7.47,Low
21.26307,72.94081,2026-08-30,2059,2.1,312.03,293.36,n,11.04,Low
21.79665,72.08905,2026-08-30,2059,1.45,308.36,292.6,n,8.51,Low
18.54634,74.25378,2026-08-30,2059,1.13,311.92,289.64,n,10.25,Low
18.69302,73.0416,2026-08-30,2059,3.62,319.89,293.8,n,16.54,Low
19.93695,73.71136,2026-08-30,2059,2.32,323.05,287.35,n,17.32,Low
18.68969,73.04101,2026-08-30,2059,1.57,304.97,291.93,n,6.72,Low
15.17345,76.78623,2026-08-30,2101,0.79,302.27,284.14,n,4.63,Low
15.17842,76.66464,2026-08-30,2101,1.47,301.31,282.67,n,4.61,Low
13.82871,79.33633,2026-08-30,2101,0.64,304.76,278.4,n,5.9,Low
13.82755,79.33979,2026-08-30,2101,0.49,302.83,278.47,n,4.72,Low
13.82812,79.33691,2026-08-30,2101,0.49,305.97,279.11,n,6.46,Low
13.82868,79.33408,2026-08-30,2101,0.73,302.13,278.63,n,4.51,Low
15.16888,76.67051,2026-08-30,2101,0.4,297.02,279.46,n,1.42,Low
15.1757,76.65623,2026-08-30,2101,3.12,320.74,283.06,n,16.64,Low
15.17362,76.69113,2026-08-30,2101,0.52,301.13,281.35,n,3.8,Low
15.1825,76.66548,2026-08-30,2101,1.46,315.65,280.75,n,12.57,Low
9.67002,77.45597,2026-08-30,2101,0.77,297.92,278.12,n,2.2,Low
11.62482,79.08276,2026-08-30,2101,0.94,304.91,283.7,n,6.21,Low
13.71089,79.62021,2026-08-30,2101,1.05,304.97,281.19,n,6.33,Low
13.82816,79.33921,2026-08-30,2101,0.64,305.91,278.87,n,6.54,Low
15.18182,76.66927,2026-08-30,2101,1.46,302.97,282.18,n,5.52,Low
15.17636,76.67603,2026-08-30,2101,2.05,312.47,284.26,n,11.24,Low
6.95868,79.95699,2026-08-30,2104,1.05,300.79,282.46,n,4.0,Low
28.49807,97.02458,2026-08-31,631,5.45,332.79,292.86,n,25.08,Low
9.41691,80.40578,2026-08-31,807,5.73,332.41,303.93,l,25.08,Low
6.74823,81.75127,2026-08-31,807,2.28,333.23,303.36,l,22.95,Low
6.99967,81.60159,2026-08-31,807,5.33,335.33,306.99,l,26.4,Low
6.99914,81.59812,2026-08-31,807,4.66,345.91,307.0,n,31.78,Low
7.00246,81.59761,2026-08-31,807,4.66,349.4,309.62,n,33.72,Low
7.00193,81.59413,2026-08-31,807,4.66,340.51,306.28,n,28.78,Low
7.00911,81.5966,2026-08-31,807,4.34,334.53,307.12,l,25.22,Low
7.07676,81.82498,2026-08-31,807,3.59,341.21,304.24,n,28.36,Low
7.17094,81.64171,2026-08-31,807,8.79,345.22,300.2,n,34.49,Low
7.09931,80.83875,2026-08-31,807,3.8,330.54,300.51,n,22.59,Low
7.1865,81.38634,2026-08-31,807,4.57,339.42,300.35,n,28.11,Low
7.32466,81.76436,2026-08-31,807,4.49,343.9,297.2,n,30.53,Low
7.33384,81.80244,2026-08-31,807,3.07,340.74,300.22,n,27.71,Low
7.47357,81.65829,2026-08-31,807,9.86,346.07,297.84,n,35.77,Low
7.43173,81.31496,2026-08-31,807,2.02,330.4,294.08,n,21.18,Low
7.4614,80.99762,2026-08-31,807,24.03,354.52,299.46,n,51.09,Medium
7.52729,80.8979,2026-08-31,807,2.18,334.5,306.55,l,23.58,Low
7.60614,81.15155,2026-08-31,807,8.72,339.35,301.8,n,31.18,Low
7.65419,81.40054,2026-08-31,807,2.94,335.93,305.53,n,24.94,Low
7.70496,81.42134,2026-08-31,807,6.93,340.73,303.38,n,30.6,Low
7.92286,81.40872,2026-08-31,807,4.75,341.88,308.16,n,29.61,Low
7.94124,81.30596,2026-08-31,807,20.34,352.39,313.67,n,47.14,Medium
7.94071,81.30248,2026-08-31,807,20.34,345.2,308.84,n,43.14,Medium
7.94456,81.30545,2026-08-31,807,20.34,367.0,311.43,h,55.25,Medium
7.94403,81.30197,2026-08-31,807,20.34,352.31,313.41,n,47.09,Medium
7.94297,81.295,2026-08-31,807,80.22,350.67,310.0,n,90.93,High
7.73714,79.95287,2026-08-31,807,3.4,335.15,299.09,n,24.86,Low
7.73915,79.95213,2026-08-31,807,5.01,345.5,299.7,n,31.81,Low
7.87699,80.62096,2026-08-31,807,2.86,331.9,302.63,n,22.64,Low
7.88696,80.61943,2026-08-31,807,3.88,341.73,302.18,n,28.87,Low
8.01197,81.41592,2026-08-31,807,4.35,340.12,310.95,l,28.33,Low
7.8739,80.07893,2026-08-31,807,5.31,348.7,305.08,n,33.82,Low
7.88657,80.13833,2026-08-31,807,7.77,345.81,305.14,n,34.06,Low
7.96847,80.62367,2026-08-31,807,2.45,334.81,303.21,n,23.95,Low
7.9984,80.37608,2026-08-31,807,6.58,349.28,308.42,n,35.09,Low
7.99786,80.37258,2026-08-31,807,6.58,332.12,305.98,l,25.56,Low
7.95897,80.09814,2026-08-31,807,3.06,338.14,304.5,l,26.26,Low
8.03437,80.19405,2026-08-31,807,6.16,338.36,306.27,n,28.71,Low
8.08878,80.19277,2026-08-31,807,5.01,344.37,305.52,n,31.19,Low
8.14198,79.99303,2026-08-31,807,3.1,337.81,303.02,n,26.11,Low
8.2525,80.51107,2026-08-31,807,2.72,330.03,304.77,l,21.5,Low
8.3754,81.1614,2026-08-31,807,3.98,336.39,307.17,l,25.98,Low
8.36229,81.05286,2026-08-31,807,6.7,337.65,310.94,l,28.72,Low
8.35775,80.80066,2026-08-31,807,8.27,337.97,310.22,l,30.07,Low
8.26829,80.17477,2026-08-31,807,2.7,333.76,308.72,l,23.56,Low
8.4223,81.09,2026-08-31,807,3.98,340.12,310.14,l,28.05,Low
8.28108,80.16919,2026-08-31,807,3.83,341.22,309.37,n,28.55,Low
8.29091,80.21081,2026-08-31,807,5.8100000000000005,346.43,308.56,n,32.93,Low
8.31053,80.29387,2026-08-31,807,1.4,334.22,305.49,l,22.84,Low
8.30053,80.16256,2026-08-31,807,3.66,339.1,308.91,n,27.25,Low
8.30774,80.12835,2026-08-31,807,2.95,332.31,306.22,l,22.94,Low
8.3721,80.43393,2026-08-31,807,6.87,336.87,304.21,n,28.41,Low
8.4316,80.79919,2026-08-31,807,6.05,341.2,309.0,n,30.2,Low
8.44716,80.87873,2026-08-31,807,7.37,338.83,306.9,n,29.88,Low
8.34746,80.20847,2026-08-31,807,3.85,336.17,309.73,l,25.76,Low
8.34692,80.20496,2026-08-31,807,3.86,336.99,309.9,l,26.22,Low
8.4479,80.75037,2026-08-31,807,3.6,335.29,308.52,l,25.08,Low
8.42869,80.62504,2026-08-31,807,5.61,341.14,308.86,n,29.84,Low
8.46928,80.77913,2026-08-31,807,7.93,346.94,307.83,n,34.8,Low
8.43458,80.5528,2026-08-31,807,2.47,331.43,304.61,l,22.09,Low
8.37858,80.18925,2026-08-31,807,4.28,336.53,308.88,l,26.28,Low
8.47952,80.82387,2026-08-31,807,4.13,331.96,303.15,l,23.63,Low
8.47485,80.77115,2026-08-31,807,1.53,331.63,303.02,l,21.5,Low
8.38703,80.15557,2026-08-31,807,4.9,346.01,310.23,n,32.01,Low
8.38648,80.15206,2026-08-31,807,4.9,334.03,304.84,l,25.36,Low
8.49225,80.81834,2026-08-31,807,11.16,353.12,310.05,n,40.66,Medium
8.49889,80.81732,2026-08-31,807,4.41,341.45,307.32,n,29.11,Low
8.514990000000001,80.74651,2026-08-31,807,9.52,334.79,309.49,l,29.25,Low
8.51151,80.56882,2026-08-31,807,4.3,332.96,300.44,n,24.31,Low
8.56241,80.85677,2026-08-31,807,6.27,347.43,309.81,n,33.83,Low
8.48646,80.36195,2026-08-31,807,2.3,333.66,306.36,l,23.2,Low
8.49849,80.39584,2026-08-31,807,2.61,331.59,303.07,l,22.29,Low
8.61921,81.14049,2026-08-31,807,9.6,350.21,312.03,n,37.87,Low
8.5192,80.46411,2026-08-31,807,2.27,331.95,300.33,n,22.23,Low
8.47334,80.16677,2026-08-31,807,7.33,342.12,309.88,n,31.68,Low
8.57523,80.74078,2026-08-31,807,0.92,334.55,302.39,n,22.66,Low
8.55763,80.62587,2026-08-31,807,7.3,339.42,308.82,n,30.15,Low
8.55709,80.62238,2026-08-31,807,5.71,336.88,306.97,l,27.55,Low
8.59517,80.82677,2026-08-31,807,24.38,344.09,307.19,n,45.56,Medium
8.62135,80.97601,2026-08-31,807,1.17,335.68,304.01,n,23.48,Low
8.6213,80.7978,2026-08-31,807,6.63,348.51,306.04,n,34.7,Low
8.59252,80.60977,2026-08-31,807,3.19,336.11,302.77,n,25.23,Low
8.68129,81.15162,2026-08-31,807,6.41,341.5,311.49,n,30.64,Low
8.6128,80.70208,2026-08-31,807,4.65,334.35,307.32,l,25.35,Low
8.63045,80.70648,2026-08-31,807,4.17,339.82,310.42,l,28.03,Low
8.5921,80.41267,2026-08-31,807,9.48,348.81,308.67,n,37.0,Low
8.61153,80.51681,2026-08-31,807,5.45,338.01,310.3,l,27.98,Low
8.6401,80.65864,2026-08-31,807,15.49,339.77,303.83,n,36.49,Low
8.65994,80.76608,2026-08-31,807,2.09,334.64,305.82,l,23.59,Low
8.63006,80.57103,2026-08-31,807,2.36,332.78,301.35,n,22.76,Low
8.62952,80.56754,2026-08-31,807,3.18,333.65,303.3,n,23.86,Low
8.63466,80.53464,2026-08-31,807,3.24,338.93,306.44,n,26.84,Low
8.67386,80.74609,2026-08-31,807,6.91,338.19,307.61,n,29.18,Low
8.6821,80.75552,2026-08-31,807,5.09,349.96,308.89,n,34.35,Low
8.66698,80.36886,2026-08-31,807,3.35,337.97,307.33,n,26.38,Low
8.78987,80.99559,2026-08-31,807,12.29,343.59,307.86,n,36.21,Low
8.74873,80.32748,2026-08-31,807,3.5700000000000003,338.49,305.13,n,26.84,Low
8.85911,80.74155,2026-08-31,807,16.02,349.7,311.49,n,42.4,Medium
8.80894,80.39244,2026-08-31,807,3.36,341.51,306.81,n,28.36,Low
8.90582,80.40517,2026-08-31,807,4.3,338.33,305.91,n,27.3,Low
8.91568,80.42508,2026-08-31,807,28.96,341.63,314.07,l,47.63,Medium
8.97013,80.69147,2026-08-31,807,6.62,345.28,311.26,n,32.9,Low
8.97723,80.38334,2026-08-31,807,6.26,337.39,307.43,l,28.24,Low
8.9767,80.37984,2026-08-31,807,6.26,336.51,308.02,l,27.76,Low
9.04133,80.45132,2026-08-31,807,19.68,367.0,312.33,h,54.76,Medium
9.11122,80.50833,2026-08-31,807,5.42,339.2,310.26,l,28.62,Low
9.19589,80.66298,2026-08-31,807,1.84,337.37,309.9,l,24.92,Low
9.18498,80.30385,2026-08-31,807,6.16,347.17,313.38,n,33.6,Low
9.17411,80.12911,2026-08-31,807,2.97,332.22,306.33,l,22.91,Low
9.26766,80.71529,2026-08-31,807,6.53,340.77,307.73,n,30.33,Low
9.28584,80.72318,2026-08-31,807,3.86,340.11,306.2,n,27.96,Low
9.41306,80.4028,2026-08-31,807,5.73,353.54,307.32,n,36.82,Low
9.39429,80.28052,2026-08-31,807,3.06,338.13,306.48,n,26.26,Low
9.02789,77.86799,2026-08-31,807,11.75,345.65,311.04,n,36.95,Low
9.17741,78.13036,2026-08-31,807,6.86,346.2,304.75,n,33.59,Low
9.22821,77.66577,2026-08-31,807,16.19,339.43,303.45,l,36.83,Low
9.47052,78.63935,2026-08-31,807,5.55,342.36,300.43,l,30.47,Low
9.77185,78.36581,2026-08-31,807,3.64,340.43,303.44,n,27.97,Low
9.90981,78.52617,2026-08-31,807,4.17,339.05,304.96,l,27.6,Low
9.80675,77.88925,2026-08-31,807,7.57,344.35,314.76,l,33.09,Low
9.8061,77.88528,2026-08-31,807,7.57,340.12,312.07,l,30.74,Low
9.98556,77.43252,2026-08-31,807,5.73,336.54,304.75,l,27.38,Low
11.62862,78.61463,2026-08-31,807,4.3,331.27,298.12,l,23.37,Low
11.52704,77.24921,2026-08-31,809,3.56,330.49,299.28,l,22.39,Low
13.81923,79.34404,2026-08-31,809,13.51,351.56,293.93,n,41.55,Medium
13.40939,80.26858,2026-08-31,809,2.09,339.14,301.29,n,26.09,Low
12.58657,79.6415,2026-08-31,809,4.02,349.15,307.62,n,33.1,Low
12.05555,79.07794,2026-08-31,809,2.96,330.89,302.51,l,22.16,Low
11.80935,77.92519,2026-08-31,809,2.83,331.34,292.97,l,22.31,Low
11.99713,79.547,2026-08-31,809,8.02,346.13,308.36,n,34.42,Low
11.99381,79.54753,2026-08-31,809,8.02,350.08,310.35,n,36.61,Low
11.73493,77.98431,2026-08-31,809,3.07,331.16,299.52,n,22.39,Low
11.52934,77.24984,2026-08-31,809,4.63,332.74,298.98,n,24.44,Low
14.47656,78.25895,2026-08-31,809,5.87,335.97,296.94,n,27.16,Low
27.71435,68.49007,2026-08-31,813,28.78,350.78,304.87,n,52.57,Medium
31.3222,72.33394,2026-08-31,813,8.52,341.28,301.15,n,32.1,Low
31.37494,74.45004,2026-08-31,813,6.1,346.78,300.46,n,33.34,Low
31.1293,74.65489,2026-08-31,813,4.79,341.05,298.33,n,29.18,Low
28.12977,76.78864,2026-08-31,813,2.37,335.41,296.53,n,24.23,Low
32.88905,71.61505,2026-08-31,2038,3.29,307.79,292.31,n,9.57,Low
32.8878,71.61481,2026-08-31,2038,3.59,307.36,292.4,n,9.56,Low
29.78555,91.60432,2026-08-31,2038,1.24,301.18,279.53,n,4.36,Low
35.96856,68.68645,2026-08-31,2038,0.58,302.12,291.06,n,4.39,Low
29.4606,76.88784,2026-08-31,2038,2.34,308.38,292.7,n,9.19,Low
28.37152,77.22688,2026-08-31,2038,1.55,323.5,289.42,n,17.0,Low
32.5747,72.56332,2026-08-31,2038,3.15,308.45,292.32,n,9.83,Low
28.34651,77.2308,2026-08-31,2038,1.97,309.35,291.76,n,9.45,Low
29.47525,76.859,2026-08-31,2038,2.78,314.13,292.51,n,12.71,Low
24.76335,74.60571,2026-08-31,2040,0.71,303.34,280.61,n,5.17,Low
21.10513,72.64378,2026-08-31,2040,5.89,330.75,287.66,n,24.28,Low
21.10902,72.64436,2026-08-31,2040,1.6,299.5,284.52,n,3.7,Low
22.3882,73.11613,2026-08-31,2040,2.6,321.54,282.49,n,16.69,Low
22.3858,73.11745,2026-08-31,2040,1.11,305.2,282.63,n,6.5,Low
22.38964,73.11803,2026-08-31,2040,1.41,318.73,282.32,n,14.24,Low
25.3894,68.57961,2026-08-31,2040,1.29,315.17,293.42,n,12.17,Low
24.76271,74.60774,2026-08-31,2040,1.26,306.91,281.39,n,7.56,Low
27.71806,68.49272,2026-08-31,2040,0.44,313.32,294.94,n,10.51,Low
28.42419,69.70075,2026-08-31,2040,0.87,308.69,296.56,n,8.26,Low
18.42431,74.38948,2026-08-31,2042,0.44,307.81,290.41,n,7.45,Low
18.68149,73.03835,2026-08-31,2042,3.11,311.06,292.45,n,11.25,Low
18.68213,73.03376,2026-08-31,2042,1.93,305.47,292.44,n,7.26,Low
18.68646,73.02973,2026-08-31,2042,1.93,306.48,288.82,n,7.83,Low
17.06269,76.97835,2026-08-31,2042,0.84,306.39,286.56,n,6.96,Low
18.59601,74.25494,2026-08-31,2042,1.7000000000000002,317.81,290.26,n,13.95,Low
19.36855,71.35361,2026-08-31,2042,2.17,312.3,291.62,n,11.24,Low
17.43479,74.96613,2026-08-31,2042,0.74,307.73,289.13,n,7.63,Low
15.65919,73.98986,2026-08-31,2042,1.8,315.41,289.55,n,12.69,Low
15.1696,76.37997,2026-08-31,2042,0.65,296.09,271.6,n,1.09,Low
11.08366,78.75399,2026-08-31,2044,2.89,311.37,294.08,n,11.26,Low
10.94284,78.06322,2026-08-31,2044,1.41,316.81,294.36,n,13.17,Low
10.41461,77.11382,2026-08-31,2044,0.43,305.75,289.06,n,6.29,Low
8.74017,78.09332,2026-08-31,2044,0.38,306.91,294.39,n,6.9,Low
8.09268,80.79333,2026-08-31,2044,1.9,316.15,292.86,n,13.17,Low
8.11194,79.87071,2026-08-31,2044,2.58,322.48,291.95,n,17.2,Low
8.11138,79.86758,2026-08-31,2044,2.42,306.74,291.83,n,8.34,Low
7.39378,80.89077,2026-08-31,2044,4.23,334.68,290.36,n,25.22,Low
8.11074,79.87141,2026-08-31,2044,2.02,312.18,291.17,n,11.06,Low
7.39473,80.88899,2026-08-31,2044,2.86,324.22,289.75,n,18.38,Low
7.39012,80.88872,2026-08-31,2044,2.8,318.01,289.62,n,14.88,Low
12.60132,77.88569,2026-08-31,2044,0.27,308.19,283.62,n,7.53,Low
12.59783,77.8851,2026-08-31,2044,0.27,299.48,281.77,n,2.69,Low
11.81802,77.91586,2026-08-31,2044,1.71,308.19,291.36,n,8.61,Low
11.81027,77.91869,2026-08-31,2044,2.44,306.89,292.03,n,8.44,Low
11.80957,77.92274,2026-08-31,2044,1.65,309.05,293.67,n,9.04,Low
11.18313,79.09899,2026-08-31,2044,0.5,304.24,283.87,n,5.51,Low
6.411,81.08882,2026-09-01,748,0.85,331.91,296.1,n,21.14,Low
6.41308,81.00175,2026-09-01,748,2.93,336.85,296.79,n,25.45,Low
6.56763,80.98006,2026-09-01,748,2.46,331.95,298.34,n,22.37,Low
6.7111,81.59296,2026-09-01,748,5.1,332.59,299.56,n,24.71,Low
6.70304,81.54429,2026-09-01,748,5.44,334.86,300.62,n,26.22,Low
6.73672,81.60365,2026-09-01,748,13.03,335.05,299.25,n,32.02,Low
6.73593,81.59883,2026-09-01,748,8.39,337.41,299.81,n,29.85,Low
6.74266,81.51804,2026-09-01,748,2.55,337.49,300.14,n,25.52,Low
6.80369,81.52106,2026-09-01,748,5.57,336.16,302.28,n,27.04,Low
6.8153500000000005,81.51917,2026-09-01,748,3.0,338.94,300.72,n,26.66,Low
6.84047,81.57497,2026-09-01,748,12.38,346.36,305.15,n,37.82,Low
6.84425,81.54947,2026-09-01,748,10.33,337.98,299.8,n,31.63,Low
6.8355,81.49601,2026-09-01,748,9.59,333.16,299.88,n,28.39,Low
6.84813,81.54882,2026-09-01,748,10.33,337.81,299.9,n,31.53,Low
6.83939,81.49536,2026-09-01,748,9.59,345.89,300.37,n,35.46,Low
7.09516,81.44301,2026-09-01,748,12.36,345.55,296.11,n,37.35,Low
7.07607,81.5708,2026-09-01,748,6.13,333.41,298.72,n,25.94,Low
6.93935,81.63994,2026-09-01,748,5.6,336.24,302.51,n,27.11,Low
6.85314,81.40752,2026-09-01,748,6.24,335.08,298.04,n,26.95,Low
7.07577,81.20669,2026-09-01,748,9.04,341.39,296.1,n,32.55,Low
7.0955,81.44486,2026-09-01,748,9.23,334.54,294.82,n,28.89,Low
7.07303,81.20502,2026-09-01,748,8.49,334.73,295.76,n,28.44,Low
6.33925,81.34753,2026-09-01,748,4.21,335.71,296.64,n,25.77,Low
6.33772,81.34603,2026-09-01,748,7.75,334.53,296.73,n,27.77,Low
6.32778,81.01263,2026-09-01,748,2.71,342.68,298.03,n,28.52,Low
6.35255,81.13854,2026-09-01,748,3.16,342.55,298.76,n,28.79,Low
7.35682,81.82351,2026-09-01,748,6.09,333.2,304.05,l,25.79,Low
7.33726,81.72639,2026-09-01,748,5.18,335.03,305.25,l,26.12,Low
6.19543,81.0187,2026-09-01,748,3.17,334.15,296.73,n,24.13,Low
6.23883,81.20638,2026-09-01,748,1.23,330.31,298.18,n,20.54,Low
7.32506,81.74758,2026-09-01,748,6.03,333.99,305.24,l,26.18,Low
7.31592,81.76345,2026-09-01,748,12.39,344.78,306.04,n,36.95,Low
7.28933,81.79167,2026-09-01,748,11.09,340.16,305.52,n,33.41,Low
7.21606,81.76827,2026-09-01,748,19.17,341.2,305.45,l,40.04,Medium
7.16827,81.57197,2026-09-01,748,6.23,331.95,300.12,n,25.2,Low
6.39061,81.01627,2026-09-01,748,5.79,348.9,298.11,n,34.29,Low
7.96814,80.59685,2026-09-01,750,6.47,347.3,298.24,n,33.91,Low
7.96034,80.72224,2026-09-01,750,3.5,330.53,300.93,l,22.36,Low
7.95932,80.72301,2026-09-01,750,4.06,331.21,300.94,n,23.16,Low
7.42719,81.31733,2026-09-01,750,5.35,331.73,301.93,l,24.42,Low
7.63038,81.58308,2026-09-01,750,6.87,335.51,305.32,l,27.66,Low
7.6342,81.58244,2026-09-01,750,6.87,344.19,304.4,n,32.48,Low
7.79142,81.55624,2026-09-01,750,6.01,333.11,304.23,l,25.68,Low
7.7604,81.24961,2026-09-01,750,10.62,340.95,309.62,n,33.49,Low
7.86408,81.44665,2026-09-01,750,9.12,348.6,303.81,n,36.62,Low
7.86625,81.44823,2026-09-01,750,9.31,343.45,304.19,n,33.9,Low
7.8685,81.43804,2026-09-01,750,4.72,334.4,303.13,n,25.43,Low
7.78867,80.81643,2026-09-01,750,4.63,342.48,302.57,n,29.85,Low
7.94534,81.37614,2026-09-01,750,3.65,337.02,303.27,n,26.08,Low
7.94456,81.37131,2026-09-01,750,3.65,332.56,304.36,l,23.6,Low
7.94756,81.31615,2026-09-01,750,8.89,343.2,304.45,n,33.45,Low
7.94843,81.31799,2026-09-01,750,9.05,338.51,303.64,n,30.96,Low
7.78377,80.22298,2026-09-01,750,2.66,339.76,293.66,n,26.86,Low
8.00779,81.43661,2026-09-01,750,6.68,330.8,304.26,l,24.9,Low
7.90392,80.63752,2026-09-01,750,1.99,333.93,299.19,n,23.12,Low
8.92294,80.38815,2026-09-01,750,11.59,344.04,301.73,n,35.94,Low
7.45856,81.64819,2026-09-01,750,6.24,334.63,303.56,l,26.7,Low
7.45584,81.64682,2026-09-01,750,7.83,333.5,302.99,l,27.26,Low
7.40997,81.6543,2026-09-01,750,6.13,333.78,300.98,l,26.14,Low
7.36199,81.50616,2026-09-01,750,3.82,333.35,299.67,n,24.17,Low
7.29757,81.14172,2026-09-01,750,6.16,334.94,303.89,n,26.81,Low
7.39489,81.77684,2026-09-01,750,7.48,334.29,304.8,l,27.44,Low
8.5695,80.76366,2026-09-01,750,9.39,338.63,304.65,n,31.28,Low
8.54781,80.68247,2026-09-01,750,8.51,340.66,302.43,n,31.75,Low
8.52105,80.59629,2026-09-01,750,6.85,352.43,300.61,n,37.04,Low
8.03119,81.28948,2026-09-01,750,20.57,349.71,307.0,n,45.82,Medium
8.51704,80.59698,2026-09-01,750,6.85,352.54,301.92,n,37.1,Low
8.51814,80.67673,2026-09-01,750,8.72,338.07,301.34,n,30.47,Low
8.46717,80.40021,2026-09-01,750,2.9,339.96,301.11,n,27.15,Low
8.46778,80.40383,2026-09-01,750,2.9,341.57,301.31,n,28.05,Low
8.4631,80.40090000000001,2026-09-01,750,2.31,339.49,303.21,n,26.45,Low
8.46372,80.40453,2026-09-01,750,2.31,338.04,301.63,n,25.64,Low
8.45904,80.40157,2026-09-01,750,2.31,331.54,301.2,n,22.03,Low
8.41854,80.18941,2026-09-01,750,4.82,334.78,299.92,n,25.71,Low
8.51878,80.7773,2026-09-01,750,4.06,342.57,303.99,n,29.47,Low
8.441230000000001,80.37093,2026-09-01,750,1.9,334.63,299.81,n,23.44,Low
8.43706,80.33877,2026-09-01,750,4.04,330.46,301.29,l,22.73,Low
8.44242,80.37146,2026-09-01,750,4.32,337.13,299.87,n,26.65,Low
8.52771,80.89381,2026-09-01,750,6.84,335.66,299.91,n,27.72,Low
8.41083,80.25612,2026-09-01,750,4.26,338.4,297.36,n,27.31,Low
8.40672,80.25681,2026-09-01,750,6.7,337.52,301.7,n,28.65,Low
8.40733,80.26052,2026-09-01,750,3.39,332.36,299.62,n,23.3,Low
8.49863,80.81506,2026-09-01,750,16.97,333.72,302.59,n,34.24,Low
8.49946,80.82017,2026-09-01,750,16.97,339.21,303.5,n,37.29,Low
8.4955,80.82083,2026-09-01,750,16.97,335.09,301.08,n,35.0,Low
8.47152,80.72465,2026-09-01,750,11.25,336.85,303.91,n,31.69,Low
8.41644,80.41689,2026-09-01,750,2.04,331.79,302.89,l,21.97,Low
8.38557,80.25662,2026-09-01,750,10.02,344.78,299.85,n,35.17,Low
8.42361,80.5847,2026-09-01,750,6.09,331.75,303.93,l,24.98,Low
8.349,80.19014,2026-09-01,750,4.48,331.08,301.86,l,23.4,Low
8.36403,80.27928,2026-09-01,750,6.03,346.99,302.44,n,33.41,Low
8.34424,80.18712,2026-09-01,750,6.2,332.68,301.94,n,25.58,Low
8.35582,80.28069,2026-09-01,750,3.73,331.43,301.46,l,23.04,Low
8.41403,80.62608,2026-09-01,750,6.92,341.23,300.18,n,30.87,Low
8.40258,80.63156,2026-09-01,750,8.98,352.12,303.59,n,38.47,Low
8.4673,81.08805,2026-09-01,750,7.07,337.73,298.79,n,29.04,Low
8.32899,80.29664,2026-09-01,750,3.46,333.49,300.35,n,23.98,Low
8.46341,81.0887,2026-09-01,750,15.6,337.52,299.74,n,35.32,Low
8.30062,80.15585,2026-09-01,750,19.56,344.61,303.18,n,42.23,Medium
8.37836,80.6104,2026-09-01,750,6.35,344.11,305.36,n,32.05,Low
8.31414,80.28391,2026-09-01,750,3.4,339.16,301.37,n,27.08,Low
8.29877,80.15601,2026-09-01,750,18.87,343.71,301.32,n,41.21,Medium
8.3114,80.28439,2026-09-01,750,2.5,343.65,300.84,n,28.9,Low
8.38429,81.04854,2026-09-01,750,22.09,349.85,306.78,n,47.04,Medium
8.37648,81.04984,2026-09-01,750,12.25,336.23,302.95,n,32.09,Low
8.39226,81.16862,2026-09-01,750,5.92,331.78,295.94,n,24.87,Low
8.26432,80.55347,2026-09-01,750,4.08,334.0,298.06,n,24.73,Low
8.26053,80.58041,2026-09-01,750,7.81,342.01,300.71,n,31.97,Low
8.24386,80.60502,2026-09-01,750,4.93,340.11,301.48,n,28.76,Low
8.3076,81.01814,2026-09-01,750,6.15,336.04,298.71,n,27.41,Low
8.30368,81.01878,2026-09-01,750,6.15,337.15,299.13,n,28.03,Low
8.18792,80.69052,2026-09-01,750,6.26,340.57,301.84,n,30.01,Low
8.03059,80.59743,2026-09-01,750,3.18,339.51,300.21,n,27.11,Low
8.13979,81.4119,2026-09-01,750,4.71,332.42,300.93,l,24.32,Low
7.98507,80.62343,2026-09-01,750,3.46,330.99,299.01,n,22.59,Low
9.95757,77.88288,2026-09-01,750,8.44,336.99,305.57,n,29.66,Low
9.8107,78.22701,2026-09-01,750,3.51,330.36,302.93,l,22.28,Low
8.56749,80.72697,2026-09-01,750,6.93,337.61,299.82,n,28.87,Low
8.52566,80.47535,2026-09-01,750,3.79,347.97,298.71,n,32.27,Low
8.51968,80.43941,2026-09-01,750,2.88,331.47,302.34,l,22.42,Low
8.57147,80.7263,2026-09-01,750,4.61,333.54,298.68,n,24.87,Low
8.60734,80.91888,2026-09-01,750,7.46,339.09,304.42,n,30.09,Low
8.54025,80.51318,2026-09-01,750,9.03,345.63,303.93,n,34.9,Low
8.574,80.66736,2026-09-01,750,36.79,342.42,301.94,n,53.94,Medium
8.51547,80.31347,2026-09-01,750,5.43,343.83,295.89,n,31.2,Low
8.60837,80.85137,2026-09-01,750,11.2,338.67,305.61,n,32.66,Low
8.59837,80.79054,2026-09-01,750,5.22,334.4,300.96,n,25.8,Low
8.59583,80.77507,2026-09-01,750,6.36,336.18,297.34,n,27.65,Low
8.57321,80.5876,2026-09-01,750,4.19,332.23,301.85,n,23.83,Low
8.57722,80.58692,2026-09-01,750,4.19,344.12,303.41,n,30.43,Low
8.57664,80.58342,2026-09-01,750,6.1,331.51,303.41,l,24.86,Low
8.56386,80.50555,2026-09-01,750,3.19,335.67,301.18,n,24.99,Low
8.56789,80.50488,2026-09-01,750,2.13,340.09,299.06,n,26.65,Low
8.56902,80.48644,2026-09-01,750,4.42,333.01,301.82,n,24.43,Low
8.57504,80.4455,2026-09-01,750,4.18,345.29,302.14,n,31.07,Low
8.68468,81.02161,2026-09-01,750,22.07,349.12,303.14,n,46.62,Medium
8.65193,80.82672,2026-09-01,750,8.57,341.22,303.08,n,32.11,Low
7.85497,80.34256,2026-09-01,750,4.45,338.68,296.96,n,27.6,Low
8.68774,81.01603,2026-09-01,750,4.45,332.11,299.8,n,23.95,Low
8.62578,80.64729,2026-09-01,750,9.51,337.07,301.26,n,30.5,Low
8.67641,80.90026,2026-09-01,750,7.77,335.43,301.67,n,28.29,Low
8.68091,80.87888,2026-09-01,750,7.56,334.14,301.98,n,27.41,Low
8.68568,80.88323,2026-09-01,750,9.97,333.31,299.08,n,28.76,Low
8.65909,80.69933,2026-09-01,750,4.65,332.35,301.39,n,24.24,Low
8.66735,80.72438,2026-09-01,750,7.16,336.5,302.11,n,28.43,Low
8.70056,80.87553,2026-09-01,750,13.58,331.19,300.82,n,30.29,Low
8.74317,80.18766,2026-09-01,750,5.11,343.55,298.99,n,30.8,Low
8.86808,80.87281,2026-09-01,750,5.24,330.89,301.1,l,23.87,Low
8.29291,77.57172,2026-09-01,750,3.49,340.35,300.05,n,27.81,Low
8.8961,80.42565,2026-09-01,750,12.27,343.18,303.43,n,35.97,Low
8.89549,80.42211,2026-09-01,750,12.27,338.63,301.45,n,33.44,Low
8.91162,80.4194,2026-09-01,750,5.7,340.85,301.46,n,29.75,Low
8.92028,80.4216,2026-09-01,750,8.63,332.13,303.85,l,27.1,Low
9.77143,78.21916,2026-09-01,750,3.49,333.13,302.84,n,23.8,Low
9.57735,78.58523,2026-09-01,750,8.92,342.46,305.45,n,33.06,Low
9.6828,79.86526,2026-09-01,750,2.81,331.06,302.61,l,22.14,Low
9.60892,79.98938,2026-09-01,750,4.83,345.28,302.98,n,31.56,Low
9.63981,80.21948,2026-09-01,750,2.34,335.9,300.71,n,24.48,Low
9.64288,80.3102,2026-09-01,750,4.14,333.48,302.49,n,24.48,Low
9.53506,80.38695,2026-09-01,750,25.84,342.55,304.4,n,45.8,Medium
9.44431,80.39148,2026-09-01,750,3.35,340.36,303.64,n,27.71,Low
9.4283,80.39423,2026-09-01,750,2.36,333.51,304.04,l,23.16,Low
9.4273,80.41241,2026-09-01,750,10.51,367.0,305.8,h,47.88,Medium
9.41424,80.36042,2026-09-01,750,3.02,332.41,302.67,l,23.05,Low
9.4227,80.40959,2026-09-01,750,4.15,343.88,303.37,n,30.27,Low
9.4233,80.41309,2026-09-01,750,4.15,349.88,304.67,n,33.6,Low
9.41568,80.39275,2026-09-01,750,1.94,330.74,302.54,l,21.31,Low
9.41628,80.39626,2026-09-01,750,3.96,342.87,303.93,n,29.56,Low
9.41689,80.39977,2026-09-01,750,3.96,342.6,305.49,n,29.41,Low
9.41749,80.40327,2026-09-01,750,4.57,338.11,305.15,n,27.38,Low
9.41327,80.36134,2026-09-01,750,3.55,342.93,302.94,n,29.29,Low
9.41908,80.39658,2026-09-01,750,4.54,330.1,303.87,l,22.91,Low
9.42139,80.41061,2026-09-01,750,2.16,337.98,303.28,n,25.5,Low
9.42197,80.41412,2026-09-01,750,2.16,333.99,303.32,n,23.28,Low
9.41566,80.40079,2026-09-01,750,4.54,347.73,305.36,n,32.7,Low
9.40603,80.44202,2026-09-01,750,1.33,334.62,302.84,n,23.01,Low
9.39688,80.43639,2026-09-01,750,6.2,348.3,303.23,n,34.26,Low
9.39346,80.44057,2026-09-01,750,11.04,343.24,304.09,n,35.08,Low
9.39288,80.43707,2026-09-01,750,11.04,367.0,305.78,h,48.28,Medium
9.25795,80.27505,2026-09-01,750,6.8100000000000005,330.46,304.59,l,24.81,Low
9.24176,80.27779,2026-09-01,750,7.03,338.33,305.64,n,29.34,Low
9.08716,79.74696,2026-09-01,750,6.52,339.59,302.9,n,29.66,Low
9.08676,79.74698,2026-09-01,750,2.14,335.52,302.37,n,24.12,Low
9.08741,79.75088,2026-09-01,750,2.14,330.38,301.39,l,21.26,Low
9.11247,80.27811,2026-09-01,750,6.48,336.96,306.35,n,28.17,Low
9.10153,80.28739,2026-09-01,750,3.67,338.19,304.88,n,26.75,Low
9.10582,80.31257,2026-09-01,750,2.27,333.64,304.01,l,23.17,Low
8.69322,78.05519,2026-09-01,750,6.31,347.78,301.94,n,34.05,Low
9.05558,80.14168,2026-09-01,750,4.72,337.68,302.26,n,27.25,Low
9.05315,80.14268,2026-09-01,750,6.08,340.69,302.74,n,29.94,Low
8.69272,78.05309,2026-09-01,750,4.6,339.6,301.29,n,28.23,Low
8.69359,78.05819,2026-09-01,750,4.74,331.91,300.81,n,24.06,Low
9.02756,80.16605,2026-09-01,750,2.26,334.03,300.17,n,23.38,Low
9.02817,80.16972,2026-09-01,750,2.67,332.18,300.5,n,22.66,Low
8.9195,80.3924,2026-09-01,750,5.41,332.26,304.48,l,24.76,Low
14.49206,77.77126,2026-09-01,750,8.52,343.95,298.34,n,33.58,Low
14.43501,77.70506,2026-09-01,750,5.22,330.81,296.7,n,23.81,Low
14.43581,77.70943,2026-09-01,750,11.47,343.02,298.18,n,35.28,Low
14.54064,79.68484,2026-09-01,750,9.29,344.26,297.25,n,34.33,Low
13.86103,79.33105,2026-09-01,750,4.74,334.63,296.24,n,25.57,Low
13.85649,79.3286,2026-09-01,750,4.74,340.87,296.39,n,29.04,Low
13.85709,79.33201,2026-09-01,750,4.74,344.02,298.61,n,30.79,Low
13.20734,79.73056,2026-09-01,750,3.71,330.12,301.37,l,22.29,Low
12.88371,78.21547,2026-09-01,750,3.46,333.65,302.7,n,24.07,Low
12.82455,79.10368,2026-09-01,750,5.9,332.39,304.02,l,25.2,Low
12.82044,79.10441,2026-09-01,750,5.45,338.59,303.67,n,28.3,Low
12.8083,79.95654,2026-09-01,750,3.64,331.11,302.28,l,22.79,Low
12.65554,79.40025,2026-09-01,750,2.19,336.68,302.28,n,24.8,Low
12.6515,79.40098,2026-09-01,750,2.19,337.49,301.46,n,25.25,Low
12.63548,79.86098,2026-09-01,750,5.87,334.7,302.52,n,26.46,Low
12.55496,79.97733,2026-09-01,750,6.59,343.27,303.72,n,31.76,Low
12.38799,79.56133,2026-09-01,750,2.06,332.27,303.14,n,22.25,Low
12.13102,78.14007,2026-09-01,750,8.28,332.63,299.71,n,27.12,Low
12.09304,79.56533,2026-09-01,750,2.38,342.44,303.39,n,28.14,Low
12.09285,79.56569,2026-09-01,750,4.53,341.02,303.15,n,28.96,Low
12.05853,79.84698,2026-09-01,750,3.58,331.63,299.32,n,23.04,Low
11.83094,79.66526,2026-09-01,750,1.86,331.46,303.93,l,21.65,Low
11.69813,79.12595,2026-09-01,750,5.89,355.18,304.79,n,37.85,Low
11.69394,79.12669,2026-09-01,750,5.89,334.62,305.59,l,26.43,Low
11.69378,79.12559,2026-09-01,750,3.94,336.91,304.65,n,26.24,Low
11.14795,78.03258,2026-09-01,750,4.53,336.34,300.6,n,26.36,Low
11.00781,77.43622,2026-09-01,750,7.15,332.41,299.6,n,26.15,Low
11.01218,79.41254,2026-09-01,750,1.56,334.72,302.36,n,23.24,Low
11.01958,79.83994,2026-09-01,750,2.22,336.41,303.87,n,24.67,Low
10.77378,78.65028,2026-09-01,750,5.62,335.4,307.67,l,26.66,Low
10.74769,78.83463,2026-09-01,750,6.13,344.12,306.06,n,31.89,Low
10.86091,79.81236,2026-09-01,750,0.93,332.03,298.78,n,21.27,Low
10.67588,78.80834,2026-09-01,750,4.1,334.64,305.76,l,25.1,Low
10.44559,78.8073,2026-09-01,750,5.72,332.18,301.71,n,24.95,Low
10.44507,78.80642,2026-09-01,750,3.98,332.13,302.64,l,23.61,Low
10.38719,79.27933,2026-09-01,750,11.34,343.55,305.99,n,35.48,Low
9.99667,77.52258,2026-09-01,750,8.15,334.74,303.41,n,28.19,Low
9.99659,77.51824,2026-09-01,750,3.0,343.88,303.84,n,29.41,Low
10.015,78.08784,2026-09-01,750,8.15,345.21,304.53,n,34.01,Low
9.96654,77.89884,2026-09-01,750,6.17,339.99,305.78,n,29.62,Low
9.95914,77.88472,2026-09-01,750,11.36,337.66,305.78,n,32.22,Low
9.96955,77.89621,2026-09-01,750,13.59,343.87,306.5,n,37.34,Low
17.95781,80.79736,2026-09-01,752,5.73,336.54,292.25,n,27.38,Low
14.95399,79.63455,2026-09-01,752,5.79,333.95,299.32,n,25.98,Low
14.95313,79.62963,2026-09-01,752,5.79,338.9,300.36,n,28.73,Low
14.86462,77.31979,2026-09-01,752,2.62,335.31,292.46,n,24.36,Low
15.18663,76.75148,2026-09-01,752,3.78,337.67,289.96,n,26.54,Low
15.88618,79.82315,2026-09-01,752,7.0,338.82,301.09,l,29.59,Low
15.88993,79.82246,2026-09-01,752,7.0,339.55,299.72,n,30.0,Low
32.2988,73.30443,2026-09-01,756,2.61,331.8,294.81,n,22.4,Low
27.52273,68.33573,2026-09-01,756,7.3,353.91,298.29,n,38.2,Low
30.67169,73.90612,2026-09-01,756,3.03,334.61,294.93,n,24.28,Low
36.37709,94.95622,2026-09-01,1836,9.76,339.49,281.86,n,32.04,Low
36.37725,94.94768,2026-09-01,1836,12.29,331.48,284.02,n,29.48,Low
36.38441,94.94778,2026-09-01,1836,12.29,318.16,283.38,n,22.08,Low
36.38425,94.95636,2026-09-01,1836,9.76,324.64,282.75,n,23.79,Low
36.38021,94.94536,2026-09-01,1836,15.02,308.02,284.41,n,18.5,Low
36.3801,94.95391,2026-09-01,1836,15.02,367.0,285.94,h,51.27,Medium
35.99104,94.83133,2026-09-01,2017,0.99,295.22,282.25,n,0.86,Low
36.38047,94.95726,2026-09-01,2017,12.33,350.53,286.92,n,40.1,Medium
36.38214,94.95275,2026-09-01,2017,5.15,297.27,285.04,n,5.12,Low
36.38081,94.95837,2026-09-01,2017,8.04,338.25,285.97,n,30.06,Low
37.34801,97.40966,2026-09-01,2017,0.78,301.6,285.02,n,4.25,Low
34.42354,73.96882,2026-09-01,2017,1.5,306.24,283.6,n,7.37,Low
22.47377,91.73272,2026-09-01,2019,1.25,306.67,285.81,n,7.42,Low
29.78695,91.60675,2026-09-01,2019,1.44,297.7,279.0,n,2.58,Low
37.30261,77.7204,2026-09-01,2019,1.98,304.82,284.0,n,6.94,Low
18.73882,74.40549,2026-09-01,2021,0.54,299.3,284.89,n,2.79,Low
21.10112,72.63706,2026-09-01,2021,1.18,308.66,282.05,n,8.47,Low
21.10147,72.63356,2026-09-01,2021,1.18,308.84,282.25,n,8.57,Low
21.10537,72.64811,2026-09-01,2021,2.9,310.93,284.27,n,11.03,Low
21.10572,72.64465,2026-09-01,2021,4.16,331.23,285.01,n,23.25,Low
12.29417,79.93931,2026-09-01,2023,1.98,325.11,291.53,n,18.21,Low
12.74743,77.61809,2026-09-01,2023,0.43,300.42,288.9,n,3.33,Low
13.89658,76.56571,2026-09-01,2023,0.51,300.57,285.29,n,3.48,Low
14.5171,75.64188,2026-09-01,2023,0.94,300.76,286.89,n,3.9,Low
14.51576,75.63882,2026-09-01,2023,0.94,301.84,286.6,n,4.5,Low
15.18782,76.65921,2026-09-01,2023,2.8200000000000003,310.47,285.67,n,10.71,Low
15.18272,76.66805,2026-09-01,2023,3.48,312.13,282.34,n,12.13,Low
15.18291,76.63927,2026-09-01,2023,2.14,319.2,285.55,n,15.05,Low
11.43151,77.16531,2026-09-01,2023,1.7000000000000002,308.64,293.07,n,8.85,Low
11.59257,77.26982,2026-09-01,2023,1.3,304.87,287.86,n,6.46,Low
10.99278,79.23927,2026-09-01,2023,2.33,318.53,291.83,n,14.82,Low
10.92252,78.51923,2026-09-01,2023,1.96,325.57,293.57,n,18.45,Low
10.94335,76.3877,2026-09-01,2023,0.5700000000000001,303.97,291.59,n,5.41,Low
11.10827,79.43034,2026-09-01,2023,1.26,306.12,291.65,n,7.12,Low
11.58526,77.26942,2026-09-01,2023,0.63,302.45,289.46,n,4.61,Low
11.58561,77.26827,2026-09-01,2023,0.71,302.6,289.36,n,4.75,Low
11.58907,77.26917,2026-09-01,2023,1.3,316.85,288.53,n,13.11,Low
11.58795,77.27676,2026-09-01,2023,2.54,328.51,290.39,n,20.52,Low
15.33235,76.28368,2026-09-01,2023,1.69,306.58,286.1,n,7.7,Low
15.17715,76.65287000000001,2026-09-01,2023,2.24,304.64,285.0,n,7.04,Low
15.17649,76.65758,2026-09-01,2023,2.24,318.85,285.28,n,14.93,Low
15.17009,76.38125,2026-09-01,2023,1.63,302.75,285.05,n,5.53,Low
15.00385,77.61399,2026-09-01,2023,0.86,301.52,281.69,n,4.27,Low
10.99333,79.23576,2026-09-01,2023,2.35,307.67,291.5,n,8.8,Low
11.592,77.27362,2026-09-01,2023,2.54,325.47,290.18,n,18.83,Low
11.2683,80.00274,2026-09-01,2023,2.74,312.46,292.83,n,11.75,Low
11.81017,77.92106,2026-09-01,2023,2.41,307.2,292.19,n,8.59,Low
11.80976,77.92097,2026-09-01,2023,2.29,306.97,292.26,n,8.37,Low
12.07241,79.15073,2026-09-01,2023,1.83,306.96,290.91,n,8.02,Low
13.00275,74.8494,2026-09-01,2023,0.85,305.21,289.72,n,6.31,Low
12.29086,79.93877,2026-09-01,2023,1.98,311.05,291.14,n,10.4,Low
8.5307,80.74348,2026-09-01,2025,2.89,311.93,293.43,n,11.57,Low
10.19173,77.64243,2026-09-01,2025,0.42,304.01,291.74,n,5.32,Low
9.58141,77.54852,2026-09-01,2025,1.01,311.48,272.37,n,9.91,Low
9.57284,77.53609,2026-09-01,2025,1.24,305.91,268.13,n,6.99,Low
9.5723,77.53960000000001,2026-09-01,2025,0.85,299.71,269.85,n,3.25,Low
9.56999,77.5319,2026-09-01,2025,1.35,304.75,267.28,n,6.43,Low
9.56943,77.53551,2026-09-01,2025,1.35,308.38,268.79,n,8.45,Low
9.2637,77.50169,2026-09-01,2025,1.36,313.85,293.16,n,11.49,Low
8.53409,80.74403,2026-09-01,2025,2.89,308.51,293.83,n,9.67,Low
6.36316,80.74545,2026-09-01,2025,0.88,307.21,293.57,n,7.44,Low
6.57419,81.11971,2026-09-01,2025,0.86,306.48,295.1,n,7.02,Low
6.71948,81.22217,2026-09-01,2025,2.15,316.18,294.52,n,13.38,Low
6.77234,81.00491,2026-09-01,2025,0.77,304.33,289.6,n,5.76,Low
6.77437,81.00439,2026-09-01,2025,1.11,302.99,289.38,n,5.27,Low
6.95969,79.95614,2026-09-01,2025,2.43,310.87,294.24,n,10.64,Low
6.85561,81.53905,2026-09-01,2025,2.17,317.94,294.39,n,14.37,Low
6.93451,81.20994,2026-09-01,2025,0.33,303.41,292.42,n,4.92,Low
7.0813,80.82124,2026-09-01,2025,1.38,312.46,289.75,n,10.73,Low
6.96968,81.59444,2026-09-01,2025,2.66,312.2,293.54,n,11.55,Low
6.97034,81.59041,2026-09-01,2025,2.66,322.48,293.96,n,17.26,Low
6.97323,81.59503,2026-09-01,2025,2.66,329.71,294.57,n,21.28,Low
6.97389,81.591,2026-09-01,2025,2.66,329.61,294.85,n,21.22,Low
7.21528,81.04633,2026-09-01,2025,2.04,308.04,295.49,n,8.77,Low
7.24225,80.88264,2026-09-01,2025,1.3,312.7,292.79,n,10.81,Low
7.24854,80.88733,2026-09-01,2025,1.49,313.49,292.73,n,11.39,Low
7.38553,80.94897,2026-09-01,2025,3.28,314.0,297.33,n,13.02,Low
7.37611,81.18176,2026-09-01,2025,1.63,312.1,295.23,n,10.72,Low
7.37958,81.18234,2026-09-01,2025,1.63,323.11,295.83,n,16.84,Low
7.43566,81.24219,2026-09-01,2025,1.59,311.68,295.11,n,10.46,Low
7.88871,81.18806,2026-09-01,2025,1.97,311.67,294.17,n,10.74,Low
8.07564,80.76885,2026-09-01,2025,1.15,312.96,294.42,n,10.84,Low
8.23957,80.5554,2026-09-01,2025,1.7000000000000002,310.82,293.97,n,10.06,Low
8.6686,77.99117,2026-09-01,2025,0.36,299.21,278.27,n,2.61,Low
8.44806,80.39248,2026-09-01,2025,0.65,312.37,282.87,n,10.14,Low
8.49787,80.81718,2026-09-01,2025,1.67,311.65,294.25,n,10.5,Low
28.42366,69.70154,2026-09-01,2159,1.44,308.92,294.27,n,8.81,Low
32.88779,71.6153,2026-09-01,2159,1.85,305.61,289.73,n,7.28,Low
33.29609,71.18719,2026-09-01,2159,0.6000000000000001,305.76,289.63,n,6.43,Low
23.43164,68.71332,2026-09-01,2201,0.77,303.25,289.63,n,5.16,Low
25.38806,68.58345,2026-09-01,2201,1.13,316.75,291.12,n,12.93,Low
7.48,80.90331,2026-09-02,729,9.56,337.82,297.76,n,30.96,Low
6.74808,81.52004,2026-09-02,729,3.27,330.74,300.2,n,22.31,Low
6.69094,81.32561,2026-09-02,729,3.63,332.43,299.29,n,23.52,Low
6.59253,80.92814,2026-09-02,729,4.39,335.25,297.81,n,25.65,Low
6.56966,81.1199,2026-09-02,729,3.48,335.08,299.08,n,24.88,Low
6.5513200000000005,81.14516,2026-09-02,729,1.69,332.0,297.91,n,21.82,Low
6.45157,81.09538,2026-09-02,729,3.54,331.57,292.73,n,22.97,Low
6.29037,80.85827,2026-09-02,729,5.02,335.56,295.14,n,26.3,Low
9.43638,80.39525,2026-09-02,729,3.24,330.96,295.72,n,22.41,Low
9.43089,80.39628,2026-09-02,729,3.24,332.16,295.53,n,23.07,Low
9.41724,80.38377,2026-09-02,729,4.93,337.57,295.68,n,27.35,Low
8.85165,80.32201,2026-09-02,729,5.21,333.34,294.93,n,25.21,Low
8.43109,80.65472,2026-09-02,729,4.76,337.46,296.5,n,27.16,Low
8.41492,80.56696,2026-09-02,729,4.19,346.91,292.68,n,31.98,Low
8.69176,80.35313,2026-09-02,729,4.47,349.2,293.08,n,33.46,Low
8.6888,80.35437,2026-09-02,729,3.92,340.54,293.89,n,28.24,Low
8.76981,80.87205,2026-09-02,729,3.67,336.94,296.83,n,26.05,Low
8.63886,80.4912,2026-09-02,729,5.31,330.18,294.32,n,23.53,Low
7.6996,81.24136,2026-09-02,729,4.47,331.83,302.61,l,23.81,Low
7.69899,81.23794,2026-09-02,729,4.47,339.41,301.87,n,28.02,Low
7.71905,80.52895,2026-09-02,729,4.94,336.52,292.6,n,26.77,Low
7.90335,81.47719,2026-09-02,729,3.85,353.32,302.94,n,35.29,Low
8.63953,80.49488,2026-09-02,729,7.96,339.61,295.01,n,30.75,Low
8.49191,80.80196,2026-09-02,729,1.95,339.61,294.9,n,26.25,Low
8.49255,80.8055,2026-09-02,729,3.02,332.88,296.2,n,23.31,Low
8.47878,80.82249,2026-09-02,729,6.74,346.96,296.26,n,33.92,Low
8.47463,80.83051,2026-09-02,729,9.47,367.0,298.18,h,47.1,Medium
8.47942,80.826,2026-09-02,729,6.74,334.44,295.75,n,26.97,Low
8.47271,80.81999,2026-09-02,729,5.79,343.04,297.33,n,31.03,Low
8.47527,80.83401,2026-09-02,729,9.47,335.16,295.19,n,29.41,Low
7.47632,81.74171,2026-09-02,729,2.49,331.6,299.83,n,22.2,Low
7.35963,81.1146,2026-09-02,729,2.52,331.95,302.31,l,22.42,Low
7.37772,81.37109,2026-09-02,729,4.19,345.05,300.29,n,30.95,Low
7.33017,81.13794,2026-09-02,729,2.69,330.77,303.45,l,21.89,Low
7.34089,81.19734,2026-09-02,729,4.46,344.8,304.02,n,31.01,Low
7.33735,81.20861,2026-09-02,729,4.7,333.25,305.63,l,24.78,Low
7.33164,81.2386,2026-09-02,729,7.56,367.0,302.17,h,45.67,Medium
7.33598,81.23946,2026-09-02,729,6.2,345.38,299.85,n,32.64,Low
7.33055,81.24025,2026-09-02,729,5.25,337.45,300.03,n,27.52,Low
8.63386,80.52625,2026-09-02,729,6.05,333.95,293.82,n,26.18,Low
7.5525,81.30016,2026-09-02,729,12.95,333.64,297.08,n,31.18,Low
8.44558,80.73347,2026-09-02,729,9.66,367.0,294.79,h,47.25,Medium
8.43836,80.78616,2026-09-02,729,5.6,346.04,296.53,n,32.56,Low
8.38044,80.47367,2026-09-02,729,15.26,367.0,295.7,h,51.45,Medium
8.38162,80.47205,2026-09-02,729,7.16,348.29,294.79,n,34.98,Low
8.38229,80.47581,2026-09-02,729,7.16,349.91,294.48,n,35.88,Low
8.43729,80.78544,2026-09-02,729,7.09,346.61,296.67,n,33.99,Low
8.46852,81.11768000000001,2026-09-02,729,6.59,354.33,297.23,n,37.9,Low
8.38728,80.82038,2026-09-02,729,10.5,367.0,298.53,h,47.88,Medium
7.90861,81.47627,2026-09-02,729,3.85,344.69,302.12,n,30.49,Low
7.9084,81.47823,2026-09-02,729,7.3,337.97,301.8,n,29.35,Low
7.90781,81.475,2026-09-02,729,5.98,345.59,301.76,n,32.59,Low
7.8105,80.81985,2026-09-02,729,4.91,331.91,296.79,n,24.19,Low
7.93935,81.31718,2026-09-02,729,10.06,348.87,299.61,n,37.47,Low
7.94348,81.30961,2026-09-02,729,7.38,331.33,300.85,n,25.72,Low
7.94051,81.29297,2026-09-02,729,2.97,341.44,299.64,n,28.03,Low
7.86967,80.6083,2026-09-02,729,10.48,367.0,297.28,h,47.86,Medium
7.0563,81.45523,2026-09-02,729,4.42,351.52,297.06,n,34.71,Low
7.09891,81.70583,2026-09-02,729,3.48,367.0,297.65,h,42.61,Medium
7.05386,81.45487,2026-09-02,729,4.91,346.6,297.38,n,32.35,Low
7.05969,81.45664,2026-09-02,729,7.77,351.02,298.1,n,36.95,Low
7.11475,81.67311,2026-09-02,729,3.78,337.01,299.55,n,26.17,Low
7.17839,81.81988,2026-09-02,729,2.86,330.11,299.41,n,21.65,Low
7.21071,81.82072,2026-09-02,729,4.08,344.85,300.9,n,30.75,Low
7.21062,81.82043,2026-09-02,729,3.53,345.56,300.66,n,30.74,Low
7.25519,81.708,2026-09-02,729,7.73,342.33,299.97,n,32.09,Low
7.2765,81.73724,2026-09-02,729,1.36,330.59,296.67,n,20.79,Low
7.87323,80.60886,2026-09-02,729,6.15,356.53,296.09,n,38.8,Low
7.87255,80.60516,2026-09-02,729,6.15,331.94,296.04,n,25.13,Low
7.89672,80.64297,2026-09-02,729,6.12,346.26,296.87,n,33.07,Low
7.9031,80.61494,2026-09-02,729,6.45,333.33,296.18,n,26.13,Low
8.1841,81.33057,2026-09-02,729,3.51,330.49,299.63,n,22.35,Low
8.09333,80.78801,2026-09-02,729,3.14,334.83,296.52,n,24.48,Low
8.08167,80.59393,2026-09-02,729,4.24,343.59,296.46,n,30.17,Low
7.29333,81.80293,2026-09-02,729,1.98,330.0,298.71,n,20.93,Low
7.30922,81.77083,2026-09-02,729,9.2,367.0,300.63,h,46.9,Medium
7.30948,81.76926,2026-09-02,729,4.54,367.0,300.2,h,43.41,Medium
7.32084,81.83221,2026-09-02,729,1.16,332.08,298.75,n,21.47,Low
7.31005,81.77242,2026-09-02,729,4.54,333.94,299.4,n,25.04,Low
7.34386,81.72089,2026-09-02,729,2.01,335.09,299.2,n,23.78,Low
7.37055,81.71949,2026-09-02,729,3.16,342.46,299.49,n,28.74,Low
7.25258,80.891,2026-09-02,729,6.92,351.23,297.9,n,36.43,Low
9.43242,80.37336,2026-09-02,729,6.5,341.55,295.23,n,30.74,Low
9.43142,80.39938,2026-09-02,729,3.58,330.56,295.24,n,22.44,Low
9.4328,80.37656,2026-09-02,729,10.97,354.0,295.64,n,41.01,Medium
9.43211,80.3729,2026-09-02,729,6.05,335.15,295.31,n,26.84,Low
9.643,80.31789,2026-09-02,729,8.95,367.0,295.82,h,46.71,Medium
8.07954,80.59356,2026-09-02,729,4.34,347.93,297.24,n,32.66,Low
8.16905,80.58099,2026-09-02,729,3.37,334.55,294.71,n,24.5,Low
8.16788,80.58058,2026-09-02,729,5.0,333.46,294.82,n,25.12,Low
8.28928,81.02506,2026-09-02,729,3.87,346.97,297.62,n,31.77,Low
8.34616,81.03253,2026-09-02,729,2.38,332.66,297.25,n,22.71,Low
8.35486,80.79696,2026-09-02,729,5.46,332.79,298.19,n,25.09,Low
8.36511,80.79137,2026-09-02,729,4.83,339.09,296.26,n,28.12,Low
7.05682,81.45827,2026-09-02,729,4.42,330.89,297.05,n,23.25,Low
7.09954,81.70715,2026-09-02,729,6.61,349.97,297.84,n,35.5,Low
7.05835,81.59419,2026-09-02,729,3.42,338.1,299.05,n,26.51,Low
7.06316,81.80867,2026-09-02,729,3.02,331.94,297.59,n,22.79,Low
8.38184,80.82143,2026-09-02,729,3.93,333.79,297.03,n,24.5,Low
8.37057,80.79036,2026-09-02,729,3.42,340.53,296.31,n,27.86,Low
8.3484,80.66866,2026-09-02,729,10.6,367.0,296.76,h,47.95,Medium
8.417,80.32652,2026-09-02,729,11.58,338.39,293.64,n,32.79,Low
8.41631,80.3227,2026-09-02,729,8.01,350.19,293.83,n,36.67,Low
8.52835,80.81718,2026-09-02,729,3.41,337.48,295.5,n,26.16,Low
8.53549,80.7943,2026-09-02,729,6.76,367.0,296.16,h,45.07,Medium
9.64366,80.32153,2026-09-02,729,8.44,345.81,294.88,n,34.56,Low
9.64335,80.32085,2026-09-02,729,11.93,353.27,295.09,n,41.32,Medium
9.64267,80.31721,2026-09-02,729,9.47,354.25,295.12,n,40.02,Medium
7.5465,81.29754,2026-09-02,729,10.43,367.0,299.5,h,47.82,Medium
7.33388,80.93858,2026-09-02,729,6.69,337.02,299.41,n,28.36,Low
7.37863,81.15845,2026-09-02,729,3.32,337.06,301.45,n,25.86,Low
7.39372,81.18061,2026-09-02,729,1.87,330.66,303.02,l,21.21,Low
7.38031,81.00896,2026-09-02,729,4.13,335.97,301.73,n,25.86,Low
7.4081,81.06524,2026-09-02,729,2.34,330.17,301.43,l,21.29,Low
7.55483,81.72664,2026-09-02,729,2.19,332.58,300.23,n,22.52,Low
8.53487,80.79079,2026-09-02,729,6.76,333.26,295.2,n,26.33,Low
8.52491,80.67143,2026-09-02,729,3.08,347.72,294.27,n,31.6,Low
8.51043,80.68813,2026-09-02,729,3.76,333.16,295.6,n,24.02,Low
8.53568,80.79343,2026-09-02,729,11.89,367.0,296.67,h,48.92,Medium
8.52422,80.67086,2026-09-02,729,3.47,344.89,294.34,n,30.32,Low
8.553560000000001,80.76841,2026-09-02,729,2.86,336.61,295.74,n,25.26,Low
7.0117,81.60833,2026-09-02,729,5.27,345.12,302.21,n,31.8,Low
7.01405,81.62167,2026-09-02,729,6.13,333.68,299.88,n,26.09,Low
8.54068,80.66792,2026-09-02,729,1.52,336.61,291.88,n,24.26,Low
8.55561,80.68747,2026-09-02,729,4.1,330.74,296.0,n,22.93,Low
8.54718,80.61058,2026-09-02,729,4.57,333.05,294.44,n,24.57,Low
8.58795,80.74087,2026-09-02,729,2.65,337.58,294.08,n,25.64,Low
8.57646,80.64652,2026-09-02,729,4.88,330.72,294.33,n,23.5,Low
8.5813,80.64192,2026-09-02,729,5.5,331.96,295.02,n,24.66,Low
8.4979,80.15121,2026-09-02,729,3.34,330.36,294.23,n,22.15,Low
8.59681,80.66502,2026-09-02,729,3.05,332.41,294.7,n,23.07,Low
8.61355,80.69516,2026-09-02,729,6.82,330.01,293.63,n,24.56,Low
8.61902,80.69415,2026-09-02,729,6.82,356.1,294.17,n,39.06,Low
8.63088,80.72893,2026-09-02,729,2.95,334.37,293.45,n,24.08,Low
8.57462,80.41475,2026-09-02,729,7.07,334.48,295.38,n,27.24,Low
8.62972,80.6591,2026-09-02,729,6.08,341.84,294.26,n,30.58,Low
8.61938,80.69332,2026-09-02,729,4.64,336.36,292.77,n,26.46,Low
8.72707,81.12466,2026-09-02,729,5.77,334.56,291.57,n,26.31,Low
8.72116,81.12231,2026-09-02,729,5.77,349.27,297.45,n,34.48,Low
8.62986,80.65842,2026-09-02,729,5.23,353.41,293.71,n,36.37,Low
8.57298,80.41463,2026-09-02,729,3.36,332.67,294.45,n,23.45,Low
8.6315,80.72802,2026-09-02,729,3.78,340.11,293.66,n,27.9,Low
6.8621300000000005,81.46165,2026-09-02,729,3.86,340.55,298.78,n,28.2,Low
6.85732,81.46571,2026-09-02,729,3.86,335.27,299.73,n,25.27,Low
6.80013,81.59657,2026-09-02,729,2.88,332.93,302.59,n,23.23,Low
6.80072,81.59989,2026-09-02,729,2.88,353.05,303.49,n,34.41,Low
6.79481,81.59746,2026-09-02,729,2.88,331.5,302.94,l,22.44,Low
6.7207,81.24134,2026-09-02,729,2.3,335.85,298.04,n,24.42,Low
6.18732,80.72151,2026-09-02,729,1.55,330.17,290.31,n,20.7,Low
6.26317,81.08282,2026-09-02,729,1.77,332.7,294.58,n,22.27,Low
7.55034,81.30028,2026-09-02,729,10.62,339.76,297.4,n,32.83,Low
7.47581,80.9069,2026-09-02,729,5.28,343.34,298.42,n,30.82,Low
7.4839,81.20641,2026-09-02,729,4.16,348.72,300.93,n,32.96,Low
9.43506,80.38796,2026-09-02,729,3.54,330.6,295.41,n,22.43,Low
9.43308,80.37701,2026-09-02,729,8.7,347.25,295.69,n,35.55,Low
6.15852,80.93163,2026-09-02,731,4.42,340.74,292.94,n,28.73,Low
9.99482,79.18996,2026-09-02,731,4.89,341.62,287.05,n,29.57,Low
9.94405,78.17075,2026-09-02,731,8.81,330.98,292.36,n,26.6,Low
12.1557,79.81212,2026-09-02,731,2.65,330.94,288.02,n,21.95,Low
15.95654,79.91642,2026-09-02,731,4.66,341.23,293.08,n,29.18,Low
14.88849,79.31078,2026-09-02,731,2.5,332.39,273.26,n,22.65,Low
20.96492,85.17074,2026-09-02,733,7.94,326.69,284.61,l,23.56,Low
17.67918,75.30824,2026-09-02,733,6.74,332.06,286.29,n,25.64,Low
30.44718,73.801,2026-09-02,735,2.56,331.74,294.92,n,22.33,Low
31.09262,74.68887,2026-09-02,737,3.98,340.43,293.1,n,28.22,Low
9.92334,78.1786,2026-09-02,911,8.28,333.46,287.09,n,27.58,Low
11.34867,77.58162,2026-09-02,911,6.73,343.48,291.66,n,31.98,Low
18.5739,72.24182,2026-09-02,913,4.18,327.45,284.0,n,21.16,Low
27.85456,72.35793,2026-09-02,915,6.23,335.36,295.85,n,27.09,Low
27.37742,95.33333,2026-09-02,2000,1.17,296.12,277.24,n,1.5,Low
23.75969,86.40069,2026-09-02,2002,1.45,312.71,289.41,n,10.93,Low
20.94987,86.04974,2026-09-02,2002,1.99,317.46,278.53,n,13.97,Low
20.95044,86.04603,2026-09-02,2002,2.41,320.77,277.16,n,16.12,Low
20.96373,86.04834,2026-09-02,2002,0.85,300.88,279.16,n,3.9,Low
20.97057,86.0037,2026-09-02,2002,1.07,307.75,279.33,n,7.89,Low
20.97389,86.00428,2026-09-02,2002,0.75,303.42,279.75,n,5.24,Low
22.24434,87.38933,2026-09-02,2002,1.69,307.58,284.82,n,8.26,Low
23.69712,85.35915,2026-09-02,2002,0.72,298.21,282.2,n,2.32,Low
23.66686,86.09244,2026-09-02,2002,2.0,303.59,287.9,n,6.27,Low
23.76929,86.01326,2026-09-02,2002,1.06,303.69,289.14,n,5.62,Low
23.77496,85.99825,2026-09-02,2002,0.93,304.92,289.68,n,6.21,Low
23.77554,85.99434,2026-09-02,2002,0.93,303.22,289.35,n,5.26,Low
23.75301,86.3995,2026-09-02,2002,1.79,306.1,290.05,n,7.51,Low
23.75577,86.40394,2026-09-02,2002,1.05,306.39,289.59,n,7.12,Low
23.75693,86.39625,2026-09-02,2002,1.45,306.5,290.21,n,7.48,Low
23.75911,86.40453,2026-09-02,2002,1.05,307.12,288.73,n,7.52,Low
23.80136,86.32924,2026-09-02,2002,0.85,302.76,288.9,n,4.95,Low
23.80471,86.32983,2026-09-02,2002,0.85,311.61,289.63,n,9.87,Low
23.80529,86.32597,2026-09-02,2002,0.85,299.68,288.61,n,3.24,Low
23.76244,86.40514,2026-09-02,2002,1.07,302.54,288.11,n,4.99,Low
23.78102,86.37297,2026-09-02,2002,1.41,301.83,289.08,n,4.85,Low
23.7787,86.38834,2026-09-02,2002,1.75,311.58,289.49,n,10.52,Low
23.77812,86.39218,2026-09-02,2002,1.06,303.48,289.43,n,5.51,Low
23.77536,86.38774,2026-09-02,2002,2.1,305.74,289.53,n,7.54,Low
23.76637,86.40189,2026-09-02,2002,0.98,301.52,288.02,n,4.36,Low
23.7665,86.37826,2026-09-02,2002,1.13,303.1,288.33,n,5.35,Low
23.76419,86.39362,2026-09-02,2002,1.77,305.69,289.46,n,7.27,Low
23.76303,86.40129,2026-09-02,2002,0.98,306.39,288.44,n,7.06,Low
20.94712,86.04544,2026-09-02,2002,2.41,299.71,275.89,n,4.42,Low
20.94769,86.04173,2026-09-02,2002,2.41,329.92,276.62,n,21.21,Low
15.17838,76.65782,2026-09-02,2004,1.94,304.14,284.25,n,6.53,Low
15.17876,76.65467,2026-09-02,2004,1.51,303.64,283.83,n,5.93,Low
15.18241,76.66785,2026-09-02,2004,2.21,303.1,283.02,n,6.16,Low
15.17321,76.65722,2026-09-02,2004,1.52,298.31,283.72,n,2.98,Low
15.16884,76.38137,2026-09-02,2004,1.08,303.55,285.17,n,5.56,Low
21.16249,72.6673,2026-09-02,2004,1.98,304.69,284.74,n,6.87,Low
15.17359,76.65408,2026-09-02,2004,1.23,300.96,281.77,n,4.23,Low
15.78634,80.24809,2026-09-02,2004,1.63,304.51,283.42,n,6.51,Low
18.68321,73.04121,2026-09-02,2004,3.91,301.76,283.02,n,6.69,Low
18.68376,73.03494,2026-09-02,2004,2.69,307.43,282.78,n,8.92,Low
18.6843,73.02866,2026-09-02,2004,2.69,303.48,282.8,n,6.73,Low
17.60491,83.19991,2026-09-02,2004,1.14,295.25,268.04,n,0.99,Low
17.60785,83.20464,2026-09-02,2004,0.8200000000000001,298.93,270.69,n,2.8,Low
17.61139,83.20518,2026-09-02,2004,1.06,299.79,271.87,n,3.46,Low
21.1658,72.66228,2026-09-02,2004,1.54,301.64,284.7,n,4.84,Low
7.76356,80.32153,2026-09-02,2006,1.7000000000000002,306.91,292.35,n,7.89,Low
9.56267,77.52,2026-09-02,2006,2.11,312.46,278.52,n,11.28,Low
11.17563,79.08776,2026-09-02,2006,0.63,304.65,286.18,n,5.83,Low
11.59482,77.264,2026-09-02,2006,1.73,308.29,271.1,n,8.68,Low
11.59569,77.25757,2026-09-02,2006,1.73,301.79,268.93,n,5.07,Low
11.80807,77.92142,2026-09-02,2006,2.3,313.58,284.21,n,12.05,Low
12.84852,79.90374,2026-09-02,2006,4.0,334.6,288.54,n,25.0,Low
12.85253,79.90434,2026-09-02,2006,5.36,343.13,289.45,n,30.76,Low
13.09088,79.98233,2026-09-02,2006,0.52,304.44,285.15,n,5.63,Low
7.47998,81.08479,2026-09-02,2006,2.11,311.65,296.02,n,10.83,Low
7.5548,81.30308,2026-09-02,2006,3.47,323.29,293.48,n,18.32,Low
7.55889,81.2997,2026-09-02,2006,1.3,309.37,293.76,n,8.96,Low
7.96894,79.79425,2026-09-02,2006,3.02,308.78,293.45,n,9.92,Low
7.97252,80.73882,2026-09-02,2006,2.91,321.51,293.5,n,16.91,Low
8.08357,80.79222,2026-09-02,2006,6.49,328.17,294.23,n,23.3,Low
8.08421,80.78805,2026-09-02,2006,6.49,330.49,295.53,n,24.58,Low
8.01085,81.28994,2026-09-02,2006,1.23,306.92,294.86,n,7.54,Low
8.35069,80.99633,2026-09-02,2006,0.44,308.39,293.57,n,7.77,Low
9.55174,77.51925,2026-09-02,2006,0.75,300.72,280.12,n,3.74,Low
9.55481,77.51051,2026-09-02,2006,0.75,305.7,277.36,n,6.51,Low
9.55315,77.52262,2026-09-02,2006,2.59,321.0,280.86,n,16.39,Low
9.55874,77.51527,2026-09-02,2006,2.55,299.36,278.95,n,4.33,Low
9.55933,77.5109,2026-09-02,2006,0.75,299.08,278.15,n,2.83,Low
9.56071,77.53418,2026-09-02,2006,2.32,314.02,281.53,n,12.31,Low
6.35938,80.89688,2026-09-02,2008,1.33,309.14,291.83,n,8.85,Low
6.60946,81.25787,2026-09-02,2008,4.13,336.98,294.0,n,26.42,Low
6.73874,80.70068,2026-09-02,2008,0.37,300.53,289.69,n,3.35,Low
6.7725100000000005,80.99814,2026-09-02,2008,1.18,303.55,289.94,n,5.64,Low
6.85798,80.95795,2026-09-02,2008,0.78,299.78,289.29,n,3.24,Low
6.79936,81.55991,2026-09-02,2008,0.61,306.69,293.68,n,6.95,Low
6.97714,80.86381,2026-09-02,2008,0.61,302.77,288.28,n,4.77,Low
6.3556,80.89746,2026-09-02,2008,2.06,304.67,291.74,n,6.92,Low
6.35586,80.89634,2026-09-02,2008,1.69,309.53,291.65,n,9.34,Low
35.70838,73.66257,2026-09-02,2140,0.87,297.97,283.17,n,2.3,Low
33.29733,71.18526,2026-09-02,2140,0.66,306.32,293.15,n,6.78,Low
33.29454,71.18691,2026-09-02,2140,1.12,307.08,292.93,n,7.55,Low
31.3686,76.35826,2026-09-02,2140,0.62,302.36,289.07,n,4.55,Low
27.28717,73.83898,2026-09-02,2142,0.55,303.91,290.51,n,5.36,Low
25.38928,68.58535,2026-09-02,2142,1.52,314.02,294.4,n,11.71,Low
25.38768,68.58337,2026-09-02,2142,2.03,321.46,294.84,n,16.22,Low
24.82198,73.09294,2026-09-02,2142,0.64,304.11,290.78,n,5.54,Low
28.42361,69.70264,2026-09-02,2142,1.7000000000000002,310.88,296.15,n,10.1,Low
21.1071,72.64617,2026-09-02,2144,7.05,347.86,288.32,n,34.65,Low
21.10903,72.63763,2026-09-02,2144,2.25,307.73,288.01,n,8.76,Low
21.10334,72.63613,2026-09-02,2144,2.34,318.44,287.95,n,14.78,Low
21.10142,72.64466,2026-09-02,2144,2.25,307.16,287.46,n,8.44,Low
8.94969,80.79314,2026-09-03,712,11.49,336.01,288.87,n,31.4,Low
6.82737,81.47894,2026-09-03,712,4.66,330.42,291.07,n,23.17,Low
6.8226,81.4782,2026-09-03,712,8.35,340.95,291.99,n,31.79,Low
8.94729,80.78709,2026-09-03,712,6.04,333.81,288.83,n,26.09,Low
28.4979,97.02413,2026-09-03,716,6.62,337.33,292.52,n,28.48,Low
27.99035,95.94063,2026-09-03,716,6.05,340.52,294.12,n,29.83,Low
27.98586,95.93726,2026-09-03,716,5.03,334.3,295.68,n,25.61,Low
26.80206,90.32026,2026-09-03,716,4.05,331.09,295.86,n,23.09,Low
27.37946,95.33263,2026-09-03,716,1.57,333.29,293.87,n,22.45,Low
26.88079,92.32764,2026-09-03,716,6.54,335.88,295.78,n,27.62,Low
26.52341,90.53152,2026-09-03,716,3.17,337.85,295.1,n,26.18,Low
27.44875,97.90619,2026-09-03,716,2.94,335.84,292.37,n,24.89,Low
23.80334,86.3283,2026-09-03,716,4.25,329.9,292.97,n,22.58,Low
28.181,95.66731,2026-09-03,716,5.65,333.32,294.3,n,25.53,Low
37.98243,94.34124,2026-09-03,720,2.46,340.44,309.68,n,27.09,Low
7.55712,80.94936,2026-09-03,852,4.55,331.3,294.15,n,23.58,Low
7.72298,81.26734,2026-09-03,852,5.61,336.62,293.0,n,27.33,Low
7.55661,80.95155,2026-09-03,852,5.75,334.53,294.03,n,26.27,Low
7.52924,81.65376,2026-09-03,852,4.86,337.63,292.58,n,27.33,Low
7.36605,81.10909,2026-09-03,852,4.69,331.16,296.35,n,23.61,Low
7.36618,81.10924,2026-09-03,852,4.5,330.55,296.75,n,23.13,Low
7.32894,81.20289,2026-09-03,852,9.62,339.3,297.37,n,31.83,Low
7.36543,81.77074,2026-09-03,852,4.8100000000000005,334.51,292.3,n,25.56,Low
7.22432,80.83115,2026-09-03,852,3.97,333.28,291.1,n,24.24,Low
7.22182,80.83134,2026-09-03,852,4.3,334.52,291.89,n,25.18,Low
7.13617,80.9217,2026-09-03,852,10.53,341.43,293.8,n,33.69,Low
6.82773,81.55322,2026-09-03,852,4.08,330.62,291.54,n,22.85,Low
6.82839,81.55818,2026-09-03,852,4.08,337.28,291.68,n,26.55,Low
6.74363,81.52365,2026-09-03,852,4.18,330.37,293.86,n,22.79,Low
6.44193,81.0908,2026-09-03,852,6.84,348.26,291.57,n,34.72,Low
11.5078,79.52651,2026-09-03,852,4.34,346.56,294.32,n,31.9,Low
11.50817,79.52599,2026-09-03,852,2.7,344.98,294.04,n,29.79,Low
10.9525,78.43614,2026-09-03,852,2.9,334.3,273.55,n,24.01,Low
10.23653,79.19613,2026-09-03,852,11.42,367.0,294.56,h,48.57,Medium
9.40996,78.80921,2026-09-03,852,0.73,341.22,292.88,n,26.23,Low
7.75647,81.23419,2026-09-03,852,4.19,331.0,293.04,n,23.14,Low
7.92578,81.39906,2026-09-03,852,7.19,335.63,293.08,n,27.96,Low
7.9395,81.25786,2026-09-03,852,3.46,336.74,293.41,n,25.78,Low
9.39609,80.43563,2026-09-03,852,6.93,331.09,292.43,n,25.25,Low
9.3942,80.43369,2026-09-03,852,7.95,335.74,292.71,n,28.6,Low
8.99572,78.11298,2026-09-03,852,1.58,337.77,296.58,n,24.95,Low
8.99612,78.11604,2026-09-03,852,1.58,340.09,296.73,n,26.23,Low
9.20827,80.67661,2026-09-03,852,6.18,333.84,292.0,n,26.21,Low
8.86421,78.08301,2026-09-03,852,2.55,337.52,296.67,n,25.53,Low
8.86688,78.08226,2026-09-03,852,1.34,334.12,296.85,n,22.74,Low
9.09281,79.79891,2026-09-03,852,4.75,331.83,291.7,n,24.02,Low
8.05081,81.30357,2026-09-03,852,7.7,337.97,293.14,n,29.65,Low
9.2081,80.67667,2026-09-03,852,4.85,332.64,292.05,n,24.55,Low
8.81097,78.0528,2026-09-03,852,0.97,333.07,298.05,n,21.88,Low
8.8697,80.70795,2026-09-03,852,2.61,331.08,289.83,n,22.0,Low
8.82872,80.53358,2026-09-03,852,7.51,335.37,291.51,n,28.06,Low
8.65861,80.50542,2026-09-03,852,11.33,356.68,293.32,n,42.76,Medium
8.62868,80.4115,2026-09-03,852,4.52,334.84,293.13,n,25.52,Low
8.62922,80.41586,2026-09-03,852,4.52,339.61,293.02,n,28.17,Low
8.66189,80.50454,2026-09-03,852,5.5600000000000005,333.14,291.88,n,25.36,Low
8.6559,80.50523,2026-09-03,852,8.48,349.78,293.52,n,36.79,Low
8.63185,80.41512,2026-09-03,852,7.79,342.85,291.81,n,32.43,Low
8.60062,80.454,2026-09-03,852,2.76,335.49,290.31,n,24.56,Low
8.60401,80.48016,2026-09-03,852,6.33,334.16,292.18,n,26.5,Low
8.60457,80.48453,2026-09-03,852,5.78,331.25,291.37,n,24.47,Low
8.55929,80.3675,2026-09-03,852,17.44,367.0,294.02,h,53.08,Medium
8.56422,80.79527,2026-09-03,852,3.8,332.99,291.38,n,23.96,Low
8.564,80.79541,2026-09-03,852,6.69,333.78,291.79,n,26.56,Low
8.39178,80.16251,2026-09-03,852,46.39,340.35,295.25,n,59.99,Medium
8.3923,80.16667,2026-09-03,852,41.89,351.18,292.93,n,62.63,Medium
8.43132,80.52473,2026-09-03,852,7.77,346.03,292.96,n,34.18,Low
8.39199,80.16026,2026-09-03,852,23.58,334.57,292.82,n,39.67,Low
8.39254,80.16441,2026-09-03,852,62.8,367.0,296.13,h,87.1,High
8.4287,80.5266,2026-09-03,852,6.28,330.2,292.89,n,24.27,Low
8.4028,80.65507,2026-09-03,852,5.58,332.44,293.37,n,24.99,Low
8.28842,80.23164,2026-09-03,852,7.83,331.07,293.27,n,25.91,Low
8.284,80.23323,2026-09-03,852,8.64,330.92,292.92,n,26.44,Low
8.21999,80.57515,2026-09-03,852,1.81,330.34,292.01,n,20.99,Low
8.20337,80.99162,2026-09-03,852,5.13,336.41,292.96,n,26.85,Low
8.20065,81.06894,2026-09-03,852,3.11,330.69,292.24,n,22.16,Low
8.20392,80.99172,2026-09-03,852,6.22,332.07,292.88,n,25.26,Low
8.1625,81.34946,2026-09-03,852,19.64,367.0,293.1,h,54.73,Medium
8.05333,80.59547,2026-09-03,852,3.63,333.4,293.4,n,24.06,Low
8.14806,81.33616,2026-09-03,852,11.6,367.0,293.0,h,48.7,Medium
8.05642,81.2979,2026-09-03,852,6.6,338.69,293.12,n,29.22,Low
8.05706,81.30285,2026-09-03,852,6.6,344.06,292.73,n,32.21,Low
21.10661,72.64839,2026-09-03,856,4.4,332.65,296.01,n,24.22,Low
22.4173,69.04085,2026-09-03,856,5.33,340.77,302.56,n,29.43,Low
22.92752,70.11013,2026-09-03,856,3.07,330.19,293.5,n,21.85,Low
18.56307,74.36423,2026-09-03,856,7.46,332.55,297.39,n,26.46,Low
22.93244,69.69634,2026-09-03,856,4.13,330.89,302.24,l,23.04,Low
18.51911,74.35187,2026-09-03,856,4.86,330.29,296.04,n,23.25,Low
18.69169,73.04173,2026-09-03,856,5.14,334.81,295.45,n,25.97,Low
18.51854,74.3471,2026-09-03,856,4.86,334.46,296.41,n,25.57,Low
25.3869,68.5815,2026-09-03,858,2.61,331.52,304.2,l,22.25,Low
29.88983,73.90404,2026-09-03,858,1.81,333.23,296.63,n,22.6,Low
35.99179,94.82908,2026-09-03,1940,0.74,299.89,280.74,n,3.27,Low
32.51342,82.42087,2026-09-03,1940,0.12,311.6,277.11,n,9.31,Low
37.34675,97.40954,2026-09-03,1940,0.8,298.59,283.38,n,2.59,Low
26.75918,83.19909,2026-09-03,1942,1.16,306.85,285.78,n,7.45,Low
23.75436,85.85263,2026-09-03,1945,1.3,310.98,284.88,n,9.85,Low
23.75731,85.85121,2026-09-03,1945,1.56,303.97,284.59,n,6.15,Low
23.75678,85.85565,2026-09-03,1945,1.56,310.42,285.22,n,9.74,Low
23.78801,85.55334,2026-09-03,1945,0.87,308.69,282.0,n,8.26,Low
23.63301,86.83422,2026-09-03,1945,0.84,306.94,288.53,n,7.26,Low
23.61394,86.78859,2026-09-03,1945,1.7000000000000002,309.63,289.21,n,9.4,Low
23.56118,87.08237,2026-09-03,1945,2.48,307.04,282.82,n,8.55,Low
23.58044,86.72423,2026-09-03,1945,1.24,309.01,288.21,n,8.71,Low
23.7255,86.43961,2026-09-03,1945,2.79,312.66,287.88,n,11.9,Low
23.66999,86.93584,2026-09-03,1945,0.5,305.31,286.93,n,6.1,Low
23.73892,86.43327,2026-09-03,1945,4.27,332.15,289.42,n,23.84,Low
23.66326,87.15506,2026-09-03,1945,2.72,315.58,286.04,n,13.47,Low
23.75333,86.41881,2026-09-03,1945,2.21,306.57,285.49,n,8.09,Low
23.77853,86.20712,2026-09-03,1945,1.4,305.87,284.37,n,7.09,Low
23.75945,86.403,2026-09-03,1945,1.9,311.53,281.99,n,10.61,Low
23.75995,86.39886,2026-09-03,1945,1.13,303.16,278.33,n,5.38,Low
23.76361,86.40362,2026-09-03,1945,1.9,319.57,279.65,n,15.07,Low
23.76411,86.39948,2026-09-03,1945,1.13,301.48,276.62,n,4.45,Low
23.76827,86.40009,2026-09-03,1945,1.42,301.49,276.21,n,4.67,Low
23.77272,86.36308,2026-09-03,1945,1.88,311.0,279.79,n,10.3,Low
23.76777,86.40421,2026-09-03,1945,2.0,320.79,277.99,n,15.83,Low
23.68263,87.12968,2026-09-03,1945,1.02,304.46,286.13,n,6.02,Low
23.7769,86.36366,2026-09-03,1945,1.88,309.48,278.5,n,9.45,Low
23.68801,87.11914,2026-09-03,1945,1.93,310.76,285.56,n,10.2,Low
23.77807,86.38908,2026-09-03,1945,1.38,317.93,274.17,n,13.77,Low
23.79659,86.2353,2026-09-03,1945,0.51,298.0,279.57,n,2.05,Low
23.69199,87.11974,2026-09-03,1945,1.93,307.04,285.93,n,8.14,Low
23.69338,87.10863,2026-09-03,1945,1.71,305.36,285.59,n,7.04,Low
23.78174,86.39377,2026-09-03,1945,1.38,300.97,278.02,n,4.35,Low
23.78223,86.3897,2026-09-03,1945,1.38,305.21,275.26,n,6.71,Low
23.79508,86.35372,2026-09-03,1945,0.8300000000000001,302.73,275.18,n,4.92,Low
23.79559,86.34954,2026-09-03,1945,0.8300000000000001,297.82,273.2,n,2.19,Low
23.79976,86.35018,2026-09-03,1945,0.74,300.15,272.56,n,3.42,Low
23.80228,86.32954,2026-09-03,1945,1.77,314.47,273.05,n,12.14,Low
23.80646,86.33013,2026-09-03,1945,1.77,307.16,276.81,n,8.08,Low
23.80754,86.32885,2026-09-03,1945,0.61,303.74,279.15,n,5.31,Low
24.11606,86.86103,2026-09-03,1945,2.21,316.46,287.24,n,13.58,Low
24.11965,86.86556,2026-09-03,1945,0.4,305.15,287.3,n,5.94,Low
23.73955,85.01097,2026-09-03,1945,1.92,308.09,285.74,n,8.71,Low
23.7117,85.28757,2026-09-03,1945,0.73,301.95,284.85,n,4.41,Low
23.73894,85.0092,2026-09-03,1945,1.6800000000000002,308.95,285.68,n,9.01,Low
23.69792,85.36774,2026-09-03,1945,0.93,302.62,285.21,n,4.93,Low
23.69777,85.2904,2026-09-03,1945,1.48,303.8,285.73,n,6.0,Low
23.67558,85.32627,2026-09-03,1945,0.87,302.56,285.85,n,4.85,Low
23.64893,85.44199,2026-09-03,1945,1.15,304.53,285.44,n,6.16,Low
23.64945,85.43736,2026-09-03,1945,4.0,328.16,285.76,n,21.42,Low
23.6091,85.67449,2026-09-03,1945,0.98,308.9,287.95,n,8.46,Low
23.67128,84.99492,2026-09-03,1945,0.81,302.0,285.16,n,4.5,Low
23.6662,84.99924,2026-09-03,1945,1.64,305.61,284.33,n,7.12,Low
23.72328,86.4226,2026-09-03,1945,2.1,307.96,287.66,n,8.77,Low
23.71913,86.422,2026-09-03,1945,1.61,311.36,287.6,n,10.3,Low
23.71672,86.44246,2026-09-03,1945,0.91,305.75,287.65,n,6.65,Low
23.71576,86.45063,2026-09-03,1945,1.59,309.84,288.46,n,9.44,Low
23.71498,86.42139,2026-09-03,1945,1.61,307.53,287.58,n,8.17,Low
23.71161,86.45001,2026-09-03,1945,1.59,317.27,288.58,n,13.56,Low
23.71034,86.42485,2026-09-03,1945,1.8,309.97,285.13,n,9.67,Low
23.70747,86.44939,2026-09-03,1945,0.94,305.52,288.22,n,6.55,Low
23.75867,85.85327,2026-09-03,1945,1.3,305.82,284.84,n,6.99,Low
23.78732,85.55491,2026-09-03,1945,1.46,301.71,281.18,n,4.82,Low
17.3574,76.87903,2026-09-03,1947,0.63,295.01,274.37,n,0.48,Low
7.38557,80.83266,2026-09-03,1947,1.6800000000000002,304.7,289.68,n,6.65,Low
7.38579,80.83545,2026-09-03,1947,1.2,301.64,289.95,n,4.59,Low
6.81469,81.61859,2026-09-03,1947,2.04,319.84,291.0,n,15.33,Low
6.81018,81.6179,2026-09-03,1947,2.04,309.69,290.78,n,9.69,Low
6.83187,81.33813,2026-09-03,1947,2.09,315.79,290.28,n,13.12,Low
6.96157,79.96043,2026-09-03,1947,0.88,307.13,290.14,n,7.4,Low
15.02242,78.01557,2026-09-03,1947,2.54,301.82,278.54,n,5.69,Low
15.18106,76.67557,2026-09-03,1947,1.25,302.03,278.37,n,4.84,Low
15.18172,76.66895,2026-09-03,1947,1.25,299.3,274.25,n,3.33,Low
15.18083,76.6638,2026-09-03,1947,2.73,298.03,269.99,n,3.73,Low
8.57317,80.40264,2026-09-03,1949,1.6800000000000002,311.9,290.11,n,10.65,Low
9.54608,77.51984,2026-09-03,1949,1.59,305.2,279.89,n,6.86,Low
9.54534,77.51893,2026-09-03,1949,2.19,301.06,279.69,n,5.01,Low
22.93135,69.70153,2026-09-03,2123,1.43,306.91,293.25,n,7.69,Low
22.93212,69.69724,2026-09-03,2123,1.43,321.98,293.81,n,16.06,Low
22.93487,69.70225,2026-09-03,2123,1.43,311.79,293.42,n,10.4,Low
22.93564,69.69796,2026-09-03,2123,1.43,316.67,293.47,n,13.11,Low
22.92733,69.82601,2026-09-03,2123,2.2,305.45,294.43,n,7.46,Low
22.38261,73.12849,2026-09-03,2123,0.81,303.37,289.72,n,5.26,Low
23.4967,68.57797,2026-09-03,2123,1.65,310.58,293.71,n,9.89,Low
23.12061,70.08583,2026-09-03,2123,3.65,325.11,293.82,n,19.47,Low
22.33898,69.85583,2026-09-03,2123,2.56,307.29,294.92,n,8.75,Low
22.97782,72.56509,2026-09-03,2123,1.43,308.61,291.96,n,8.63,Low
33.90302,71.91702,2026-09-03,2123,3.14,306.15,293.33,n,8.55,Low
33.54525,71.54886,2026-09-03,2123,1.19,307.45,294.6,n,7.81,Low
33.40643,71.93991,2026-09-03,2123,0.6000000000000001,307.17,294.73,n,7.21,Low
33.2953,71.1847,2026-09-03,2123,1.2,313.43,292.61,n,11.14,Low
32.72092,72.92194,2026-09-03,2123,1.17,304.86,293.78,n,6.36,Low
32.88893,71.61838,2026-09-03,2123,2.91,314.87,295.39,n,13.22,Low
31.26022,76.92496,2026-09-03,2123,2.04,303.07,288.42,n,6.01,Low
31.42277,72.99947,2026-09-03,2123,0.81,312.39,295.47,n,10.27,Low
29.47491,76.86111,2026-09-03,2123,4.53,321.58,291.09,n,18.16,Low
29.47618,76.85554,2026-09-03,2123,4.41,311.96,290.99,n,12.73,Low
29.4779,76.85962,2026-09-03,2123,5.5,322.24,291.14,n,19.26,Low
29.47329,76.85825,2026-09-03,2123,5.35,320.78,290.76,n,18.33,Low
28.42567,69.70049,2026-09-03,2123,1.59,319.9,297.79,n,15.03,Low
24.68892,73.00289,2026-09-03,2123,2.05,302.62,286.47,n,5.77,Low
20.35693,72.94828,2026-09-03,2125,1.12,312.62,283.84,n,10.63,Low
20.35351,72.95026,2026-09-03,2125,0.44,295.9,283.56,n,0.83,Low
15.19921,76.37984,2026-09-03,2125,1.48,298.37,276.11,n,2.98,Low
19.67624,71.67017,2026-09-03,2125,2.7,324.65,288.96,n,18.5,Low
18.68717,73.03136,2026-09-03,2125,3.48,303.75,286.82,n,7.47,Low
18.68517,73.04121,2026-09-03,2125,2.63,303.66,286.86,n,6.78,Low
18.69051,73.04059,2026-09-03,2125,2.42,303.23,286.61,n,6.39,Low
18.68594,73.03958,2026-09-03,2125,1.63,303.16,286.88,n,5.76,Low
18.68331,73.0287,2026-09-03,2125,2.72,301.11,286.49,n,5.43,Low
18.68235,73.03365,2026-09-03,2125,1.63,304.96,286.6,n,6.76,Low
18.68138,73.03857,2026-09-03,2125,1.63,306.06,286.54,n,7.37,Low
15.18179,76.66799,2026-09-03,2125,2.6,306.52,281.19,n,8.35,Low
21.10058,72.63622,2026-09-03,2125,1.6,307.03,290.82,n,7.88,Low
21.10314,72.64573,2026-09-03,2125,2.61,307.67,291.0,n,9.0,Low
21.10483,72.63718,2026-09-03,2125,1.6,307.78,291.05,n,8.3,Low
21.10739,72.64669,2026-09-03,2125,7.81,342.3,292.6,n,32.14,Low
21.1644,72.67298,2026-09-03,2125,4.37,336.65,291.46,n,26.42,Low
21.16523,72.66869,2026-09-03,2125,4.37,321.34,291.15,n,17.91,Low
21.16286,72.67182,2026-09-03,2125,4.97,331.87,291.11,n,24.21,Low
21.16711,72.67277,2026-09-03,2125,7.63,339.36,291.7,n,30.37,Low
16.18728,78.91104,2026-09-03,2125,6.01,307.9,282.64,n,11.67,Low
16.18613,78.91606,2026-09-03,2125,3.56,303.5,282.21,n,7.39,Low
15.17637,77.09987,2026-09-03,2125,1.6800000000000002,300.85,285.39,n,4.51,Low
15.01009,77.61835,2026-09-03,2125,0.98,303.55,283.74,n,5.49,Low
15.07013,76.86538,2026-09-03,2125,1.56,303.5,284.27,n,5.89,Low
15.19833,76.37807,2026-09-03,2125,1.14,297.68,276.75,n,2.34,Low
15.17781,76.65665,2026-09-03,2125,3.05,313.84,281.26,n,12.75,Low
27.28717,73.83929,2026-09-03,2125,0.98,306.83,293.71,n,7.31,Low
27.081,73.81882,2026-09-03,2125,0.77,306.77,294.29,n,7.12,Low
26.87735,73.51431,2026-09-03,2125,1.4,305.85,293.66,n,7.08,Low
25.94198,72.19152,2026-09-03,2125,4.61,328.97,295.09,n,22.33,Low
25.94437,72.19054,2026-09-03,2125,2.7,317.01,294.81,n,14.25,Low
25.94338,72.19575,2026-09-03,2125,2.18,311.07,294.72,n,10.56,Low
20.91002,71.45757,2026-09-03,2125,0.89,304.58,291.59,n,5.99,Low
20.90932,71.46124,2026-09-03,2125,0.99,307.63,291.99,n,7.76,Low
20.86657,70.56716,2026-09-03,2125,1.43,305.32,291.77,n,6.81,Low
12.75382,92.88086,2026-09-04,654,2.49,332.85,284.25,n,22.9,Low
23.90077,97.88943,2026-09-04,657,2.14,332.03,295.02,n,22.18,Low
24.00891,96.12032,2026-09-04,657,2.33,332.91,294.47,n,22.81,Low
24.25894,96.54393,2026-09-04,657,9.92,347.19,296.6,n,36.43,Low
24.64905,97.89011,2026-09-04,657,3.67,332.12,293.5,n,23.37,Low
24.71857,96.31367,2026-09-04,657,1.73,334.03,294.78,n,22.98,Low
36.3825,95.11243,2026-09-04,659,12.39,353.38,316.06,n,41.73,Medium
28.48777,97.02752,2026-09-04,659,4.09,336.61,295.07,n,26.18,Low
28.49797,97.02557,2026-09-04,659,4.68,333.53,299.23,n,24.92,Low
28.49742,97.02155,2026-09-04,659,4.7,333.49,298.42,n,24.91,Low
28.50761,97.01961,2026-09-04,659,4.5600000000000005,334.19,295.9,n,25.19,Low
28.57115,96.95303,2026-09-04,659,3.32,325.85,298.89,l,19.63,Low
29.24429,91.86042,2026-09-04,659,3.18,330.81,302.07,l,22.28,Low
29.2485,91.86387,2026-09-04,659,2.42,328.58,302.51,l,20.47,Low
29.18748,88.53117,2026-09-04,659,2.61,326.49,296.03,n,19.45,Low
29.29299,88.90841,2026-09-04,659,2.5,325.44,291.36,n,18.79,Low
36.35387,95.23476,2026-09-04,701,7.5,345.86,315.2,n,33.88,Low
36.35792,95.2387,2026-09-04,701,8.53,348.36,314.77,n,36.04,Low
36.3573,95.23409,2026-09-04,701,4.67,348.6,314.56,n,33.28,Low
36.36073,95.23341,2026-09-04,701,4.67,344.01,315.63,l,30.73,Low
36.35168,95.24467,2026-09-04,701,8.54,341.05,315.12,l,31.99,Low
6.34224,81.12547,2026-09-04,833,3.7,337.03,295.21,n,26.12,Low
6.83144,81.47736,2026-09-04,833,2.68,335.68,297.76,n,24.61,Low
6.82874,81.33171,2026-09-04,833,6.6,343.08,294.95,n,31.66,Low
6.82711,81.33308,2026-09-04,833,7.18,341.55,295.5,n,31.25,Low
6.90904,81.66004,2026-09-04,833,8.05,336.95,299.85,n,29.34,Low
6.97485,81.5989,2026-09-04,833,9.27,342.62,295.51,n,33.41,Low
7.20339,81.01457,2026-09-04,833,6.32,333.96,299.99,n,26.38,Low
7.30575,81.13636,2026-09-04,833,5.23,334.07,300.21,n,25.63,Low
7.36553,81.29984,2026-09-04,833,6.37,340.27,300.73,n,29.93,Low
7.3628,81.3008,2026-09-04,833,7.25,344.12,301.41,n,32.73,Low
7.38853,81.28822,2026-09-04,833,5.15,331.69,299.87,n,24.25,Low
7.38789,81.28361,2026-09-04,833,2.35,332.09,299.24,n,22.37,Low
7.39301,81.28756,2026-09-04,833,5.67,330.06,298.42,n,23.73,Low
7.39238,81.28298,2026-09-04,833,5.24,336.26,301.27,n,26.85,Low
7.4431,81.25359,2026-09-04,833,11.29,339.75,300.47,n,33.33,Low
7.44182,81.24464,2026-09-04,833,10.35,339.51,299.69,n,32.49,Low
7.44629,81.24397,2026-09-04,833,10.35,349.63,299.79,n,38.11,Low
7.44566,81.23956,2026-09-04,833,7.04,342.28,298.32,n,31.55,Low
7.51962,81.10014,2026-09-04,833,13.33,336.58,307.4,l,33.1,Low
6.42538,81.01639,2026-09-04,833,5.43,342.32,296.99,n,30.36,Low
6.42972,81.01575,2026-09-04,833,5.43,342.18,295.81,n,30.28,Low
6.47065,81.08218,2026-09-04,833,3.72,333.3,296.32,n,24.07,Low
6.5269,80.76523,2026-09-04,833,4.39,332.45,296.05,n,24.1,Low
6.73734,81.53592,2026-09-04,833,6.5600000000000005,331.56,298.8,n,25.23,Low
6.71661,81.32898,2026-09-04,833,2.4,331.0,297.83,n,21.8,Low
6.6698900000000005,80.91605,2026-09-04,833,0.71,331.85,292.44,n,21.0,Low
6.75082,81.39299,2026-09-04,833,6.91,339.34,300.3,n,29.82,Low
6.79404,81.53845,2026-09-04,833,7.82,348.92,298.5,n,35.82,Low
6.79797,81.46822,2026-09-04,833,4.24,337.38,299.97,n,26.72,Low
7.38462,79.87064,2026-09-04,833,2.9,333.64,294.39,n,23.64,Low
7.61087,80.83186,2026-09-04,833,3.4,332.6,297.87,n,23.44,Low
7.65727,80.49637,2026-09-04,833,1.91,331.97,293.6,n,21.97,Low
12.80993,77.7602,2026-09-04,835,3.52,332.58,298.05,n,23.52,Low
7.66027,79.91571,2026-09-04,835,4.3,330.12,294.01,n,22.74,Low
7.69514,80.13086,2026-09-04,835,5.45,343.92,297.8,n,31.27,Low
7.71052,79.86343,2026-09-04,835,3.6,340.21,296.07,n,27.82,Low
7.96289,81.33191,2026-09-04,835,8.43,344.81,299.96,n,33.99,Low
7.99599,81.46941,2026-09-04,835,5.83,337.55,298.29,n,28.01,Low
7.81069,79.92027,2026-09-04,835,3.19,342.74,295.29,n,28.91,Low
7.81016,79.9166,2026-09-04,835,1.78,332.62,295.79,n,22.24,Low
7.91191,80.55957,2026-09-04,835,7.48,342.84,297.71,n,32.19,Low
7.91133,80.55552,2026-09-04,835,7.07,335.04,297.49,n,27.55,Low
7.81293,79.91923,2026-09-04,835,6.83,345.57,296.55,n,33.22,Low
7.91379,80.5593,2026-09-04,835,10.66,342.55,297.88,n,34.41,Low
7.91323,80.55524,2026-09-04,835,8.63,342.53,298.03,n,32.88,Low
7.94493,80.62585,2026-09-04,835,3.01,332.78,295.73,n,23.25,Low
7.87908,80.031,2026-09-04,835,3.08,338.52,295.46,n,26.49,Low
7.87883,79.93985,2026-09-04,835,2.72,335.54,295.96,n,24.56,Low
8.00805,80.60468,2026-09-04,835,1.61,330.09,294.71,n,20.7,Low
7.94419,80.13013,2026-09-04,835,7.55,341.27,298.15,n,31.37,Low
7.94364,80.12633,2026-09-04,835,5.19,338.53,297.3,n,28.08,Low
8.01845,80.61577,2026-09-04,835,2.8,330.07,296.47,n,21.58,Low
7.94837,80.12955,2026-09-04,835,7.55,345.31,297.84,n,33.61,Low
7.94782,80.12575,2026-09-04,835,5.19,342.94,297.71,n,30.53,Low
8.02395,80.62332,2026-09-04,835,9.3,343.11,298.45,n,33.7,Low
7.9936,80.4128,2026-09-04,835,3.91,334.52,296.86,n,24.89,Low
7.94517,80.04884,2026-09-04,835,4.21,338.79,297.75,n,27.49,Low
7.99274,80.41392,2026-09-04,835,6.58,330.55,296.14,n,24.69,Low
8.02528,80.62028,2026-09-04,835,6.82,342.88,298.2,n,31.71,Low
7.94696,80.04915,2026-09-04,835,2.16,331.12,297.29,n,21.69,Low
7.9495,79.85543,2026-09-04,835,3.96,339.74,294.86,n,27.83,Low
8.02105,80.30539,2026-09-04,835,3.0,335.51,297.65,n,24.76,Low
8.17443,81.31121,2026-09-04,835,14.58,351.92,300.89,n,42.56,Medium
8.05665,80.10335,2026-09-04,835,2.21,334.82,297.08,n,23.78,Low
8.12243,80.51514,2026-09-04,835,6.02,334.58,295.56,n,26.5,Low
8.22253,81.08371,2026-09-04,835,5.88,336.55,298.69,n,27.49,Low
8.20822,80.68834,2026-09-04,835,4.09,330.26,298.38,n,22.66,Low
8.14543,80.06309,2026-09-04,835,2.4,331.23,290.64,n,21.93,Low
8.25259,80.78128,2026-09-04,835,5.12,338.93,298.25,n,28.25,Low
8.23714,80.64191,2026-09-04,835,2.94,331.67,298.18,n,22.58,Low
8.24209,80.64552,2026-09-04,835,6.02,337.12,298.69,n,27.91,Low
8.25285,80.78179,2026-09-04,835,6.36,331.85,297.88,n,25.24,Low
8.23842,80.64211,2026-09-04,835,7.04,339.6,298.6,n,30.06,Low
8.33193,80.77122,2026-09-04,835,1.65,333.02,294.04,n,22.36,Low
8.27044,80.33495,2026-09-04,835,3.03,332.14,298.82,n,22.91,Low
8.31202,80.59825,2026-09-04,835,5.69,332.09,295.22,n,24.87,Low
8.2431,80.11183,2026-09-04,835,1.97,330.25,297.73,n,21.06,Low
8.25512,80.10616,2026-09-04,835,4.31,343.26,297.74,n,30.04,Low
8.35087,80.747,2026-09-04,835,19.72,343.16,298.9,n,41.55,Medium
8.35027,80.74276,2026-09-04,835,14.51,336.8,298.0,n,34.1,Low
8.35526,80.7464,2026-09-04,835,5.61,333.87,295.91,n,25.8,Low
8.35466,80.74216,2026-09-04,835,8.59,336.97,297.85,n,29.76,Low
8.40438,81.05991,2026-09-04,835,4.67,341.87,298.07,n,29.54,Low
8.40374,81.05544,2026-09-04,835,8.74,341.59,298.29,n,32.44,Low
8.35448,80.74238,2026-09-04,835,7.01,340.73,297.7,n,30.66,Low
8.40626,81.06018,2026-09-04,835,8.49,334.05,298.29,n,28.06,Low
8.40566,81.0557,2026-09-04,835,9.69,342.53,298.34,n,33.67,Low
8.38778,80.78993,2026-09-04,835,6.16,330.12,297.13,n,24.13,Low
8.31947,80.29152,2026-09-04,835,8.9,342.47,298.99,n,33.05,Low
8.324,80.23045,2026-09-04,835,7.54,345.94,300.71,n,33.95,Low
8.45281,81.09965,2026-09-04,835,5.03,333.83,298.89,n,25.34,Low
8.40441,80.68349,2026-09-04,835,1.64,332.62,294.1,n,22.13,Low
8.38549,80.29862,2026-09-04,835,2.31,330.45,299.96,n,21.43,Low
8.41519,80.446,2026-09-04,835,2.86,331.74,294.71,n,22.56,Low
8.42824,80.5067,2026-09-04,835,6.04,341.31,297.13,n,30.26,Low
8.41545,80.41713,2026-09-04,835,4.37,330.78,299.34,n,23.16,Low
8.43315,80.51025,2026-09-04,835,6.04,342.96,297.55,n,31.17,Low
8.43256,80.50612,2026-09-04,835,6.04,336.22,297.86,n,27.43,Low
8.43036,80.50778,2026-09-04,835,22.75,350.84,299.74,n,48.08,Medium
8.43084,80.35042,2026-09-04,835,5.74,335.17,297.18,n,26.62,Low
8.46493,80.50307,2026-09-04,835,2.89,331.6,295.46,n,22.5,Low
8.45517,80.40042,2026-09-04,835,5.47,333.89,297.53,n,25.71,Low
8.47596,80.45562,2026-09-04,835,6.49,355.15,296.9,n,38.28,Low
8.4458,80.23885,2026-09-04,835,2.9,339.02,295.82,n,26.63,Low
8.53881,80.8772,2026-09-04,835,6.79,345.24,299.8,n,33.0,Low
8.48686,80.47081,2026-09-04,835,10.21,346.93,299.07,n,36.51,Low
8.55657,80.87483,2026-09-04,835,4.01,343.54,298.06,n,29.97,Low
8.56527,80.90474,2026-09-04,835,10.76,343.07,299.04,n,34.78,Low
8.56465,80.90033,2026-09-04,835,4.82,337.52,297.09,n,27.24,Low
8.52532,80.4322,2026-09-04,835,3.64,333.29,299.19,n,24.0,Low
8.52962,80.43159,2026-09-04,835,3.64,335.64,298.69,n,25.31,Low
8.52704,80.43185,2026-09-04,835,6.58,345.61,300.25,n,33.05,Low
8.57884,80.78347,2026-09-04,835,4.34,330.04,296.85,n,22.72,Low
8.51423,80.24119,2026-09-04,835,3.23,332.7,298.56,n,23.37,Low
8.63193,81.00928,2026-09-04,835,5.65,332.22,297.39,n,24.92,Low
8.63132,81.00479,2026-09-04,835,5.65,333.42,297.24,n,25.58,Low
8.63581,81.0042,2026-09-04,835,5.65,349.95,297.53,n,34.77,Low
8.6409,81.00806,2026-09-04,835,5.52,344.56,298.64,n,31.67,Low
8.64029,81.00357,2026-09-04,835,5.52,335.44,298.03,n,26.61,Low
8.55367,80.37032,2026-09-04,835,4.39,338.51,299.65,n,27.46,Low
8.64538,81.00743,2026-09-04,835,5.52,330.4,298.22,n,23.81,Low
8.56671,80.40142,2026-09-04,835,6.06,342.2,298.67,n,30.77,Low
8.56614,80.39735,2026-09-04,835,6.06,330.59,298.57,n,24.32,Low
8.62594,80.79905,2026-09-04,835,4.93,332.59,298.89,n,24.58,Low
8.62053,80.69478,2026-09-04,835,7.09,342.6,298.6,n,31.76,Low
8.66234,80.83396,2026-09-04,835,10.8,339.9,296.36,n,33.04,Low
8.63077,80.51368,2026-09-04,835,2.23,330.62,298.18,n,21.46,Low
8.62115,80.41457,2026-09-04,835,6.37,337.09,299.92,n,28.16,Low
8.63034,80.41752,2026-09-04,835,2.87,330.56,300.01,n,21.91,Low
8.62399,80.37293,2026-09-04,835,4.39,336.9,297.95,n,26.57,Low
8.698360000000001,80.86498,2026-09-04,835,7.89,342.87,300.12,n,32.51,Low
8.62652,80.37279,2026-09-04,835,2.77,330.42,298.39,n,21.76,Low
8.69724,80.86597,2026-09-04,835,7.55,338.31,299.35,n,29.72,Low
8.75154,80.99869,2026-09-04,835,4.67,334.21,298.07,n,25.29,Low
8.72472,80.76887,2026-09-04,835,4.75,330.69,297.64,n,23.39,Low
8.66727,80.25673,2026-09-04,835,4.23,332.11,299.3,n,23.79,Low
8.69263,80.37619,2026-09-04,835,4.7,337.9,299.88,n,27.36,Low
8.79438,80.59402,2026-09-04,835,5.05,331.67,297.94,n,24.16,Low
8.80461,80.57121,2026-09-04,835,4.76,336.59,298.35,n,26.68,Low
8.80897,80.57063,2026-09-04,835,4.76,343.08,298.49,n,30.28,Low
8.78999,80.3377,2026-09-04,835,4.95,330.83,298.4,n,23.62,Low
8.78943,80.33366,2026-09-04,835,4.95,334.56,299.39,n,25.69,Low
8.92698,80.77954,2026-09-04,835,6.77,349.29,298.2,n,35.24,Low
8.97923,80.83057,2026-09-04,835,7.59,337.07,297.96,n,29.06,Low
8.98429,80.83439,2026-09-04,835,4.21,340.3,296.66,n,28.32,Low
8.9637,80.59013,2026-09-04,835,4.33,342.29,295.02,n,29.52,Low
8.973040000000001,80.59312,2026-09-04,835,7.85,331.35,297.98,n,26.08,Low
8.97742,80.59255,2026-09-04,835,9.41,346.17,297.32,n,35.49,Low
8.61746,77.98914,2026-09-04,835,3.29,342.96,299.73,n,29.11,Low
8.97735,80.59259,2026-09-04,835,12.24,347.79,296.95,n,38.51,Low
8.96668,80.38145,2026-09-04,835,3.75,336.94,299.16,n,26.11,Low
8.73204,77.86298,2026-09-04,835,16.91,347.6,304.0,n,41.9,Medium
8.66597,77.40293,2026-09-04,835,6.07,332.62,304.58,l,25.45,Low
9.10274,80.49466,2026-09-04,835,4.45,331.95,296.92,n,23.87,Low
9.20664,80.63229,2026-09-04,835,2.25,330.65,297.42,n,21.49,Low
8.81464,77.83777,2026-09-04,835,11.75,342.22,304.59,n,35.05,Low
8.84638,77.70205,2026-09-04,835,22.48,345.51,310.41,n,44.92,Medium
8.93915,77.83005,2026-09-04,835,7.77,339.25,301.79,n,30.41,Low
8.88569,77.40527,2026-09-04,835,5.49,339.72,306.78,n,28.96,Low
8.92773,77.46704,2026-09-04,835,2.97,336.21,305.16,n,25.12,Low
9.41437,80.58335,2026-09-04,835,3.4,335.1,295.97,n,24.83,Low
9.39517,80.44724,2026-09-04,835,5.48,332.52,294.65,n,24.95,Low
9.414,80.58482,2026-09-04,835,2.71,330.15,294.94,n,21.56,Low
9.39581,80.44839,2026-09-04,835,4.86,338.41,295.04,n,27.76,Low
9.45137,80.49699,2026-09-04,835,9.87,348.6,296.5,n,37.18,Low
9.4578,80.47879,2026-09-04,835,3.36,336.28,295.38,n,25.45,Low
9.17593,78.22559,2026-09-04,835,10.26,337.95,304.11,n,31.56,Low
9.1797,78.22505,2026-09-04,835,10.26,341.55,304.13,n,33.56,Low
9.20293,77.64448,2026-09-04,835,19.15,345.47,309.68,n,42.4,Medium
9.33688,76.59934,2026-09-04,835,2.02,331.72,299.27,n,21.92,Low
9.62262,78.11741,2026-09-04,835,10.24,340.95,306.67,n,33.21,Low
9.95692,79.105,2026-09-04,835,2.64,336.23,298.7,n,24.89,Low
9.95849,79.1076,2026-09-04,835,2.39,342.39,298.57,n,28.12,Low
10.16814,78.80172,2026-09-04,835,6.42,335.48,300.33,n,27.3,Low
10.16672,78.79148,2026-09-04,835,8.56,331.56,300.74,n,26.73,Low
10.31339,79.34061,2026-09-04,835,2.09,330.68,296.16,n,21.39,Low
10.28257,78.88253,2026-09-04,835,2.52,334.67,298.75,n,23.93,Low
12.0522,78.36801,2026-09-04,835,4.2,333.87,298.13,n,24.74,Low
13.93385,78.31989,2026-09-04,835,5.9,344.3,300.15,n,31.81,Low
13.90749,78.06878,2026-09-04,835,1.75,335.38,301.05,n,23.75,Low
13.93448,78.31924,2026-09-04,835,5.51,342.27,300.78,n,30.39,Low
14.5526,77.48568,2026-09-04,835,2.5,330.23,293.53,n,21.45,Low
15.17642,76.65735,2026-09-04,837,5.16,335.25,297.04,n,26.23,Low
14.9584,75.91736,2026-09-04,837,2.59,334.21,296.21,n,23.73,Low
25.9841,73.41638,2026-09-04,837,5.6,340.25,290.2,n,29.34,Low
24.0682,72.24971,2026-09-04,837,1.4,330.15,300.13,n,20.58,Low
22.93431,69.69743,2026-09-04,837,3.12,334.99,304.23,n,24.56,Low
22.92779,70.1069,2026-09-04,837,5.54,338.61,306.81,n,28.38,Low
22.41645,69.03945,2026-09-04,837,5.64,333.49,301.9,l,25.61,Low
21.10636,72.64542,2026-09-04,837,8.1,344.24,299.55,n,33.43,Low
21.10135,72.63466,2026-09-04,837,7.03,332.85,295.09,n,26.3,Low
21.10191,72.63843,2026-09-04,837,7.03,334.26,293.93,n,27.08,Low
17.6268,82.57391,2026-09-04,837,4.48,330.76,288.86,n,23.23,Low
15.52757,73.99412,2026-09-04,837,3.12,332.48,297.41,n,23.16,Low
15.18196,76.64268,2026-09-04,837,3.59,333.96,295.73,n,24.34,Low
27.14095,72.44164,2026-09-04,837,1.99,335.03,305.47,l,23.73,Low
32.43256,71.36949,2026-09-04,839,6.24,345.57,297.08,n,32.77,Low
32.24791,73.92658,2026-09-04,839,3.62,332.01,295.3,n,23.28,Low
31.68232,72.20583,2026-09-04,839,4.36,336.61,295.47,n,26.39,Low
31.5778,72.37859,2026-09-04,839,5.83,337.86,297.62,n,28.18,Low
31.31773,72.16481,2026-09-04,839,3.46,335.37,300.09,n,25.02,Low
30.47343,71.74202,2026-09-04,839,3.21,331.0,304.84,l,22.41,Low
29.94049,69.95213,2026-09-04,839,3.81,337.32,306.64,n,26.37,Low
29.33473,69.01346,2026-09-04,839,3.84,344.38,311.99,n,30.31,Low
29.33534,69.01741,2026-09-04,839,5.51,338.2,310.75,l,28.13,Low
29.80486,72.78429,2026-09-04,839,4.92,337.49,299.65,n,27.3,Low
29.911,74.95192,2026-09-04,839,5.47,341.22,299.43,n,29.78,Low
28.45174,68.14686,2026-09-04,839,24.53,334.81,303.04,n,40.51,Medium
28.42405,69.7006,2026-09-04,839,3.82,335.37,306.54,l,25.29,Low
27.31744,95.26737,2026-09-04,1921,3.22,327.06,290.45,n,20.23,Low
28.57174,96.95198,2026-09-04,1921,0.85,295.41,284.24,n,0.87,Low
23.83774,85.46945,2026-09-04,1923,1.6,301.33,285.37,n,4.72,Low
23.66637,85.00024,2026-09-04,1923,1.49,299.89,284.07,n,3.83,Low
23.66712,85.00002,2026-09-04,1923,2.86,299.7,284.04,n,4.76,Low
22.22516,84.75098,2026-09-04,1923,1.2,301.08,286.63,n,4.28,Low
22.05509,85.46492,2026-09-04,1923,0.66,302.15,286.52,n,4.47,Low
23.76381,86.40175,2026-09-04,1923,3.31,305.79,282.63,n,8.48,Low
23.76345,86.40598,2026-09-04,1923,3.69,299.36,279.21,n,5.19,Low
23.75817,86.40104,2026-09-04,1923,3.31,303.52,284.47,n,7.22,Low
23.7797,86.3896,2026-09-04,1923,2.79,302.64,278.49,n,6.34,Low
23.77635,86.36388,2026-09-04,1923,2.96,318.15,285.94,n,15.08,Low
23.77596,86.36807,2026-09-04,1923,1.85,306.29,285.7,n,7.66,Low
23.76689,86.40472,2026-09-04,1923,3.54,305.75,279.25,n,8.63,Low
23.77907,86.2077,2026-09-04,1923,1.31,310.15,286.07,n,9.4,Low
23.77868,86.21198,2026-09-04,1923,1.31,304.15,285.94,n,6.07,Low
23.76239,86.39155,2026-09-04,1923,3.52,304.11,285.44,n,7.7,Low
23.76163,86.39988,2026-09-04,1923,2.07,311.81,285.21,n,10.89,Low
23.76124,86.4041,2026-09-04,1923,2.07,303.71,282.59,n,6.39,Low
23.82338,85.49656,2026-09-04,1923,1.6,302.05,285.66,n,5.12,Low
23.73572,86.43427,2026-09-04,1923,2.56,307.61,281.7,n,8.93,Low
23.71992,86.41992,2026-09-04,1923,1.6800000000000002,304.33,284.78,n,6.44,Low
23.71392,86.42335,2026-09-04,1923,1.96,307.48,285.94,n,8.4,Low
23.71136,86.45217,2026-09-04,1923,1.74,311.04,285.88,n,10.22,Low
23.75746,85.85387,2026-09-04,1923,1.79,309.71,285.95,n,9.51,Low
23.68826,86.39115,2026-09-04,1923,0.91,303.86,285.4,n,5.6,Low
23.68225,86.3947,2026-09-04,1923,2.78,307.39,285.55,n,8.97,Low
23.67626,86.39803,2026-09-04,1923,1.36,315.53,285.7,n,12.43,Low
23.67591,86.40213,2026-09-04,1923,1.36,303.59,285.43,n,5.79,Low
23.77998,86.20918,2026-09-04,1923,1.53,310.75,286.39,n,9.9,Low
23.78033,86.20491,2026-09-04,1923,1.53,303.18,285.92,n,5.69,Low
23.77262,86.36506,2026-09-04,1923,4.47,321.88,285.55,n,18.29,Low
23.79671,86.35096,2026-09-04,1923,4.1,319.39,283.86,n,16.62,Low
23.80416,86.3309,2026-09-04,1923,3.17,312.49,283.03,n,12.09,Low
24.31163,85.42353,2026-09-04,1923,0.75,303.75,285.26,n,5.42,Low
22.32409,82.59403,2026-09-04,1923,1.56,303.05,284.75,n,5.64,Low
22.31921,82.56583,2026-09-04,1923,1.65,303.93,284.52,n,6.2,Low
22.05641,85.46532,2026-09-04,1923,0.8200000000000001,301.04,286.36,n,3.97,Low
23.68471,86.09391,2026-09-04,1923,1.17,302.91,283.95,n,5.27,Low
23.67966,86.08476,2026-09-04,1923,1.67,304.85,285.66,n,6.72,Low
23.6793,86.08908,2026-09-04,1923,1.67,305.54,285.15,n,7.11,Low
23.67895,86.09338,2026-09-04,1923,1.17,303.36,283.32,n,5.52,Low
23.67909,86.396,2026-09-04,1923,2.56,305.97,285.43,n,8.01,Low
23.67871,86.40009,2026-09-04,1923,2.46,311.2,285.8,n,10.84,Low
23.82546,84.57072,2026-09-04,1923,1.88,305.89,283.26,n,7.46,Low
23.68351,86.09599,2026-09-04,1923,1.25,305.12,283.11,n,6.56,Low
23.67852,86.08686,2026-09-04,1923,3.15,305.34,285.83,n,8.11,Low
23.58107,86.72517,2026-09-04,1923,0.65,301.92,285.24,n,4.33,Low
23.67289,84.9959,2026-09-04,1923,2.91,296.21,283.89,n,2.85,Low
23.66674,84.99536,2026-09-04,1923,1.49,296.08,283.69,n,1.72,Low
21.67499,82.07859,2026-09-04,1925,1.32,301.52,284.48,n,4.61,Low
21.67952,84.03887,2026-09-04,1925,1.89,306.32,285.77,n,7.71,Low
22.00621,82.67161,2026-09-04,1925,2.21,300.84,284.77,n,4.9,Low
22.00575,82.67023,2026-09-04,1925,1.03,304.37,284.9,n,5.98,Low
20.96156,86.00327,2026-09-04,1925,0.79,307.14,287.47,n,7.34,Low
20.95159,86.0461,2026-09-04,1925,2.23,327.1,288.09,n,19.51,Low
20.95199,86.04217,2026-09-04,1925,2.7,313.92,287.64,n,12.54,Low
20.9512,86.04997,2026-09-04,1925,2.23,310.23,287.85,n,10.13,Low
20.97126,85.17391,2026-09-04,1925,1.35,305.19,286.74,n,6.67,Low
20.97084,85.17846,2026-09-04,1925,2.67,307.71,286.43,n,9.06,Low
20.96576,85.16875,2026-09-04,1925,1.35,309.08,286.82,n,8.83,Low
20.96534,85.1733,2026-09-04,1925,1.35,306.0,286.79,n,7.12,Low
20.96411,85.18684,2026-09-04,1925,1.57,307.86,286.71,n,8.32,Low
20.89002,84.98002,2026-09-04,1925,1.53,311.47,286.43,n,10.3,Low
20.86526,84.98695,2026-09-04,1925,3.63,321.87,286.26,n,17.65,Low
20.80561,85.25348,2026-09-04,1925,1.78,304.62,287.35,n,6.68,Low
20.86249,84.98462,2026-09-04,1925,2.17,316.08,286.31,n,13.34,Low
20.86205,84.98914,2026-09-04,1925,1.72,309.94,286.24,n,9.59,Low
20.80653,85.256,2026-09-04,1925,1.63,313.31,287.45,n,11.39,Low
20.79477,85.25492,2026-09-04,1925,2.9,316.12,286.91,n,13.91,Low
20.78849,85.25857,2026-09-04,1925,2.84,306.91,287.45,n,8.75,Low
20.76171,85.29136,2026-09-04,1925,2.2,305.86,287.15,n,7.68,Low
21.92587,85.22215,2026-09-04,1925,2.18,315.27,287.75,n,12.9,Low
20.7613,85.29581,2026-09-04,1925,2.27,313.55,287.42,n,12.01,Low
19.09592,82.16854,2026-09-04,1925,2.29,300.28,285.1,n,4.65,Low
19.08846,82.17459,2026-09-04,1925,1.21,301.41,285.65,n,4.47,Low
19.09711,82.16754,2026-09-04,1925,1.56,303.66,285.33,n,5.98,Low
19.0896,82.17361,2026-09-04,1925,1.22,300.24,285.82,n,3.83,Low
20.99819,86.01408,2026-09-04,1925,0.72,304.21,288.26,n,5.66,Low
20.99857,86.01012,2026-09-04,1925,0.72,305.85,288.25,n,6.57,Low
20.95,86.04442,2026-09-04,1925,2.27,323.28,288.01,n,17.41,Low
20.94963,86.04832,2026-09-04,1925,2.27,323.89,288.03,n,17.75,Low
20.96638,86.01173,2026-09-04,1925,2.97,310.73,288.16,n,10.97,Low
20.95558,86.04523,2026-09-04,1925,1.4,305.01,287.63,n,6.61,Low
20.9649,86.00615,2026-09-04,1925,2.12,315.28,287.92,n,12.86,Low
20.96528,86.00221,2026-09-04,1925,1.79,306.29,288.08,n,7.61,Low
21.80354,82.03689,2026-09-04,1925,1.26,300.24,282.65,n,3.86,Low
21.67781,84.03859,2026-09-04,1925,2.34,305.65,286.12,n,7.67,Low
20.97015,86.01069,2026-09-04,1925,2.21,307.09,288.37,n,8.37,Low
20.97089,86.00281,2026-09-04,1925,1.7000000000000002,306.17,288.42,n,7.48,Low
21.07634,85.04405,2026-09-04,1925,1.41,307.57,286.81,n,8.04,Low
21.07676,85.03937,2026-09-04,1925,1.41,304.32,287.05,n,6.24,Low
21.07717,85.03472,2026-09-04,1925,2.04,303.73,287.19,n,6.38,Low
13.1608,80.27946,2026-09-04,1928,1.92,307.93,285.03,n,8.62,Low
13.15911,80.28068,2026-09-04,1928,1.63,306.72,285.02,n,7.73,Low
7.12493,81.54601,2026-09-04,1930,2.74,295.77,285.71,n,2.48,Low
35.97013,68.68588,2026-09-04,2101,0.79,299.08,288.3,n,2.86,Low
35.96602,68.68536,2026-09-04,2101,0.6900000000000001,298.35,288.18,n,2.38,Low
35.96709,68.68774,2026-09-04,2101,1.28,299.05,288.15,n,3.21,Low
33.68994,72.7104,2026-09-04,2101,0.92,307.47,292.06,n,7.62,Low
33.54585,71.55032,2026-09-04,2101,1.04,305.69,290.83,n,6.72,Low
33.29619,71.18684,2026-09-04,2101,1.13,298.59,287.32,n,2.84,Low
32.72226,72.92528,2026-09-04,2101,0.68,304.4,291.48,n,5.73,Low
23.69545,85.36923,2026-09-04,2104,2.54,311.51,284.1,n,11.08,Low
23.67414,85.32425,2026-09-04,2104,2.29,296.63,284.11,n,2.62,Low
24.16024,82.56169,2026-09-04,2104,0.96,300.91,273.66,n,4.0,Low
24.15935,82.56554,2026-09-04,2104,0.96,302.1,274.26,n,4.66,Low
22.57313,85.89704,2026-09-04,2104,3.39,313.33,283.34,n,12.73,Low
25.5242,68.55288,2026-09-04,2104,0.55,309.65,295.1,n,8.55,Low
24.82128,73.0907,2026-09-04,2104,0.74,306.03,293.89,n,6.68,Low
24.82064,73.09454,2026-09-04,2104,0.74,306.69,293.39,n,7.05,Low
32.28888,70.7403,2026-09-04,2104,1.54,307.51,294.04,n,8.1,Low
32.5767,72.56184,2026-09-04,2104,2.15,311.11,294.62,n,10.56,Low
23.78611,85.55335,2026-09-04,2104,1.22,301.45,282.32,n,4.5,Low
23.67849,86.08708,2026-09-04,2104,3.56,301.87,283.36,n,6.49,Low
23.79008,85.55405,2026-09-04,2104,2.74,297.1,282.49,n,3.22,Low
23.67941,86.08627,2026-09-04,2104,2.58,301.55,283.28,n,5.57,Low
23.67768,86.3978,2026-09-04,2104,6.8,298.43,279.73,n,7.01,Low
27.93788,69.72433,2026-09-04,2104,0.66,309.45,296.46,n,8.52,Low
28.4265,69.70227,2026-09-04,2104,1.2,313.48,297.34,n,11.17,Low
20.86599,84.99335,2026-09-04,2106,2.49,309.5,285.86,n,9.92,Low
22.93078,69.69768,2026-09-04,2106,2.23,309.29,294.83,n,9.61,Low
22.93359,69.7022,2026-09-04,2106,2.85,309.39,295.17,n,10.13,Low
22.93417,69.69827,2026-09-04,2106,2.85,336.76,295.59,n,25.34,Low
22.92655,69.82481,2026-09-04,2106,1.98,306.95,295.48,n,8.12,Low
21.18306,81.38803,2026-09-04,2106,1.44,301.41,284.53,n,4.64,Low
21.18765,81.39323,2026-09-04,2106,1.74,302.69,286.34,n,5.58,Low
21.18848,81.38943,2026-09-04,2106,1.44,302.2,285.96,n,5.08,Low
23.26578,70.25954,2026-09-04,2106,1.02,305.99,294.82,n,6.87,Low
23.30355,70.4779,2026-09-04,2106,1.17,305.59,294.44,n,6.76,Low
23.31575,70.48792,2026-09-04,2106,1.37,310.46,295.34,n,9.62,Low
21.30924,81.59233,2026-09-04,2106,0.77,302.07,285.53,n,4.51,Low
23.40848,72.41589,2026-09-04,2106,1.43,318.21,293.57,n,13.97,Low
20.76145,85.29849,2026-09-04,2106,2.11,309.4,284.98,n,9.58,Low
20.76308,85.292,2026-09-04,2106,2.48,301.75,284.99,n,5.61,Low
18.2715,74.19861,2026-09-04,2106,0.84,304.38,290.01,n,5.84,Low
18.68064,73.03526,2026-09-04,2106,0.89,304.1,291.57,n,5.72,Low
18.6904,73.04131,2026-09-04,2106,2.13,317.38,292.88,n,14.03,Low
18.69389,73.04198,2026-09-04,2106,2.13,319.91,293.84,n,15.44,Low
19.2791,71.42653,2026-09-04,2106,0.66,307.88,293.9,n,7.65,Low
17.95682,80.79215,2026-09-04,2106,1.17,300.9,278.73,n,4.16,Low
17.95858,80.79491,2026-09-04,2106,0.84,300.72,278.98,n,3.81,Low
17.95946,80.79095,2026-09-04,2106,0.79,298.26,280.44,n,2.4,Low
17.60933,83.20343,2026-09-04,2106,5.27,316.08,286.93,n,15.66,Low
18.71995,79.53621,2026-09-04,2106,0.99,303.8,284.54,n,5.63,Low
20.91163,71.45867,2026-09-04,2106,1.38,308.37,293.47,n,8.46,Low
19.09743,82.16936,2026-09-04,2106,1.77,307.92,287.64,n,8.51,Low
19.10059,82.1667,2026-09-04,2106,1.71,304.42,287.57,n,6.52,Low
21.10271,72.64404,2026-09-04,2106,1.38,302.63,287.6,n,5.27,Low
21.10401,72.63636,2026-09-04,2106,4.0,332.65,290.83,n,23.92,Low
21.10544,72.64854,2026-09-04,2106,2.05,317.25,290.81,n,13.9,Low
21.10738,72.637,2026-09-04,2106,2.25,305.46,290.68,n,7.5,Low
21.10608,72.6447,2026-09-04,2106,7.31,333.02,292.63,n,26.6,Low
21.10881,72.64918,2026-09-04,2106,2.05,305.26,291.28,n,7.24,Low
21.43225,72.97722,2026-09-04,2106,1.2,304.92,290.99,n,6.41,Low
22.33719,69.86794,2026-09-04,2106,3.19,308.4,296.38,n,9.84,Low
22.33891,69.85638,2026-09-04,2106,2.92,308.84,296.41,n,9.88,Low
20.79352,85.25729,2026-09-04,2106,2.9,305.82,285.35,n,8.19,Low
20.7952,85.2505,2026-09-04,2106,2.9,317.2,284.74,n,14.51,Low
20.86771,84.98637,2026-09-04,2106,2.49,305.94,285.46,n,7.95,Low
21.62011,81.79417,2026-09-04,2106,0.52,304.05,286.39,n,5.42,Low
20.80867,85.25465,2026-09-04,2106,1.74,303.12,284.93,n,5.82,Low
20.95502,85.0124,2026-09-04,2106,1.52,301.65,285.18,n,4.83,Low
21.67574,82.08032,2026-09-04,2106,1.19,301.97,286.74,n,4.76,Low
20.96312,85.18304,2026-09-04,2106,5.19,307.59,282.97,n,10.89,Low
20.96635,85.16991,2026-09-04,2106,3.32,306.46,282.86,n,8.86,Low
20.97304,85.17196,2026-09-04,2106,3.32,312.5,282.27,n,12.21,Low
20.96267,85.18922,2026-09-04,2106,1.3,299.1,281.62,n,3.25,Low
20.96438,85.18245,2026-09-04,2106,1.3,306.42,282.57,n,7.32,Low
20.96604,85.17587,2026-09-04,2106,3.15,302.79,283.85,n,6.69,Low
20.96767,85.16939,2026-09-04,2106,3.15,310.81,282.73,n,11.15,Low
20.97437,85.1714,2026-09-04,2106,1.95,306.0,281.55,n,7.57,Low
20.96696,86.00981,2026-09-04,2106,1.45,303.19,280.35,n,5.64,Low
21.93913,81.98277,2026-09-04,2106,1.05,302.44,286.54,n,4.92,Low
20.95286,86.04846,2026-09-04,2106,2.74,304.94,284.19,n,7.58,Low
22.01587,82.17987,2026-09-04,2106,0.65,301.54,286.43,n,4.12,Low
22.00088,82.67083,2026-09-04,2106,1.43,305.77,286.92,n,7.06,Low
22.00664,82.6723,2026-09-04,2106,1.03,305.81,286.69,n,6.78,Low
21.74119,83.84169,2026-09-04,2106,3.34,321.01,286.55,n,16.95,Low
21.74858,83.83821,2026-09-04,2106,4.01,303.2,285.55,n,7.56,Low
21.74731,83.8436,2026-09-04,2106,4.01,348.71,286.9,n,32.85,Low
21.75344,83.84547,2026-09-04,2106,4.01,319.43,286.47,n,16.58,Low
21.75471,83.84011,2026-09-04,2106,4.01,303.53,286.16,n,7.75,Low
21.67763,84.03689,2026-09-04,2106,3.55,301.22,285.83,n,6.12,Low
22.00665,82.66977,2026-09-04,2106,1.36,306.25,286.71,n,7.27,Low
21.7385,83.84195,2026-09-04,2106,3.35,301.88,285.84,n,6.33,Low
21.74593,83.83846,2026-09-04,2106,6.72,317.19,285.9,n,17.37,Low
21.74463,83.84384,2026-09-04,2106,3.35,332.64,286.65,n,23.42,Low
21.75076,83.8457,2026-09-04,2106,2.94,314.42,285.99,n,12.99,Low
21.75206,83.84034,2026-09-04,2106,4.25,323.03,286.27,n,18.76,Low
21.75692,83.84747,2026-09-04,2106,2.94,303.92,285.81,n,7.16,Low
21.7582,83.84217,2026-09-04,2106,4.25,315.0,286.06,n,14.3,Low
21.76307,83.84924,2026-09-04,2106,2.87,309.57,285.94,n,10.25,Low
21.87359,83.4966,2026-09-04,2106,0.84,302.93,286.42,n,5.04,Low
21.92071,83.35161,2026-09-04,2106,3.02,317.63,287.11,n,14.84,Low
21.87868,83.55658,2026-09-04,2106,1.86,307.68,286.18,n,8.44,Low
22.0317,83.36752,2026-09-04,2106,1.32,303.54,286.54,n,5.73,Low
22.03287,83.36258,2026-09-04,2106,1.97,301.81,286.6,n,5.26,Low
22.0352,83.35267,2026-09-04,2106,1.18,301.68,286.05,n,4.6,Low
22.1076,83.12428,2026-09-04,2106,0.81,302.56,286.66,n,4.81,Low
22.01755,83.75123,2026-09-04,2106,1.06,300.6,284.85,n,3.91,Low
22.3592,82.29978,2026-09-04,2106,3.99,311.54,285.65,n,12.18,Low
22.35826,82.30389,2026-09-04,2106,3.98,331.05,286.53,n,23.01,Low
21.92364,85.2219,2026-09-04,2106,2.13,307.46,285.39,n,8.52,Low
21.92594,85.22113,2026-09-04,2106,2.86,305.9,285.28,n,8.2,Low
22.22193,84.75527,2026-09-04,2106,1.82,297.0,283.98,n,2.48,Low
24.69059,73.00319,2026-09-04,2106,1.28,312.77,294.49,n,10.83,Low
25.38672,68.58044,2026-09-04,2106,0.86,310.55,295.45,n,9.28,Low
25.39035,68.58104,2026-09-04,2106,0.86,311.57,295.13,n,9.85,Low
11.48045,77.62241,2026-09-04,2108,0.77,298.62,264.84,n,2.59,Low
9.94102,77.48679,2026-09-04,2108,0.6000000000000001,308.54,289.38,n,7.97,Low
16.36108,81.2864,2026-09-04,2108,0.5700000000000001,304.31,287.53,n,5.6,Low
17.05184,75.64252,2026-09-04,2108,0.6000000000000001,302.08,290.04,n,4.38,Low
17.0538,75.64399,2026-09-04,2108,0.7000000000000001,303.85,290.02,n,5.44,Low
15.33428,76.28631,2026-09-04,2108,1.07,304.46,290.03,n,6.06,Low
15.1777,77.10036,2026-09-04,2108,2.43,305.68,290.97,n,7.76,Low
15.30146,76.22165,2026-09-04,2108,0.52,304.93,289.8,n,5.91,Low
15.18121,76.66469,2026-09-04,2108,1.54,311.06,291.83,n,10.08,Low
15.1803,76.66946,2026-09-04,2108,1.54,304.37,291.72,n,6.36,Low
15.1785,76.65421,2026-09-04,2108,2.02,311.15,292.46,n,10.49,Low
15.17759,76.65895,2026-09-04,2108,2.02,316.42,292.36,n,13.42,Low
14.87653,78.05255,2026-09-04,2108,1.34,303.35,287.23,n,5.64,Low
14.87154,78.05151,2026-09-04,2108,2.49,313.86,289.54,n,12.35,Low
15.17019,76.38186,2026-09-04,2108,1.27,305.67,290.39,n,6.88,Low
15.07176,76.86304,2026-09-04,2108,1.91,303.44,291.41,n,6.12,Low
15.1687,76.37943,2026-09-04,2108,1.6,305.66,290.3,n,7.12,Low
15.07287,76.86671,2026-09-04,2108,1.61,304.0,291.87,n,6.21,Low
13.7111,79.6208,2026-09-04,2108,0.66,304.94,288.3,n,6.02,Low
13.89855,76.56493,2026-09-04,2108,0.62,302.15,290.36,n,4.44,Low
12.74499,77.61853,2026-09-04,2108,0.33,301.04,286.93,n,3.6,Low
9.94628,77.48783,2026-09-04,2108,0.47,305.53,289.26,n,6.2,Low
10.61668,77.42152,2026-09-04,2108,0.28,304.1,289.3,n,5.27,Low
10.61797,77.50148,2026-09-04,2108,0.8200000000000001,308.59,287.83,n,8.16,Low
11.56157,77.70795,2026-09-04,2108,0.52,302.5,285.11,n,4.56,Low
11.42084,77.48328,2026-09-04,2108,0.8200000000000001,312.92,284.16,n,10.57,Low
11.48001,77.62247,2026-09-04,2108,0.59,300.66,266.67,n,3.59,Low
6.55286,80.77038,2026-09-04,2110,0.75,300.78,284.71,n,3.77,Low
6.55308,80.77031,2026-09-04,2110,1.0,302.25,284.51,n,4.78,Low
27.95755,96.95478,2026-09-05,637,5.26,334.77,285.13,n,26.04,Low
27.95821,96.95849,2026-09-05,637,5.26,328.12,284.71,n,22.35,Low
7.86428,79.87926,2026-09-05,813,1.22,332.91,301.47,n,21.98,Low
8.08893,81.36685,2026-09-05,813,5.64,339.77,298.07,n,29.1,Low
8.02535,80.63208,2026-09-05,813,4.24,335.73,304.09,n,25.81,Low
7.99265,80.41412,2026-09-05,813,5.65,333.28,298.97,n,25.5,Low
8.10234,81.10136,2026-09-05,813,2.29,332.41,303.58,l,22.5,Low
7.99843,80.38423,2026-09-05,813,6.15,336.68,301.43,n,27.77,Low
7.9979,80.38068,2026-09-05,813,6.15,343.39,304.11,n,31.5,Low
7.97869,80.25325,2026-09-05,813,8.31,349.71,302.49,n,36.63,Low
8.0395,80.61161,2026-09-05,813,8.79,348.35,302.2,n,36.23,Low
8.05838,80.6455,2026-09-05,813,2.0,332.93,297.02,n,22.57,Low
7.984360000000001,80.06512,2026-09-05,813,8.79,346.88,300.99,n,35.41,Low
7.94978,79.83763,2026-09-05,813,3.3,336.12,299.94,n,25.32,Low
8.12266,80.8163,2026-09-05,813,6.85,338.16,303.51,n,29.12,Low
8.12212,80.81266,2026-09-05,813,7.76,356.8,306.15,n,40.15,Medium
8.12158,80.80904,2026-09-05,813,7.76,340.0,304.96,n,30.82,Low
8.12604,80.81579,2026-09-05,813,4.16,337.75,300.59,n,26.87,Low
8.1255,80.81214,2026-09-05,813,5.69,352.75,302.29,n,36.35,Low
8.12496,80.80852,2026-09-05,813,5.69,340.1,302.17,n,29.32,Low
8.17138,81.07531,2026-09-05,813,2.53,337.03,302.89,n,25.25,Low
8.05222,80.25206,2026-09-05,813,5.49,340.8,303.25,n,29.56,Low
8.05503,80.24802,2026-09-05,813,3.89,338.37,303.99,n,27.01,Low
8.05383,80.10401,2026-09-05,813,7.27,344.98,302.11,n,33.22,Low
8.12778,80.54986,2026-09-05,813,2.47,333.36,298.87,n,23.16,Low
8.16176,80.68446,2026-09-05,813,6.66,337.97,303.25,n,28.87,Low
8.16122,80.68085,2026-09-05,813,5.52,340.74,304.9,n,29.55,Low
8.22299,80.97707,2026-09-05,813,2.02,331.74,301.75,l,21.93,Low
8.17441,80.63096,2026-09-05,813,2.95,333.18,302.61,n,23.42,Low
8.05978,79.87353,2026-09-05,813,4.55,343.64,300.6,n,30.43,Low
8.17748,80.58276,2026-09-05,813,9.25,348.04,300.32,n,36.4,Low
8.11574,80.15222,2026-09-05,813,4.77,338.84,301.11,n,27.93,Low
8.09138,79.92904,2026-09-05,813,14.3,344.56,301.53,n,38.26,Low
8.20892,80.69186,2026-09-05,813,2.02,336.14,302.3,n,24.37,Low
8.21024,80.58482,2026-09-05,813,8.22,345.91,302.97,n,34.45,Low
8.2587,80.32465,2026-09-05,813,5.93,348.78,304.4,n,34.33,Low
8.38724,81.02727,2026-09-05,813,6.44,340.75,303.11,n,30.25,Low
8.3856,81.01615,2026-09-05,813,6.27,337.54,303.06,n,28.34,Low
8.39956,81.06335,2026-09-05,813,4.22,337.71,305.24,n,26.89,Low
8.39913,81.03686,2026-09-05,813,6.8100000000000005,337.34,301.82,n,28.63,Low
8.36094,80.59453,2026-09-05,813,1.93,333.82,299.3,n,23.01,Low
8.35447,80.55137,2026-09-05,813,3.72,339.14,301.68,n,27.31,Low
8.44327,81.09863,2026-09-05,813,7.92,348.69,302.78,n,35.77,Low
8.44271,81.0949,2026-09-05,813,3.43,337.25,301.34,n,26.04,Low
8.46437,81.0993,2026-09-05,813,7.32,345.65,303.22,n,33.63,Low
8.42615,80.84453,2026-09-05,813,7.49,338.86,298.15,n,29.98,Low
8.4001,80.62553,2026-09-05,813,3.19,333.85,302.28,n,23.98,Low
8.35222,80.17999,2026-09-05,813,1.91,330.97,300.46,n,21.42,Low
8.43594,80.67204,2026-09-05,813,11.39,349.64,306.12,n,38.9,Low
8.40004,80.43096,2026-09-05,813,3.92,341.79,304.88,n,28.93,Low
8.36862,80.22093,2026-09-05,813,3.3,342.21,302.87,n,28.7,Low
8.3665,80.20679,2026-09-05,813,6.99,336.98,303.26,n,28.56,Low
8.4034,80.43046,2026-09-05,813,3.92,335.43,301.29,n,25.4,Low
8.46325,80.80936,2026-09-05,813,10.92,343.07,301.59,n,34.9,Low
8.46393,80.79059,2026-09-05,813,6.6,335.48,303.0,n,27.44,Low
8.42995,80.56219,2026-09-05,813,2.51,336.8,301.89,n,25.1,Low
8.47329,80.8303,2026-09-05,813,6.05,340.45,303.19,n,29.79,Low
8.39266,80.28991,2026-09-05,813,7.05,336.13,302.91,n,28.14,Low
8.37896,80.17594,2026-09-05,813,22.11,350.32,306.7,n,47.32,Medium
8.48063,80.83294,2026-09-05,813,3.04,337.24,302.32,n,25.75,Low
8.480080000000001,80.82928,2026-09-05,813,3.04,333.44,302.33,n,23.64,Low
8.4546,80.6581,2026-09-05,813,5.8,340.29,302.7,n,29.51,Low
8.42556,80.46367,2026-09-05,813,7.39,334.67,299.03,n,27.58,Low
8.47913,80.79951,2026-09-05,813,3.7,338.11,302.95,n,26.73,Low
8.42892,80.46317,2026-09-05,813,7.39,345.61,299.11,n,33.66,Low
8.47708,80.76251,2026-09-05,813,4.67,336.0,302.42,n,26.28,Low
8.48918,80.82043,2026-09-05,813,6.89,342.09,301.21,n,31.33,Low
8.48482,80.79119,2026-09-05,813,4.38,339.67,303.73,n,28.1,Low
8.42385,80.38354,2026-09-05,813,2.61,336.19,298.5,n,24.84,Low
8.47204,80.65918,2026-09-05,813,3.54,335.56,300.54,n,25.19,Low
8.49118,80.76411,2026-09-05,813,5.13,334.93,305.63,l,26.03,Low
8.49523,80.74486,2026-09-05,813,12.18,353.16,304.75,n,41.45,Medium
8.49469,80.74122,2026-09-05,813,8.76,343.3,304.19,n,33.4,Low
8.46284,80.50578,2026-09-05,813,3.0,333.56,303.84,l,23.67,Low
8.51689,80.82001,2026-09-05,813,5.01,336.92,305.62,n,27.05,Low
8.50867,80.7652,2026-09-05,813,3.84,341.02,304.22,n,28.45,Low
8.51206,80.76469,2026-09-05,813,3.0,338.72,301.96,n,26.54,Low
8.47132,80.49349,2026-09-05,813,1.59,330.69,299.93,n,21.02,Low
8.47522,80.49657,2026-09-05,813,2.37,336.32,298.53,n,24.73,Low
8.47468,80.49299,2026-09-05,813,1.59,331.38,297.98,n,21.4,Low
8.50354,80.66186,2026-09-05,813,4.53,336.63,299.62,n,26.53,Low
8.53882,80.85044,2026-09-05,813,4.79,338.61,303.78,n,27.82,Low
8.50431,80.62106,2026-09-05,813,2.91,337.01,304.53,n,25.52,Low
8.53777,80.77148,2026-09-05,813,3.59,334.33,302.82,n,24.54,Low
8.44974,80.17898,2026-09-05,813,4.47,334.5,303.2,n,25.3,Low
8.54917,80.75482,2026-09-05,813,10.97,349.24,306.18,n,38.36,Low
8.565010000000001,80.8385,2026-09-05,813,4.76,334.37,303.22,n,25.44,Low
8.55556,80.72779,2026-09-05,813,4.63,340.95,304.43,n,29.0,Low
8.55502,80.72415,2026-09-05,813,5.26,342.86,304.07,n,30.53,Low
8.56992,80.77787000000001,2026-09-05,813,7.86,339.49,305.56,n,30.61,Low
8.54884,80.63599,2026-09-05,813,2.2,332.68,302.05,n,22.58,Low
8.60616,80.9755,2026-09-05,813,3.01,330.57,301.46,l,22.02,Low
8.52282,80.41543,2026-09-05,813,15.94,345.24,303.8,n,39.87,Low
8.60958,80.975,2026-09-05,813,5.7,336.34,301.49,n,27.24,Low
8.56221,80.65617,2026-09-05,813,6.85,333.48,300.93,n,26.52,Low
8.49961,80.21492,2026-09-05,813,3.06,333.2,303.29,l,23.52,Low
8.62532,81.01054,2026-09-05,813,5.17,338.0,302.51,n,27.77,Low
8.62985,81.01746,2026-09-05,813,4.34,337.55,302.48,n,26.89,Low
8.6293,81.01375,2026-09-05,813,4.46,341.11,304.13,n,28.96,Low
8.566,80.589,2026-09-05,813,5.11,332.44,303.65,l,24.63,Low
8.63327,81.01696,2026-09-05,813,4.34,336.19,303.36,n,26.14,Low
8.63271,81.01324,2026-09-05,813,4.46,339.57,302.05,n,28.11,Low
8.63106,81.0021,2026-09-05,813,2.32,331.86,299.94,n,22.22,Low
8.6294,80.99097,2026-09-05,813,6.7,343.53,301.39,n,31.99,Low
8.6058,80.83237,2026-09-05,813,7.64,342.45,303.81,n,32.09,Low
8.52262,80.27681,2026-09-05,813,4.82,343.17,303.9,n,30.38,Low
8.63503,81.0053,2026-09-05,813,4.32,342.41,302.69,n,29.58,Low
8.65415,81.06326,2026-09-05,813,2.47,332.61,299.93,n,22.75,Low
8.59385,80.63658,2026-09-05,813,3.56,331.01,303.04,l,22.68,Low
8.59053,80.52262,2026-09-05,813,3.17,336.86,298.77,n,25.63,Low
8.65036,80.87457,2026-09-05,813,4.64,337.34,302.33,n,27.0,Low
8.65376,80.87405,2026-09-05,813,4.64,337.87,302.59,n,27.3,Low
8.65211,80.86302,2026-09-05,813,7.2,338.41,302.27,n,29.52,Low
8.58073,80.36644,2026-09-05,813,3.71,349.09,303.15,n,32.83,Low
8.58409,80.36593,2026-09-05,813,3.71,337.15,302.31,n,26.2,Low
8.58355,80.36236,2026-09-05,813,3.71,345.95,304.31,n,31.09,Low
8.70245,81.13233,2026-09-05,813,3.03,335.37,303.9,n,24.7,Low
8.6112,80.48957,2026-09-05,813,14.4,343.23,301.13,n,37.59,Low
8.61067,80.48598,2026-09-05,813,3.91,338.4,301.77,n,27.04,Low
8.69343,81.02293,2026-09-05,813,8.56,353.24,302.62,n,38.78,Low
8.69288,81.01921,2026-09-05,813,6.12,343.85,303.52,n,31.73,Low
8.69685,81.02242,2026-09-05,813,34.68,341.25,305.6,n,51.7,Medium
8.6963,81.01871,2026-09-05,813,14.61,348.54,304.43,n,40.7,Medium
8.67071,80.84486,2026-09-05,813,22.92,344.37,309.23,n,44.62,Medium
8.67016,80.84117,2026-09-05,813,8.18,344.29,304.42,n,33.52,Low
8.67411,80.84435,2026-09-05,813,22.92,337.37,301.73,n,40.73,Medium
8.6295,80.51996,2026-09-05,813,4.29,338.94,302.06,n,27.63,Low
8.62896,80.51635,2026-09-05,813,4.29,337.33,301.47,n,26.73,Low
8.67725,80.70167000000001,2026-09-05,813,3.66,330.89,298.98,n,22.68,Low
8.70406,80.85869,2026-09-05,813,6.71,337.27,302.59,n,28.52,Low
8.70351,80.85501,2026-09-05,813,6.71,342.1,304.44,n,31.2,Low
8.69478,80.7962,2026-09-05,813,6.67,344.17,301.47,n,32.32,Low
8.72964,80.96056,2026-09-05,813,3.93,332.41,298.84,n,23.73,Low
8.6632,80.51487,2026-09-05,813,17.0,341.21,304.31,n,38.42,Low
8.66455,80.47787,2026-09-05,813,4.69,336.72,302.74,n,26.7,Low
8.64641,80.33406,2026-09-05,813,3.67,337.54,304.27,n,26.39,Low
8.68765,80.35707,2026-09-05,813,14.63,352.26,306.49,n,42.78,Medium
8.69101,80.35657,2026-09-05,813,14.63,347.26,302.46,n,40.01,Medium
8.69047,80.353,2026-09-05,813,14.63,335.52,303.33,n,33.48,Low
8.69899,80.28534,2026-09-05,813,2.41,330.9,301.1,l,21.75,Low
8.8086,81.00157,2026-09-05,813,9.27,367.0,306.04,h,46.95,Medium
8.80806,80.99785,2026-09-05,813,9.27,340.45,303.68,n,32.2,Low
8.81203,81.00107,2026-09-05,813,9.27,350.11,302.67,n,37.57,Low
8.75096,80.54166,2026-09-05,813,4.52,334.99,301.44,n,25.61,Low
8.75043,80.53805,2026-09-05,813,4.26,338.35,301.87,n,27.28,Low
8.74935,80.53083,2026-09-05,813,7.94,352.09,302.01,n,37.67,Low
8.8223,80.99955,2026-09-05,813,5.32,343.31,302.17,n,30.83,Low
8.75273,80.53033,2026-09-05,813,1.71,335.04,300.96,n,23.53,Low
8.75219,80.52672,2026-09-05,813,1.71,336.61,294.41,n,24.4,Low
8.83201,80.99429,2026-09-05,813,3.73,334.29,300.99,n,24.63,Low
8.811160000000001,80.85354,2026-09-05,813,4.45,343.29,301.96,n,30.17,Low
8.83324,80.86153,2026-09-05,813,3.26,333.62,303.95,l,23.9,Low
8.79525,80.56088,2026-09-05,813,4.55,338.1,302.86,n,27.36,Low
8.81148,80.57696,2026-09-05,813,6.13,336.95,302.34,n,27.9,Low
8.85021,80.74253,2026-09-05,813,7.86,342.85,296.95,n,32.48,Low
8.79784,80.39472,2026-09-05,813,6.19,338.65,303.53,n,28.89,Low
8.7973,80.39112,2026-09-05,813,5.15,336.46,301.83,n,26.9,Low
8.85361,80.74201,2026-09-05,813,14.2,341.82,302.32,n,36.66,Low
8.8651,80.74441,2026-09-05,813,2.97,338.98,304.68,n,26.66,Low
8.76995,80.10387,2026-09-05,813,4.48,337.67,303.09,n,27.07,Low
8.88978,80.86481,2026-09-05,813,4.77,335.51,304.13,n,26.08,Low
8.83489,80.47026,2026-09-05,813,5.31,342.51,296.82,n,30.38,Low
8.83842,80.44763,2026-09-05,813,4.07,336.37,301.57,n,26.04,Low
8.91352,80.88396,2026-09-05,813,10.26,338.46,300.59,n,31.84,Low
8.912980000000001,80.88026,2026-09-05,813,19.97,351.7,304.44,n,46.48,Medium
8.88087,80.66352,2026-09-05,813,6.01,330.16,302.42,l,24.04,Low
10.54381,79.22341,2026-09-05,813,5.35,346.01,303.01,n,32.35,Low
9.62122,77.4757,2026-09-05,813,5.38,330.24,297.29,n,23.61,Low
9.76186,79.01588,2026-09-05,813,1.74,333.28,301.89,n,22.57,Low
9.77927,80.18752,2026-09-05,813,3.52,340.77,299.6,n,28.07,Low
9.76191,80.18646,2026-09-05,813,4.1,341.75,297.91,n,29.05,Low
9.33446,77.69536,2026-09-05,813,7.2,346.22,307.87,n,33.86,Low
9.62942,80.3325,2026-09-05,813,2.0,332.14,299.9,n,22.13,Low
9.39375,78.88885,2026-09-05,813,4.57,340.06,303.67,n,28.46,Low
9.30931,78.79927,2026-09-05,813,4.62,340.57,302.17,n,28.78,Low
9.41381,80.42905,2026-09-05,813,1.79,340.91,302.15,n,26.85,Low
9.41815,80.45808,2026-09-05,813,1.08,334.11,302.01,n,22.54,Low
9.41869,80.46172,2026-09-05,813,1.47,333.34,301.23,n,22.4,Low
9.41477,80.45859,2026-09-05,813,1.4,333.53,301.82,n,22.46,Low
9.4007,80.457,2026-09-05,813,3.23,345.83,302.17,n,30.66,Low
9.39164,80.4658,2026-09-05,813,3.04,337.53,301.81,n,25.91,Low
9.38173,80.51563,2026-09-05,813,3.37,339.27,301.01,n,27.12,Low
9.21617,80.32276,2026-09-05,813,2.46,331.28,300.66,n,22.0,Low
9.22275,80.66697,2026-09-05,813,3.32,336.31,302.88,n,25.44,Low
8.76241,78.10452,2026-09-05,813,2.68,333.26,302.74,l,23.27,Low
9.07612,80.40704,2026-09-05,813,2.15,336.87,302.41,n,24.87,Low
9.07853,80.46942,2026-09-05,813,3.71,342.27,299.85,n,29.04,Low
9.04103,80.44921,2026-09-05,813,5.52,332.04,305.66,l,24.72,Low
8.99586,80.6644,2026-09-05,813,10.73,339.29,297.92,n,32.65,Low
8.94314,80.37978,2026-09-05,813,5.8100000000000005,346.45,302.05,n,32.94,Low
9.00062,80.81387,2026-09-05,813,5.24,350.01,302.17,n,34.49,Low
8.95918,80.58051,2026-09-05,813,20.83,345.88,304.91,n,43.89,Medium
8.95551,80.76838,2026-09-05,813,4.13,340.4,303.36,n,28.32,Low
8.96636,80.88741,2026-09-05,813,4.8100000000000005,340.97,301.33,n,29.15,Low
8.96129,80.87682,2026-09-05,813,4.8,335.18,303.6,n,25.92,Low
8.943,80.77776,2026-09-05,813,5.79,341.99,304.13,n,30.45,Low
8.94355,80.78143,2026-09-05,813,6.32,354.27,304.16,n,37.67,Low
8.94015,80.78194,2026-09-05,813,6.32,338.48,303.37,n,28.9,Low
8.91912,80.68765,2026-09-05,813,9.06,344.67,301.96,n,34.39,Low
8.92709,80.78766,2026-09-05,813,4.77,336.19,300.72,n,26.46,Low
8.94302,80.8947,2026-09-05,813,5.07,339.6,303.37,n,28.58,Low
8.92369,80.78816,2026-09-05,813,1.96,330.56,299.7,n,21.23,Low
8.85206,80.33175,2026-09-05,813,13.35,342.91,301.04,n,36.63,Low
8.91925,80.87554,2026-09-05,813,4.03,348.17,295.98,n,32.56,Low
6.1825,81.15936,2026-09-05,813,3.84,336.9,302.46,n,26.16,Low
6.1805,81.00926,2026-09-05,813,2.48,337.19,301.79,n,25.3,Low
6.17996,81.00569,2026-09-05,813,2.48,341.03,302.13,n,27.43,Low
6.18441,81.01233,2026-09-05,813,4.5,343.12,301.1,n,30.11,Low
6.18386,81.00876,2026-09-05,813,5.49,348.29,302.69,n,33.72,Low
6.18886,81.01897,2026-09-05,813,2.74,336.55,300.97,n,25.14,Low
6.18832,81.01539,2026-09-05,813,4.5,346.67,301.64,n,32.08,Low
6.19222,81.01846,2026-09-05,813,17.44,347.43,303.31,n,42.21,Medium
6.19168,81.01488,2026-09-05,813,18.42,352.21,303.42,n,45.6,Medium
6.21498,80.86486,2026-09-05,813,2.55,330.59,300.8,l,21.68,Low
6.35271,80.94569,2026-09-05,813,3.24,332.07,303.22,l,23.02,Low
6.33726,80.82056,2026-09-05,813,3.01,335.6,301.81,n,24.81,Low
6.35661,80.85766,2026-09-05,813,5.09,341.92,302.19,n,29.88,Low
6.39684,81.07821,2026-09-05,813,8.98,347.64,303.69,n,35.98,Low
6.35751,80.79565,2026-09-05,813,2.77,331.18,300.59,n,22.18,Low
6.40697,81.07669,2026-09-05,813,5.8100000000000005,338.35,301.63,n,28.44,Low
6.40642,81.07309,2026-09-05,813,5.8100000000000005,336.83,302.46,n,27.6,Low
6.47917,80.77299,2026-09-05,813,3.1,333.8,303.06,n,23.88,Low
6.57916,81.3848,2026-09-05,813,5.71,342.68,300.07,n,30.77,Low
6.59315,81.12927,2026-09-05,813,6.74,338.07,300.78,n,28.98,Low
6.66843,81.51497,2026-09-05,813,6.85,343.89,303.91,n,32.3,Low
6.69977,81.40025,2026-09-05,813,7.83,337.6,305.35,n,29.54,Low
6.70425,81.31312,2026-09-05,813,4.82,331.44,301.08,n,23.86,Low
6.72359,81.30273,2026-09-05,813,11.06,342.56,303.37,n,34.72,Low
6.73964,81.38676,2026-09-05,813,8.34,336.25,303.58,n,29.17,Low
6.76475,81.50785,2026-09-05,813,6.0,340.81,301.34,n,29.95,Low
6.7338000000000005,81.30119,2026-09-05,813,5.13,333.75,301.22,n,25.38,Low
6.76149,81.46268,2026-09-05,813,5.14,339.98,303.99,n,28.84,Low
6.75762,81.43685,2026-09-05,813,5.12,337.47,299.44,n,27.43,Low
6.75339,81.36208,2026-09-05,813,9.95,345.28,303.21,n,35.4,Low
6.78665,81.44385,2026-09-05,813,4.9,335.04,303.8,n,25.92,Low
7.1755,81.82485,2026-09-05,813,5.01,334.72,299.01,n,25.82,Low
7.15843,81.65216,2026-09-05,813,3.68,336.75,301.13,n,25.95,Low
7.21239,81.70628,2026-09-05,813,3.92,336.38,300.15,n,25.93,Low
7.01089,79.91428,2026-09-05,813,11.03,337.79,298.12,n,32.04,Low
7.01036,79.9108,2026-09-05,813,11.03,341.95,299.06,n,34.36,Low
7.30447,81.83759,2026-09-05,813,7.65,340.49,302.27,n,31.01,Low
7.30221,81.82216,2026-09-05,813,3.74,335.62,302.17,n,25.37,Low
7.30165,81.81831,2026-09-05,813,3.74,335.41,300.45,n,25.26,Low
7.30683,81.82935,2026-09-05,813,10.23,340.67,302.89,n,33.04,Low
7.304,81.81009,2026-09-05,813,4.77,338.65,299.42,n,27.83,Low
7.29734,81.74046,2026-09-05,813,8.52,338.69,301.45,n,30.66,Low
7.19413,80.99595,2026-09-05,813,6.1,333.09,295.73,n,25.74,Low
7.19752,80.99545,2026-09-05,813,6.1,349.7,303.7,n,34.96,Low
7.20091,80.99495,2026-09-05,813,6.99,340.49,301.01,n,30.51,Low
7.32206,81.78776,2026-09-05,813,2.29,337.67,300.27,n,25.42,Low
7.30746,81.66486,2026-09-05,813,6.26,337.07,296.28,n,28.07,Low
7.3626,81.82111,2026-09-05,813,5.16,340.73,300.7,n,29.28,Low
7.27373,81.22643,2026-09-05,813,3.53,341.48,298.99,n,28.47,Low
7.44445,81.74203,2026-09-05,813,8.4,348.12,301.8,n,35.81,Low
7.4885,81.72768,2026-09-05,813,7.0,336.75,302.23,n,28.44,Low
7.56126,81.77585,2026-09-05,813,1.25,336.95,298.87,n,24.24,Low
7.50149,81.07175,2026-09-05,813,5.05,336.52,302.05,n,26.85,Low
7.50166,81.0718,2026-09-05,813,7.47,336.67,303.09,n,28.75,Low
7.39973,79.91376,2026-09-05,813,4.26,342.18,301.4,n,29.41,Low
7.60592,81.04877,2026-09-05,813,3.35,334.47,301.46,n,24.44,Low
7.60654,81.04838,2026-09-05,813,4.32,334.99,301.64,n,25.46,Low
7.6148,81.08079,2026-09-05,813,9.58,348.93,305.95,n,37.15,Low
7.60346,81.00407,2026-09-05,813,4.52,340.52,298.77,n,28.68,Low
7.61821,81.08028,2026-09-05,813,3.58,335.16,303.13,n,25.0,Low
7.69191,81.5574,2026-09-05,813,4.11,336.61,302.72,n,26.2,Low
7.70151,81.59878,2026-09-05,813,4.64,342.51,303.41,n,29.87,Low
7.69537,81.55688,2026-09-05,813,2.44,337.86,302.19,n,25.64,Low
7.62678,81.06778,2026-09-05,813,2.51,332.79,303.23,l,22.88,Low
7.59167,80.83134,2026-09-05,813,2.41,333.62,302.46,n,23.26,Low
7.65567,81.16868,2026-09-05,813,9.04,340.63,303.89,n,32.13,Low
7.67097,81.17771,2026-09-05,813,4.4,345.72,305.33,n,31.48,Low
7.62369,80.83762,2026-09-05,813,1.63,330.26,303.41,l,20.81,Low
7.62707,80.83712,2026-09-05,813,1.63,334.79,305.17,l,23.33,Low
7.51144,80.02458,2026-09-05,813,2.78,330.9,301.28,l,22.03,Low
7.6407,80.81288,2026-09-05,813,2.77,336.79,303.38,n,25.29,Low
7.64571,80.82323,2026-09-05,813,2.22,337.66,302.55,n,25.37,Low
7.64909,80.82273,2026-09-05,813,2.95,336.79,301.94,n,25.43,Low
7.70464,81.14626,2026-09-05,813,6.9,340.32,305.74,n,30.35,Low
7.63089,80.6562,2026-09-05,813,3.24,334.1,300.94,n,24.15,Low
7.68547,80.99552,2026-09-05,813,6.88,340.84,303.93,n,30.63,Low
7.68887,80.99501,2026-09-05,813,6.83,340.46,303.14,n,30.38,Low
7.78416,81.55927,2026-09-05,813,4.22,341.74,301.7,n,29.13,Low
7.72235,81.0792,2026-09-05,813,4.54,338.32,303.14,n,27.47,Low
7.75451,81.20256,2026-09-05,813,4.12,337.42,303.73,n,26.66,Low
7.75396,81.19886,2026-09-05,813,3.34,336.97,303.49,n,25.82,Low
7.7608,81.19785,2026-09-05,813,5.36,334.86,306.38,l,26.16,Low
7.76915,81.23071,2026-09-05,813,10.17,338.68,304.8,n,31.89,Low
7.76861,81.227,2026-09-05,813,14.43,344.4,305.73,n,38.27,Low
7.7832,81.0439,2026-09-05,813,12.3,339.26,303.54,n,33.81,Low
7.7866,81.04339,2026-09-05,813,12.3,346.02,307.32,n,37.57,Low
7.79055,81.04655,2026-09-05,813,2.31,338.06,302.86,n,25.65,Low
7.81826,81.20822,2026-09-05,813,2.92,336.18,299.23,n,25.07,Low
7.84795,81.38319,2026-09-05,813,7.65,337.55,300.45,n,29.38,Low
7.79956,81.0602,2026-09-05,813,4.39,340.85,304.4,n,28.76,Low
7.66933,80.1969,2026-09-05,813,6.27,348.02,300.96,n,34.16,Low
7.86098,81.44675,2026-09-05,813,4.2,336.87,302.27,n,26.41,Low
7.86041,81.44298,2026-09-05,813,9.35,347.35,302.71,n,36.1,Low
7.75209,80.72167,2026-09-05,813,2.58,336.84,304.44,n,25.18,Low
7.88299,81.43579,2026-09-05,813,2.79,336.35,300.51,n,25.06,Low
7.88822,81.42342,2026-09-05,813,10.85,338.6,302.54,n,32.36,Low
7.82964,81.0255,2026-09-05,813,1.79,337.07,303.53,n,24.71,Low
7.89167,81.42291,2026-09-05,813,8.01,338.42,300.65,n,30.13,Low
7.94364,81.34592,2026-09-05,813,38.02,347.98,307.97,n,57.95,Medium
7.94659,81.31863,2026-09-05,813,8.62,341.88,305.5,n,32.51,Low
7.94947,81.31438,2026-09-05,813,14.73,343.14,305.5,n,37.79,Low
7.9614,81.34711,2026-09-05,813,11.76,343.54,302.04,n,35.79,Low
7.96084,81.34336,2026-09-05,813,15.93,341.45,307.04,n,37.75,Low
7.93732,81.18658,2026-09-05,813,2.04,333.77,303.74,n,23.07,Low
7.79189,80.17778,2026-09-05,813,1.97,336.17,300.25,n,24.35,Low
7.97633,81.33685,2026-09-05,813,9.96,339.61,304.54,n,32.25,Low
7.93822,81.05383,2026-09-05,813,3.19,331.29,304.28,l,22.55,Low
7.87753,80.62115,2026-09-05,813,3.3,333.05,301.93,n,23.61,Low
7.8793,80.6099,2026-09-05,813,3.66,334.81,302.97,n,24.86,Low
7.97576,81.23741,2026-09-05,813,4.69,340.57,304.5,n,28.83,Low
7.975210000000001,81.23369,2026-09-05,813,3.2,337.12,302.93,n,25.8,Low
7.88961,80.65601,2026-09-05,813,3.5,336.44,302.13,n,25.65,Low
7.89688,80.65858,2026-09-05,813,3.76,341.0,301.94,n,28.38,Low
8.01719,81.42326,2026-09-05,813,5.04,343.16,304.06,n,30.54,Low
8.02232,81.4341,2026-09-05,813,2.79,335.75,301.67,n,24.73,Low
8.02176,81.43032,2026-09-05,813,2.79,335.27,303.12,n,24.46,Low
7.93095,80.77126,2026-09-05,813,3.26,334.27,300.21,n,24.26,Low
7.81358,79.99068,2026-09-05,813,4.53,338.55,300.8,n,27.59,Low
8.02988,81.41364,2026-09-05,813,3.89,338.73,303.45,n,27.21,Low
7.91173,80.61968,2026-09-05,813,7.52,349.29,302.88,n,35.8,Low
7.91509,80.61917,2026-09-05,813,5.79,341.56,303.6,n,30.21,Low
7.91833,80.54915,2026-09-05,813,2.18,331.46,297.12,n,21.89,Low
7.93164,80.56907,2026-09-05,813,2.75,330.31,300.92,l,21.68,Low
8.02516,81.16928,2026-09-05,813,7.9,344.87,306.14,n,33.63,Low
7.93501,80.56857,2026-09-05,813,2.95,331.66,300.85,n,22.58,Low
7.85643,80.04865,2026-09-05,813,3.86,341.25,296.16,n,28.59,Low
8.02858,81.16877,2026-09-05,813,7.9,348.57,304.24,n,35.69,Low
7.82949,79.84887,2026-09-05,813,2.42,330.76,299.93,n,21.68,Low
7.82896,79.84538,2026-09-05,813,2.42,336.42,301.1,n,24.83,Low
7.986,80.79264,2026-09-05,813,6.93,342.84,302.91,n,31.78,Low
7.91204,80.30305,2026-09-05,813,6.46,337.0,302.09,n,28.18,Low
7.96221,80.61208,2026-09-05,813,3.86,340.15,302.42,n,27.98,Low
7.96167,80.60851,2026-09-05,813,3.27,336.87,302.76,n,25.71,Low
7.96558,80.61158,2026-09-05,813,3.86,333.98,300.83,n,24.55,Low
7.96504,80.60799,2026-09-05,813,3.27,331.5,300.51,n,22.73,Low
8.08628,81.38984,2026-09-05,813,3.25,337.45,301.1,n,26.02,Low
8.08633,81.36668,2026-09-05,813,5.79,336.74,299.72,n,27.53,Low
16.18071,75.15405,2026-09-05,816,7.59,337.87,303.1,n,29.51,Low
10.71104,79.432,2026-09-05,816,6.82,341.49,306.21,n,30.94,Low
10.79202,79.03259,2026-09-05,816,10.43,340.12,304.36,n,32.89,Low
10.82872,79.18511,2026-09-05,816,2.98,346.57,300.54,n,30.88,Low
10.83204,79.18459,2026-09-05,816,2.98,332.25,301.85,n,22.93,Low
10.87647,79.25341,2026-09-05,816,2.99,338.54,304.22,n,26.43,Low
10.85818,78.95408,2026-09-05,816,4.71,341.88,304.07,n,29.58,Low
10.98545,78.22152,2026-09-05,816,4.83,341.16,307.93,n,29.27,Low
10.92989,77.06577,2026-09-05,816,3.75,339.03,308.06,l,27.27,Low
11.00525,77.1251,2026-09-05,816,7.94,345.45,309.27,l,33.98,Low
11.57037,79.64236,2026-09-05,816,1.41,335.47,290.73,n,23.54,Low
11.48627,78.88146,2026-09-05,816,4.68,338.67,304.46,n,27.77,Low
11.81176,79.62698,2026-09-05,816,3.95,335.58,301.35,n,25.51,Low
11.85545,78.73141,2026-09-05,816,2.96,330.2,299.24,n,21.78,Low
11.89135,78.72217,2026-09-05,816,1.26,333.36,303.29,n,22.26,Low
11.96101,78.80475,2026-09-05,816,7.02,336.43,303.7,n,28.28,Low
11.96047,78.80122,2026-09-05,816,4.31,331.4,301.09,n,23.45,Low
12.09322,79.02973,2026-09-05,816,3.38,338.07,300.9,n,26.46,Low
12.80918,79.95596,2026-09-05,816,4.06,332.32,304.04,l,23.78,Low
12.83815,79.94009,2026-09-05,816,5.26,334.31,305.24,l,25.78,Low
12.87172,80.07278,2026-09-05,816,1.57,330.58,298.93,n,20.94,Low
12.85665,79.94463,2026-09-05,816,4.58,332.34,302.97,l,24.18,Low
12.86005,79.94411,2026-09-05,816,2.67,330.17,302.1,l,21.54,Low
13.14227,79.26152,2026-09-05,816,1.48,336.42,301.2,n,24.12,Low
13.29621,80.06625,2026-09-05,816,2.46,330.97,302.74,l,21.83,Low
13.29584,80.0663,2026-09-05,816,4.15,331.23,302.64,l,23.24,Low
12.93002,76.32658,2026-09-05,816,4.73,335.18,305.77,n,25.87,Low
13.66856,78.35713,2026-09-05,816,3.12,333.98,306.22,l,24.0,Low
13.98457,78.95074,2026-09-05,816,7.01,345.01,307.45,n,33.04,Low
14.07302,79.44398,2026-09-05,816,5.39,339.09,302.05,n,28.54,Low
13.9938,78.45014,2026-09-05,816,5.97,339.2,310.21,l,29.03,Low
13.88681,77.37984,2026-09-05,816,8.42,347.76,311.54,n,35.63,Low
14.21456,79.22671,2026-09-05,816,9.3,348.93,307.57,n,36.94,Low
14.2971,79.05283,2026-09-05,816,9.37,351.03,305.22,n,38.16,Low
14.57383,79.93979,2026-09-05,816,6.63,334.23,299.73,n,26.77,Low
14.57326,79.93592,2026-09-05,816,6.63,332.81,299.7,n,25.98,Low
14.57245,79.93675,2026-09-05,816,12.86,342.49,302.56,n,36.03,Low
14.52509,79.062,2026-09-05,816,4.51,341.72,307.25,n,29.34,Low
14.66624,79.76509,2026-09-05,816,3.1,337.69,305.53,n,26.04,Low
14.68695,79.73852,2026-09-05,816,6.04,349.33,309.32,n,34.71,Low
14.69037,79.738,2026-09-05,816,6.04,337.92,306.41,n,28.37,Low
14.77525,79.79544,2026-09-05,816,25.68,353.09,310.85,n,51.53,Medium
14.66658,78.99778,2026-09-05,816,3.54,341.44,306.16,n,28.46,Low
14.46633,77.33766,2026-09-05,816,5.5600000000000005,338.22,307.13,n,28.18,Low
14.89181,79.23329,2026-09-05,816,9.19,349.38,308.74,n,37.1,Low
14.59007,76.56956,2026-09-05,816,2.28,333.14,301.11,l,22.9,Low
15.16295,78.87427,2026-09-05,816,3.6,337.1,307.74,l,26.09,Low
15.4074,80.12518,2026-09-05,816,6.1,340.46,298.97,n,29.83,Low
15.08564,77.31834,2026-09-05,816,7.62,337.72,303.89,n,29.45,Low
15.05285,77.10738,2026-09-05,816,3.63,337.92,305.06,n,26.57,Low
15.45176,79.12704,2026-09-05,816,5.98,342.13,305.39,n,30.67,Low
15.60291,79.61507,2026-09-05,816,6.08,338.85,302.66,n,28.92,Low
15.17266,76.66496,2026-09-05,816,5.73,335.32,305.84,l,26.7,Low
15.17484,76.65714,2026-09-05,816,3.25,335.27,306.58,l,24.81,Low
15.17818,76.65657,2026-09-05,816,3.25,333.69,301.98,l,23.93,Low
14.95491,75.19309,2026-09-05,816,2.89,333.16,295.4,n,23.37,Low
15.22651,76.76752,2026-09-05,816,8.29,338.75,306.89,n,30.52,Low
15.16875,76.38062,2026-09-05,816,5.59,330.07,304.76,l,23.68,Low
15.57417,78.94083,2026-09-05,816,3.19,332.99,303.61,l,23.5,Low
15.18627,76.31717,2026-09-05,816,5.01,331.27,305.6,l,23.91,Low
15.54765,78.12994,2026-09-05,816,3.47,338.43,303.03,n,26.73,Low
15.82935,79.52122,2026-09-05,816,9.8,340.2,305.37,n,32.46,Low
15.9341,78.1999,2026-09-05,816,2.24,330.62,297.99,n,21.47,Low
15.9781,78.4109,2026-09-05,816,3.85,334.76,302.36,n,24.98,Low
16.27654,80.32413,2026-09-05,816,4.93,337.8,300.38,n,27.48,Low
16.49307,79.94553,2026-09-05,816,5.38,334.64,303.86,n,26.06,Low
16.27423,78.39685,2026-09-05,816,2.49,339.27,302.22,n,26.46,Low
16.46479,79.59985,2026-09-05,816,3.25,337.28,303.58,n,25.93,Low
16.51543,78.36472,2026-09-05,816,3.19,334.28,299.48,n,24.21,Low
16.8774,79.9932,2026-09-05,816,3.15,332.78,301.37,n,23.35,Low
16.59789,77.40491,2026-09-05,816,7.02,342.06,302.15,n,31.41,Low
17.07409,78.59189,2026-09-05,816,3.91,334.67,300.67,n,24.97,Low
17.75859,75.82333,2026-09-05,816,6.23,339.69,307.83,l,29.5,Low
23.78617,85.55293,2026-09-05,818,4.76,333.73,292.06,n,25.09,Low
23.75978,86.40414,2026-09-05,818,4.93,328.16,289.56,n,22.12,Low
23.75821,86.40292,2026-09-05,818,4.62,331.56,290.06,n,23.78,Low
20.97448,85.17305,2026-09-05,818,3.48,333.03,294.32,n,23.74,Low
23.73798,86.4348,2026-09-05,818,3.33,333.13,290.42,n,23.68,Low
23.71049,86.45036,2026-09-05,818,5.0,328.02,290.43,n,22.09,Low
23.68271,86.39385,2026-09-05,818,8.81,331.16,291.17,n,26.7,Low
19.09782,82.1674,2026-09-05,818,6.04,334.75,295.4,n,26.61,Low
21.10671,72.64536,2026-09-05,818,7.04,336.44,281.68,n,28.3,Low
22.3772,87.27846,2026-09-05,818,6.49,333.8,290.72,n,26.42,Low
21.92067,83.35186,2026-09-05,818,7.73,334.17,294.02,n,27.56,Low
19.10191,82.16685,2026-09-05,818,4.75,333.53,295.65,n,24.97,Low
21.74623,83.83998,2026-09-05,818,5.4,341.98,294.07,n,30.15,Low
21.74681,83.84541,2026-09-05,818,13.65,343.02,293.86,n,36.92,Low
21.7415,83.84051,2026-09-05,818,5.4,331.26,293.72,n,24.19,Low
20.96741,85.15464,2026-09-05,818,4.32,333.4,295.34,n,24.57,Low
20.96937,85.17357,2026-09-05,818,4.26,345.88,295.24,n,31.46,Low
20.9697,85.17672,2026-09-05,818,4.26,330.55,294.23,n,22.95,Low
20.9636,85.16774,2026-09-05,818,6.38,331.63,295.36,n,25.13,Low
20.96047,85.18738,2026-09-05,818,3.52,333.23,295.0,n,23.88,Low
20.86472,84.9909,2026-09-05,818,6.34,330.54,293.37,n,24.5,Low
19.02065,72.89297,2026-09-05,818,4.9,332.56,298.09,l,24.54,Low
21.75626,83.84433,2026-09-05,818,11.19,336.65,294.06,n,31.53,Low
22.831,69.52864,2026-09-05,818,2.4,338.61,298.65,n,26.03,Low
31.23082,75.08361,2026-09-05,820,4.59,335.64,295.18,n,26.02,Low
30.60174,73.64675,2026-09-05,820,2.55,335.72,301.07,n,24.53,Low
31.21054,73.72984,2026-09-05,820,5.02,330.49,300.9,l,23.48,Low
31.20992,73.72583,2026-09-05,820,8.31,332.22,305.13,l,26.91,Low
31.21322,73.72516,2026-09-05,820,4.89,330.57,303.89,l,23.43,Low
27.65105,68.4608,2026-09-05,820,4.34,345.47,300.17,n,31.29,Low
34.09602,72.00973,2026-09-05,822,3.05,339.02,296.12,n,26.74,Low
34.09272,72.01049,2026-09-05,822,3.05,335.65,297.0,n,24.87,Low
31.73204,74.48511,2026-09-05,822,4.36,340.17,298.88,n,28.36,Low
27.37908,95.33517,2026-09-05,1904,0.85,307.45,280.23,n,7.55,Low
23.6887,87.11978,2026-09-05,1906,2.7,306.73,285.17,n,8.54,Low
22.3653,87.01733,2026-09-05,1906,3.35,311.4,285.76,n,11.62,Low
22.37548,87.27741,2026-09-05,1906,4.57,315.33,285.35,n,14.72,Low
22.38052,87.27566,2026-09-05,1906,3.53,312.79,285.85,n,12.53,Low
23.55509,87.23924,2026-09-05,1906,4.18,305.77,285.16,n,9.12,Low
23.61425,86.7878,2026-09-05,1906,1.33,303.11,285.37,n,5.5,Low
23.55211,87.24216,2026-09-05,1906,3.82,311.64,285.12,n,12.11,Low
23.6648,87.15537,2026-09-05,1906,1.48,306.2,285.59,n,7.33,Low
23.69583,87.12045,2026-09-05,1906,2.7,308.23,285.22,n,9.38,Low
23.69684,87.10555,2026-09-05,1906,4.09,302.82,285.1,n,7.41,Low
23.69161,87.117,2026-09-05,1906,4.15,309.44,285.14,n,11.13,Low
20.86821,96.38884,2026-09-05,1906,1.12,301.43,288.7,n,4.41,Low
15.12367,94.78321,2026-09-05,1908,2.34,307.5,289.41,n,8.7,Low
15.1244,94.77791,2026-09-05,1908,2.34,308.39,289.6,n,9.19,Low
15.12766,94.78379,2026-09-05,1908,2.13,306.04,289.54,n,7.73,Low
15.12839,94.77849,2026-09-05,1908,2.13,308.77,289.73,n,9.25,Low
29.47524,76.8587,2026-09-05,2044,0.88,312.67,292.14,n,10.48,Low
31.25029,76.9273,2026-09-05,2044,0.5700000000000001,306.11,290.29,n,6.6,Low
33.80225,72.09641,2026-09-05,2044,0.66,303.68,291.08,n,5.32,Low
35.96627,68.68471,2026-09-05,2044,1.37,303.76,290.62,n,5.89,Low
32.08572,74.16138,2026-09-05,2044,1.04,308.97,293.28,n,8.54,Low
32.10323,74.17525,2026-09-05,2044,0.92,307.41,293.36,n,7.58,Low
33.29705,71.18685,2026-09-05,2044,0.8,305.9,289.53,n,6.66,Low
21.33674,78.97054,2026-09-05,2046,1.04,306.77,287.46,n,7.32,Low
20.75956,85.29154,2026-09-05,2046,1.38,300.22,276.32,n,3.94,Low
20.79357,85.26019,2026-09-05,2046,2.35,308.35,287.49,n,9.18,Low
20.79505,85.25336,2026-09-05,2046,4.69,334.7,287.79,n,25.57,Low
20.80538,85.25605,2026-09-05,2046,2.3,310.73,288.14,n,10.46,Low
20.86363,84.98669,2026-09-05,2046,2.97,316.71,288.39,n,14.29,Low
20.86291,84.98999,2026-09-05,2046,1.56,332.66,288.66,n,22.09,Low
20.8673,84.99452,2026-09-05,2046,1.56,308.75,288.98,n,8.81,Low
20.86803,84.99112,2026-09-05,2046,1.56,305.14,288.57,n,6.8,Low
22.80193,86.09046,2026-09-05,2046,2.09,314.38,289.31,n,12.33,Low
22.37973,87.27766,2026-09-05,2046,1.08,308.18,284.46,n,8.13,Low
22.37874,87.28191,2026-09-05,2046,1.08,307.02,284.97,n,7.49,Low
22.36908,87.2974,2026-09-05,2046,0.53,304.62,284.39,n,5.74,Low
22.36808,87.30167,2026-09-05,2046,2.1,310.24,288.1,n,10.04,Low
22.36242,87.30013,2026-09-05,2046,1.39,305.66,288.63,n,6.96,Low
22.37881,87.27996,2026-09-05,2046,2.47,318.15,285.4,n,14.71,Low
22.36829,87.29976,2026-09-05,2046,1.67,309.34,286.86,n,9.22,Low
22.36731,87.30403,2026-09-05,2046,2.06,309.19,288.63,n,9.43,Low
22.36706,87.01907,2026-09-05,2046,1.12,313.72,289.89,n,11.24,Low
22.61234,85.91286,2026-09-05,2046,0.63,304.85,288.86,n,5.94,Low
22.36147,87.01765,2026-09-05,2046,1.12,309.38,289.41,n,8.83,Low
22.59233,85.90408,2026-09-05,2046,0.78,305.92,288.9,n,6.65,Low
22.24478,87.38964,2026-09-05,2046,0.71,305.49,288.62,n,6.36,Low
25.38985,68.5817,2026-09-05,2046,1.86,309.94,294.74,n,9.7,Low
22.05721,88.12426,2026-09-05,2046,1.99,307.72,287.52,n,8.56,Low
22.57314,85.89168,2026-09-05,2046,1.6,307.27,289.17,n,8.02,Low
22.57237,85.89508000000001,2026-09-05,2046,1.39,312.43,288.9,n,10.73,Low
22.57162,85.89843,2026-09-05,2046,1.39,310.28,288.88,n,9.53,Low
22.05124,88.12263,2026-09-05,2046,1.99,306.46,287.53,n,7.86,Low
25.38617,68.58049,2026-09-05,2046,1.89,306.42,294.73,n,7.76,Low
22.57335,85.89222,2026-09-05,2046,1.64,307.09,289.03,n,7.95,Low
22.5726,85.89563,2026-09-05,2046,1.32,315.04,289.31,n,12.12,Low
22.57186,85.89901,2026-09-05,2046,1.32,307.13,288.97,n,7.73,Low
22.05639,88.1225,2026-09-05,2046,1.6,304.22,287.22,n,6.32,Low
22.05524,88.12738,2026-09-05,2046,1.6,308.96,287.38,n,8.96,Low
22.20868,84.86357,2026-09-05,2046,3.01,304.19,288.58,n,7.36,Low
21.96996,85.3136,2026-09-05,2046,1.69,301.33,286.98,n,4.78,Low
21.00243,86.02597,2026-09-05,2046,3.58,306.67,288.82,n,9.17,Low
20.97081,86.01405,2026-09-05,2046,2.55,327.75,289.02,n,20.11,Low
20.97332,86.00273,2026-09-05,2046,5.04,307.13,288.82,n,10.52,Low
20.97165,86.01027,2026-09-05,2046,2.55,305.74,289.26,n,7.88,Low
20.96543,86.01258,2026-09-05,2046,2.55,329.65,288.87,n,21.16,Low
20.96626,86.00883,2026-09-05,2046,2.55,319.76,288.78,n,15.67,Low
20.96087,86.00738,2026-09-05,2046,3.85,327.32,288.37,n,20.84,Low
20.9525,86.045,2026-09-05,2046,4.04,320.13,288.64,n,16.99,Low
20.95163,86.04891,2026-09-05,2046,4.04,315.49,289.05,n,14.41,Low
20.98341,85.13425,2026-09-05,2046,1.44,304.37,287.74,n,6.29,Low
20.97636,85.1673,2026-09-05,2046,1.86,307.05,287.84,n,8.09,Low
20.97565,85.17059,2026-09-05,2046,1.44,311.04,287.42,n,9.99,Low
20.97495,85.17385,2026-09-05,2046,1.44,310.9,287.89,n,9.91,Low
20.96983,85.17253,2026-09-05,2046,2.04,335.81,288.32,n,24.2,Low
20.97829,85.13296,2026-09-05,2046,2.12,306.72,288.96,n,8.1,Low
20.97758,85.13626,2026-09-05,2046,1.6800000000000002,310.46,288.32,n,9.85,Low
20.96912,85.1758,2026-09-05,2046,4.27,318.77,288.11,n,16.41,Low
20.96627,85.18915,2026-09-05,2046,1.67,309.58,288.0,n,9.35,Low
20.96894,85.15144,2026-09-05,2046,5.08,339.81,288.69,n,28.7,Low
20.96822,85.15479,2026-09-05,2046,2.87,307.93,288.01,n,9.34,Low
20.96611,85.16463,2026-09-05,2046,1.93,307.29,287.47,n,8.28,Low
20.9654,85.16793,2026-09-05,2046,2.04,305.85,286.58,n,7.56,Low
20.9647,85.1712,2026-09-05,2046,2.04,303.06,285.55,n,6.01,Low
20.96185,85.18448,2026-09-05,2046,4.52,315.38,287.37,n,14.71,Low
20.96112,85.18789,2026-09-05,2046,1.67,314.48,287.6,n,12.07,Low
21.57817,82.02279,2026-09-05,2046,1.82,298.05,285.6,n,3.06,Low
20.95634,85.01005,2026-09-05,2046,1.61,303.16,288.16,n,5.74,Low
20.95564,85.01325,2026-09-05,2046,1.33,305.69,288.22,n,6.94,Low
20.88604,84.98206,2026-09-05,2046,1.67,325.41,288.97,n,18.15,Low
20.88534,84.98534,2026-09-05,2046,1.67,305.67,288.63,n,7.18,Low
26.75865,83.20107,2026-09-05,2046,1.1,303.4,284.8,n,5.49,Low
23.66354,87.15416,2026-09-05,2046,2.85,309.16,280.21,n,10.0,Low
23.66264,87.15807,2026-09-05,2046,2.21,305.04,280.27,n,7.24,Low
23.75916,86.40092,2026-09-05,2046,1.87,297.2,258.38,n,2.62,Low
23.74075,86.43363,2026-09-05,2046,1.41,304.09,278.08,n,6.11,Low
23.73551,86.43227,2026-09-05,2046,1.6800000000000002,309.67,276.83,n,9.41,Low
24.44885,83.0391,2026-09-05,2046,0.66,300.77,280.08,n,3.7,Low
23.71498,86.44942,2026-09-05,2046,2.22,307.91,284.92,n,8.84,Low
23.70973,86.44808,2026-09-05,2046,2.15,315.23,285.54,n,12.85,Low
23.69034,86.43555,2026-09-05,2046,0.77,303.17,281.46,n,5.12,Low
23.68354,86.3924,2026-09-05,2046,4.39,317.36,287.63,n,15.71,Low
23.67989,86.39262,2026-09-05,2046,1.9,310.41,287.59,n,9.99,Low
23.67911,86.39612,2026-09-05,2046,1.9,308.56,288.37,n,8.96,Low
23.67832,86.39969,2026-09-05,2046,3.47,311.12,288.74,n,11.56,Low
23.75568,85.85284,2026-09-05,2046,0.97,304.07,277.94,n,5.77,Low
23.70117,86.07451,2026-09-05,2046,0.77,298.32,266.21,n,2.42,Low
23.69453,86.07994,2026-09-05,2046,0.75,302.22,272.29,n,4.57,Low
23.68052,86.094,2026-09-05,2046,0.93,301.32,274.43,n,4.21,Low
23.67692,86.08581,2026-09-05,2046,1.1,305.12,277.3,n,6.45,Low
23.79019,85.55246,2026-09-05,2046,0.87,308.47,282.49,n,8.14,Low
23.78521,85.55125,2026-09-05,2046,0.87,307.79,282.31,n,7.76,Low
23.5474,86.53539,2026-09-05,2046,0.53,301.35,280.35,n,3.93,Low
23.69439,85.372,2026-09-05,2046,3.4,308.29,279.18,n,9.93,Low
23.65894,85.50828,2026-09-05,2046,1.23,303.09,285.19,n,5.42,Low
23.6945,85.37199,2026-09-05,2046,3.98,309.93,281.38,n,11.28,Low
23.65503,85.5074,2026-09-05,2046,1.06,307.41,283.93,n,7.69,Low
23.64934,85.43687,2026-09-05,2046,0.32,299.05,271.74,n,2.49,Low
23.64866,85.44,2026-09-05,2046,0.32,299.87,274.08,n,2.95,Low
22.87299,86.06194,2026-09-05,2046,1.62,318.0,289.02,n,13.99,Low
22.87465,86.06137,2026-09-05,2046,0.9,308.9,288.82,n,8.4,Low
22.87387,86.06493,2026-09-05,2046,0.9,304.88,288.81,n,6.16,Low
22.79832,86.20602,2026-09-05,2046,1.44,319.84,288.96,n,14.88,Low
22.7975,86.20966,2026-09-05,2046,1.44,308.81,288.97,n,8.75,Low
22.78704,86.20657,2026-09-05,2046,2.71,336.36,289.55,n,25.01,Low
22.78942,86.19597,2026-09-05,2046,1.26,308.1,289.55,n,8.22,Low
22.78863,86.19949,2026-09-05,2046,1.26,306.0,289.8,n,7.06,Low
22.78784,86.20303,2026-09-05,2046,2.71,309.19,289.34,n,9.92,Low
17.61234,83.206,2026-09-05,2046,2.84,310.53,289.95,n,10.76,Low
17.60749,83.20487,2026-09-05,2046,2.84,311.25,289.69,n,11.16,Low
17.95661,80.79498,2026-09-05,2046,1.26,302.11,285.82,n,4.9,Low
18.04078,74.8643,2026-09-05,2046,0.8300000000000001,310.8,290.71,n,9.4,Low
17.14167,77.18513,2026-09-05,2046,1.6800000000000002,308.39,292.92,n,8.7,Low
17.13956,77.17656,2026-09-05,2046,1.56,306.26,293.0,n,7.43,Low
15.3352,76.28614,2026-09-05,2046,0.84,312.29,291.87,n,10.24,Low
15.33179,76.28551,2026-09-05,2046,0.84,303.39,291.01,n,5.29,Low
15.02384,78.01737,2026-09-05,2046,2.21,309.76,294.41,n,9.86,Low
15.17896,77.10342,2026-09-05,2046,1.47,307.02,291.83,n,7.78,Low
15.17545,77.10278,2026-09-05,2046,1.48,306.89,292.02,n,7.72,Low
15.22675,76.76101,2026-09-05,2046,1.06,305.38,291.57,n,6.56,Low
15.22608,76.76495,2026-09-05,2046,1.06,308.86,291.56,n,8.5,Low
15.309,76.2541,2026-09-05,2046,0.61,302.96,290.92,n,4.88,Low
15.3005,76.22136,2026-09-05,2046,0.72,303.55,291.33,n,5.29,Low
15.65914,73.98743,2026-09-05,2046,0.59,304.12,290.25,n,5.51,Low
15.65858,73.99101,2026-09-05,2046,0.59,308.41,289.16,n,7.89,Low
15.17463,76.78519,2026-09-05,2046,2.58,305.64,291.85,n,7.85,Low
15.18671,76.64958,2026-09-05,2046,1.58,306.13,292.46,n,7.37,Low
15.18408,76.66525,2026-09-05,2046,1.48,309.32,291.73,n,9.07,Low
15.18342,76.66917,2026-09-05,2046,1.48,318.33,292.33,n,14.07,Low
15.18062,76.66463,2026-09-05,2046,1.48,307.28,292.43,n,7.93,Low
15.17865,76.67638,2026-09-05,2046,2.25,308.7,293.14,n,9.3,Low
15.17849,76.65616,2026-09-05,2046,1.51,318.32,293.73,n,14.09,Low
15.17783,76.66007,2026-09-05,2046,1.51,308.24,292.41,n,8.49,Low
15.17519,76.67574,2026-09-05,2046,1.16,306.33,291.78,n,7.16,Low
15.17453,76.67966,2026-09-05,2046,1.17,305.76,292.15,n,6.86,Low
15.17255,76.69141,2026-09-05,2046,2.3,319.54,292.3,n,15.36,Low
15.17504,76.65553,2026-09-05,2046,1.51,312.27,293.05,n,10.73,Low
15.16894,76.67054,2026-09-05,2046,0.73,306.65,292.39,n,7.02,Low
15.16829,76.67445,2026-09-05,2046,0.73,305.39,292.09,n,6.32,Low
15.13741,76.7094,2026-09-05,2046,1.14,307.17,291.66,n,7.62,Low
15.18638,76.31535,2026-09-05,2046,1.39,313.8,292.18,n,11.49,Low
15.17135,76.38354,2026-09-05,2046,0.76,305.11,291.53,n,6.19,Low
15.16858,76.3791,2026-09-05,2046,1.64,314.2,292.21,n,11.9,Low
15.07068,76.86605,2026-09-05,2046,2.19,305.47,292.31,n,7.46,Low
14.15012,77.59451,2026-09-05,2049,1.16,305.37,293.27,n,6.63,Low
14.15089,77.59003,2026-09-05,2049,2.02,320.11,293.75,n,15.47,Low
11.6361,77.65678,2026-09-05,2049,2.4,327.2,290.59,n,19.69,Low
12.62502,79.78784,2026-09-05,2049,1.63,308.38,289.72,n,8.66,Low
17.60913,83.20568,2026-09-05,2049,6.72,317.89,290.33,n,17.76,Low
17.6949,83.24507,2026-09-05,2049,3.38,309.35,290.69,n,10.51,Low
18.71578,79.54022,2026-09-05,2049,1.46,308.94,290.52,n,8.84,Low
18.72045,79.53607,2026-09-05,2049,1.46,307.44,290.76,n,8.01,Low
19.09932,82.16781,2026-09-05,2049,3.2,317.65,288.78,n,14.98,Low
19.10373,82.16882,2026-09-05,2049,1.32,307.37,289.24,n,7.86,Low
8.12086,80.55772,2026-09-05,2049,1.13,304.17,284.69,n,5.94,Low
13.41842,75.98045,2026-09-05,2049,0.73,306.9,291.32,n,7.16,Low
13.16123,80.28672,2026-09-05,2049,2.49,323.74,289.72,n,17.83,Low
20.90938,71.45822,2026-09-05,2049,1.45,311.03,293.48,n,9.99,Low
21.1028,72.63883,2026-09-05,2049,4.18,305.88,292.33,n,9.18,Low
21.10341,72.63448,2026-09-05,2049,5.41,327.06,292.52,n,21.87,Low
21.10517,72.6481,2026-09-05,2049,6.41,316.64,294.04,n,16.83,Low
21.10577,72.64375,2026-09-05,2049,8.99,331.2,294.54,n,26.85,Low
21.11057,72.63561,2026-09-05,2049,4.62,313.66,293.99,n,13.83,Low
20.65857,78.49527,2026-09-05,2049,0.7000000000000001,304.78,289.97,n,5.96,Low
13.16061,80.2888,2026-09-05,2049,1.1,315.1,289.67,n,11.99,Low
13.16142,80.28448,2026-09-05,2049,1.99,309.21,289.81,n,9.39,Low
13.89843,76.56497,2026-09-05,2049,1.25,313.55,293.28,n,11.24,Low
13.71024,79.61983,2026-09-05,2049,1.7000000000000002,308.48,293.37,n,8.76,Low
28.49895,97.02425,2026-09-06,620,5.06,334.33,290.41,n,25.64,Low
27.85909,95.18375,2026-09-06,620,2.18,328.42,289.01,n,20.2,Low
27.85981,95.18361,2026-09-06,620,1.57,327.99,289.13,n,19.51,Low
27.88107,96.92548,2026-09-06,620,5.9,340.0,292.87,n,29.43,Low
27.87505,96.91943,2026-09-06,620,5.64,330.24,293.34,n,23.81,Low
27.87594,96.92361,2026-09-06,620,13.81,352.66,292.76,n,42.39,Medium
27.87185,96.92667,2026-09-06,620,13.81,355.9,293.57,n,44.19,Medium
8.74934,80.53089,2026-09-06,756,11.42,339.58,301.56,l,33.33,Low
8.7964,80.58931,2026-09-06,756,7.92,345.2,298.48,n,33.83,Low
8.89856,80.87868,2026-09-06,756,4.45,333.91,298.42,n,24.95,Low
8.89988,80.87962,2026-09-06,756,5.99,330.52,297.62,l,24.23,Low
8.89297,80.58804,2026-09-06,756,11.58,339.2,300.99,l,33.24,Low
8.953710000000001,80.87083,2026-09-06,756,4.19,333.82,296.18,n,24.71,Low
8.94726,80.80805,2026-09-06,756,4.8100000000000005,330.28,296.71,l,23.21,Low
8.92181,80.53501,2026-09-06,756,7.21,334.74,294.82,l,27.49,Low
8.91521,80.44745,2026-09-06,756,6.67,345.28,296.84,n,32.94,Low
8.97766,80.79027,2026-09-06,756,10.07,330.64,299.52,l,27.35,Low
8.99992,80.78308,2026-09-06,756,7.0,342.03,295.46,n,31.38,Low
8.64496,78.06096,2026-09-06,756,3.84,334.28,298.39,n,24.7,Low
8.64313,78.06151,2026-09-06,756,3.63,334.8,298.2,n,24.83,Low
8.69569,77.7998,2026-09-06,756,12.9,344.6,299.54,n,37.23,Low
9.21651,80.32494,2026-09-06,756,8.53,334.09,297.82,l,28.11,Low
8.751290000000001,77.44485,2026-09-06,756,6.9,343.06,299.3,n,31.88,Low
9.38268,80.52093,2026-09-06,756,7.72,330.96,294.06,l,25.77,Low
9.37995,80.32283,2026-09-06,756,8.4,337.54,298.09,n,29.93,Low
9.23311,78.75137,2026-09-06,756,2.59,337.36,297.91,n,25.48,Low
9.69221,77.82102,2026-09-06,756,4.64,340.85,294.22,n,28.95,Low
9.78295,77.51691,2026-09-06,756,10.03,340.9,289.11,n,33.02,Low
11.19149,79.82079,2026-09-06,756,6.32,338.01,293.68,n,28.63,Low
11.73491,76.77407,2026-09-06,756,6.41,338.02,295.97,n,28.71,Low
6.41315,81.08602,2026-09-06,756,21.13,334.96,300.91,l,38.05,Low
6.38152,81.02921,2026-09-06,756,3.96,337.57,299.39,n,26.62,Low
6.22826,80.84173,2026-09-06,756,6.27,335.94,303.5,n,27.45,Low
6.14477,81.02021,2026-09-06,756,6.65,334.72,299.55,n,27.05,Low
6.13792,81.04801,2026-09-06,756,4.6,333.95,298.08,l,25.09,Low
7.89036,80.43704,2026-09-06,756,13.18,342.62,297.47,l,36.34,Low
8.61943,80.69527,2026-09-06,756,7.65,333.64,299.75,l,27.2,Low
8.60105,80.55779,2026-09-06,756,17.5,345.36,299.55,l,41.1,Medium
8.62829,80.68075,2026-09-06,756,8.73,330.67,300.46,l,26.36,Low
8.63741,80.64435,2026-09-06,756,4.35,330.11,300.41,l,22.77,Low
8.63712,80.64507,2026-09-06,756,5.86,330.48,300.83,l,24.11,Low
8.23612,80.1665,2026-09-06,756,6.0,338.29,299.55,l,28.55,Low
8.25071,80.2575,2026-09-06,756,4.58,331.3,299.64,l,23.6,Low
8.29433,80.57742,2026-09-06,756,15.45,331.23,296.58,l,31.72,Low
8.23099,80.32535,2026-09-06,756,2.74,335.4,296.16,n,24.5,Low
8.22726,80.32596,2026-09-06,756,2.74,334.35,296.89,n,23.92,Low
8.30794,81.00919,2026-09-06,756,5.61,332.94,296.67,n,25.29,Low
8.22669,80.60183,2026-09-06,756,4.55,335.12,299.46,l,25.7,Low
8.27718,81.00146,2026-09-06,756,8.12,331.91,297.76,l,26.6,Low
8.15541,80.45531,2026-09-06,756,7.45,335.29,299.82,n,27.97,Low
8.08336,80.1761,2026-09-06,756,8.84,336.55,298.36,n,29.71,Low
8.12533,80.55049,2026-09-06,756,5.23,332.17,302.12,l,24.57,Low
8.11108,80.60191,2026-09-06,756,4.13,333.84,300.27,l,24.68,Low
8.03835,80.35418,2026-09-06,756,7.63,341.72,296.93,n,31.68,Low
7.95103,80.12518,2026-09-06,756,8.13,336.62,298.53,n,29.22,Low
8.02274,80.63313,2026-09-06,756,11.54,340.91,300.64,l,34.16,Low
7.91617,80.31277,2026-09-06,756,13.18,333.74,298.42,l,31.41,Low
7.87201,80.30141,2026-09-06,756,7.11,344.8,299.8,n,33.0,Low
7.77909,81.10803,2026-09-06,756,4.55,332.78,294.64,n,24.4,Low
7.95897,81.18918,2026-09-06,756,5.46,332.46,301.56,l,24.91,Low
8.00894,81.30312,2026-09-06,756,2.97,331.75,297.93,n,22.64,Low
8.01671,81.30602,2026-09-06,756,9.02,337.18,299.87,l,30.2,Low
7.84201,80.23619,2026-09-06,756,4.13,331.24,298.92,l,23.23,Low
7.84125,80.23163,2026-09-06,756,6.36,331.08,298.44,l,24.81,Low
7.84577,80.23558,2026-09-06,756,4.13,336.04,298.88,n,25.9,Low
7.69491,80.81984,2026-09-06,756,7.2,335.43,300.54,n,27.86,Low
7.69565,80.82321,2026-09-06,756,5.79,335.67,301.46,l,26.94,Low
7.60936,80.93732,2026-09-06,756,7.12,335.7,301.95,l,27.95,Low
7.61005,80.94154,2026-09-06,756,7.12,332.01,301.28,l,25.9,Low
7.61,80.94065,2026-09-06,756,13.52,342.03,303.6,l,36.27,Low
7.42859,81.66696,2026-09-06,756,4.84,333.37,299.72,l,24.95,Low
7.41811,81.62414,2026-09-06,756,4.13,335.55,296.76,n,25.63,Low
7.42337,81.72427,2026-09-06,756,3.38,335.7,301.47,l,25.15,Low
7.3712,81.71616,2026-09-06,756,5.74,339.08,301.78,l,28.79,Low
7.33192,81.83062,2026-09-06,756,7.0,340.22,303.51,l,30.37,Low
7.22925,81.54749,2026-09-06,756,12.05,348.48,303.72,n,38.75,Low
7.10436,81.25865,2026-09-06,756,10.5,337.91,299.99,l,31.71,Low
6.99438,81.5918,2026-09-06,756,6.7,337.1,303.3,l,28.41,Low
6.99694,81.60781,2026-09-06,756,6.84,336.99,305.41,n,28.46,Low
6.986,81.5849,2026-09-06,756,12.33,348.85,305.94,n,39.16,Low
6.98664,81.5889,2026-09-06,756,13.38,342.62,304.69,n,36.49,Low
6.98437,81.59746,2026-09-06,756,10.62,342.97,305.09,n,34.62,Low
6.85239,81.03367,2026-09-06,756,3.41,332.47,294.64,n,23.37,Low
6.86452,81.32029,2026-09-06,756,6.07,338.43,300.65,n,28.68,Low
6.8483,81.40302,2026-09-06,756,3.42,337.34,301.76,l,26.09,Low
6.8797,81.66669,2026-09-06,756,5.67,332.17,304.13,l,24.9,Low
6.88034,81.67067,2026-09-06,756,19.23,353.84,306.22,n,47.11,Medium
6.88098,81.67465,2026-09-06,756,19.23,353.37,309.71,n,46.85,Medium
6.8768,81.67124,2026-09-06,756,19.23,355.75,305.84,n,48.17,Medium
6.87744,81.67522,2026-09-06,756,19.23,347.51,305.46,n,43.59,Medium
6.84022,81.46677,2026-09-06,756,10.8,355.22,308.37,n,41.56,Medium
6.82884,81.46439,2026-09-06,756,2.93,331.15,304.77,l,22.28,Low
6.814,81.52053,2026-09-06,756,6.31,341.56,304.51,l,30.6,Low
6.78676,81.53317,2026-09-06,756,6.74,340.98,305.84,l,30.6,Low
6.75454,81.35403,2026-09-06,756,11.62,349.67,305.88,n,39.09,Low
6.61357,80.78343,2026-09-06,756,4.7,338.79,298.05,n,27.85,Low
6.70751,81.38259,2026-09-06,756,11.19,337.54,304.87,l,32.03,Low
6.61155,80.78236,2026-09-06,756,2.15,330.68,297.81,n,21.43,Low
6.59875,80.79769,2026-09-06,756,6.85,332.09,297.39,l,25.74,Low
6.60208,80.96151,2026-09-06,756,6.43,332.27,305.28,l,25.53,Low
6.52079,80.76308,2026-09-06,756,3.7,332.35,299.43,n,23.53,Low
6.51854,80.91232,2026-09-06,756,4.88,333.81,301.07,l,25.22,Low
6.52024,80.91105,2026-09-06,756,5.9,335.82,302.82,l,27.1,Low
6.45064,81.04218,2026-09-06,756,4.44,335.99,299.3,l,26.1,Low
6.3734,80.78799,2026-09-06,756,8.95,347.93,302.26,n,36.12,Low
8.25819,80.25628,2026-09-06,756,8.63,337.49,299.47,l,30.08,Low
8.2361,80.16422,2026-09-06,756,5.42,336.92,300.06,l,27.35,Low
8.255,80.25446,2026-09-06,756,4.7,334.57,299.29,l,25.51,Low
8.26466,80.15013,2026-09-06,756,1.55,332.6,295.15,l,22.05,Low
8.26842,80.14952,2026-09-06,756,10.91,346.01,297.91,n,36.52,Low
8.29321,80.18297,2026-09-06,756,9.1,340.21,298.89,n,31.94,Low
8.40032,80.43282,2026-09-06,756,14.49,349.45,301.27,l,41.12,Medium
8.36934,80.17639,2026-09-06,756,12.84,338.25,294.62,l,33.66,Low
8.48052,80.82955,2026-09-06,756,12.26,340.74,302.42,l,34.61,Low
8.4589,80.62856,2026-09-06,756,6.95,335.02,298.1,l,27.45,Low
8.48561,80.74661,2026-09-06,756,6.65,333.16,302.15,l,26.19,Low
8.42356,80.34282,2026-09-06,756,4.74,332.46,297.82,n,24.37,Low
8.50583,80.82543,2026-09-06,756,15.74,345.18,303.37,l,39.68,Low
8.51488,80.78951,2026-09-06,756,7.49,340.7,299.95,l,31.01,Low
8.53316,80.83387,2026-09-06,756,10.43,343.15,298.66,n,34.57,Low
8.47988,80.45582,2026-09-06,756,5.17,333.2,298.07,l,25.1,Low
8.51461,80.60179,2026-09-06,756,13.37,354.81,301.69,n,43.26,Medium
8.51827,80.60117,2026-09-06,756,18.88,367.0,301.36,h,54.16,Medium
8.51295,80.54437,2026-09-06,756,3.69,332.69,295.51,n,23.71,Low
8.51251,80.54554,2026-09-06,756,3.9,331.71,296.75,l,23.32,Low
8.5646,80.74776,2026-09-06,756,40.67,343.58,300.17,l,57.49,Medium
8.4977,80.24945,2026-09-06,756,15.55,349.04,300.89,n,41.68,Medium
8.56329,80.62575,2026-09-06,756,11.53,340.26,301.67,l,33.79,Low
8.50974,80.18266,2026-09-06,756,23.97,335.74,294.4,l,40.61,Medium
8.64888,80.62563,2026-09-06,756,6.18,335.0,298.56,l,26.86,Low
8.65905,80.50457,2026-09-06,756,10.58,345.93,297.52,n,36.23,Low
8.69938,80.40393,2026-09-06,756,6.06,335.76,298.17,n,27.19,Low
8.75005,80.53522,2026-09-06,756,16.54,338.42,300.56,l,36.53,Low
8.78857,80.56424,2026-09-06,756,5.45,331.8,295.9,n,24.53,Low
18.31238,82.37919,2026-09-06,758,2.64,333.51,298.13,n,23.37,Low
17.24984,78.81324,2026-09-06,758,4.69,332.6,299.0,n,24.41,Low
17.6088,83.20451,2026-09-06,758,4.73,330.67,297.88,n,23.36,Low
17.31903,82.25283,2026-09-06,758,3.74,335.47,297.73,n,25.29,Low
15.18268,76.66901,2026-09-06,758,4.48,335.64,301.2,n,25.94,Low
15.17639,76.65804,2026-09-06,758,4.8100000000000005,330.31,301.52,l,23.22,Low
15.08584,77.31924,2026-09-06,758,7.01,341.72,300.95,n,31.21,Low
14.64825,75.44234,2026-09-06,758,4.6,340.81,296.4,n,28.9,Low
14.76573,77.04627,2026-09-06,758,5.72,346.38,304.13,n,32.83,Low
14.90104,77.50089,2026-09-06,758,7.0,342.54,298.4,n,31.66,Low
20.96956,86.01638,2026-09-06,758,7.92,333.55,296.57,n,27.36,Low
18.70286,72.34399,2026-09-06,758,1.7000000000000002,327.4,290.85,n,19.27,Low
20.53382,85.9104,2026-09-06,758,7.0,336.89,292.52,n,28.52,Low
19.33445,83.43093,2026-09-06,758,3.33,334.55,302.13,n,24.47,Low
23.63325,70.43996,2026-09-06,801,4.13,335.41,295.9,n,25.55,Low
25.70847,73.58088,2026-09-06,801,2.5,331.75,298.37,n,22.29,Low
24.1597,82.56544,2026-09-06,801,3.44,335.99,294.03,n,25.35,Low
21.10245,72.63563,2026-09-06,801,7.51,335.21,291.91,n,27.97,Low
21.10482,72.64702,2026-09-06,801,6.89,334.96,294.61,n,27.37,Low
22.36074,82.30308,2026-09-06,801,4.18,335.18,297.5,n,25.46,Low
22.35737,82.30364,2026-09-06,801,7.02,340.16,298.83,n,30.35,Low
22.78975,86.19833,2026-09-06,801,4.84,330.22,295.19,n,23.2,Low
26.63973,72.26364,2026-09-06,803,3.86,339.78,302.25,n,27.77,Low
31.20359,72.1606,2026-09-06,803,1.24,330.81,301.76,l,20.82,Low
27.64392,69.48135,2026-09-06,803,2.23,340.12,302.18,n,26.74,Low
27.92614,69.84824,2026-09-06,803,2.71,342.67,302.05,n,28.52,Low
27.9254,69.84502,2026-09-06,803,2.71,347.18,302.92,n,31.02,Low
30.8377,72.16951,2026-09-06,803,2.38,331.87,298.45,n,22.27,Low
37.05942,80.25857,2026-09-06,805,1.93,330.23,296.74,n,21.02,Low
