latitude,longitude,acq_date,acq_time,confidence,scan,satellite,track,bright_t31,instrument,daynight,version,frp,brightness
29.22012,88.95742,2026-08-07,722,n,0.39,SNPP,0.36,311.38,SNPP,D,2.0NRT,11.32,349.19
29.26978,88.90321,2026-08-07,722,l,0.39,SNPP,0.36,309.42,SNPP,D,2.0NRT,3.9699999999999998,336.33
8.76202,78.18221,2026-08-07,858,n,0.43,SNPP,0.62,274.04,SNPP,D,2.0NRT,5.28,335.65
8.75627,78.18294,2026-08-07,858,n,0.43,SNPP,0.62,275.14,SNPP,D,2.0NRT,5.28,351.99
24.45387,68.30828,2026-08-07,902,n,0.49,SNPP,0.41000000000000003,294.28,SNPP,D,2.0NRT,4.49,335.35
24.45394,68.31149,2026-08-07,902,n,0.49,SNPP,0.41000000000000003,298.14,SNPP,D,2.0NRT,4.14,335.11
22.92664,70.10907,2026-08-07,902,n,0.39,SNPP,0.44,292.97,SNPP,D,2.0NRT,3.96,333.56
29.9692,72.58241,2026-08-07,905,n,0.34,SNPP,0.56,293.09,SNPP,D,2.0NRT,1.8900000000000001,333.64
29.99058,72.58743,2026-08-07,905,n,0.34,SNPP,0.56,293.35,SNPP,D,2.0NRT,4.97,344.35
30.27074,73.32553,2026-08-07,905,n,0.38,SNPP,0.58,294.2,SNPP,D,2.0NRT,8.07,352.08
30.27043,73.32155,2026-08-07,905,n,0.38,SNPP,0.58,294.05,SNPP,D,2.0NRT,4.6,330.42
30.27128,73.32471,2026-08-07,905,h,0.38,SNPP,0.58,294.51,SNPP,D,2.0NRT,8.61,367.0
30.65503,72.24939,2026-08-07,905,n,0.33,SNPP,0.55,294.87,SNPP,D,2.0NRT,5.05,350.62
30.66016,72.24886,2026-08-07,905,n,0.33,SNPP,0.55,293.1,SNPP,D,2.0NRT,5.05,342.65
30.79083,71.86834,2026-08-07,905,n,0.62,SNPP,0.54,294.04,SNPP,D,2.0NRT,14.67,342.95
30.78971,71.86646,2026-08-07,905,n,0.62,SNPP,0.54,293.96,SNPP,D,2.0NRT,15.35,355.39
30.62494,72.0656,2026-08-07,905,n,0.32,SNPP,0.54,293.52,SNPP,D,2.0NRT,2.81,330.11
31.69593,73.21014,2026-08-07,905,n,0.38,SNPP,0.59,293.91,SNPP,D,2.0NRT,2.58,339.71
30.61991,72.13137,2026-08-07,905,n,0.32,SNPP,0.55,293.97,SNPP,D,2.0NRT,5.18,355.67
30.61707,72.13042,2026-08-07,905,n,0.32,SNPP,0.55,293.6,SNPP,D,2.0NRT,2.56,334.09
30.61736,72.13383,2026-08-07,905,n,0.32,SNPP,0.55,293.34,SNPP,D,2.0NRT,2.56,337.32
27.62686,69.46743,2026-08-07,905,n,0.41000000000000003,SNPP,0.45,302.75,SNPP,D,2.0NRT,5.3,344.75
27.62732,69.47166,2026-08-07,905,n,0.41000000000000003,SNPP,0.45,303.63,SNPP,D,2.0NRT,5.3,336.3
37.20391,68.12839,2026-08-07,905,n,0.45,SNPP,0.47000000000000003,315.83,SNPP,D,2.0NRT,46.07,346.14
29.47439,71.57051,2026-08-07,905,n,0.58,SNPP,0.52,293.65,SNPP,D,2.0NRT,12.38,342.03
29.47925,71.56997,2026-08-07,905,n,0.58,SNPP,0.52,293.84,SNPP,D,2.0NRT,12.38,345.55
26.64386,79.47507,2026-08-07,1947,n,0.47000000000000003,SNPP,0.64,265.29,SNPP,N,2.0NRT,2.77,295.42
25.43726,86.06737,2026-08-07,1947,n,0.55,SNPP,0.43,290.9,SNPP,N,2.0NRT,1.08,310.9
24.11555,86.86207,2026-08-07,1947,n,0.48,SNPP,0.4,289.19,SNPP,N,2.0NRT,1.11,303.43
25.03565,87.36957,2026-08-07,1947,n,0.47000000000000003,SNPP,0.4,290.57,SNPP,N,2.0NRT,1.8599999999999999,306.65
24.11618,86.85732,2026-08-07,1947,n,0.48,SNPP,0.4,289.98,SNPP,N,2.0NRT,1.11,305.24
35.98919,94.83079,2026-08-07,1947,n,0.39,SNPP,0.36,283.02,SNPP,N,2.0NRT,0.62,296.21
35.99247,94.8316,2026-08-07,1947,n,0.39,SNPP,0.36,283.01,SNPP,N,2.0NRT,0.58,302.11
23.73722,86.43314,2026-08-07,1949,n,0.5,SNPP,0.41000000000000003,290.81,SNPP,N,2.0NRT,6.64,329.09
23.73785,86.4282,2026-08-07,1949,n,0.5,SNPP,0.41000000000000003,289.72,SNPP,N,2.0NRT,2.55,306.48
23.66795,86.93554,2026-08-07,1949,n,0.47000000000000003,SNPP,0.4,281.34,SNPP,N,2.0NRT,2.06,298.17
23.72468,86.44123,2026-08-07,1949,n,0.5,SNPP,0.41000000000000003,289.04,SNPP,N,2.0NRT,1.72,304.22
23.68906,86.38818,2026-08-07,1949,n,0.5,SNPP,0.41000000000000003,290.07,SNPP,N,2.0NRT,1.83,303.34
23.6884,86.39319,2026-08-07,1949,n,0.5,SNPP,0.41000000000000003,289.27,SNPP,N,2.0NRT,1.83,301.71
27.46227,95.47478,2026-08-07,1949,n,0.48,SNPP,0.4,277.66,SNPP,N,2.0NRT,1.22,297.33
23.68398,86.39757,2026-08-07,1949,n,0.5,SNPP,0.41000000000000003,289.37,SNPP,N,2.0NRT,2.63,306.33
23.68087,86.39198,2026-08-07,1949,n,0.5,SNPP,0.41000000000000003,289.54,SNPP,N,2.0NRT,3.06,302.45
23.68022,86.39696,2026-08-07,1949,n,0.5,SNPP,0.41000000000000003,289.83,SNPP,N,2.0NRT,2.02,309.59
23.67646,86.39635,2026-08-07,1949,n,0.5,SNPP,0.41000000000000003,288.75,SNPP,N,2.0NRT,2.02,306.18
23.69792,85.28923,2026-08-07,1949,n,0.39,SNPP,0.44,288.09,SNPP,N,2.0NRT,1.32,300.5
23.67205,84.99582,2026-08-07,1949,n,0.4,SNPP,0.44,288.25,SNPP,N,2.0NRT,1.8599999999999999,300.43
23.66748,84.99914,2026-08-07,1949,n,0.4,SNPP,0.44,288.84,SNPP,N,2.0NRT,1.32,300.96
23.6634,84.99857,2026-08-07,1949,n,0.4,SNPP,0.44,287.12,SNPP,N,2.0NRT,1.32,303.84
29.26254,91.92178,2026-08-07,1949,n,0.38,SNPP,0.36,284.78,SNPP,N,2.0NRT,1.44,301.34
29.26521,91.92635,2026-08-07,1949,n,0.38,SNPP,0.36,287.17,SNPP,N,2.0NRT,1.48,306.5
29.66177,90.90686,2026-08-07,1949,n,0.39,SNPP,0.36,286.92,SNPP,N,2.0NRT,1.06,299.46
23.68464,86.39258,2026-08-07,1949,n,0.5,SNPP,0.41000000000000003,290.15,SNPP,N,2.0NRT,1.83,321.46
29.37461,91.1497,2026-08-07,1949,n,0.39,SNPP,0.36,284.63,SNPP,N,2.0NRT,0.9400000000000001,298.36
29.37792,91.15035,2026-08-07,1949,n,0.39,SNPP,0.36,283.53,SNPP,N,2.0NRT,0.84,299.45
23.76804,86.40265,2026-08-07,1949,n,0.5,SNPP,0.41000000000000003,290.33,SNPP,N,2.0NRT,5.76,326.74
23.76739,86.40766,2026-08-07,1949,n,0.5,SNPP,0.41000000000000003,289.4,SNPP,N,2.0NRT,2.25,303.61
23.76556,86.39212,2026-08-07,1949,n,0.51,SNPP,0.41000000000000003,290.18,SNPP,N,2.0NRT,2.54,306.89
23.76427,86.40208,2026-08-07,1949,n,0.5,SNPP,0.41000000000000003,289.85,SNPP,N,2.0NRT,3.2800000000000002,313.91
23.76362,86.40708,2026-08-07,1949,n,0.5,SNPP,0.41000000000000003,289.45,SNPP,N,2.0NRT,2.7800000000000002,304.9
23.76051,86.40147,2026-08-07,1949,n,0.5,SNPP,0.41000000000000003,290.02,SNPP,N,2.0NRT,3.2800000000000002,320.14
23.75105,86.41519,2026-08-07,1949,n,0.5,SNPP,0.41000000000000003,289.43,SNPP,N,2.0NRT,3.62,307.74
23.74098,86.43374,2026-08-07,1949,n,0.5,SNPP,0.41000000000000003,289.88,SNPP,N,2.0NRT,1.96,302.97
7.53914,81.10133,2026-08-07,1953,n,0.43,SNPP,0.46,278.51,SNPP,N,2.0NRT,0.63,299.6
7.50678,81.1167,2026-08-07,1953,n,0.43,SNPP,0.46,279.67,SNPP,N,2.0NRT,1.9,324.18
6.63144,81.18604,2026-08-07,1953,n,0.41000000000000003,SNPP,0.45,268.8,SNPP,N,2.0NRT,3.45,335.44
6.6309000000000005,81.18976,2026-08-07,1953,n,0.41000000000000003,SNPP,0.45,268.6,SNPP,N,2.0NRT,3.45,298.17
6.62731,81.18541,2026-08-07,1953,n,0.41000000000000003,SNPP,0.45,268.14,SNPP,N,2.0NRT,3.45,352.97
6.6278500000000005,81.18169,2026-08-07,1953,n,0.41000000000000003,SNPP,0.45,267.38,SNPP,N,2.0NRT,2.42,297.82
6.62676,81.18913,2026-08-07,1953,n,0.41000000000000003,SNPP,0.45,267.44,SNPP,N,2.0NRT,3.45,301.4
37.35176,70.37824,2026-08-07,2125,n,0.39,SNPP,0.36,283.52,SNPP,N,2.0NRT,0.51,300.06
37.34845,70.37748,2026-08-07,2125,n,0.39,SNPP,0.36,284.26,SNPP,N,2.0NRT,0.51,295.9
32.13319,74.17912,2026-08-07,2127,n,0.43,SNPP,0.46,293.09,SNPP,N,2.0NRT,0.9500000000000001,307.79
32.2928,70.73085,2026-08-07,2127,n,0.44,SNPP,0.38,295.09,SNPP,N,2.0NRT,2.81,310.6
28.42482,69.70239,2026-08-07,2127,n,0.45,SNPP,0.39,296.26,SNPP,N,2.0NRT,5.87,316.52
33.5473,71.54827,2026-08-07,2127,n,0.46,SNPP,0.39,293.76,SNPP,N,2.0NRT,1.28,305.92
32.72197,72.92547,2026-08-07,2127,n,0.54,SNPP,0.42,294.09,SNPP,N,2.0NRT,1.1400000000000001,305.16
33.17331,70.45238,2026-08-07,2127,n,0.42,SNPP,0.38,293.04,SNPP,N,2.0NRT,0.44,305.79
32.88826,71.61584,2026-08-07,2127,n,0.47000000000000003,SNPP,0.4,294.27,SNPP,N,2.0NRT,2.44,309.04
25.38842,68.58425,2026-08-07,2129,n,0.44,SNPP,0.38,292.42,SNPP,N,2.0NRT,1.1400000000000001,323.26
26.0948,68.87952,2026-08-07,2129,n,0.44,SNPP,0.39,296.32,SNPP,N,2.0NRT,0.56,307.26
23.70372,90.53355,2026-08-08,701,l,0.49,SNPP,0.4,292.17,SNPP,D,2.0NRT,3.7800000000000002,331.1
23.9407,90.31876,2026-08-08,701,n,0.5,SNPP,0.41000000000000003,292.54,SNPP,D,2.0NRT,3.46,332.3
23.76534,86.40513,2026-08-08,701,n,0.56,SNPP,0.52,288.98,SNPP,D,2.0NRT,6.4,331.15
21.29586,95.51554,2026-08-08,701,n,0.38,SNPP,0.36,293.7,SNPP,D,2.0NRT,2.7,331.63
29.64765,90.94865,2026-08-08,703,h,0.41000000000000003,SNPP,0.37,309.09,SNPP,D,2.0NRT,22.55,367.0
29.65398,90.98617,2026-08-08,703,h,0.41000000000000003,SNPP,0.37,300.2,SNPP,D,2.0NRT,16.99,367.0
6.82226,81.80397,2026-08-08,837,n,0.34,SNPP,0.56,289.62,SNPP,D,2.0NRT,4.9,336.51
6.81376,81.77986,2026-08-08,837,n,0.34,SNPP,0.56,287.85,SNPP,D,2.0NRT,3.8200000000000003,345.17
6.8258,81.76459,2026-08-08,837,n,0.33,SNPP,0.56,288.89,SNPP,D,2.0NRT,3.15,336.44
6.82072,81.803,2026-08-08,837,n,0.34,SNPP,0.56,291.18,SNPP,D,2.0NRT,2.19,333.23
6.8226700000000005,81.80707,2026-08-08,837,n,0.34,SNPP,0.56,289.83,SNPP,D,2.0NRT,4.58,333.26
6.82115,81.8061,2026-08-08,837,n,0.34,SNPP,0.56,290.73,SNPP,D,2.0NRT,2.19,336.02
6.81248,81.78204,2026-08-08,837,n,0.34,SNPP,0.56,289.49,SNPP,D,2.0NRT,3.5700000000000003,334.07
7.46902,81.17296,2026-08-08,837,n,0.62,SNPP,0.54,292.1,SNPP,D,2.0NRT,4.85,330.0
9.77946,77.68204,2026-08-08,839,n,0.4,SNPP,0.44,296.72,SNPP,D,2.0NRT,2.63,333.54
9.75537,77.6293,2026-08-08,839,h,0.39,SNPP,0.44,295.44,SNPP,D,2.0NRT,10.98,367.0
27.98071,69.4438,2026-08-08,843,n,0.4,SNPP,0.37,303.34,SNPP,D,2.0NRT,2.19,337.33
28.835820000000002,70.42214,2026-08-08,843,l,0.42,SNPP,0.38,303.4,SNPP,D,2.0NRT,6.67,330.2
22.60662,70.24954,2026-08-08,843,n,0.39,SNPP,0.36,300.49,SNPP,D,2.0NRT,2.24,331.84
24.32291,72.46162,2026-08-08,843,n,0.46,SNPP,0.39,295.39,SNPP,D,2.0NRT,4.09,332.77
32.10804,72.90211,2026-08-08,845,n,0.39,SNPP,0.44,296.66,SNPP,D,2.0NRT,3.07,341.29
30.9771,70.80613,2026-08-08,845,l,0.46,SNPP,0.39,304.04,SNPP,D,2.0NRT,8.22,330.41
30.91326,71.91548,2026-08-08,845,n,0.51,SNPP,0.41000000000000003,297.28,SNPP,D,2.0NRT,7.93,337.43
30.86695,71.91726,2026-08-08,845,n,0.51,SNPP,0.41000000000000003,298.2,SNPP,D,2.0NRT,6.19,343.55
30.85815,71.87492,2026-08-08,845,n,0.51,SNPP,0.41000000000000003,296.57,SNPP,D,2.0NRT,6.29,333.73
30.79273,71.87044,2026-08-08,845,n,0.51,SNPP,0.41000000000000003,298.66,SNPP,D,2.0NRT,8.25,331.09
30.79337,71.87579,2026-08-08,845,n,0.51,SNPP,0.41000000000000003,297.69,SNPP,D,2.0NRT,8.25,333.61
30.74677,71.74284,2026-08-08,845,n,0.5,SNPP,0.41000000000000003,298.29,SNPP,D,2.0NRT,2.7,333.79
30.6985,71.78544,2026-08-08,845,n,0.5,SNPP,0.41000000000000003,298.7,SNPP,D,2.0NRT,9.01,347.61
30.6943,71.97591,2026-08-08,845,n,0.51,SNPP,0.41000000000000003,299.15,SNPP,D,2.0NRT,10.41,337.7
30.66328,71.87726,2026-08-08,845,n,0.51,SNPP,0.41000000000000003,298.24,SNPP,D,2.0NRT,6.51,332.77
30.66391,71.88257,2026-08-08,845,n,0.51,SNPP,0.41000000000000003,298.72,SNPP,D,2.0NRT,6.51,335.64
30.62572,71.72218,2026-08-08,845,n,0.5,SNPP,0.41000000000000003,299.18,SNPP,D,2.0NRT,3.25,335.05
30.65879,72.24271,2026-08-08,845,n,0.53,SNPP,0.42,297.87,SNPP,D,2.0NRT,5.84,332.84
30.65776,72.24519,2026-08-08,845,n,0.53,SNPP,0.42,298.15,SNPP,D,2.0NRT,4.05,337.36
30.63301,72.07047,2026-08-08,845,n,0.52,SNPP,0.41000000000000003,297.02,SNPP,D,2.0NRT,4.51,338.93
30.62918,72.07106,2026-08-08,845,n,0.52,SNPP,0.41000000000000003,297.11,SNPP,D,2.0NRT,4.51,343.13
30.61395,72.13991,2026-08-08,845,n,0.52,SNPP,0.42,297.39,SNPP,D,2.0NRT,4.51,334.77
30.60304,72.0806,2026-08-08,845,n,0.52,SNPP,0.41000000000000003,298.53,SNPP,D,2.0NRT,3.22,332.68
34.44895,71.26234,2026-08-08,845,n,0.52,SNPP,0.42,305.37,SNPP,D,2.0NRT,4.53,341.11
33.74356,70.23043,2026-08-08,845,n,0.46,SNPP,0.39,306.91,SNPP,D,2.0NRT,4.05,338.46
33.74333,70.22848,2026-08-08,845,l,0.46,SNPP,0.39,307.21,SNPP,D,2.0NRT,4.18,336.46
37.34737,97.40837,2026-08-08,1925,n,0.4,SNPP,0.37,289.1,SNPP,N,2.0NRT,0.49,301.33
35.99072,94.83022,2026-08-08,1925,n,0.47000000000000003,SNPP,0.39,285.46,SNPP,N,2.0NRT,0.79,301.4
29.37856,91.14952,2026-08-08,1928,n,0.39,SNPP,0.44,278.88,SNPP,N,2.0NRT,0.33,301.29
29.65848,90.89863,2026-08-08,1928,n,0.41000000000000003,SNPP,0.45,281.94,SNPP,N,2.0NRT,0.89,301.16
30.06933,96.97936,2026-08-08,1928,n,0.38,SNPP,0.36,284.52,SNPP,N,2.0NRT,0.66,297.11
23.5617,87.08315,2026-08-08,1930,n,0.58,SNPP,0.52,287.51,SNPP,N,2.0NRT,4.17,310.49
23.80587,86.32827,2026-08-08,1930,n,0.33,SNPP,0.55,287.91,SNPP,N,2.0NRT,1.03,309.0
23.79856,86.35028,2026-08-08,1930,n,0.33,SNPP,0.55,288.32,SNPP,N,2.0NRT,1.9500000000000002,327.19
23.79887,86.34701,2026-08-08,1930,n,0.33,SNPP,0.55,287.78,SNPP,N,2.0NRT,1.9500000000000002,303.72
23.79824,86.35355,2026-08-08,1930,n,0.33,SNPP,0.55,287.78,SNPP,N,2.0NRT,0.87,306.5
23.79314,86.35291,2026-08-08,1930,n,0.33,SNPP,0.55,287.75,SNPP,N,2.0NRT,0.87,303.24
23.77949,86.38737,2026-08-08,1930,n,0.32,SNPP,0.55,288.49,SNPP,N,2.0NRT,3.29,321.08
23.78107,86.37106,2026-08-08,1930,n,0.32,SNPP,0.55,287.81,SNPP,N,2.0NRT,0.81,303.3
23.77917,86.39056,2026-08-08,1930,n,0.32,SNPP,0.55,287.61,SNPP,N,2.0NRT,1.43,311.63
23.77692,86.36066,2026-08-08,1930,n,0.32,SNPP,0.55,287.31,SNPP,N,2.0NRT,2.79,303.77
23.77661,86.36392,2026-08-08,1930,n,0.32,SNPP,0.55,287.86,SNPP,N,2.0NRT,1.4100000000000001,319.54
23.77151,86.3633,2026-08-08,1930,n,0.32,SNPP,0.55,287.15,SNPP,N,2.0NRT,1.4100000000000001,304.89
23.7681,86.39877,2026-08-08,1930,n,0.32,SNPP,0.55,287.23,SNPP,N,2.0NRT,0.92,303.31
23.76778,86.40202,2026-08-08,1930,n,0.32,SNPP,0.55,286.08,SNPP,N,2.0NRT,0.29,301.64
23.76302,86.39813,2026-08-08,1930,n,0.32,SNPP,0.55,287.32,SNPP,N,2.0NRT,0.97,306.55
23.75794,86.39742,2026-08-08,1930,n,0.32,SNPP,0.55,287.28,SNPP,N,2.0NRT,0.97,301.47
23.76022,86.39659,2026-08-08,1930,n,0.32,SNPP,0.55,287.29,SNPP,N,2.0NRT,1.08,304.41
23.75988,86.39985,2026-08-08,1930,n,0.32,SNPP,0.55,287.1,SNPP,N,2.0NRT,0.91,304.81
23.56486,87.08422,2026-08-08,1930,n,0.58,SNPP,0.52,287.56,SNPP,N,2.0NRT,2.6,305.78
22.05452,88.1247,2026-08-08,1930,n,0.48,SNPP,0.48,287.3,SNPP,N,2.0NRT,3.89,312.18
20.96631,85.1635,2026-08-08,1932,n,0.36,SNPP,0.5700000000000001,279.71,SNPP,N,2.0NRT,1.02,301.58
17.30454,97.0611,2026-08-08,1932,n,0.46,SNPP,0.39,288.55,SNPP,N,2.0NRT,0.53,305.01
20.78667,85.26571,2026-08-08,1932,n,0.35000000000000003,SNPP,0.5700000000000001,278.85,SNPP,N,2.0NRT,0.61,302.89
20.78739,85.2589,2026-08-08,1932,n,0.35000000000000003,SNPP,0.5700000000000001,277.51,SNPP,N,2.0NRT,1.2,310.55
20.78619,85.2653,2026-08-08,1932,n,0.35000000000000003,SNPP,0.5700000000000001,279.05,SNPP,N,2.0NRT,0.68,300.75
20.78687,85.25846,2026-08-08,1932,n,0.35000000000000003,SNPP,0.5700000000000001,278.08,SNPP,N,2.0NRT,1.2,308.31
21.07961,85.03843,2026-08-08,1932,n,0.37,SNPP,0.58,282.03,SNPP,N,2.0NRT,1.56,302.21
20.80865,85.25416,2026-08-08,1932,n,0.35000000000000003,SNPP,0.5700000000000001,278.63,SNPP,N,2.0NRT,1.3900000000000001,305.48
20.9638,85.18809,2026-08-08,1932,n,0.36,SNPP,0.5700000000000001,278.97,SNPP,N,2.0NRT,1.05,307.75
20.96416,85.18463,2026-08-08,1932,n,0.36,SNPP,0.5700000000000001,279.2,SNPP,N,2.0NRT,0.65,302.01
20.95013,86.04408,2026-08-08,1932,n,0.63,SNPP,0.54,280.28,SNPP,N,2.0NRT,2.05,306.58
20.9495,86.05014,2026-08-08,1932,n,0.63,SNPP,0.54,279.68,SNPP,N,2.0NRT,2.05,302.74
20.98516,85.13718,2026-08-08,1932,n,0.36,SNPP,0.5700000000000001,282.13,SNPP,N,2.0NRT,1.21,301.48
20.97623,85.17174,2026-08-08,1932,n,0.36,SNPP,0.5700000000000001,280.84,SNPP,N,2.0NRT,0.86,302.12
20.97055,85.1747,2026-08-08,1932,n,0.36,SNPP,0.5700000000000001,279.86,SNPP,N,2.0NRT,0.74,306.8
20.96451,85.18114,2026-08-08,1932,n,0.36,SNPP,0.5700000000000001,279.6,SNPP,N,2.0NRT,0.65,301.1
20.96523,85.17413,2026-08-08,1932,n,0.36,SNPP,0.5700000000000001,279.54,SNPP,N,2.0NRT,0.74,306.67
20.97019,85.17823,2026-08-08,1932,n,0.36,SNPP,0.5700000000000001,279.6,SNPP,N,2.0NRT,0.74,302.29
7.6444,80.95997,2026-08-08,1934,n,0.46,SNPP,0.64,286.7,SNPP,N,2.0NRT,3.48,324.28
7.64384,80.96423,2026-08-08,1934,n,0.46,SNPP,0.64,286.9,SNPP,N,2.0NRT,1.85,305.29
6.74823,81.13704,2026-08-08,1934,n,0.44,SNPP,0.62,283.37,SNPP,N,2.0NRT,0.76,303.98
34.31626,72.82005,2026-08-08,2108,n,0.38,SNPP,0.36,291.93,SNPP,N,2.0NRT,1.69,315.38
33.84938,72.87296,2026-08-08,2108,n,0.38,SNPP,0.36,292.95,SNPP,N,2.0NRT,1.4,306.89
33.69244,72.85727,2026-08-08,2108,n,0.38,SNPP,0.36,292.46,SNPP,N,2.0NRT,1.73,305.7
33.68829,72.71162,2026-08-08,2108,n,0.38,SNPP,0.36,293.23,SNPP,N,2.0NRT,3.1,314.05
33.4081,71.94009,2026-08-08,2108,n,0.39,SNPP,0.36,294.99,SNPP,N,2.0NRT,1.85,311.34
32.72028,72.92399,2026-08-08,2108,n,0.39,SNPP,0.36,288.5,SNPP,N,2.0NRT,0.62,305.56
32.73539,72.80925,2026-08-08,2108,n,0.38,SNPP,0.36,291.69,SNPP,N,2.0NRT,0.28,304.99
32.10377,74.17783,2026-08-08,2108,n,0.4,SNPP,0.37,290.57,SNPP,N,2.0NRT,3.8200000000000003,310.51
32.08747,74.16682,2026-08-08,2108,n,0.4,SNPP,0.37,290.48,SNPP,N,2.0NRT,3.73,307.55
32.29551,70.73,2026-08-08,2108,n,0.4,SNPP,0.37,297.24,SNPP,N,2.0NRT,2.37,312.53
32.29091,70.73779,2026-08-08,2108,n,0.4,SNPP,0.37,297.71,SNPP,N,2.0NRT,2.81,314.75
27.2877,73.83897,2026-08-08,2110,n,0.44,SNPP,0.38,291.65,SNPP,N,2.0NRT,1.52,306.61
28.42521,69.70253,2026-08-08,2110,n,0.4,SNPP,0.37,294.84,SNPP,N,2.0NRT,3.12,313.43
26.64085,79.47772,2026-08-08,2110,n,0.59,SNPP,0.53,279.24,SNPP,N,2.0NRT,0.85,304.21
26.6441,79.47943,2026-08-08,2110,n,0.59,SNPP,0.53,278.84,SNPP,N,2.0NRT,1.11,302.9
25.38986,68.58427,2026-08-08,2110,n,0.41000000000000003,SNPP,0.37,295.14,SNPP,N,2.0NRT,0.56,316.63
27.66929,76.13332,2026-08-08,2110,n,0.55,SNPP,0.42,290.4,SNPP,N,2.0NRT,1.49,305.1
25.38646,68.58366,2026-08-08,2110,n,0.41000000000000003,SNPP,0.37,295.02,SNPP,N,2.0NRT,0.56,309.09
27.08046,73.81846,2026-08-08,2110,n,0.44,SNPP,0.38,291.83,SNPP,N,2.0NRT,3.01,306.16
22.93194,69.69582,2026-08-08,2112,n,0.38,SNPP,0.36,293.87,SNPP,N,2.0NRT,1.9100000000000001,309.33
23.26628,70.25836,2026-08-08,2112,n,0.38,SNPP,0.36,294.58,SNPP,N,2.0NRT,1.92,317.52
17.61204,83.20204,2026-08-08,2112,n,0.77,SNPP,0.78,271.15,SNPP,N,2.0NRT,5.14,299.99
17.60958,83.20309,2026-08-08,2112,n,0.78,SNPP,0.78,271.54,SNPP,N,2.0NRT,4.39,306.71
18.9562,73.94472,2026-08-08,2112,n,0.5700000000000001,SNPP,0.43,283.13,SNPP,N,2.0NRT,1.22,306.32
20.90929,71.46087,2026-08-08,2112,n,0.42,SNPP,0.37,293.55,SNPP,N,2.0NRT,2.48,308.1
22.93524,69.69643,2026-08-08,2112,n,0.38,SNPP,0.36,294.08,SNPP,N,2.0NRT,1.9100000000000001,319.89
22.93406,69.70388,2026-08-08,2112,n,0.38,SNPP,0.36,294.25,SNPP,N,2.0NRT,1.88,308.32
23.49982,68.57675,2026-08-08,2112,n,0.4,SNPP,0.37,294.54,SNPP,N,2.0NRT,1.69,307.53
15.18023,76.66703,2026-08-08,2114,n,0.33,SNPP,0.55,275.41,SNPP,N,2.0NRT,0.53,301.02
16.6483,74.31618,2026-08-08,2114,n,0.44,SNPP,0.46,277.96,SNPP,N,2.0NRT,0.58,296.42
15.33485,76.28472,2026-08-08,2114,n,0.62,SNPP,0.54,282.69,SNPP,N,2.0NRT,0.68,298.31
14.93187,78.341,2026-08-08,2114,n,0.43,SNPP,0.62,284.01,SNPP,N,2.0NRT,0.4,300.72
15.18526,76.66817,2026-08-08,2114,n,0.33,SNPP,0.55,274.8,SNPP,N,2.0NRT,0.53,296.14
15.17838,76.67624,2026-08-08,2114,n,0.33,SNPP,0.55,276.35,SNPP,N,2.0NRT,1.0,301.88
15.17765,76.65363,2026-08-08,2114,n,0.33,SNPP,0.55,276.89,SNPP,N,2.0NRT,1.77,315.04
15.17704,76.6567,2026-08-08,2114,n,0.33,SNPP,0.55,275.83,SNPP,N,2.0NRT,0.77,307.58
15.17642,76.65977,2026-08-08,2114,n,0.33,SNPP,0.55,275.25,SNPP,N,2.0NRT,0.77,295.23
15.1377,76.70893,2026-08-08,2114,n,0.33,SNPP,0.56,274.45,SNPP,N,2.0NRT,0.29,295.3
9.75953,77.62386,2026-08-08,2114,n,0.48,SNPP,0.65,261.47,SNPP,N,2.0NRT,0.89,309.37
27.95665,95.6004,2026-08-09,644,l,0.43,SNPP,0.38,302.74,SNPP,D,2.0NRT,9.26,329.31
22.28264,91.77599,2026-08-09,644,n,0.55,SNPP,0.51,290.86,SNPP,D,2.0NRT,3.05,326.7
37.35137,95.86098,2026-08-09,646,n,0.38,SNPP,0.36,314.21,SNPP,D,2.0NRT,4.15,344.92
37.35072,95.85667,2026-08-09,646,l,0.38,SNPP,0.36,312.79,SNPP,D,2.0NRT,4.15,342.53
37.35401,95.8559,2026-08-09,646,l,0.38,SNPP,0.36,314.41,SNPP,D,2.0NRT,4.15,341.97
29.30249,90.7239,2026-08-09,646,n,0.46,SNPP,0.47000000000000003,306.49,SNPP,D,2.0NRT,3.7800000000000002,338.3
29.66758,91.21227,2026-08-09,646,n,0.43,SNPP,0.46,297.9,SNPP,D,2.0NRT,9.59,339.96
29.678,91.13467,2026-08-09,646,n,0.43,SNPP,0.46,301.74,SNPP,D,2.0NRT,2.75,338.91
29.68395,91.14246,2026-08-09,646,n,0.43,SNPP,0.46,303.41,SNPP,D,2.0NRT,3.29,338.62
29.67816,91.13667,2026-08-09,646,n,0.43,SNPP,0.46,300.83,SNPP,D,2.0NRT,5.34,344.64
29.68417,91.14444,2026-08-09,646,n,0.43,SNPP,0.46,303.75,SNPP,D,2.0NRT,5.13,341.13
29.7055,91.12065,2026-08-09,646,n,0.43,SNPP,0.46,302.33,SNPP,D,2.0NRT,3.27,333.05
9.88524,78.29355,2026-08-09,820,n,0.39,SNPP,0.36,295.04,SNPP,D,2.0NRT,19.84,335.89
6.92662,81.673,2026-08-09,820,n,0.49,SNPP,0.41000000000000003,292.61,SNPP,D,2.0NRT,7.72,335.75
7.19186,81.74882,2026-08-09,820,n,0.5,SNPP,0.41000000000000003,295.95,SNPP,D,2.0NRT,6.36,336.07
7.19216,81.75013,2026-08-09,820,n,0.5,SNPP,0.41000000000000003,295.76,SNPP,D,2.0NRT,6.79,332.65
7.24969,81.69533,2026-08-09,820,n,0.5,SNPP,0.41000000000000003,295.63,SNPP,D,2.0NRT,13.0,338.64
7.24903,81.69079,2026-08-09,820,n,0.5,SNPP,0.41000000000000003,290.99,SNPP,D,2.0NRT,4.99,335.64
7.27246,81.6412,2026-08-09,820,n,0.5,SNPP,0.41000000000000003,295.3,SNPP,D,2.0NRT,3.65,332.87
7.47098,81.70876,2026-08-09,820,n,0.5,SNPP,0.41000000000000003,294.69,SNPP,D,2.0NRT,10.18,343.6
7.46565,81.67219,2026-08-09,820,n,0.5,SNPP,0.41000000000000003,293.58,SNPP,D,2.0NRT,3.2800000000000002,334.09
7.44688,81.23547,2026-08-09,820,n,0.48,SNPP,0.4,290.3,SNPP,D,2.0NRT,5.73,338.36
7.44569,81.23631,2026-08-09,820,n,0.48,SNPP,0.4,288.88,SNPP,D,2.0NRT,5.86,342.07
7.54155,80.94489,2026-08-09,820,n,0.46,SNPP,0.39,295.75,SNPP,D,2.0NRT,5.4,334.51
7.5681,80.92384,2026-08-09,820,n,0.46,SNPP,0.39,298.64,SNPP,D,2.0NRT,4.36,333.43
7.65889,81.14084,2026-08-09,820,n,0.47000000000000003,SNPP,0.4,297.74,SNPP,D,2.0NRT,8.06,337.46
7.69441,81.15324,2026-08-09,820,n,0.47000000000000003,SNPP,0.4,297.55,SNPP,D,2.0NRT,3.61,332.53
7.69379,81.14894,2026-08-09,820,n,0.47000000000000003,SNPP,0.4,299.18,SNPP,D,2.0NRT,3.61,337.21
7.69746,81.14842,2026-08-09,820,n,0.47000000000000003,SNPP,0.4,297.71,SNPP,D,2.0NRT,3.61,333.75
7.93397,81.3446,2026-08-09,820,n,0.49,SNPP,0.4,297.31,SNPP,D,2.0NRT,3.25,330.94
8.00115,81.21894,2026-08-09,820,n,0.48,SNPP,0.4,293.96,SNPP,D,2.0NRT,2.61,331.95
8.00548,81.22277,2026-08-09,820,n,0.48,SNPP,0.4,295.5,SNPP,D,2.0NRT,4.29,331.67
8.1039,81.107,2026-08-09,820,n,0.48,SNPP,0.4,292.28,SNPP,D,2.0NRT,4.61,333.36
8.20783,80.57188,2026-08-09,820,n,0.45,SNPP,0.39,291.16,SNPP,D,2.0NRT,3.69,337.75
8.20257,80.4487,2026-08-09,820,n,0.45,SNPP,0.39,286.71,SNPP,D,2.0NRT,4.26,338.59
8.35285,80.79776,2026-08-09,820,n,0.46,SNPP,0.39,298.19,SNPP,D,2.0NRT,8.24,350.02
8.35344,80.7984,2026-08-09,820,n,0.46,SNPP,0.39,297.62,SNPP,D,2.0NRT,9.06,340.16
8.2831,80.20823,2026-08-09,820,n,0.44,SNPP,0.38,291.85,SNPP,D,2.0NRT,8.29,347.16
8.38241,80.6659,2026-08-09,820,n,0.46,SNPP,0.39,288.4,SNPP,D,2.0NRT,8.36,348.52
8.39263,80.66016,2026-08-09,820,n,0.46,SNPP,0.39,289.94,SNPP,D,2.0NRT,12.33,347.48
8.67835,80.37698,2026-08-09,820,n,0.45,SNPP,0.39,283.81,SNPP,D,2.0NRT,5.08,335.78
8.67597,80.36073,2026-08-09,820,n,0.45,SNPP,0.39,287.28,SNPP,D,2.0NRT,3.2800000000000002,339.48
8.712250000000001,80.35955,2026-08-09,820,n,0.45,SNPP,0.39,292.38,SNPP,D,2.0NRT,6.61,339.92
8.71466,80.3596,2026-08-09,820,n,0.45,SNPP,0.39,291.55,SNPP,D,2.0NRT,2.51,331.0
8.73953,80.40584,2026-08-09,820,n,0.45,SNPP,0.39,293.33,SNPP,D,2.0NRT,3.51,332.52
8.86085,80.50182,2026-08-09,820,n,0.45,SNPP,0.39,287.83,SNPP,D,2.0NRT,10.71,347.4
8.87646,80.48267,2026-08-09,820,n,0.45,SNPP,0.39,292.76,SNPP,D,2.0NRT,3.62,332.63
8.90778,77.70798,2026-08-09,820,n,0.38,SNPP,0.36,300.39,SNPP,D,2.0NRT,1.5,331.91
8.89835,78.04342,2026-08-09,820,n,0.39,SNPP,0.36,298.13,SNPP,D,2.0NRT,1.9500000000000002,335.75
9.27793,79.12687,2026-08-09,820,n,0.41000000000000003,SNPP,0.37,300.72,SNPP,D,2.0NRT,6.85,335.7
9.23388,78.68824,2026-08-09,820,n,0.4,SNPP,0.37,298.5,SNPP,D,2.0NRT,2.14,333.0
9.23726,78.68773,2026-08-09,820,n,0.4,SNPP,0.37,299.91,SNPP,D,2.0NRT,2.14,340.37
9.25581,78.76631,2026-08-09,820,n,0.4,SNPP,0.37,297.49,SNPP,D,2.0NRT,2.38,338.32
9.25919,78.76579,2026-08-09,820,n,0.4,SNPP,0.37,296.74,SNPP,D,2.0NRT,1.43,331.52
9.30707,78.76228,2026-08-09,820,n,0.4,SNPP,0.37,300.15,SNPP,D,2.0NRT,1.6400000000000001,334.15
9.64156,80.321,2026-08-09,820,n,0.45,SNPP,0.39,292.17,SNPP,D,2.0NRT,5.12,339.23
9.40249,77.86951,2026-08-09,820,n,0.39,SNPP,0.36,307.92,SNPP,D,2.0NRT,8.77,344.04
9.76124,80.20286,2026-08-09,820,n,0.45,SNPP,0.39,285.06,SNPP,D,2.0NRT,3.86,334.41
9.50695,78.22846,2026-08-09,820,n,0.39,SNPP,0.36,304.76,SNPP,D,2.0NRT,7.49,338.61
9.55556,77.81236,2026-08-09,820,n,0.39,SNPP,0.36,308.12,SNPP,D,2.0NRT,12.87,341.93
9.65162,78.06435,2026-08-09,820,n,0.39,SNPP,0.36,304.25,SNPP,D,2.0NRT,3.22,337.75
9.83043,78.55554,2026-08-09,820,n,0.4,SNPP,0.37,294.59,SNPP,D,2.0NRT,1.9300000000000002,330.15
9.80894,78.38943,2026-08-09,820,n,0.39,SNPP,0.36,302.68,SNPP,D,2.0NRT,2.49,336.39
9.88578,78.29712,2026-08-09,820,n,0.39,SNPP,0.36,298.6,SNPP,D,2.0NRT,19.84,347.52
10.9494,78.43846,2026-08-09,820,n,0.4,SNPP,0.37,302.18,SNPP,D,2.0NRT,2.47,338.87
10.70734,79.56654,2026-08-09,820,n,0.43,SNPP,0.38,273.54,SNPP,D,2.0NRT,16.49,347.98
10.8716,79.0443,2026-08-09,820,n,0.41000000000000003,SNPP,0.37,303.67,SNPP,D,2.0NRT,10.47,352.09
10.96547,78.87568,2026-08-09,820,n,0.41000000000000003,SNPP,0.37,280.52,SNPP,D,2.0NRT,4.12,336.29
6.83105,81.75486,2026-08-09,820,n,0.5,SNPP,0.41000000000000003,286.65,SNPP,D,2.0NRT,3.36,331.89
15.6994,76.64658,2026-08-09,822,n,0.39,SNPP,0.36,300.19,SNPP,D,2.0NRT,4.95,338.0
11.19703,78.23231,2026-08-09,822,n,0.4,SNPP,0.37,302.37,SNPP,D,2.0NRT,5.29,336.41
12.07076,79.81661,2026-08-09,822,n,0.46,SNPP,0.39,297.28,SNPP,D,2.0NRT,4.54,338.9
12.71801,77.46906,2026-08-09,822,n,0.39,SNPP,0.36,298.49,SNPP,D,2.0NRT,8.87,339.87
13.35524,76.1264,2026-08-09,822,n,0.38,SNPP,0.36,298.38,SNPP,D,2.0NRT,2.36,334.62
13.35856,76.12586,2026-08-09,822,n,0.38,SNPP,0.36,294.9,SNPP,D,2.0NRT,2.36,335.1
14.49981,79.59328,2026-08-09,822,n,0.47000000000000003,SNPP,0.4,297.07,SNPP,D,2.0NRT,3.06,337.67
15.26647,79.7698,2026-08-09,822,n,0.49,SNPP,0.4,296.89,SNPP,D,2.0NRT,2.71,336.78
15.05902,77.04708,2026-08-09,822,n,0.39,SNPP,0.36,300.3,SNPP,D,2.0NRT,5.8100000000000005,337.61
15.57389,79.7675,2026-08-09,822,n,0.49,SNPP,0.41000000000000003,298.55,SNPP,D,2.0NRT,3.73,335.75
15.11534,76.20264,2026-08-09,822,n,0.38,SNPP,0.36,298.5,SNPP,D,2.0NRT,4.95,343.73
15.58949,79.25832,2026-08-09,822,n,0.47000000000000003,SNPP,0.39,299.58,SNPP,D,2.0NRT,6.62,343.05
15.94282,77.87696,2026-08-09,822,n,0.41000000000000003,SNPP,0.37,301.75,SNPP,D,2.0NRT,4.61,333.12
15.86068,76.55389,2026-08-09,822,n,0.39,SNPP,0.36,298.79,SNPP,D,2.0NRT,2.2800000000000002,333.95
15.86455,76.55697,2026-08-09,822,n,0.39,SNPP,0.36,300.89,SNPP,D,2.0NRT,2.2800000000000002,336.54
15.86401,76.55335,2026-08-09,822,n,0.39,SNPP,0.36,299.62,SNPP,D,2.0NRT,2.2800000000000002,341.33
16.28229,77.94062,2026-08-09,822,n,0.42,SNPP,0.38,295.16,SNPP,D,2.0NRT,1.82,332.97
16.931820000000002,80.82512,2026-08-09,822,n,0.39,SNPP,0.44,289.57,SNPP,D,2.0NRT,1.8399999999999999,334.89
16.87387,76.99135,2026-08-09,822,n,0.4,SNPP,0.37,295.38,SNPP,D,2.0NRT,1.83,331.58
16.87724,76.99081,2026-08-09,822,n,0.4,SNPP,0.37,295.37,SNPP,D,2.0NRT,3.0,333.41
21.74523,83.8415,2026-08-09,824,l,0.35000000000000003,SNPP,0.5700000000000001,287.79,SNPP,D,2.0NRT,10.2,357.33
21.74558,83.84499,2026-08-09,824,n,0.35000000000000003,SNPP,0.5700000000000001,287.87,SNPP,D,2.0NRT,13.51,348.88
31.53647,70.73714,2026-08-09,826,l,0.39,SNPP,0.36,301.25,SNPP,D,2.0NRT,1.6099999999999999,330.33
30.91877,71.95527,2026-08-09,826,n,0.38,SNPP,0.36,298.62,SNPP,D,2.0NRT,2.3,335.14
30.89644,73.2084,2026-08-09,826,l,0.39,SNPP,0.36,302.55,SNPP,D,2.0NRT,4.04,331.57
30.89251,73.20496,2026-08-09,826,l,0.39,SNPP,0.36,302.12,SNPP,D,2.0NRT,3.85,330.43
30.74251,72.91972,2026-08-09,826,l,0.39,SNPP,0.36,301.36,SNPP,D,2.0NRT,6.66,330.09
30.11512,71.60341,2026-08-09,826,n,0.39,SNPP,0.36,299.13,SNPP,D,2.0NRT,0.77,333.26
34.00609,71.46138,2026-08-09,828,l,0.38,SNPP,0.36,303.53,SNPP,D,2.0NRT,1.22,330.72
29.22542,88.34853,2026-08-09,1910,n,0.55,SNPP,0.68,284.09,SNPP,N,2.0NRT,1.72,300.65
23.72358,86.43977,2026-08-09,1913,n,0.64,SNPP,0.72,283.74,SNPP,N,2.0NRT,3.39,304.84
23.67829,86.09538,2026-08-09,1913,n,0.67,SNPP,0.74,283.72,SNPP,N,2.0NRT,1.6800000000000002,303.21
23.67917,86.08173,2026-08-09,1913,n,0.67,SNPP,0.74,283.66,SNPP,N,2.0NRT,5.35,308.47
23.77668,86.38493,2026-08-09,1913,n,0.65,SNPP,0.73,283.49,SNPP,N,2.0NRT,4.09,303.03
22.36211,87.01589,2026-08-09,1913,n,0.5700000000000001,SNPP,0.6900000000000001,281.24,SNPP,N,2.0NRT,2.38,305.84
23.73755,86.43457,2026-08-09,1913,n,0.64,SNPP,0.72,283.46,SNPP,N,2.0NRT,2.18,301.63
23.77515,86.38584,2026-08-09,1913,n,0.65,SNPP,0.73,283.02,SNPP,N,2.0NRT,5.89,302.55
23.7766,86.36593,2026-08-09,1913,n,0.65,SNPP,0.73,283.33,SNPP,N,2.0NRT,3.79,303.26
23.72545,86.43877,2026-08-09,1913,n,0.64,SNPP,0.72,283.53,SNPP,N,2.0NRT,2.7199999999999998,303.96
23.69268,87.12355,2026-08-09,1913,n,0.58,SNPP,0.7000000000000001,281.23,SNPP,N,2.0NRT,3.42,302.44
22.36856,87.01659,2026-08-09,1913,n,0.5700000000000001,SNPP,0.6900000000000001,281.31,SNPP,N,2.0NRT,1.6,301.8
22.36279,87.01665,2026-08-09,1913,n,0.5700000000000001,SNPP,0.6900000000000001,280.9,SNPP,N,2.0NRT,2.89,310.07
22.78946,86.20515,2026-08-09,1913,n,0.65,SNPP,0.73,281.43,SNPP,N,2.0NRT,3.0,299.41
23.60814,85.67458,2026-08-09,1913,n,0.71,SNPP,0.75,282.98,SNPP,N,2.0NRT,2.14,301.04
23.644190000000002,85.44029,2026-08-09,1913,n,0.74,SNPP,0.76,283.05,SNPP,N,2.0NRT,2.76,303.65
23.65178,85.43373,2026-08-09,1913,n,0.74,SNPP,0.76,282.76,SNPP,N,2.0NRT,2.09,303.24
23.56024,87.23846,2026-08-09,1913,n,0.5700000000000001,SNPP,0.6900000000000001,281.33,SNPP,N,2.0NRT,4.18,307.75
23.61382,86.79093,2026-08-09,1913,n,0.61,SNPP,0.71,283.76,SNPP,N,2.0NRT,1.0,301.45
23.6142,86.78581,2026-08-09,1913,n,0.61,SNPP,0.71,283.27,SNPP,N,2.0NRT,1.0,300.2
23.679,86.08202,2026-08-09,1913,n,0.67,SNPP,0.74,283.37,SNPP,N,2.0NRT,4.5,310.64
29.37353,91.14912,2026-08-09,2051,n,0.65,SNPP,0.73,279.61,SNPP,N,2.0NRT,1.72,296.0
29.37619,91.15083,2026-08-09,2051,n,0.65,SNPP,0.73,280.72,SNPP,N,2.0NRT,2.03,301.85
29.22537,88.34882,2026-08-09,2051,n,0.46,SNPP,0.63,283.11,SNPP,N,2.0NRT,1.23,304.73
29.22488,88.34971,2026-08-09,2051,n,0.46,SNPP,0.63,282.82,SNPP,N,2.0NRT,1.28,305.89
29.47577,76.85696,2026-08-09,2051,n,0.39,SNPP,0.36,287.48,SNPP,N,2.0NRT,0.61,307.79
30.09282,71.3667,2026-08-09,2051,n,0.54,SNPP,0.42,295.21,SNPP,N,2.0NRT,1.08,311.7
28.74297,76.93353,2026-08-09,2051,n,0.39,SNPP,0.36,287.86,SNPP,N,2.0NRT,0.9400000000000001,308.59
28.37205,77.22668,2026-08-09,2051,n,0.39,SNPP,0.36,287.46,SNPP,N,2.0NRT,0.97,305.23
34.15973,77.6091,2026-08-09,2051,n,0.38,SNPP,0.36,284.25,SNPP,N,2.0NRT,0.61,303.4
33.68818,72.70954,2026-08-09,2051,n,0.51,SNPP,0.41000000000000003,293.35,SNPP,N,2.0NRT,3.05,309.12
33.27439,71.58952,2026-08-09,2051,n,0.38,SNPP,0.43,294.71,SNPP,N,2.0NRT,1.04,318.46
33.27035,71.58929,2026-08-09,2051,n,0.38,SNPP,0.43,294.69,SNPP,N,2.0NRT,1.04,316.72
33.27303,71.59341,2026-08-09,2051,n,0.5700000000000001,SNPP,0.43,295.1,SNPP,N,2.0NRT,5.23,316.26
21.98404,83.23331,2026-08-09,2053,n,0.32,SNPP,0.55,286.97,SNPP,N,2.0NRT,0.63,313.26
21.924970000000002,83.3391,2026-08-09,2053,n,0.33,SNPP,0.55,287.43,SNPP,N,2.0NRT,2.5300000000000002,319.32
21.92297,83.34842,2026-08-09,2053,n,0.33,SNPP,0.55,287.4,SNPP,N,2.0NRT,1.99,305.39
21.76745,84.01727,2026-08-09,2053,n,0.36,SNPP,0.5700000000000001,286.56,SNPP,N,2.0NRT,1.45,308.2
21.7667,84.02068,2026-08-09,2053,n,0.36,SNPP,0.5700000000000001,286.49,SNPP,N,2.0NRT,1.45,311.13
21.76148,84.01937,2026-08-09,2053,n,0.36,SNPP,0.5700000000000001,286.62,SNPP,N,2.0NRT,1.97,309.95
21.76073,84.02281,2026-08-09,2053,n,0.36,SNPP,0.5700000000000001,286.79,SNPP,N,2.0NRT,1.1400000000000001,305.64
21.7555,84.02152,2026-08-09,2053,n,0.36,SNPP,0.5700000000000001,286.65,SNPP,N,2.0NRT,1.1400000000000001,304.3
21.75475,84.02496,2026-08-09,2053,n,0.36,SNPP,0.58,286.61,SNPP,N,2.0NRT,1.1400000000000001,311.48
21.77686,83.8248,2026-08-09,2053,n,0.35000000000000003,SNPP,0.5700000000000001,286.71,SNPP,N,2.0NRT,2.22,317.02
21.76645,83.84737,2026-08-09,2053,n,0.35000000000000003,SNPP,0.5700000000000001,284.25,SNPP,N,2.0NRT,0.74,304.54
21.76204,83.84266,2026-08-09,2053,n,0.35000000000000003,SNPP,0.5700000000000001,281.94,SNPP,N,2.0NRT,0.74,302.22
21.75613,83.84473,2026-08-09,2053,n,0.35000000000000003,SNPP,0.5700000000000001,282.29,SNPP,N,2.0NRT,1.57,331.1
21.75689,83.84132,2026-08-09,2053,n,0.35000000000000003,SNPP,0.5700000000000001,282.08,SNPP,N,2.0NRT,1.57,306.24
21.75098,83.84337,2026-08-09,2053,n,0.35000000000000003,SNPP,0.5700000000000001,281.66,SNPP,N,2.0NRT,1.57,321.57
21.75174,83.83995,2026-08-09,2053,n,0.35000000000000003,SNPP,0.5700000000000001,279.99,SNPP,N,2.0NRT,1.57,301.66
21.74584,83.84196,2026-08-09,2053,h,0.35000000000000003,SNPP,0.5700000000000001,282.41,SNPP,N,2.0NRT,4.53,367.0
21.7466,83.83854,2026-08-09,2053,n,0.35000000000000003,SNPP,0.5700000000000001,279.54,SNPP,N,2.0NRT,4.53,303.08
21.74508,83.84539,2026-08-09,2053,n,0.35000000000000003,SNPP,0.5700000000000001,282.25,SNPP,N,2.0NRT,2.07,304.62
21.7407,83.84058,2026-08-09,2053,n,0.35000000000000003,SNPP,0.5700000000000001,281.73,SNPP,N,2.0NRT,4.53,308.79
21.73995,83.84397,2026-08-09,2053,n,0.35000000000000003,SNPP,0.5700000000000001,281.42,SNPP,N,2.0NRT,2.07,303.18
21.69786,84.03272,2026-08-09,2053,n,0.36,SNPP,0.58,286.1,SNPP,N,2.0NRT,0.9500000000000001,300.38
21.7454,83.84225,2026-08-09,2053,h,0.35000000000000003,SNPP,0.5700000000000001,282.45,SNPP,N,2.0NRT,4.43,367.0
21.74613,83.83881,2026-08-09,2053,n,0.35000000000000003,SNPP,0.5700000000000001,279.07,SNPP,N,2.0NRT,4.43,302.67
21.74466,83.84566,2026-08-09,2053,n,0.35000000000000003,SNPP,0.5700000000000001,281.94,SNPP,N,2.0NRT,2.16,304.79
21.74026,83.84083,2026-08-09,2053,n,0.35000000000000003,SNPP,0.5700000000000001,280.66,SNPP,N,2.0NRT,4.43,303.89
21.73952,83.84424,2026-08-09,2053,n,0.35000000000000003,SNPP,0.5700000000000001,279.15,SNPP,N,2.0NRT,2.16,301.74
21.80161,82.04208,2026-08-09,2053,n,0.54,SNPP,0.51,286.53,SNPP,N,2.0NRT,1.46,298.97
20.98613,85.13412,2026-08-09,2053,n,0.44,SNPP,0.62,284.57,SNPP,N,2.0NRT,1.25,307.17
20.97851,85.16796,2026-08-09,2053,n,0.44,SNPP,0.63,284.78,SNPP,N,2.0NRT,2.42,303.53
20.97757,85.17213,2026-08-09,2053,n,0.44,SNPP,0.63,284.05,SNPP,N,2.0NRT,1.67,306.64
20.98047,85.13264,2026-08-09,2053,n,0.44,SNPP,0.62,284.93,SNPP,N,2.0NRT,2.63,309.35
20.97952,85.13689,2026-08-09,2053,n,0.44,SNPP,0.62,284.8,SNPP,N,2.0NRT,2.03,304.81
20.97097,85.17477,2026-08-09,2053,n,0.44,SNPP,0.63,282.96,SNPP,N,2.0NRT,1.6800000000000002,306.12
20.9672,85.16487,2026-08-09,2053,n,0.44,SNPP,0.63,284.02,SNPP,N,2.0NRT,3.5700000000000003,305.74
20.96626,85.16904,2026-08-09,2053,n,0.44,SNPP,0.63,285.1,SNPP,N,2.0NRT,1.6800000000000002,306.44
20.96531,85.17321,2026-08-09,2053,n,0.44,SNPP,0.63,282.73,SNPP,N,2.0NRT,1.6800000000000002,303.02
21.57739,82.02422,2026-08-09,2053,n,0.55,SNPP,0.51,287.59,SNPP,N,2.0NRT,0.74,303.84
21.57567,82.02277,2026-08-09,2053,n,0.55,SNPP,0.51,287.38,SNPP,N,2.0NRT,1.3599999999999999,305.27
20.79585,85.25479,2026-08-09,2053,n,0.45,SNPP,0.63,283.66,SNPP,N,2.0NRT,4.58,322.38
23.31598,70.48666,2026-08-09,2053,n,0.5,SNPP,0.41000000000000003,287.01,SNPP,N,2.0NRT,1.34,304.72
15.17016,76.66847,2026-08-09,2053,n,0.5,SNPP,0.41000000000000003,288.79,SNPP,N,2.0NRT,1.7000000000000002,305.37
23.26503,70.2586,2026-08-09,2053,n,0.52,SNPP,0.41000000000000003,283.85,SNPP,N,2.0NRT,0.45,300.98
21.29874,81.60884,2026-08-09,2053,n,0.52,SNPP,0.5,280.22,SNPP,N,2.0NRT,1.09,301.03
21.18384,81.38453,2026-08-09,2053,n,0.51,SNPP,0.49,287.48,SNPP,N,2.0NRT,2.2800000000000002,308.14
22.93463,69.69802,2026-08-09,2053,n,0.55,SNPP,0.42,292.47,SNPP,N,2.0NRT,1.6099999999999999,308.32
22.33633,69.86706,2026-08-09,2053,n,0.53,SNPP,0.42,276.09,SNPP,N,2.0NRT,0.9400000000000001,296.59
22.41452,69.03976,2026-08-09,2053,n,0.39,SNPP,0.44,291.91,SNPP,N,2.0NRT,2.56,305.86
21.10748,72.64737,2026-08-09,2053,n,0.4,SNPP,0.37,284.79,SNPP,N,2.0NRT,2.5,337.04
21.10862,72.63972,2026-08-09,2053,n,0.4,SNPP,0.37,281.09,SNPP,N,2.0NRT,0.9500000000000001,304.99
21.10805,72.64354,2026-08-09,2053,n,0.4,SNPP,0.37,281.4,SNPP,N,2.0NRT,2.5,305.64
21.10411,72.6468,2026-08-09,2053,n,0.4,SNPP,0.37,281.03,SNPP,N,2.0NRT,2.5,327.81
21.10583,72.63531,2026-08-09,2053,n,0.4,SNPP,0.37,276.58,SNPP,N,2.0NRT,0.9500000000000001,301.51
21.10468,72.64297,2026-08-09,2053,n,0.4,SNPP,0.37,279.26,SNPP,N,2.0NRT,2.5,304.37
21.10246,72.63474,2026-08-09,2053,n,0.4,SNPP,0.37,276.12,SNPP,N,2.0NRT,2.43,334.79
21.10189,72.63857,2026-08-09,2053,n,0.4,SNPP,0.37,277.11,SNPP,N,2.0NRT,2.43,299.87
21.05607,72.85309,2026-08-09,2053,n,0.39,SNPP,0.37,281.79,SNPP,N,2.0NRT,0.73,308.76
21.05272,72.85251,2026-08-09,2053,n,0.39,SNPP,0.37,281.49,SNPP,N,2.0NRT,0.73,305.92
23.55756,87.23849,2026-08-09,2053,n,0.52,SNPP,0.67,283.93,SNPP,N,2.0NRT,6.46,331.11
23.5581,87.23757,2026-08-09,2053,n,0.52,SNPP,0.67,283.53,SNPP,N,2.0NRT,3.94,320.15
23.55688,87.24264,2026-08-09,2053,n,0.52,SNPP,0.67,283.57,SNPP,N,2.0NRT,3.94,319.62
23.70715,86.07474,2026-08-09,2053,n,0.44,SNPP,0.62,285.3,SNPP,N,2.0NRT,1.54,309.27
23.78739,85.55407,2026-08-09,2053,n,0.41000000000000003,SNPP,0.6000000000000001,284.95,SNPP,N,2.0NRT,1.76,304.64
23.78459,85.56609,2026-08-09,2053,n,0.41000000000000003,SNPP,0.61,285.25,SNPP,N,2.0NRT,1.71,303.32
23.69682,85.37211,2026-08-09,2053,n,0.4,SNPP,0.6000000000000001,285.43,SNPP,N,2.0NRT,2.51,312.73
23.69139,85.37067,2026-08-09,2053,n,0.4,SNPP,0.6000000000000001,284.11,SNPP,N,2.0NRT,1.02,301.7
23.6982,85.36979,2026-08-09,2053,n,0.4,SNPP,0.6000000000000001,285.52,SNPP,N,2.0NRT,0.75,304.83
23.69277,85.36834,2026-08-09,2053,n,0.4,SNPP,0.6000000000000001,284.98,SNPP,N,2.0NRT,0.75,301.77
23.69188,85.37228,2026-08-09,2053,n,0.4,SNPP,0.6000000000000001,283.39,SNPP,N,2.0NRT,0.75,300.95
23.68279,85.36151,2026-08-09,2053,n,0.4,SNPP,0.6000000000000001,285.34,SNPP,N,2.0NRT,1.0,303.63
23.82163,84.57192,2026-08-09,2053,n,0.35000000000000003,SNPP,0.5700000000000001,282.73,SNPP,N,2.0NRT,1.6800000000000002,296.02
24.18504,82.65644,2026-08-09,2053,n,0.53,SNPP,0.5,288.06,SNPP,N,2.0NRT,1.5,305.11
24.17704,82.64884,2026-08-09,2053,n,0.53,SNPP,0.5,288.36,SNPP,N,2.0NRT,1.9500000000000002,304.12
24.17747,82.65152,2026-08-09,2053,n,0.53,SNPP,0.5,288.57,SNPP,N,2.0NRT,1.92,309.63
25.94221,72.19034,2026-08-09,2053,n,0.45,SNPP,0.39,251.72,SNPP,N,2.0NRT,0.98,297.05
26.09499,68.87696,2026-08-09,2053,n,0.44,SNPP,0.46,294.85,SNPP,N,2.0NRT,0.93,311.21
22.57261,85.8962,2026-08-09,2053,n,0.45,SNPP,0.63,284.87,SNPP,N,2.0NRT,2.37,315.67
23.5636,87.24025,2026-08-09,2053,n,0.52,SNPP,0.67,283.68,SNPP,N,2.0NRT,3.77,311.73
18.57864,72.24078,2026-08-09,2053,n,0.4,SNPP,0.37,293.14,SNPP,N,2.0NRT,2.83,324.38
18.57529,72.24021,2026-08-09,2053,n,0.4,SNPP,0.37,292.74,SNPP,N,2.0NRT,2.83,312.1
15.3384,76.28057,2026-08-09,2053,n,0.48,SNPP,0.4,282.8,SNPP,N,2.0NRT,1.24,319.07
15.33398,76.28428,2026-08-09,2053,n,0.48,SNPP,0.4,280.59,SNPP,N,2.0NRT,0.61,301.8
15.02215,78.01655,2026-08-09,2053,n,0.4,SNPP,0.44,290.87,SNPP,N,2.0NRT,1.21,309.3
15.332840000000001,76.24754,2026-08-09,2053,n,0.48,SNPP,0.4,286.14,SNPP,N,2.0NRT,0.67,304.58
15.17859,77.10164,2026-08-09,2053,n,0.53,SNPP,0.42,286.08,SNPP,N,2.0NRT,0.93,303.55
15.17477,77.1009,2026-08-09,2053,n,0.53,SNPP,0.42,286.31,SNPP,N,2.0NRT,0.93,304.35
15.22696,76.76333,2026-08-09,2053,n,0.51,SNPP,0.41000000000000003,291.42,SNPP,N,2.0NRT,1.96,317.11
15.18752,76.65742,2026-08-09,2053,n,0.5,SNPP,0.41000000000000003,289.22,SNPP,N,2.0NRT,1.82,305.57
15.18005,76.65598,2026-08-09,2053,n,0.5,SNPP,0.41000000000000003,288.25,SNPP,N,2.0NRT,1.25,305.06
15.176,76.67924,2026-08-09,2053,n,0.5,SNPP,0.41000000000000003,288.93,SNPP,N,2.0NRT,2.26,303.56
15.17357,76.69316,2026-08-09,2053,n,0.5,SNPP,0.41000000000000003,288.66,SNPP,N,2.0NRT,0.9400000000000001,307.58
15.17632,76.65526,2026-08-09,2053,n,0.5,SNPP,0.41000000000000003,289.35,SNPP,N,2.0NRT,1.92,316.1
15.17551,76.65991,2026-08-09,2053,n,0.5,SNPP,0.41000000000000003,288.44,SNPP,N,2.0NRT,1.92,309.43
22.57268,85.89642,2026-08-09,2053,n,0.46,SNPP,0.63,285.1,SNPP,N,2.0NRT,2.38,315.22
25.3894,68.57915,2026-08-09,2053,n,0.45,SNPP,0.47000000000000003,293.58,SNPP,N,2.0NRT,1.3900000000000001,309.02
25.3889,68.5837,2026-08-09,2053,n,0.45,SNPP,0.47000000000000003,293.58,SNPP,N,2.0NRT,1.21,316.63
22.06459,83.70384,2026-08-09,2053,n,0.34,SNPP,0.56,285.57,SNPP,N,2.0NRT,0.62,299.4
22.01604,83.75397,2026-08-09,2053,n,0.34,SNPP,0.56,286.91,SNPP,N,2.0NRT,0.71,302.39
21.96346,83.77216,2026-08-09,2053,n,0.35000000000000003,SNPP,0.56,287.27,SNPP,N,2.0NRT,0.98,306.88
21.96713,83.77322,2026-08-09,2053,n,0.35000000000000003,SNPP,0.56,287.2,SNPP,N,2.0NRT,0.96,306.19
22.04151,83.35121,2026-08-09,2053,n,0.32,SNPP,0.55,287.01,SNPP,N,2.0NRT,0.62,306.0
22.04084,83.35434,2026-08-09,2053,n,0.32,SNPP,0.55,287.39,SNPP,N,2.0NRT,0.62,305.59
22.03652,83.35001,2026-08-09,2053,n,0.32,SNPP,0.55,286.96,SNPP,N,2.0NRT,0.9,309.81
22.03585,83.35313,2026-08-09,2053,n,0.32,SNPP,0.55,287.24,SNPP,N,2.0NRT,0.9,302.69
22.03518,83.35629,2026-08-09,2053,n,0.32,SNPP,0.55,287.39,SNPP,N,2.0NRT,1.37,303.07
22.03383,83.36263,2026-08-09,2053,n,0.32,SNPP,0.55,287.23,SNPP,N,2.0NRT,0.93,302.33
22.03315,83.36578,2026-08-09,2053,n,0.32,SNPP,0.55,287.56,SNPP,N,2.0NRT,0.93,309.35
21.85959,83.96744,2026-08-09,2053,n,0.36,SNPP,0.5700000000000001,286.95,SNPP,N,2.0NRT,0.85,305.11
21.98326,83.23328,2026-08-09,2053,n,0.32,SNPP,0.55,286.98,SNPP,N,2.0NRT,1.54,308.46
21.9223,83.35155,2026-08-09,2053,n,0.33,SNPP,0.55,287.99,SNPP,N,2.0NRT,1.99,327.47
21.36524,81.67861,2026-08-09,2053,n,0.52,SNPP,0.5,287.26,SNPP,N,2.0NRT,1.74,305.57
18.68412,73.03049,2026-08-09,2055,n,0.39,SNPP,0.36,289.69,SNPP,N,2.0NRT,1.37,310.97
20.86897,70.56341,2026-08-09,2055,n,0.47000000000000003,SNPP,0.4,288.58,SNPP,N,2.0NRT,1.22,304.13
18.95695,73.94106,2026-08-09,2055,n,0.38,SNPP,0.36,289.53,SNPP,N,2.0NRT,0.43,304.84
19.17647,70.94337,2026-08-09,2055,n,0.44,SNPP,0.38,289.45,SNPP,N,2.0NRT,2.67,304.83
18.68744,73.03105,2026-08-09,2055,n,0.39,SNPP,0.36,291.63,SNPP,N,2.0NRT,1.37,310.64
9.71063,77.60217,2026-08-09,2055,n,0.46,SNPP,0.47000000000000003,290.09,SNPP,N,2.0NRT,3.01,307.3
9.71142,77.59763,2026-08-09,2055,n,0.46,SNPP,0.47000000000000003,289.48,SNPP,N,2.0NRT,3.01,326.39
9.7151,77.60211,2026-08-09,2055,n,0.46,SNPP,0.47000000000000003,289.84,SNPP,N,2.0NRT,3.01,318.67
9.71592,77.59735,2026-08-09,2055,n,0.46,SNPP,0.47000000000000003,290.27,SNPP,N,2.0NRT,3.01,333.99
9.71963,77.60168,2026-08-09,2055,n,0.46,SNPP,0.47000000000000003,288.83,SNPP,N,2.0NRT,0.8300000000000001,307.9
9.72244,77.61123,2026-08-09,2055,n,0.46,SNPP,0.47000000000000003,289.24,SNPP,N,2.0NRT,3.7800000000000002,314.72
9.72325,77.60651,2026-08-09,2055,n,0.46,SNPP,0.47000000000000003,289.84,SNPP,N,2.0NRT,3.7800000000000002,334.47
9.71238,77.60028,2026-08-09,2055,n,0.46,SNPP,0.47000000000000003,290.56,SNPP,N,2.0NRT,5.68,342.1
9.71691,77.59991,2026-08-09,2055,n,0.46,SNPP,0.47000000000000003,289.49,SNPP,N,2.0NRT,5.68,322.27
9.71971,77.60912,2026-08-09,2055,n,0.46,SNPP,0.47000000000000003,289.45,SNPP,N,2.0NRT,1.92,316.36
9.72057,77.60439,2026-08-09,2055,n,0.46,SNPP,0.47000000000000003,289.69,SNPP,N,2.0NRT,1.92,325.17
9.72415,77.60929,2026-08-09,2055,n,0.46,SNPP,0.47000000000000003,289.29,SNPP,N,2.0NRT,1.92,319.58
9.725,77.60458,2026-08-09,2055,n,0.46,SNPP,0.47000000000000003,288.54,SNPP,N,2.0NRT,1.92,302.41
10.41551,77.10945,2026-08-09,2055,n,0.42,SNPP,0.45,287.16,SNPP,N,2.0NRT,2.55,320.29
23.95202,97.65089,2026-08-10,625,n,0.44,SNPP,0.46,291.73,SNPP,D,2.0NRT,3.55,328.56
25.23627,97.25916,2026-08-10,625,n,0.44,SNPP,0.46,292.39,SNPP,D,2.0NRT,2.92,327.99
27.264780000000002,97.50578,2026-08-10,627,n,0.39,SNPP,0.44,294.46,SNPP,D,2.0NRT,1.65,326.33
6.11241,81.09345,2026-08-10,758,n,0.41000000000000003,SNPP,0.37,298.34,SNPP,D,2.0NRT,4.57,339.02
6.23674,80.99846,2026-08-10,758,n,0.41000000000000003,SNPP,0.37,300.13,SNPP,D,2.0NRT,5.44,335.42
6.75074,81.74324,2026-08-10,758,n,0.39,SNPP,0.36,290.31,SNPP,D,2.0NRT,10.85,354.65
8.66093,81.11579,2026-08-10,801,l,0.39,SNPP,0.37,299.71,SNPP,D,2.0NRT,3.44,330.25
8.56523,80.44241,2026-08-10,801,n,0.41000000000000003,SNPP,0.37,300.39,SNPP,D,2.0NRT,5.48,340.41
8.58914,80.54917,2026-08-10,801,l,0.41000000000000003,SNPP,0.37,301.95,SNPP,D,2.0NRT,7.15,345.35
8.65186,80.48193,2026-08-10,801,n,0.41000000000000003,SNPP,0.37,303.0,SNPP,D,2.0NRT,6.71,339.28
8.68488,80.46899,2026-08-10,801,l,0.41000000000000003,SNPP,0.37,300.72,SNPP,D,2.0NRT,4.33,334.26
8.678840000000001,80.29721,2026-08-10,801,n,0.42,SNPP,0.37,297.9,SNPP,D,2.0NRT,2.98,335.32
8.84993,80.89687,2026-08-10,801,l,0.4,SNPP,0.37,302.86,SNPP,D,2.0NRT,5.9,333.39
8.86749,80.58756,2026-08-10,801,l,0.41000000000000003,SNPP,0.37,298.83,SNPP,D,2.0NRT,3.17,334.47
8.86692,80.58389,2026-08-10,801,l,0.41000000000000003,SNPP,0.37,298.86,SNPP,D,2.0NRT,3.17,337.39
8.66499,77.87334,2026-08-10,801,n,0.54,SNPP,0.42,301.71,SNPP,D,2.0NRT,6.53,340.85
9.1559,80.68771,2026-08-10,801,l,0.4,SNPP,0.37,301.25,SNPP,D,2.0NRT,6.05,337.55
8.74038,77.72398,2026-08-10,801,n,0.55,SNPP,0.43,301.52,SNPP,D,2.0NRT,2.94,332.77
9.11507,77.54341,2026-08-10,801,n,0.55,SNPP,0.43,301.99,SNPP,D,2.0NRT,5.08,346.35
9.42565,78.80767,2026-08-10,801,l,0.47000000000000003,SNPP,0.4,299.57,SNPP,D,2.0NRT,8.7,336.8
9.53488,78.5205,2026-08-10,801,l,0.48,SNPP,0.4,300.86,SNPP,D,2.0NRT,2.49,330.49
9.65848,78.09887,2026-08-10,801,n,0.51,SNPP,0.41000000000000003,304.93,SNPP,D,2.0NRT,5.64,336.36
9.65751,78.09645,2026-08-10,801,n,0.51,SNPP,0.41000000000000003,304.84,SNPP,D,2.0NRT,4.57,338.99
9.70958,77.59943,2026-08-10,801,n,0.54,SNPP,0.42,295.83,SNPP,D,2.0NRT,6.59,339.29
9.67706,77.40768,2026-08-10,801,n,0.55,SNPP,0.43,300.22,SNPP,D,2.0NRT,27.78,353.93
9.90223,78.1714,2026-08-10,801,n,0.5,SNPP,0.41000000000000003,302.49,SNPP,D,2.0NRT,2.8,335.02
10.007,78.03323,2026-08-10,801,n,0.51,SNPP,0.41000000000000003,303.39,SNPP,D,2.0NRT,19.23,355.73
10.40051,79.41708,2026-08-10,801,n,0.43,SNPP,0.38,298.99,SNPP,D,2.0NRT,8.13,346.89
11.73288,79.25768,2026-08-10,801,n,0.43,SNPP,0.38,303.89,SNPP,D,2.0NRT,6.5600000000000005,339.42
12.09698,79.78356,2026-08-10,801,n,0.41000000000000003,SNPP,0.37,296.78,SNPP,D,2.0NRT,8.28,346.95
12.56739,76.95238,2026-08-10,801,n,0.54,SNPP,0.42,296.74,SNPP,D,2.0NRT,6.39,341.37
14.25999,80.11745,2026-08-10,801,l,0.39,SNPP,0.36,303.7,SNPP,D,2.0NRT,7.87,337.94
13.99028,79.82359,2026-08-10,801,n,0.4,SNPP,0.37,302.37,SNPP,D,2.0NRT,9.45,345.75
7.24348,81.25483,2026-08-10,801,l,0.4,SNPP,0.37,298.08,SNPP,D,2.0NRT,4.29,333.67
7.33924,81.19566,2026-08-10,801,l,0.4,SNPP,0.37,303.28,SNPP,D,2.0NRT,7.25,330.99
8.2479,80.687,2026-08-10,801,l,0.41000000000000003,SNPP,0.37,299.67,SNPP,D,2.0NRT,2.23,331.95
8.28735,80.1686,2026-08-10,801,n,0.42,SNPP,0.38,298.45,SNPP,D,2.0NRT,5.09,334.38
8.50113,80.65372,2026-08-10,801,l,0.41000000000000003,SNPP,0.37,300.46,SNPP,D,2.0NRT,1.56,331.8
8.56684,80.65114,2026-08-10,801,l,0.41000000000000003,SNPP,0.37,301.56,SNPP,D,2.0NRT,6.16,332.25
19.81181,79.30586,2026-08-10,803,n,0.38,SNPP,0.36,298.76,SNPP,D,2.0NRT,1.52,333.62
14.61157,79.57929,2026-08-10,803,l,0.4,SNPP,0.37,301.41,SNPP,D,2.0NRT,3.22,331.31
14.41773,77.48374,2026-08-10,803,l,0.47000000000000003,SNPP,0.4,299.27,SNPP,D,2.0NRT,4.22,336.38
14.78313,77.36995,2026-08-10,803,l,0.48,SNPP,0.4,295.22,SNPP,D,2.0NRT,5.15,333.51
15.17701,79.4042,2026-08-10,803,l,0.4,SNPP,0.37,303.39,SNPP,D,2.0NRT,3.8,335.91
15.29744,79.91622,2026-08-10,803,l,0.39,SNPP,0.36,304.21,SNPP,D,2.0NRT,6.41,336.62
15.31481,79.78688,2026-08-10,803,l,0.39,SNPP,0.36,306.18,SNPP,D,2.0NRT,7.27,339.73
15.66939,80.24091,2026-08-10,803,n,0.39,SNPP,0.36,307.19,SNPP,D,2.0NRT,26.37,340.92
15.73965,76.86564,2026-08-10,803,n,0.49,SNPP,0.4,298.41,SNPP,D,2.0NRT,6.36,333.53
16.6777,79.28349,2026-08-10,803,l,0.39,SNPP,0.36,301.38,SNPP,D,2.0NRT,3.93,334.32
17.95901,80.79624,2026-08-10,803,n,0.39,SNPP,0.36,300.21,SNPP,D,2.0NRT,2.8200000000000003,331.58
24.96334,68.29653,2026-08-10,805,h,0.36,SNPP,0.58,291.98,SNPP,D,2.0NRT,7.01,367.0
27.41576,68.69434,2026-08-10,807,l,0.61,SNPP,0.53,305.29,SNPP,D,2.0NRT,11.3,330.47
29.47674,71.57613,2026-08-10,807,n,0.5700000000000001,SNPP,0.43,296.5,SNPP,D,2.0NRT,1.9500000000000002,333.68
29.87585,72.1666,2026-08-10,807,n,0.53,SNPP,0.42,297.6,SNPP,D,2.0NRT,2.0,330.63
29.75784,71.19679,2026-08-10,807,n,0.39,SNPP,0.44,299.6,SNPP,D,2.0NRT,4.14,341.31
29.80911,71.22158,2026-08-10,807,n,0.39,SNPP,0.44,299.48,SNPP,D,2.0NRT,0.9500000000000001,330.73
30.44198,72.03133,2026-08-10,807,n,0.52,SNPP,0.42,299.0,SNPP,D,2.0NRT,2.14,331.4
30.6178,72.00645,2026-08-10,807,n,0.52,SNPP,0.42,299.11,SNPP,D,2.0NRT,1.87,331.22
30.66452,72.10686,2026-08-10,807,n,0.52,SNPP,0.41000000000000003,298.45,SNPP,D,2.0NRT,4.7,334.89
30.66344,72.10561,2026-08-10,807,n,0.51,SNPP,0.41000000000000003,298.6,SNPP,D,2.0NRT,3.42,336.39
30.6663,71.79234,2026-08-10,807,n,0.53,SNPP,0.42,300.0,SNPP,D,2.0NRT,2.69,332.62
30.74711,71.97482,2026-08-10,807,n,0.52,SNPP,0.42,298.49,SNPP,D,2.0NRT,3.62,330.13
30.82264,71.89292,2026-08-10,807,n,0.52,SNPP,0.42,298.75,SNPP,D,2.0NRT,5.59,342.09
30.92426,71.95514,2026-08-10,807,n,0.52,SNPP,0.41000000000000003,298.26,SNPP,D,2.0NRT,6.69,344.23
30.93043,71.92529,2026-08-10,807,n,0.52,SNPP,0.42,298.77,SNPP,D,2.0NRT,6.31,334.04
30.93421,71.92432,2026-08-10,807,n,0.52,SNPP,0.42,298.79,SNPP,D,2.0NRT,6.31,334.6
31.03724,70.81618,2026-08-10,807,l,0.39,SNPP,0.44,304.12,SNPP,D,2.0NRT,4.71,331.0
30.97559,70.80282,2026-08-10,807,l,0.39,SNPP,0.44,304.99,SNPP,D,2.0NRT,7.21,330.49
29.26117,91.92243,2026-08-10,1849,n,0.65,SNPP,0.73,280.17,SNPP,N,2.0NRT,2.96,300.93
30.06718,96.97577,2026-08-10,1849,n,0.33,SNPP,0.55,284.24,SNPP,N,2.0NRT,1.16,298.83
27.31815,95.26571,2026-08-10,1851,n,0.39,SNPP,0.59,288.23,SNPP,N,2.0NRT,1.48,306.66
27.22307,95.34376,2026-08-10,1851,n,0.38,SNPP,0.59,288.42,SNPP,N,2.0NRT,0.8,308.54
27.22299,95.34394,2026-08-10,1851,n,0.38,SNPP,0.59,288.14,SNPP,N,2.0NRT,1.19,307.29
27.46151,95.47781,2026-08-10,1851,n,0.38,SNPP,0.59,285.79,SNPP,N,2.0NRT,2.14,305.79
26.77199,94.50657,2026-08-10,1851,n,0.43,SNPP,0.62,287.31,SNPP,N,2.0NRT,3.63,307.07
35.99197,94.82977,2026-08-10,2027,n,0.39,SNPP,0.59,282.93,SNPP,N,2.0NRT,1.0,300.52
35.99315,94.82987,2026-08-10,2027,n,0.39,SNPP,0.59,281.78,SNPP,N,2.0NRT,0.76,295.44
37.34717,97.4121,2026-08-10,2027,n,0.49,SNPP,0.65,284.66,SNPP,N,2.0NRT,1.11,295.35
35.96609,68.6862,2026-08-10,2029,n,0.55,SNPP,0.68,290.08,SNPP,N,2.0NRT,2.5700000000000003,303.69
33.40569,71.93793,2026-08-10,2029,n,0.34,SNPP,0.56,292.13,SNPP,N,2.0NRT,0.51,307.04
23.75578,85.85191,2026-08-10,2032,n,0.44,SNPP,0.46,290.47,SNPP,N,2.0NRT,5.25,315.07
23.78816,85.55405,2026-08-10,2032,n,0.42,SNPP,0.45,289.81,SNPP,N,2.0NRT,1.27,308.19
29.26332,91.92432,2026-08-10,2032,n,0.39,SNPP,0.59,283.89,SNPP,N,2.0NRT,1.32,305.14
29.37813,91.15085,2026-08-10,2032,n,0.35000000000000003,SNPP,0.5700000000000001,281.64,SNPP,N,2.0NRT,0.76,305.5
23.74609,85.50594,2026-08-10,2032,n,0.42,SNPP,0.45,289.89,SNPP,N,2.0NRT,0.92,304.91
23.78002,85.57363,2026-08-10,2032,n,0.42,SNPP,0.45,290.36,SNPP,N,2.0NRT,2.75,308.17
23.78163,85.56542,2026-08-10,2032,n,0.42,SNPP,0.45,289.95,SNPP,N,2.0NRT,1.44,310.99
29.22212,88.35135,2026-08-10,2032,n,0.48,SNPP,0.48,281.25,SNPP,N,2.0NRT,0.68,295.74
23.76469,86.40427,2026-08-10,2032,n,0.47000000000000003,SNPP,0.48,282.6,SNPP,N,2.0NRT,1.8,304.0
23.74069,86.43222,2026-08-10,2032,n,0.47000000000000003,SNPP,0.48,285.19,SNPP,N,2.0NRT,1.6,303.33
23.73635,86.43119,2026-08-10,2032,n,0.47000000000000003,SNPP,0.48,283.53,SNPP,N,2.0NRT,1.6,309.38
23.74017,86.43353,2026-08-10,2032,n,0.47000000000000003,SNPP,0.48,284.99,SNPP,N,2.0NRT,1.47,305.53
23.71038,86.44572,2026-08-10,2032,n,0.47000000000000003,SNPP,0.48,283.23,SNPP,N,2.0NRT,0.96,303.13
23.73582,86.4325,2026-08-10,2032,n,0.47000000000000003,SNPP,0.48,284.03,SNPP,N,2.0NRT,1.47,307.8
23.6797,86.39513,2026-08-10,2032,n,0.47000000000000003,SNPP,0.48,282.86,SNPP,N,2.0NRT,1.54,304.13
23.67876,86.3997,2026-08-10,2032,n,0.47000000000000003,SNPP,0.48,283.07,SNPP,N,2.0NRT,1.54,302.17
23.75876,85.85487,2026-08-10,2032,n,0.44,SNPP,0.46,289.0,SNPP,N,2.0NRT,2.36,306.85
23.75457,85.85389,2026-08-10,2032,n,0.44,SNPP,0.46,290.0,SNPP,N,2.0NRT,2.36,308.66
23.82257,85.49671,2026-08-10,2032,n,0.42,SNPP,0.45,290.96,SNPP,N,2.0NRT,1.94,308.19
23.82469,85.49886,2026-08-10,2032,n,0.42,SNPP,0.45,290.74,SNPP,N,2.0NRT,2.63,307.93
23.69617,85.29114,2026-08-10,2034,n,0.41000000000000003,SNPP,0.45,289.32,SNPP,N,2.0NRT,1.31,313.71
18.715980000000002,79.53969,2026-08-10,2034,n,0.4,SNPP,0.37,289.3,SNPP,N,2.0NRT,1.6,307.68
18.71994,79.53657,2026-08-10,2034,n,0.4,SNPP,0.37,289.56,SNPP,N,2.0NRT,1.69,309.87
19.96435,79.33541,2026-08-10,2034,n,0.39,SNPP,0.36,289.41,SNPP,N,2.0NRT,1.08,308.94
20.86358,84.98724,2026-08-10,2034,n,0.44,SNPP,0.46,285.82,SNPP,N,2.0NRT,2.21,310.48
20.86698,84.99238,2026-08-10,2034,n,0.44,SNPP,0.46,286.46,SNPP,N,2.0NRT,2.35,305.69
20.86225,84.98945,2026-08-10,2034,n,0.44,SNPP,0.46,286.36,SNPP,N,2.0NRT,3.24,303.1
20.86561,84.9946,2026-08-10,2034,n,0.44,SNPP,0.46,286.6,SNPP,N,2.0NRT,2.5700000000000003,308.58
22.79967,86.0918,2026-08-10,2034,n,0.47000000000000003,SNPP,0.48,284.01,SNPP,N,2.0NRT,2.5,312.26
22.79259,86.1953,2026-08-10,2034,n,0.48,SNPP,0.48,282.34,SNPP,N,2.0NRT,2.71,306.0
22.87322,86.06417,2026-08-10,2034,n,0.47000000000000003,SNPP,0.47000000000000003,286.43,SNPP,N,2.0NRT,1.81,311.97
25.38742,68.58064,2026-08-10,2034,n,0.45,SNPP,0.63,283.9,SNPP,N,2.0NRT,1.6400000000000001,317.53
23.71813,85.00859,2026-08-10,2034,n,0.39,SNPP,0.44,288.6,SNPP,N,2.0NRT,0.65,304.69
23.72211,85.0095,2026-08-10,2034,n,0.39,SNPP,0.44,288.82,SNPP,N,2.0NRT,0.65,304.33
23.73483,85.00838,2026-08-10,2034,n,0.39,SNPP,0.44,289.21,SNPP,N,2.0NRT,0.8,303.67
23.73657,85.02082,2026-08-10,2034,n,0.39,SNPP,0.44,289.07,SNPP,N,2.0NRT,1.07,306.38
23.73882,85.00931,2026-08-10,2034,n,0.39,SNPP,0.44,289.03,SNPP,N,2.0NRT,1.47,304.21
23.69358,85.36925,2026-08-10,2034,n,0.41000000000000003,SNPP,0.45,289.53,SNPP,N,2.0NRT,1.3,320.89
23.69766,85.37018,2026-08-10,2034,n,0.41000000000000003,SNPP,0.45,289.46,SNPP,N,2.0NRT,1.3,304.92
9.90036,77.68868,2026-08-10,2038,n,0.4,SNPP,0.37,290.67,SNPP,N,2.0NRT,2.83,330.49
9.89699,77.68813,2026-08-10,2038,n,0.4,SNPP,0.37,290.67,SNPP,N,2.0NRT,2.01,321.31
9.20653,77.49845,2026-08-10,2038,n,0.4,SNPP,0.37,293.23,SNPP,N,2.0NRT,1.56,310.68
8.69899,78.05886,2026-08-10,2038,n,0.42,SNPP,0.38,293.48,SNPP,N,2.0NRT,1.16,316.48
8.29562,80.34652,2026-08-10,2038,n,0.54,SNPP,0.42,291.09,SNPP,N,2.0NRT,2.86,320.93
7.38877,81.22155,2026-08-10,2038,n,0.42,SNPP,0.45,284.24,SNPP,N,2.0NRT,6.13,339.66
7.36113,80.89506,2026-08-10,2038,n,0.4,SNPP,0.45,288.27,SNPP,N,2.0NRT,1.04,307.16
6.86747,81.55627,2026-08-10,2038,n,0.45,SNPP,0.47000000000000003,284.61,SNPP,N,2.0NRT,1.3900000000000001,307.5
9.72326,77.61427,2026-08-10,2038,n,0.4,SNPP,0.37,290.64,SNPP,N,2.0NRT,0.32,303.75
9.71671,77.59083,2026-08-10,2038,n,0.4,SNPP,0.37,290.88,SNPP,N,2.0NRT,1.08,305.73
9.70653,77.58966,2026-08-10,2038,n,0.4,SNPP,0.37,292.62,SNPP,N,2.0NRT,1.6099999999999999,309.63
9.28078,77.39169,2026-08-10,2038,n,0.4,SNPP,0.37,291.78,SNPP,N,2.0NRT,2.94,329.87
9.70315,77.58917,2026-08-10,2038,n,0.4,SNPP,0.37,294.0,SNPP,N,2.0NRT,6.37,344.88
9.53022,77.44653,2026-08-10,2038,n,0.4,SNPP,0.37,294.87,SNPP,N,2.0NRT,3.14,342.64
9.52966,77.44995,2026-08-10,2038,n,0.4,SNPP,0.37,293.68,SNPP,N,2.0NRT,3.14,337.96
9.52627,77.44958,2026-08-10,2038,n,0.4,SNPP,0.37,292.59,SNPP,N,2.0NRT,3.14,320.1
9.52684,77.44609,2026-08-10,2038,n,0.4,SNPP,0.37,293.58,SNPP,N,2.0NRT,3.14,315.95
34.44133,71.02061,2026-08-10,2210,n,0.51,SNPP,0.66,288.94,SNPP,N,2.0NRT,1.53,302.32
35.96784,68.68665,2026-08-10,2210,n,0.35000000000000003,SNPP,0.5700000000000001,288.39,SNPP,N,2.0NRT,1.4100000000000001,302.47
28.06321,95.35553,2026-08-11,608,n,0.47000000000000003,SNPP,0.64,293.7,SNPP,D,2.0NRT,4.22,327.28
37.35823,97.43069,2026-08-11,610,l,0.45,SNPP,0.47000000000000003,310.56,SNPP,D,2.0NRT,3.69,336.87
7.90745,81.47761,2026-08-11,741,n,0.43,SNPP,0.46,288.44,SNPP,D,2.0NRT,1.57,332.43
6.37665,81.13255,2026-08-11,741,n,0.48,SNPP,0.48,288.76,SNPP,D,2.0NRT,4.36,329.86
6.65509,81.18199,2026-08-11,741,n,0.47000000000000003,SNPP,0.48,297.2,SNPP,D,2.0NRT,3.37,332.54
6.6595,81.18127,2026-08-11,741,n,0.47000000000000003,SNPP,0.48,294.78,SNPP,D,2.0NRT,3.37,334.1
6.7003900000000005,81.40369,2026-08-11,741,n,0.46,SNPP,0.47000000000000003,294.81,SNPP,D,2.0NRT,6.7,331.46
6.68748,81.3247,2026-08-11,741,n,0.46,SNPP,0.47000000000000003,295.91,SNPP,D,2.0NRT,11.45,344.69
6.65942,81.1833,2026-08-11,741,n,0.47000000000000003,SNPP,0.48,295.17,SNPP,D,2.0NRT,5.83,341.39
6.68776,81.32225,2026-08-11,741,n,0.46,SNPP,0.47000000000000003,295.01,SNPP,D,2.0NRT,4.67,341.77
6.7392,81.33511,2026-08-11,741,n,0.46,SNPP,0.47000000000000003,295.0,SNPP,D,2.0NRT,3.63,336.69
6.76589,81.44145,2026-08-11,741,n,0.45,SNPP,0.47000000000000003,293.71,SNPP,D,2.0NRT,2.06,334.51
6.73881,81.27922,2026-08-11,741,n,0.46,SNPP,0.47000000000000003,295.47,SNPP,D,2.0NRT,3.35,331.02
6.75822,81.31496,2026-08-11,741,n,0.46,SNPP,0.47000000000000003,294.47,SNPP,D,2.0NRT,2.7,334.62
6.82637,81.59361,2026-08-11,741,n,0.44,SNPP,0.46,297.88,SNPP,D,2.0NRT,19.63,343.07
6.8257,81.58957,2026-08-11,741,n,0.44,SNPP,0.46,297.74,SNPP,D,2.0NRT,19.63,340.34
6.83064,81.59292,2026-08-11,741,n,0.44,SNPP,0.46,295.03,SNPP,D,2.0NRT,4.59,332.16
6.90791,81.62111,2026-08-11,741,n,0.44,SNPP,0.46,294.65,SNPP,D,2.0NRT,3.99,335.65
6.90725,81.61715,2026-08-11,741,n,0.44,SNPP,0.46,296.69,SNPP,D,2.0NRT,3.99,336.73
6.91217,81.62042,2026-08-11,741,n,0.44,SNPP,0.46,295.45,SNPP,D,2.0NRT,3.99,330.19
6.96316,81.59194,2026-08-11,741,n,0.44,SNPP,0.46,296.68,SNPP,D,2.0NRT,4.5600000000000005,330.07
6.96249,81.588,2026-08-11,741,n,0.44,SNPP,0.46,295.85,SNPP,D,2.0NRT,2.43,332.65
6.96741,81.59118,2026-08-11,741,n,0.44,SNPP,0.46,296.17,SNPP,D,2.0NRT,7.47,348.3
7.14803,81.09077,2026-08-11,741,n,0.47000000000000003,SNPP,0.48,290.13,SNPP,D,2.0NRT,2.03,330.98
7.3861,81.2234,2026-08-11,741,n,0.46,SNPP,0.47000000000000003,294.12,SNPP,D,2.0NRT,8.58,342.56
7.40687,81.32104,2026-08-11,741,n,0.45,SNPP,0.47000000000000003,290.73,SNPP,D,2.0NRT,3.62,336.07
7.39043,81.22261,2026-08-11,741,n,0.46,SNPP,0.47000000000000003,294.26,SNPP,D,2.0NRT,9.55,342.94
7.41117,81.32027,2026-08-11,741,n,0.45,SNPP,0.47000000000000003,291.15,SNPP,D,2.0NRT,3.62,333.42
7.3888300000000005,81.13251,2026-08-11,741,n,0.46,SNPP,0.47000000000000003,293.69,SNPP,D,2.0NRT,1.43,337.3
7.42013,81.15775,2026-08-11,741,n,0.46,SNPP,0.47000000000000003,290.39,SNPP,D,2.0NRT,3.02,333.81
7.42813,81.15214,2026-08-11,741,n,0.46,SNPP,0.47000000000000003,290.29,SNPP,D,2.0NRT,5.09,329.51
7.47229,81.30639,2026-08-11,741,n,0.45,SNPP,0.47000000000000003,290.21,SNPP,D,2.0NRT,3.51,335.81
7.65809,81.07646,2026-08-11,741,n,0.46,SNPP,0.47000000000000003,283.5,SNPP,D,2.0NRT,5.39,340.34
7.76478,80.79965,2026-08-11,741,n,0.48,SNPP,0.48,288.86,SNPP,D,2.0NRT,6.5,343.36
7.89212,81.48428,2026-08-11,741,n,0.43,SNPP,0.46,288.13,SNPP,D,2.0NRT,2.25,330.24
7.89147,81.48035,2026-08-11,741,n,0.43,SNPP,0.46,287.78,SNPP,D,2.0NRT,2.25,333.41
8.0036,81.25312,2026-08-11,741,n,0.45,SNPP,0.47000000000000003,289.99,SNPP,D,2.0NRT,9.78,343.11
8.09114,81.10897,2026-08-11,741,n,0.45,SNPP,0.47000000000000003,279.84,SNPP,D,2.0NRT,5.24,334.11
8.37599,80.77338,2026-08-11,741,n,0.47000000000000003,SNPP,0.48,284.65,SNPP,D,2.0NRT,3.98,327.7
8.84146,80.9937,2026-08-11,741,n,0.45,SNPP,0.47000000000000003,268.98,SNPP,D,2.0NRT,4.82,332.16
9.16179,77.91492,2026-08-11,741,n,0.36,SNPP,0.5700000000000001,272.28,SNPP,D,2.0NRT,3.5300000000000002,341.92
10.93614,78.50137,2026-08-11,744,n,0.61,SNPP,0.53,295.06,SNPP,D,2.0NRT,7.51,334.18
10.83465,78.6193,2026-08-11,744,n,0.6000000000000001,SNPP,0.53,288.36,SNPP,D,2.0NRT,11.21,340.31
10.93295,78.50113,2026-08-11,744,n,0.6000000000000001,SNPP,0.53,295.8,SNPP,D,2.0NRT,2.47,335.0
11.65238,79.1266,2026-08-11,744,n,0.53,SNPP,0.5,291.4,SNPP,D,2.0NRT,9.66,341.69
12.29835,78.21772,2026-08-11,744,n,0.6000000000000001,SNPP,0.53,295.98,SNPP,D,2.0NRT,3.83,331.88
13.35804,80.23712,2026-08-11,744,n,0.42,SNPP,0.46,298.49,SNPP,D,2.0NRT,4.38,330.27
13.36924,80.1537,2026-08-11,744,n,0.43,SNPP,0.46,296.81,SNPP,D,2.0NRT,1.87,333.26
13.46839,79.86543,2026-08-11,744,n,0.45,SNPP,0.47000000000000003,297.42,SNPP,D,2.0NRT,5.22,330.21
14.28755,77.5889,2026-08-11,744,n,0.61,SNPP,0.53,295.76,SNPP,D,2.0NRT,8.36,332.14
14.65185,79.52352,2026-08-11,744,n,0.45,SNPP,0.47000000000000003,299.11,SNPP,D,2.0NRT,4.74,335.67
14.20572,76.8857,2026-08-11,744,n,0.34,SNPP,0.56,295.27,SNPP,D,2.0NRT,2.48,333.73
14.72405,79.54469,2026-08-11,744,n,0.45,SNPP,0.47000000000000003,297.26,SNPP,D,2.0NRT,2.55,336.35
14.79489,79.71674,2026-08-11,744,n,0.43,SNPP,0.46,301.17,SNPP,D,2.0NRT,2.24,341.48
14.8896,79.33846,2026-08-11,744,n,0.46,SNPP,0.47000000000000003,300.12,SNPP,D,2.0NRT,3.12,330.6
14.8567,76.95497,2026-08-11,744,n,0.33,SNPP,0.55,296.43,SNPP,D,2.0NRT,3.81,347.51
14.85612,76.95194,2026-08-11,744,n,0.33,SNPP,0.55,295.53,SNPP,D,2.0NRT,3.81,333.96
14.92106,76.83829,2026-08-11,744,n,0.33,SNPP,0.55,295.04,SNPP,D,2.0NRT,3.24,333.55
15.56061,79.96441,2026-08-11,744,n,0.41000000000000003,SNPP,0.45,299.56,SNPP,D,2.0NRT,3.18,331.98
15.50542,79.54381,2026-08-11,744,n,0.43,SNPP,0.46,302.44,SNPP,D,2.0NRT,1.58,333.42
15.28784,78.3216,2026-08-11,744,n,0.52,SNPP,0.5,299.14,SNPP,D,2.0NRT,5.03,333.38
15.61035,79.47829,2026-08-11,744,n,0.43,SNPP,0.46,300.29,SNPP,D,2.0NRT,2.44,333.92
15.74237,79.7478,2026-08-11,744,h,0.42,SNPP,0.45,301.79,SNPP,D,2.0NRT,13.35,367.0
15.82722,80.0759,2026-08-11,744,n,0.4,SNPP,0.44,299.81,SNPP,D,2.0NRT,3.41,337.76
15.76487,79.08978,2026-08-11,744,n,0.46,SNPP,0.47000000000000003,300.82,SNPP,D,2.0NRT,4.03,335.82
16.18703,79.21886,2026-08-11,744,n,0.44,SNPP,0.46,298.18,SNPP,D,2.0NRT,5.58,341.68
16.19199,79.22189,2026-08-11,744,n,0.44,SNPP,0.46,298.02,SNPP,D,2.0NRT,3.79,337.02
16.1912,79.21764,2026-08-11,744,n,0.44,SNPP,0.46,298.91,SNPP,D,2.0NRT,3.79,333.73
16.58509,80.65373,2026-08-11,744,n,0.54,SNPP,0.42,296.0,SNPP,D,2.0NRT,9.49,351.25
17.03344,80.86896,2026-08-11,744,n,0.52,SNPP,0.41000000000000003,297.1,SNPP,D,2.0NRT,3.2,330.45
17.14975,80.77999,2026-08-11,744,n,0.52,SNPP,0.41000000000000003,296.25,SNPP,D,2.0NRT,6.13,336.15
17.07935,79.29828,2026-08-11,744,n,0.42,SNPP,0.45,293.19,SNPP,D,2.0NRT,4.78,343.28
23.67661,86.40046,2026-08-11,746,n,0.44,SNPP,0.38,299.61,SNPP,D,2.0NRT,5.3,339.43
23.67603,86.39613,2026-08-11,746,n,0.44,SNPP,0.38,297.42,SNPP,D,2.0NRT,5.3,332.7
23.68312,86.39497,2026-08-11,746,n,0.44,SNPP,0.38,297.42,SNPP,D,2.0NRT,8.3,337.76
23.68666,86.39442,2026-08-11,746,n,0.44,SNPP,0.38,296.98,SNPP,D,2.0NRT,5.02,331.94
23.70852,86.44854,2026-08-11,746,n,0.44,SNPP,0.39,296.71,SNPP,D,2.0NRT,5.08,331.98
23.71266,86.45232,2026-08-11,746,n,0.44,SNPP,0.39,298.38,SNPP,D,2.0NRT,8.07,345.01
23.73859,86.43661,2026-08-11,746,n,0.44,SNPP,0.39,295.44,SNPP,D,2.0NRT,4.86,336.81
23.73802,86.43224,2026-08-11,746,n,0.44,SNPP,0.39,297.09,SNPP,D,2.0NRT,4.86,335.93
23.75939,86.4022,2026-08-11,746,n,0.44,SNPP,0.39,290.89,SNPP,D,2.0NRT,3.56,334.36
23.76351,86.40594,2026-08-11,746,n,0.44,SNPP,0.39,290.67,SNPP,D,2.0NRT,3.56,335.54
23.7795,86.39009,2026-08-11,746,n,0.44,SNPP,0.38,290.25,SNPP,D,2.0NRT,4.26,336.13
23.79607,86.3521,2026-08-11,746,n,0.44,SNPP,0.38,289.52,SNPP,D,2.0NRT,5.15,334.26
23.82317,85.4987,2026-08-11,746,l,0.41000000000000003,SNPP,0.37,302.17,SNPP,D,2.0NRT,6.34,331.16
23.823900000000002,84.57516,2026-08-11,746,n,0.39,SNPP,0.36,301.98,SNPP,D,2.0NRT,8.57,338.45
23.82334,84.57131,2026-08-11,746,n,0.39,SNPP,0.36,301.02,SNPP,D,2.0NRT,2.24,337.01
25.23994,97.27036,2026-08-11,746,n,0.67,SNPP,0.73,288.29,SNPP,D,2.0NRT,6.35,337.19
26.9619,90.02505,2026-08-11,748,n,0.5,SNPP,0.49,293.56,SNPP,D,2.0NRT,5.16,333.23
26.85012,90.44472,2026-08-11,748,n,0.53,SNPP,0.5,293.27,SNPP,D,2.0NRT,4.4,330.6
26.9697,90.05672,2026-08-11,748,n,0.5,SNPP,0.49,294.86,SNPP,D,2.0NRT,12.92,343.06
27.24553,88.29237,2026-08-11,748,n,0.4,SNPP,0.44,294.71,SNPP,D,2.0NRT,3.14,340.22
28.12306,81.62691,2026-08-11,748,n,0.39,SNPP,0.36,298.97,SNPP,D,2.0NRT,2.25,330.77
30.66816,71.78967,2026-08-11,750,n,0.32,SNPP,0.55,288.62,SNPP,D,2.0NRT,3.15,337.42
36.96894,81.35172,2026-08-11,750,n,0.4,SNPP,0.37,299.94,SNPP,D,2.0NRT,4.89,340.98
36.96436,81.34357,2026-08-11,750,n,0.4,SNPP,0.37,298.75,SNPP,D,2.0NRT,2.44,333.01
30.66321,71.79121,2026-08-11,750,n,0.32,SNPP,0.55,289.12,SNPP,D,2.0NRT,2.94,343.03
30.66169,71.88341,2026-08-11,930,n,0.73,SNPP,0.76,286.92,SNPP,D,2.0NRT,9.27,341.2
35.99015,94.82831,2026-08-11,2010,n,0.43,SNPP,0.46,285.95,SNPP,N,2.0NRT,1.25,300.33
29.78707,91.60531,2026-08-11,2012,n,0.39,SNPP,0.44,283.1,SNPP,N,2.0NRT,0.9400000000000001,299.61
29.26308,91.92442,2026-08-11,2012,n,0.41000000000000003,SNPP,0.45,282.73,SNPP,N,2.0NRT,0.9,297.31
29.22609,88.34823,2026-08-11,2012,n,0.43,SNPP,0.38,284.74,SNPP,N,2.0NRT,1.32,305.48
30.94722,97.36116,2026-08-11,2012,n,0.39,SNPP,0.59,283.33,SNPP,N,2.0NRT,1.09,296.64
25.03476,87.37252,2026-08-11,2014,n,0.43,SNPP,0.38,292.23,SNPP,N,2.0NRT,0.98,307.52
24.3549,93.26946,2026-08-11,2014,n,0.62,SNPP,0.54,289.06,SNPP,N,2.0NRT,0.72,304.35
26.75969,83.19914,2026-08-11,2014,n,0.41000000000000003,SNPP,0.37,291.03,SNPP,N,2.0NRT,2.9699999999999998,312.73
25.54239,91.23597,2026-08-11,2014,n,0.44,SNPP,0.46,287.89,SNPP,N,2.0NRT,1.11,308.27
28.34927,77.25589,2026-08-11,2014,n,0.55,SNPP,0.51,289.2,SNPP,N,2.0NRT,3.29,306.44
28.6487,77.58789,2026-08-11,2014,n,0.53,SNPP,0.5,290.5,SNPP,N,2.0NRT,5.8,307.21
28.65111,77.58927,2026-08-11,2014,n,0.53,SNPP,0.5,290.38,SNPP,N,2.0NRT,6.51,306.15
21.80238,82.03889,2026-08-11,2014,n,0.41000000000000003,SNPP,0.37,286.82,SNPP,N,2.0NRT,1.02,309.42
21.80074,85.56535,2026-08-11,2014,n,0.41000000000000003,SNPP,0.37,281.48,SNPP,N,2.0NRT,0.48,300.14
21.9254,85.22261,2026-08-11,2014,n,0.4,SNPP,0.37,284.15,SNPP,N,2.0NRT,2.73,321.36
21.92939,85.21943,2026-08-11,2014,n,0.4,SNPP,0.37,283.28,SNPP,N,2.0NRT,1.54,299.69
21.96887,85.31376,2026-08-11,2014,n,0.4,SNPP,0.37,278.57,SNPP,N,2.0NRT,0.61,299.0
22.20957,84.86221,2026-08-11,2014,n,0.39,SNPP,0.36,284.19,SNPP,N,2.0NRT,1.6600000000000001,304.71
22.21289,84.86283,2026-08-11,2014,n,0.39,SNPP,0.36,283.6,SNPP,N,2.0NRT,1.5,304.32
22.38987,85.77188,2026-08-11,2014,n,0.41000000000000003,SNPP,0.37,280.51,SNPP,N,2.0NRT,0.8200000000000001,300.14
22.24713,87.38735,2026-08-11,2014,n,0.47000000000000003,SNPP,0.39,290.25,SNPP,N,2.0NRT,1.82,319.68
22.36411,87.30314,2026-08-11,2014,n,0.46,SNPP,0.39,290.1,SNPP,N,2.0NRT,2.22,311.38
22.36491,87.29871,2026-08-11,2014,n,0.46,SNPP,0.39,290.28,SNPP,N,2.0NRT,2.22,313.98
22.36769,87.30388,2026-08-11,2014,n,0.46,SNPP,0.39,288.6,SNPP,N,2.0NRT,2.22,313.1
22.79881,86.0896,2026-08-11,2014,n,0.41000000000000003,SNPP,0.37,286.49,SNPP,N,2.0NRT,1.04,305.07
22.80221,86.09029,2026-08-11,2014,n,0.41000000000000003,SNPP,0.37,286.15,SNPP,N,2.0NRT,1.55,314.38
22.78914,86.20744,2026-08-11,2014,n,0.42,SNPP,0.37,276.53,SNPP,N,2.0NRT,0.62,300.76
22.8097,86.08765,2026-08-11,2014,n,0.41000000000000003,SNPP,0.37,284.74,SNPP,N,2.0NRT,0.98,306.51
22.81786,86.03994,2026-08-11,2014,n,0.41000000000000003,SNPP,0.37,281.86,SNPP,N,2.0NRT,0.5,299.89
22.79121,86.19544,2026-08-11,2014,n,0.41000000000000003,SNPP,0.37,278.41,SNPP,N,2.0NRT,3.88,334.83
22.79186,86.21217,2026-08-11,2014,n,0.42,SNPP,0.37,277.91,SNPP,N,2.0NRT,0.62,300.15
22.79393,86.20012,2026-08-11,2014,n,0.42,SNPP,0.37,277.75,SNPP,N,2.0NRT,1.06,299.38
22.79597,86.20885,2026-08-11,2014,n,0.42,SNPP,0.37,274.47,SNPP,N,2.0NRT,0.59,300.74
22.79735,86.20081,2026-08-11,2014,n,0.42,SNPP,0.37,276.85,SNPP,N,2.0NRT,1.21,302.57
22.81718,86.085,2026-08-11,2014,n,0.41000000000000003,SNPP,0.37,283.4,SNPP,N,2.0NRT,0.52,303.35
23.70293,86.07401,2026-08-11,2014,n,0.41000000000000003,SNPP,0.37,286.71,SNPP,N,2.0NRT,6.82,307.24
23.7036,86.07006,2026-08-11,2014,n,0.41000000000000003,SNPP,0.37,286.71,SNPP,N,2.0NRT,6.82,312.66
23.7063,86.07467,2026-08-11,2014,n,0.41000000000000003,SNPP,0.37,288.25,SNPP,N,2.0NRT,6.82,310.76
23.70697,86.07074,2026-08-11,2014,n,0.41000000000000003,SNPP,0.37,288.41,SNPP,N,2.0NRT,6.82,330.69
23.48925,87.36892,2026-08-11,2014,n,0.45,SNPP,0.39,287.82,SNPP,N,2.0NRT,2.63,304.39
23.75401,85.85337,2026-08-11,2014,n,0.4,SNPP,0.37,290.59,SNPP,N,2.0NRT,1.87,315.37
23.75737,85.85403,2026-08-11,2014,n,0.4,SNPP,0.37,291.2,SNPP,N,2.0NRT,1.87,315.63
23.67521,86.40223,2026-08-11,2014,n,0.41000000000000003,SNPP,0.37,280.73,SNPP,N,2.0NRT,1.6099999999999999,303.92
23.6759,86.3982,2026-08-11,2014,n,0.41000000000000003,SNPP,0.37,282.45,SNPP,N,2.0NRT,1.2,309.38
23.67658,86.39417,2026-08-11,2014,n,0.41000000000000003,SNPP,0.37,280.55,SNPP,N,2.0NRT,1.2,300.57
23.67889,86.39733,2026-08-11,2014,n,0.41000000000000003,SNPP,0.37,280.82,SNPP,N,2.0NRT,0.8300000000000001,301.55
23.68299,86.394,2026-08-11,2014,n,0.41000000000000003,SNPP,0.37,282.9,SNPP,N,2.0NRT,0.8300000000000001,304.58
23.7731,86.19726,2026-08-11,2014,n,0.41000000000000003,SNPP,0.37,290.85,SNPP,N,2.0NRT,2.38,315.9
23.77445,86.20985,2026-08-11,2014,n,0.41000000000000003,SNPP,0.37,291.0,SNPP,N,2.0NRT,1.13,308.54
23.77784,86.21052,2026-08-11,2014,n,0.41000000000000003,SNPP,0.37,288.9,SNPP,N,2.0NRT,1.13,307.26
23.77852,86.20654,2026-08-11,2014,n,0.41000000000000003,SNPP,0.37,292.09,SNPP,N,2.0NRT,1.13,308.56
23.78123,86.21118,2026-08-11,2014,n,0.41000000000000003,SNPP,0.37,290.48,SNPP,N,2.0NRT,3.42,326.79
23.79478,86.2345,2026-08-11,2014,n,0.41000000000000003,SNPP,0.37,289.15,SNPP,N,2.0NRT,1.58,306.62
23.8033,86.32986,2026-08-11,2014,n,0.41000000000000003,SNPP,0.37,283.47,SNPP,N,2.0NRT,1.34,309.99
24.11535,86.86154,2026-08-11,2014,n,0.42,SNPP,0.38,291.3,SNPP,N,2.0NRT,2.08,313.02
24.11607,86.85741,2026-08-11,2014,n,0.42,SNPP,0.38,290.83,SNPP,N,2.0NRT,2.08,307.05
24.1188,86.86226,2026-08-11,2014,n,0.42,SNPP,0.38,290.72,SNPP,N,2.0NRT,3.12,307.85
25.03586,87.38855,2026-08-11,2014,n,0.43,SNPP,0.38,292.6,SNPP,N,2.0NRT,1.34,313.95
22.87343,86.06207,2026-08-11,2014,n,0.41000000000000003,SNPP,0.37,280.28,SNPP,N,2.0NRT,1.32,310.08
23.64553,85.43775,2026-08-11,2014,n,0.39,SNPP,0.36,281.96,SNPP,N,2.0NRT,1.34,308.94
23.64823,85.44222,2026-08-11,2014,n,0.39,SNPP,0.36,282.53,SNPP,N,2.0NRT,1.1,304.68
23.6495,85.43458,2026-08-11,2014,n,0.39,SNPP,0.36,283.27,SNPP,N,2.0NRT,1.34,305.0
23.64886,85.43839,2026-08-11,2014,n,0.39,SNPP,0.36,281.34,SNPP,N,2.0NRT,1.34,329.68
23.82094,84.57207,2026-08-11,2014,n,0.38,SNPP,0.36,280.72,SNPP,N,2.0NRT,1.47,306.88
23.82424,84.57269,2026-08-11,2014,n,0.38,SNPP,0.36,281.69,SNPP,N,2.0NRT,1.47,322.48
23.82754,84.57332,2026-08-11,2014,n,0.38,SNPP,0.36,280.53,SNPP,N,2.0NRT,0.88,306.58
23.74338,85.50407,2026-08-11,2014,n,0.39,SNPP,0.36,283.43,SNPP,N,2.0NRT,0.53,303.06
23.66853,86.09152,2026-08-11,2014,n,0.41000000000000003,SNPP,0.37,284.0,SNPP,N,2.0NRT,0.88,305.9
23.67595,86.08894,2026-08-11,2014,n,0.41000000000000003,SNPP,0.37,284.67,SNPP,N,2.0NRT,1.19,305.32
23.67662,86.08499,2026-08-11,2014,n,0.41000000000000003,SNPP,0.37,286.71,SNPP,N,2.0NRT,2.7800000000000002,323.01
23.68136,86.0982,2026-08-11,2014,n,0.41000000000000003,SNPP,0.37,282.37,SNPP,N,2.0NRT,1.22,302.28
23.68203,86.09425,2026-08-11,2014,n,0.41000000000000003,SNPP,0.37,284.05,SNPP,N,2.0NRT,3.39,324.49
23.68405,86.08242,2026-08-11,2014,n,0.41000000000000003,SNPP,0.37,286.5,SNPP,N,2.0NRT,3.23,327.32
23.77981,85.57465,2026-08-11,2014,n,0.39,SNPP,0.37,289.81,SNPP,N,2.0NRT,2.52,309.27
23.78109,85.56696,2026-08-11,2014,n,0.39,SNPP,0.37,289.15,SNPP,N,2.0NRT,1.35,310.23
23.78698,85.55224,2026-08-11,2014,n,0.39,SNPP,0.37,288.19,SNPP,N,2.0NRT,1.9300000000000002,318.72
10.93105,77.06483,2026-08-11,2017,n,0.52,SNPP,0.41000000000000003,281.43,SNPP,N,2.0NRT,1.31,305.29
16.36971,82.32138,2026-08-11,2017,n,0.38,SNPP,0.36,283.29,SNPP,N,2.0NRT,1.81,321.87
15.17621,77.1011,2026-08-11,2017,n,0.39,SNPP,0.44,290.82,SNPP,N,2.0NRT,1.22,309.63
15.02405,78.01597,2026-08-11,2017,n,0.51,SNPP,0.41000000000000003,292.13,SNPP,N,2.0NRT,1.8900000000000001,311.37
7.71748,80.1267,2026-08-11,2017,n,0.38,SNPP,0.36,282.59,SNPP,N,2.0NRT,1.26,308.07
7.77641,80.48136,2026-08-11,2017,n,0.38,SNPP,0.36,283.1,SNPP,N,2.0NRT,0.97,310.32
9.521840000000001,77.45166,2026-08-11,2017,n,0.48,SNPP,0.4,290.26,SNPP,N,2.0NRT,0.75,305.29
9.53687,77.45146,2026-08-11,2017,n,0.48,SNPP,0.4,290.55,SNPP,N,2.0NRT,3.07,318.31
10.61676,77.42188,2026-08-11,2017,n,0.49,SNPP,0.4,291.08,SNPP,N,2.0NRT,0.72,305.01
21.30995,81.5898,2026-08-11,2017,n,0.41000000000000003,SNPP,0.37,276.97,SNPP,N,2.0NRT,1.06,296.74
21.24532,81.77042,2026-08-11,2017,n,0.41000000000000003,SNPP,0.37,287.12,SNPP,N,2.0NRT,0.8200000000000001,304.8
17.95764,80.79329,2026-08-11,2017,n,0.41000000000000003,SNPP,0.37,288.7,SNPP,N,2.0NRT,2.07,312.94
17.95707,80.7972,2026-08-11,2017,n,0.41000000000000003,SNPP,0.37,290.83,SNPP,N,2.0NRT,2.07,311.76
17.46195,80.6544,2026-08-11,2017,n,0.42,SNPP,0.37,288.28,SNPP,N,2.0NRT,1.6099999999999999,308.67
17.02991,81.78046,2026-08-11,2017,n,0.39,SNPP,0.36,283.9,SNPP,N,2.0NRT,0.7000000000000001,305.16
13.39368,80.10179,2026-08-11,2019,n,0.41000000000000003,SNPP,0.37,284.2,SNPP,N,2.0NRT,1.0,304.89
13.8981,76.56383,2026-08-11,2019,n,0.4,SNPP,0.44,289.5,SNPP,N,2.0NRT,0.73,304.39
12.74482,77.6194,2026-08-11,2019,n,0.51,SNPP,0.41000000000000003,278.88,SNPP,N,2.0NRT,0.42,297.44
6.39361,80.91185,2026-08-11,2019,n,0.39,SNPP,0.36,284.24,SNPP,N,2.0NRT,0.63,307.94
28.42528,69.70116,2026-08-11,2153,n,0.32,SNPP,0.55,281.39,SNPP,N,2.0NRT,0.52,307.19
32.88791,71.61516,2026-08-11,2153,n,0.33,SNPP,0.55,289.42,SNPP,N,2.0NRT,1.9300000000000002,308.03
35.96798,68.68655,2026-08-11,2153,n,0.4,SNPP,0.44,294.11,SNPP,N,2.0NRT,1.23,306.61
36.10521,69.34921,2026-08-11,2153,n,0.43,SNPP,0.46,283.97,SNPP,N,2.0NRT,0.74,295.61
7.87641,81.48878,2026-08-12,724,n,0.45,SNPP,0.63,281.21,SNPP,D,2.0NRT,2.36,326.88
21.74449,83.84071,2026-08-12,729,n,0.55,SNPP,0.43,293.85,SNPP,D,2.0NRT,5.0,331.0
26.32264,87.24606,2026-08-12,729,n,0.38,SNPP,0.36,296.22,SNPP,D,2.0NRT,2.36,332.6
23.16594,82.33984,2026-08-12,729,n,0.42,SNPP,0.45,287.56,SNPP,D,2.0NRT,3.73,329.58
23.66504,87.15353,2026-08-12,729,l,0.39,SNPP,0.36,295.99,SNPP,D,2.0NRT,6.77,337.81
21.74932,83.8451,2026-08-12,729,n,0.55,SNPP,0.43,292.71,SNPP,D,2.0NRT,2.7199999999999998,334.46
9.03714,77.75275,2026-08-12,905,n,0.52,SNPP,0.67,290.36,SNPP,D,2.0NRT,3.41,343.0
8.9007,77.85759,2026-08-12,905,n,0.52,SNPP,0.67,292.7,SNPP,D,2.0NRT,7.5600000000000005,353.63
8.90267,77.85844,2026-08-12,905,n,0.52,SNPP,0.67,292.49,SNPP,D,2.0NRT,8.51,353.95
8.89707,77.86404,2026-08-12,905,n,0.52,SNPP,0.67,292.34,SNPP,D,2.0NRT,7.0,335.18
8.72599,77.55264,2026-08-12,905,n,0.5,SNPP,0.65,282.5,SNPP,D,2.0NRT,4.2,335.39
8.72601,77.55209,2026-08-12,905,n,0.5,SNPP,0.65,282.7,SNPP,D,2.0NRT,5.69,336.48
9.39539,78.73707,2026-08-12,905,n,0.61,SNPP,0.71,289.38,SNPP,D,2.0NRT,4.63,344.08
9.39776,78.73965,2026-08-12,905,n,0.61,SNPP,0.71,289.32,SNPP,D,2.0NRT,12.13,354.56
9.08511,77.74313,2026-08-12,905,n,0.52,SNPP,0.67,291.66,SNPP,D,2.0NRT,3.19,336.57
9.07997,77.74262,2026-08-12,905,n,0.52,SNPP,0.66,291.71,SNPP,D,2.0NRT,1.53,336.58
9.40201,78.73626,2026-08-12,905,n,0.61,SNPP,0.71,289.02,SNPP,D,2.0NRT,4.63,338.73
29.76524,72.71796,2026-08-12,909,n,0.42,SNPP,0.61,290.53,SNPP,D,2.0NRT,3.21,330.41
29.84647,71.29039,2026-08-12,909,n,0.35000000000000003,SNPP,0.5700000000000001,296.23,SNPP,D,2.0NRT,2.92,341.6
30.30019,73.51273,2026-08-12,909,n,0.48,SNPP,0.65,290.59,SNPP,D,2.0NRT,7.14,338.0
30.57857,71.62238,2026-08-12,909,h,0.37,SNPP,0.58,295.37,SNPP,D,2.0NRT,8.85,367.0
30.63067,72.02832,2026-08-12,909,h,0.39,SNPP,0.6000000000000001,292.74,SNPP,D,2.0NRT,8.91,367.0
30.63098,72.03254,2026-08-12,909,n,0.39,SNPP,0.6000000000000001,291.53,SNPP,D,2.0NRT,8.91,338.06
30.87823,71.93729,2026-08-12,909,n,0.39,SNPP,0.59,294.84,SNPP,D,2.0NRT,2.66,333.98
31.41129,72.3446,2026-08-12,909,n,0.42,SNPP,0.61,292.36,SNPP,D,2.0NRT,6.05,349.65
31.40686,72.34518,2026-08-12,909,n,0.42,SNPP,0.61,292.53,SNPP,D,2.0NRT,4.05,338.42
31.41257,72.34469,2026-08-12,909,n,0.42,SNPP,0.61,291.88,SNPP,D,2.0NRT,3.11,330.33
37.34636,97.41018,2026-08-12,1951,n,0.49,SNPP,0.4,285.92,SNPP,N,2.0NRT,0.65,301.18
35.99252,94.83054,2026-08-12,1951,n,0.41000000000000003,SNPP,0.37,283.31,SNPP,N,2.0NRT,0.76,296.9
35.98915,94.82964,2026-08-12,1951,n,0.41000000000000003,SNPP,0.37,283.6,SNPP,N,2.0NRT,0.76,299.06
30.94972,97.36299,2026-08-12,1951,n,0.42,SNPP,0.45,284.84,SNPP,N,2.0NRT,1.13,297.17
27.60436,95.40337,2026-08-12,1953,n,0.56,SNPP,0.43,291.03,SNPP,N,2.0NRT,3.89,306.69
26.64153,79.47498,2026-08-12,1953,n,0.38,SNPP,0.59,284.86,SNPP,N,2.0NRT,1.03,306.13
21.2409,79.22372,2026-08-12,1955,n,0.34,SNPP,0.56,275.54,SNPP,N,2.0NRT,0.42,299.56
21.24105,79.22495,2026-08-12,1955,n,0.34,SNPP,0.56,276.01,SNPP,N,2.0NRT,0.63,300.81
21.24658,79.22227,2026-08-12,1955,n,0.34,SNPP,0.56,275.96,SNPP,N,2.0NRT,0.52,299.72
21.24792,79.20891,2026-08-12,1955,n,0.34,SNPP,0.56,275.52,SNPP,N,2.0NRT,0.56,303.12
21.33618,78.96775,2026-08-12,1955,n,0.36,SNPP,0.5700000000000001,274.2,SNPP,N,2.0NRT,1.17,312.5
21.37776,81.68217,2026-08-12,1955,n,0.48,SNPP,0.48,284.92,SNPP,N,2.0NRT,1.87,305.45
21.92072,83.35049,2026-08-12,1955,n,0.38,SNPP,0.44,265.65,SNPP,N,2.0NRT,1.1400000000000001,306.51
22.00658,82.66907,2026-08-12,1955,n,0.42,SNPP,0.45,273.22,SNPP,N,2.0NRT,1.29,298.55
22.0304,83.36609,2026-08-12,1955,n,0.39,SNPP,0.44,269.92,SNPP,N,2.0NRT,0.61,295.62
22.35942,82.30392,2026-08-12,1955,n,0.45,SNPP,0.47000000000000003,277.31,SNPP,N,2.0NRT,0.97,302.34
24.16736,82.62198,2026-08-12,1955,n,0.45,SNPP,0.47000000000000003,274.84,SNPP,N,2.0NRT,0.77,297.19
24.20536,82.71243,2026-08-12,1955,n,0.45,SNPP,0.47000000000000003,279.26,SNPP,N,2.0NRT,2.5700000000000003,303.22
25.03583,87.3895,2026-08-12,1955,n,0.41000000000000003,SNPP,0.37,289.33,SNPP,N,2.0NRT,3.04,312.2
10.92167,78.51196,2026-08-12,2000,n,0.56,SNPP,0.51,278.06,SNPP,N,2.0NRT,1.22,310.24
6.8556,81.5332,2026-08-12,2000,n,0.48,SNPP,0.4,283.19,SNPP,N,2.0NRT,1.22,310.08
10.94384,76.3857,2026-08-12,2000,n,0.39,SNPP,0.59,271.92,SNPP,N,2.0NRT,0.58,301.34
10.94375,76.38715,2026-08-12,2000,n,0.39,SNPP,0.59,271.91,SNPP,N,2.0NRT,0.45,297.97
35.96698,68.68506,2026-08-12,2133,n,0.4,SNPP,0.37,296.13,SNPP,N,2.0NRT,1.6800000000000002,312.77
26.64256,79.48462,2026-08-12,2133,n,0.7000000000000001,SNPP,0.75,286.31,SNPP,N,2.0NRT,2.46,310.31
26.64242,79.48309,2026-08-12,2133,n,0.7000000000000001,SNPP,0.75,286.19,SNPP,N,2.0NRT,2.67,313.16
31.25882,76.92647,2026-08-12,2133,n,0.39,SNPP,0.59,288.82,SNPP,N,2.0NRT,0.61,304.8
33.29638,71.18766,2026-08-12,2133,n,0.52,SNPP,0.41000000000000003,293.14,SNPP,N,2.0NRT,3.45,307.57
25.38832,68.58551,2026-08-12,2136,n,0.51,SNPP,0.41000000000000003,291.8,SNPP,N,2.0NRT,2.9699999999999998,316.2
23.73618,86.43395,2026-08-13,707,n,0.45,SNPP,0.47000000000000003,289.47,SNPP,D,2.0NRT,4.16,332.8
23.73811,86.43422,2026-08-13,707,n,0.45,SNPP,0.47000000000000003,289.49,SNPP,D,2.0NRT,5.16,333.43
23.77803,86.38847,2026-08-13,707,n,0.45,SNPP,0.47000000000000003,283.41,SNPP,D,2.0NRT,3.67,329.59
23.80264,86.33192,2026-08-13,707,n,0.45,SNPP,0.47000000000000003,281.98,SNPP,D,2.0NRT,4.15,330.43
27.75595,96.12046,2026-08-13,709,n,0.49,SNPP,0.41000000000000003,296.07,SNPP,D,2.0NRT,8.28,342.54
27.95328,94.17912,2026-08-13,709,n,0.42,SNPP,0.37,296.61,SNPP,D,2.0NRT,4.8100000000000005,333.1
28.2101,95.63686,2026-08-13,709,n,0.48,SNPP,0.4,296.51,SNPP,D,2.0NRT,2.9,331.73
7.18049,81.00858,2026-08-13,843,n,0.38,SNPP,0.59,291.58,SNPP,D,2.0NRT,4.38,337.71
7.18077,81.00758,2026-08-13,843,n,0.39,SNPP,0.59,291.97,SNPP,D,2.0NRT,4.57,347.77
6.68782,81.21521,2026-08-13,843,n,0.39,SNPP,0.59,292.55,SNPP,D,2.0NRT,6.02,334.78
6.68831,81.21883,2026-08-13,843,h,0.39,SNPP,0.59,294.08,SNPP,D,2.0NRT,6.02,367.0
6.38202,81.0257,2026-08-13,843,n,0.38,SNPP,0.58,293.95,SNPP,D,2.0NRT,8.8,338.06
6.3825,81.02918,2026-08-13,843,h,0.38,SNPP,0.58,295.44,SNPP,D,2.0NRT,16.19,367.0
8.58456,80.87868,2026-08-13,845,n,0.39,SNPP,0.6000000000000001,287.52,SNPP,D,2.0NRT,1.26,333.07
8.38041,80.17516,2026-08-13,845,n,0.35000000000000003,SNPP,0.5700000000000001,291.27,SNPP,D,2.0NRT,1.57,330.13
11.54044,79.12389,2026-08-13,845,n,0.33,SNPP,0.55,278.6,SNPP,D,2.0NRT,2.58,339.14
8.15321,81.32706,2026-08-13,845,n,0.42,SNPP,0.61,291.49,SNPP,D,2.0NRT,2.49,331.23
7.93612,80.75471,2026-08-13,845,n,0.38,SNPP,0.59,291.01,SNPP,D,2.0NRT,6.15,354.15
7.91424,81.47617,2026-08-13,845,n,0.42,SNPP,0.61,292.16,SNPP,D,2.0NRT,4.65,342.26
9.00208,80.6894,2026-08-13,845,n,0.39,SNPP,0.59,289.85,SNPP,D,2.0NRT,3.68,331.06
8.965160000000001,80.32503,2026-08-13,845,n,0.37,SNPP,0.58,290.98,SNPP,D,2.0NRT,3.03,333.72
9.16139,80.66515,2026-08-13,845,n,0.39,SNPP,0.59,290.07,SNPP,D,2.0NRT,4.14,340.52
9.13136,80.44212,2026-08-13,845,n,0.38,SNPP,0.58,291.52,SNPP,D,2.0NRT,6.48,334.15
8.76691,77.69192,2026-08-13,845,n,0.48,SNPP,0.48,296.64,SNPP,D,2.0NRT,2.92,337.11
9.13221,80.44027,2026-08-13,845,n,0.38,SNPP,0.58,291.83,SNPP,D,2.0NRT,3.69,341.79
9.16061,80.66372,2026-08-13,845,n,0.39,SNPP,0.59,288.72,SNPP,D,2.0NRT,4.06,331.66
9.47122,78.82121,2026-08-13,845,n,0.59,SNPP,0.53,289.42,SNPP,D,2.0NRT,4.5600000000000005,336.94
9.67933,78.15241,2026-08-13,845,n,0.54,SNPP,0.5,298.39,SNPP,D,2.0NRT,7.88,343.29
10.16619,78.93098,2026-08-13,845,n,0.61,SNPP,0.54,293.51,SNPP,D,2.0NRT,5.27,335.29
10.77735,79.65633,2026-08-13,845,n,0.35000000000000003,SNPP,0.5700000000000001,292.13,SNPP,D,2.0NRT,5.45,351.27
8.72843,80.47789,2026-08-13,845,n,0.37,SNPP,0.58,289.94,SNPP,D,2.0NRT,5.72,335.24
8.72888,80.48133,2026-08-13,845,n,0.37,SNPP,0.58,290.51,SNPP,D,2.0NRT,5.72,354.36
8.62785,80.65689,2026-08-13,845,n,0.38,SNPP,0.59,290.42,SNPP,D,2.0NRT,2.32,330.35
11.04338,78.72183,2026-08-13,845,n,0.61,SNPP,0.53,294.1,SNPP,D,2.0NRT,2.94,330.37
8.50201,80.25056,2026-08-13,845,n,0.36,SNPP,0.5700000000000001,291.65,SNPP,D,2.0NRT,8.17,346.28
8.50331,80.26043,2026-08-13,845,n,0.36,SNPP,0.5700000000000001,290.69,SNPP,D,2.0NRT,3.89,330.37
25.20996,68.73409,2026-08-13,850,n,0.4,SNPP,0.37,296.98,SNPP,D,2.0NRT,1.25,331.13
25.38725,68.58302,2026-08-13,850,n,0.4,SNPP,0.37,298.7,SNPP,D,2.0NRT,2.51,333.81
25.41183,68.25375,2026-08-13,850,n,0.39,SNPP,0.36,302.68,SNPP,D,2.0NRT,1.74,335.85
25.5373,68.85468,2026-08-13,850,n,0.4,SNPP,0.37,297.43,SNPP,D,2.0NRT,3.36,334.98
31.03059,70.82815,2026-08-13,852,l,0.54,SNPP,0.42,303.46,SNPP,D,2.0NRT,4.69,330.22
30.7853,72.02888,2026-08-13,852,n,0.42,SNPP,0.45,297.31,SNPP,D,2.0NRT,3.51,335.81
30.65683,71.97965,2026-08-13,852,n,0.41000000000000003,SNPP,0.45,297.4,SNPP,D,2.0NRT,2.66,330.24
30.63265,72.03162,2026-08-13,852,n,0.41000000000000003,SNPP,0.45,295.82,SNPP,D,2.0NRT,4.78,346.91
30.63135,72.03081,2026-08-13,852,n,0.41000000000000003,SNPP,0.45,296.25,SNPP,D,2.0NRT,3.8,342.08
30.716,72.87063,2026-08-13,852,n,0.46,SNPP,0.47000000000000003,299.05,SNPP,D,2.0NRT,6.98,330.12
30.62984,72.17395,2026-08-13,852,n,0.42,SNPP,0.45,298.09,SNPP,D,2.0NRT,2.84,337.62
30.55099,71.64114000000001,2026-08-13,852,l,0.39,SNPP,0.44,303.12,SNPP,D,2.0NRT,3.9,331.74
29.87196,72.63807,2026-08-13,852,n,0.44,SNPP,0.46,292.52,SNPP,D,2.0NRT,5.43,338.26
29.64513,71.6638,2026-08-13,852,n,0.39,SNPP,0.44,294.15,SNPP,D,2.0NRT,2.33,332.63
29.64557,71.66782,2026-08-13,852,n,0.39,SNPP,0.44,294.52,SNPP,D,2.0NRT,3.02,330.4
28.1092,69.16533,2026-08-13,852,n,0.43,SNPP,0.38,301.24,SNPP,D,2.0NRT,11.82,342.19
35.83731,71.41198,2026-08-13,854,n,0.44,SNPP,0.46,309.78,SNPP,D,2.0NRT,3.12,341.46
35.99004,94.83039,2026-08-13,1932,n,0.41000000000000003,SNPP,0.37,280.66,SNPP,N,2.0NRT,0.8,298.82
37.34792,97.41002,2026-08-13,1932,n,0.38,SNPP,0.36,285.02,SNPP,N,2.0NRT,0.71,300.21
29.26384,91.9249,2026-08-13,1934,n,0.45,SNPP,0.39,285.76,SNPP,N,2.0NRT,2.11,309.09
29.37553,91.15138,2026-08-13,1934,n,0.49,SNPP,0.4,280.97,SNPP,N,2.0NRT,1.46,300.84
29.6605,90.89847,2026-08-13,1934,n,0.51,SNPP,0.41000000000000003,282.3,SNPP,N,2.0NRT,0.7000000000000001,295.22
29.6602,90.89964,2026-08-13,1934,n,0.51,SNPP,0.41000000000000003,282.72,SNPP,N,2.0NRT,1.21,296.79
30.07011,96.97737,2026-08-13,1934,n,0.4,SNPP,0.37,287.89,SNPP,N,2.0NRT,0.85,302.28
30.94826,97.36237,2026-08-13,1934,n,0.4,SNPP,0.37,285.35,SNPP,N,2.0NRT,0.8200000000000001,298.25
23.75365,86.41747,2026-08-13,1936,n,0.51,SNPP,0.5,282.94,SNPP,N,2.0NRT,1.44,297.17
23.74908,86.41685,2026-08-13,1936,n,0.51,SNPP,0.5,283.17,SNPP,N,2.0NRT,2.09,296.97
23.73823,86.43073,2026-08-13,1936,n,0.51,SNPP,0.49,282.81,SNPP,N,2.0NRT,2.09,298.21
24.54147,97.73922,2026-08-13,1936,n,0.48,SNPP,0.4,289.69,SNPP,N,2.0NRT,1.27,299.76
23.75298,86.41855,2026-08-13,1936,n,0.51,SNPP,0.5,283.46,SNPP,N,2.0NRT,2.36,298.67
22.06728,88.11946,2026-08-13,1938,n,0.39,SNPP,0.44,288.71,SNPP,N,2.0NRT,3.26,323.97
22.06281,88.12262,2026-08-13,1938,n,0.39,SNPP,0.44,288.82,SNPP,N,2.0NRT,3.35,305.38
22.06258,88.11909,2026-08-13,1938,n,0.39,SNPP,0.44,288.7,SNPP,N,2.0NRT,4.17,325.03
22.06327,88.11887,2026-08-13,1938,n,0.39,SNPP,0.44,289.18,SNPP,N,2.0NRT,4.92,332.34
6.75746,80.83669,2026-08-13,1942,n,0.36,SNPP,0.5700000000000001,289.08,SNPP,N,2.0NRT,1.58,319.82
7.20609,81.10449,2026-08-13,1942,n,0.35000000000000003,SNPP,0.56,290.1,SNPP,N,2.0NRT,1.35,310.6
35.96593,68.68664,2026-08-13,2114,n,0.44,SNPP,0.38,294.98,SNPP,N,2.0NRT,1.0,309.89
32.88816,71.61708,2026-08-13,2116,n,0.39,SNPP,0.36,295.31,SNPP,N,2.0NRT,2.65,313.07
32.29366,70.73075,2026-08-13,2116,n,0.38,SNPP,0.36,297.18,SNPP,N,2.0NRT,1.49,313.79
32.28909,70.73813,2026-08-13,2116,n,0.38,SNPP,0.36,297.01,SNPP,N,2.0NRT,1.33,311.09
25.94058,72.19393,2026-08-13,2116,n,0.45,SNPP,0.39,290.17,SNPP,N,2.0NRT,2.2,304.94
24.66126,74.63389,2026-08-13,2118,n,0.41000000000000003,SNPP,0.45,272.55,SNPP,N,2.0NRT,0.71,296.63
19.36947,71.35176,2026-08-13,2118,n,0.5,SNPP,0.41000000000000003,290.37,SNPP,N,2.0NRT,3.02,310.92
12.98518,74.85353,2026-08-13,2121,n,0.35000000000000003,SNPP,0.5700000000000001,271.73,SNPP,N,2.0NRT,0.59,303.49
22.70188,97.5589,2026-08-14,650,n,0.39,SNPP,0.36,296.06,SNPP,D,2.0NRT,2.98,336.01
29.70123,91.11729,2026-08-14,652,l,0.54,SNPP,0.42,305.78,SNPP,D,2.0NRT,6.32,332.09
29.66986,90.99896,2026-08-14,652,n,0.54,SNPP,0.42,301.63,SNPP,D,2.0NRT,4.8100000000000005,333.94
29.70388,91.11877,2026-08-14,652,n,0.54,SNPP,0.42,303.36,SNPP,D,2.0NRT,6.41,336.3
29.6841,91.14074,2026-08-14,652,l,0.54,SNPP,0.42,305.12,SNPP,D,2.0NRT,3.76,334.97
29.55282,90.96188,2026-08-14,652,l,0.55,SNPP,0.43,304.02,SNPP,D,2.0NRT,2.7199999999999998,331.65
37.35157,95.85977,2026-08-14,654,n,0.4,SNPP,0.37,303.8,SNPP,D,2.0NRT,2.19,344.78
37.3482,95.86053,2026-08-14,654,n,0.4,SNPP,0.37,305.26,SNPP,D,2.0NRT,2.19,335.5
8.06051,80.6891,2026-08-14,826,n,0.55,SNPP,0.43,288.84,SNPP,D,2.0NRT,6.96,335.1
8.12584,81.42531,2026-08-14,826,n,0.41000000000000003,SNPP,0.45,295.31,SNPP,D,2.0NRT,4.62,336.64
7.90225,81.48327,2026-08-14,826,n,0.41000000000000003,SNPP,0.45,296.51,SNPP,D,2.0NRT,4.13,331.82
7.88716,81.43616,2026-08-14,826,n,0.4,SNPP,0.45,297.63,SNPP,D,2.0NRT,5.15,343.79
7.88768,81.43986,2026-08-14,826,n,0.41000000000000003,SNPP,0.45,297.79,SNPP,D,2.0NRT,6.46,342.63
7.87329,81.48734,2026-08-14,826,n,0.41000000000000003,SNPP,0.45,295.12,SNPP,D,2.0NRT,4.01,339.46
7.86656,81.46929,2026-08-14,826,n,0.41000000000000003,SNPP,0.45,298.99,SNPP,D,2.0NRT,17.08,355.08
7.86916,81.48792,2026-08-14,826,n,0.41000000000000003,SNPP,0.45,295.15,SNPP,D,2.0NRT,4.01,344.85
7.86968,81.49164,2026-08-14,826,n,0.41000000000000003,SNPP,0.45,295.05,SNPP,D,2.0NRT,4.01,346.08
7.79772,81.47552,2026-08-14,826,n,0.41000000000000003,SNPP,0.45,299.66,SNPP,D,2.0NRT,2.61,336.68
7.6996400000000005,81.30701,2026-08-14,826,n,0.4,SNPP,0.44,298.0,SNPP,D,2.0NRT,15.08,346.15
8.80066,80.57003,2026-08-14,826,n,0.55,SNPP,0.43,296.09,SNPP,D,2.0NRT,5.05,334.6
8.80016,80.57328,2026-08-14,826,n,0.55,SNPP,0.43,296.35,SNPP,D,2.0NRT,4.24,339.74
8.80411,80.57274,2026-08-14,826,n,0.55,SNPP,0.43,293.78,SNPP,D,2.0NRT,4.24,330.54
8.82694,80.67886,2026-08-14,826,n,0.56,SNPP,0.43,296.91,SNPP,D,2.0NRT,4.62,334.58
7.70016,81.31061,2026-08-14,826,n,0.4,SNPP,0.44,296.52,SNPP,D,2.0NRT,8.54,342.13
7.69557,81.30759,2026-08-14,826,n,0.4,SNPP,0.44,299.95,SNPP,D,2.0NRT,15.08,356.3
7.69609,81.31118,2026-08-14,826,n,0.4,SNPP,0.44,297.2,SNPP,D,2.0NRT,8.54,343.16
7.53184,81.66215,2026-08-14,826,n,0.41000000000000003,SNPP,0.45,293.06,SNPP,D,2.0NRT,3.62,337.53
7.52985,81.67784,2026-08-14,826,n,0.41000000000000003,SNPP,0.45,291.39,SNPP,D,2.0NRT,6.31,342.28
7.51518,81.66447,2026-08-14,826,n,0.41000000000000003,SNPP,0.45,294.11,SNPP,D,2.0NRT,2.07,334.28
7.41772,81.64791,2026-08-14,826,n,0.41000000000000003,SNPP,0.45,296.67,SNPP,D,2.0NRT,1.33,335.83
7.29912,81.1978,2026-08-14,826,n,0.38,SNPP,0.44,294.44,SNPP,D,2.0NRT,4.35,337.71
9.015,80.6757,2026-08-14,826,n,0.56,SNPP,0.43,297.85,SNPP,D,2.0NRT,3.45,336.11
7.27627,81.3829,2026-08-14,826,n,0.39,SNPP,0.44,298.89,SNPP,D,2.0NRT,4.32,344.73
7.26114,81.30737,2026-08-14,826,n,0.39,SNPP,0.44,300.1,SNPP,D,2.0NRT,13.43,356.27
7.21928,81.10368,2026-08-14,826,n,0.5700000000000001,SNPP,0.43,296.86,SNPP,D,2.0NRT,4.99,334.58
7.23446,81.77828,2026-08-14,826,n,0.42,SNPP,0.45,296.12,SNPP,D,2.0NRT,5.77,342.69
7.06421,81.81426,2026-08-14,826,n,0.42,SNPP,0.45,299.42,SNPP,D,2.0NRT,2.99,337.07
6.86874,81.71575,2026-08-14,826,n,0.41000000000000003,SNPP,0.45,300.77,SNPP,D,2.0NRT,8.71,339.26
6.8008500000000005,81.47522,2026-08-14,826,n,0.39,SNPP,0.44,293.67,SNPP,D,2.0NRT,5.55,349.9
6.79066,81.46186,2026-08-14,826,n,0.39,SNPP,0.44,287.95,SNPP,D,2.0NRT,7.08,334.12
6.78809,81.47303,2026-08-14,826,n,0.39,SNPP,0.44,291.08,SNPP,D,2.0NRT,4.27,346.08
6.76902,81.36734,2026-08-14,826,n,0.39,SNPP,0.44,285.58,SNPP,D,2.0NRT,8.53,351.93
6.76952,81.3709,2026-08-14,826,n,0.39,SNPP,0.44,285.29,SNPP,D,2.0NRT,8.53,342.65
9.01102,80.67626,2026-08-14,826,n,0.56,SNPP,0.43,297.93,SNPP,D,2.0NRT,3.45,334.4
6.75863,81.78897,2026-08-14,826,n,0.41000000000000003,SNPP,0.45,300.64,SNPP,D,2.0NRT,6.09,331.63
6.71394,81.47736,2026-08-14,826,n,0.39,SNPP,0.44,294.62,SNPP,D,2.0NRT,3.67,331.43
6.77634,81.53474,2026-08-14,826,n,0.4,SNPP,0.44,294.06,SNPP,D,2.0NRT,3.22,336.47
6.78043,81.5342,2026-08-14,826,n,0.4,SNPP,0.44,296.85,SNPP,D,2.0NRT,3.22,338.06
6.77589,81.53412,2026-08-14,826,n,0.4,SNPP,0.44,295.33,SNPP,D,2.0NRT,2.8,338.45
6.77998,81.53358,2026-08-14,826,n,0.4,SNPP,0.44,297.4,SNPP,D,2.0NRT,2.8,341.37
9.57666,78.31569,2026-08-14,826,n,0.43,SNPP,0.38,300.88,SNPP,D,2.0NRT,5.44,336.05
9.57608,78.31172,2026-08-14,826,n,0.43,SNPP,0.38,300.96,SNPP,D,2.0NRT,4.92,335.35
8.80139,80.57509,2026-08-14,826,n,0.55,SNPP,0.43,294.74,SNPP,D,2.0NRT,3.59,334.87
8.83132,80.89387,2026-08-14,826,n,0.39,SNPP,0.44,296.6,SNPP,D,2.0NRT,2.66,330.97
8.68916,80.46336,2026-08-14,826,n,0.54,SNPP,0.42,294.43,SNPP,D,2.0NRT,6.47,341.02
9.49049,78.61933,2026-08-14,826,n,0.45,SNPP,0.39,301.52,SNPP,D,2.0NRT,6.35,342.11
9.41698,77.81709,2026-08-14,826,n,0.42,SNPP,0.37,300.93,SNPP,D,2.0NRT,14.1,344.56
9.01351,80.67845,2026-08-14,826,n,0.5700000000000001,SNPP,0.43,297.46,SNPP,D,2.0NRT,6.88,334.27
8.69729,77.84816000000001,2026-08-14,826,n,0.41000000000000003,SNPP,0.37,299.86,SNPP,D,2.0NRT,1.51,337.29
9.0128,80.67327,2026-08-14,826,n,0.5700000000000001,SNPP,0.43,298.68,SNPP,D,2.0NRT,9.77,337.17
9.0321,80.0744,2026-08-14,826,n,0.52,SNPP,0.42,296.03,SNPP,D,2.0NRT,7.09,338.55
8.76233,77.79604,2026-08-14,826,n,0.41000000000000003,SNPP,0.37,301.72,SNPP,D,2.0NRT,2.81,339.05
9.31116,80.1535,2026-08-14,826,n,0.53,SNPP,0.42,296.78,SNPP,D,2.0NRT,5.96,342.32
8.66231,80.89346,2026-08-14,826,n,0.38,SNPP,0.43,297.97,SNPP,D,2.0NRT,4.04,335.5
8.65779,80.8905,2026-08-14,826,n,0.38,SNPP,0.43,298.36,SNPP,D,2.0NRT,3.2,330.83
8.5659,80.46375,2026-08-14,826,n,0.54,SNPP,0.42,296.2,SNPP,D,2.0NRT,4.44,336.3
8.566040000000001,80.46652,2026-08-14,826,n,0.54,SNPP,0.42,294.91,SNPP,D,2.0NRT,3.5,333.18
8.56307,80.58379,2026-08-14,826,n,0.55,SNPP,0.43,292.09,SNPP,D,2.0NRT,3.64,334.57
8.58222,80.85816,2026-08-14,826,n,0.5700000000000001,SNPP,0.43,298.69,SNPP,D,2.0NRT,16.38,344.61
8.55964,80.872,2026-08-14,826,n,0.5700000000000001,SNPP,0.43,297.43,SNPP,D,2.0NRT,9.23,337.16
8.41071,80.52218,2026-08-14,826,n,0.54,SNPP,0.42,298.34,SNPP,D,2.0NRT,7.43,337.57
8.4068,80.52273,2026-08-14,826,n,0.54,SNPP,0.42,298.59,SNPP,D,2.0NRT,13.78,348.21
14.33251,77.40853,2026-08-14,828,n,0.44,SNPP,0.38,291.88,SNPP,D,2.0NRT,7.7,353.07
9.94017,78.72459,2026-08-14,828,n,0.46,SNPP,0.39,298.15,SNPP,D,2.0NRT,3.47,338.41
9.94318,78.71989,2026-08-14,828,n,0.46,SNPP,0.39,298.43,SNPP,D,2.0NRT,3.47,337.56
9.94619,78.71519,2026-08-14,828,n,0.46,SNPP,0.39,298.15,SNPP,D,2.0NRT,4.78,344.65
10.16352,78.93459,2026-08-14,828,n,0.47000000000000003,SNPP,0.4,300.67,SNPP,D,2.0NRT,3.95,335.38
10.15349,78.50438,2026-08-14,828,n,0.45,SNPP,0.39,298.72,SNPP,D,2.0NRT,3.96,335.53
10.6441,79.07843,2026-08-14,828,n,0.48,SNPP,0.4,291.63,SNPP,D,2.0NRT,5.06,342.53
10.79085,77.71056,2026-08-14,828,n,0.42,SNPP,0.38,293.83,SNPP,D,2.0NRT,0.61,334.83
11.10117,78.03844,2026-08-14,828,n,0.44,SNPP,0.38,288.39,SNPP,D,2.0NRT,1.67,330.35
12.34427,76.94675,2026-08-14,828,n,0.41000000000000003,SNPP,0.37,290.9,SNPP,D,2.0NRT,2.02,332.13
12.92848,80.18225,2026-08-14,828,n,0.39,SNPP,0.44,293.11,SNPP,D,2.0NRT,3.63,340.81
13.13813,79.96019,2026-08-14,828,n,0.39,SNPP,0.44,290.79,SNPP,D,2.0NRT,4.8,341.06
13.85388,78.33376,2026-08-14,828,n,0.48,SNPP,0.4,297.39,SNPP,D,2.0NRT,2.34,336.45
14.31833,77.41064,2026-08-14,828,n,0.44,SNPP,0.38,290.17,SNPP,D,2.0NRT,2.89,335.06
14.32246,77.41421,2026-08-14,828,n,0.44,SNPP,0.38,289.42,SNPP,D,2.0NRT,2.89,338.61
14.32188,77.41011,2026-08-14,828,n,0.44,SNPP,0.38,290.02,SNPP,D,2.0NRT,2.89,340.84
14.3213,77.40604,2026-08-14,828,n,0.44,SNPP,0.38,289.05,SNPP,D,2.0NRT,3.25,340.06
14.326,77.41369,2026-08-14,828,n,0.44,SNPP,0.38,289.44,SNPP,D,2.0NRT,3.04,338.16
14.32542,77.40958,2026-08-14,828,n,0.44,SNPP,0.38,289.59,SNPP,D,2.0NRT,3.04,341.0
14.32896,77.40906,2026-08-14,828,n,0.44,SNPP,0.38,290.23,SNPP,D,2.0NRT,3.04,346.67
14.33192,77.40444,2026-08-14,828,n,0.44,SNPP,0.38,288.56,SNPP,D,2.0NRT,2.83,336.96
14.88612,77.45694,2026-08-14,828,n,0.45,SNPP,0.39,292.58,SNPP,D,2.0NRT,4.17,334.57
15.17322,76.69418,2026-08-14,828,n,0.42,SNPP,0.38,298.56,SNPP,D,2.0NRT,3.3,335.93
15.17222,76.66235,2026-08-14,828,n,0.42,SNPP,0.38,298.9,SNPP,D,2.0NRT,4.86,343.64
15.16369,76.38303,2026-08-14,828,n,0.41000000000000003,SNPP,0.37,294.54,SNPP,D,2.0NRT,3.96,334.16
15.68431,80.11327,2026-08-14,828,n,0.42,SNPP,0.46,298.04,SNPP,D,2.0NRT,3.22,340.56
15.74877,80.01529,2026-08-14,828,n,0.42,SNPP,0.45,296.82,SNPP,D,2.0NRT,3.47,346.84
15.61406,78.3792,2026-08-14,828,n,0.5,SNPP,0.41000000000000003,296.62,SNPP,D,2.0NRT,12.98,336.76
15.84728,80.08014,2026-08-14,828,n,0.42,SNPP,0.46,296.58,SNPP,D,2.0NRT,2.4,334.29
15.67526,78.37572,2026-08-14,828,n,0.51,SNPP,0.41000000000000003,294.49,SNPP,D,2.0NRT,5.6,332.72
18.68664,73.04058,2026-08-14,830,n,0.39,SNPP,0.36,292.42,SNPP,D,2.0NRT,8.31,336.58
29.34646,73.11682,2026-08-14,833,n,0.41000000000000003,SNPP,0.37,294.38,SNPP,D,2.0NRT,3.83,336.71
29.78008,72.30405,2026-08-14,833,n,0.4,SNPP,0.37,302.22,SNPP,D,2.0NRT,4.37,337.19
29.95238,72.94431,2026-08-14,833,n,0.41000000000000003,SNPP,0.37,297.13,SNPP,D,2.0NRT,3.6,338.9
29.74283,71.27952,2026-08-14,833,n,0.39,SNPP,0.36,300.06,SNPP,D,2.0NRT,3.84,344.03
29.95464,72.57912,2026-08-14,833,n,0.4,SNPP,0.37,300.02,SNPP,D,2.0NRT,4.39,341.73
29.97913,72.60475,2026-08-14,833,n,0.41000000000000003,SNPP,0.37,300.37,SNPP,D,2.0NRT,22.79,339.93
29.94082,72.06029,2026-08-14,833,n,0.39,SNPP,0.37,299.51,SNPP,D,2.0NRT,3.12,338.23
30.01564,72.56848,2026-08-14,833,n,0.4,SNPP,0.37,300.7,SNPP,D,2.0NRT,3.24,336.95
29.85568,71.38053,2026-08-14,833,n,0.39,SNPP,0.36,300.6,SNPP,D,2.0NRT,3.16,340.06
30.03947,72.11456,2026-08-14,833,n,0.4,SNPP,0.37,303.08,SNPP,D,2.0NRT,3.51,337.05
30.07664,71.52844,2026-08-14,833,n,0.39,SNPP,0.36,300.46,SNPP,D,2.0NRT,4.27,347.16
30.07075,71.48827,2026-08-14,833,n,0.39,SNPP,0.36,299.39,SNPP,D,2.0NRT,3.16,337.79
30.41155,71.94455,2026-08-14,833,n,0.39,SNPP,0.37,300.11,SNPP,D,2.0NRT,5.06,337.54
30.4149,71.94391,2026-08-14,833,n,0.39,SNPP,0.37,298.6,SNPP,D,2.0NRT,2.34,330.06
30.65054,73.60814,2026-08-14,833,n,0.44,SNPP,0.38,296.58,SNPP,D,2.0NRT,2.7199999999999998,331.28
30.4806,71.81483,2026-08-14,833,n,0.39,SNPP,0.36,299.9,SNPP,D,2.0NRT,4.41,344.58
30.53525,71.77944,2026-08-14,833,n,0.39,SNPP,0.36,298.74,SNPP,D,2.0NRT,2.08,330.78
30.60707,72.18962,2026-08-14,833,n,0.4,SNPP,0.37,299.32,SNPP,D,2.0NRT,7.94,349.02
30.54259,71.71091,2026-08-14,833,n,0.39,SNPP,0.36,301.52,SNPP,D,2.0NRT,5.68,337.49
30.60084,72.0713,2026-08-14,833,n,0.4,SNPP,0.37,298.75,SNPP,D,2.0NRT,2.65,334.53
30.61927,72.15311,2026-08-14,833,n,0.4,SNPP,0.37,298.67,SNPP,D,2.0NRT,3.17,336.05
30.65344,72.12532,2026-08-14,833,n,0.4,SNPP,0.37,300.13,SNPP,D,2.0NRT,4.74,345.54
30.63605,71.72717,2026-08-14,833,n,0.39,SNPP,0.36,299.41,SNPP,D,2.0NRT,5.93,340.78
30.89181,73.20399,2026-08-14,833,l,0.43,SNPP,0.38,301.68,SNPP,D,2.0NRT,2.93,331.33
30.89121,73.19951,2026-08-14,833,l,0.43,SNPP,0.38,301.34,SNPP,D,2.0NRT,2.93,330.74
30.89827,73.22582,2026-08-14,833,l,0.43,SNPP,0.38,302.47,SNPP,D,2.0NRT,3.06,331.16
30.89589,73.20786,2026-08-14,833,l,0.43,SNPP,0.38,301.6,SNPP,D,2.0NRT,4.5,331.09
30.8953,73.20337,2026-08-14,833,l,0.43,SNPP,0.38,301.35,SNPP,D,2.0NRT,2.93,330.8
30.90756,73.21498,2026-08-14,833,l,0.43,SNPP,0.38,301.49,SNPP,D,2.0NRT,3.47,330.42
30.91165,73.21886,2026-08-14,835,l,0.43,SNPP,0.38,301.25,SNPP,D,2.0NRT,3.47,330.83
30.75119,71.95432,2026-08-14,835,n,0.4,SNPP,0.37,299.8,SNPP,D,2.0NRT,13.73,347.09
30.76738,72.01932,2026-08-14,835,n,0.4,SNPP,0.37,298.56,SNPP,D,2.0NRT,3.81,338.15
30.79395,71.93381,2026-08-14,835,n,0.4,SNPP,0.37,297.72,SNPP,D,2.0NRT,4.45,335.92
30.81083,71.85845,2026-08-14,835,n,0.4,SNPP,0.37,301.48,SNPP,D,2.0NRT,11.4,347.77
31.03194,73.37009,2026-08-14,835,n,0.43,SNPP,0.38,301.15,SNPP,D,2.0NRT,6.75,331.52
31.19237,72.09209,2026-08-14,835,n,0.4,SNPP,0.37,299.72,SNPP,D,2.0NRT,4.1,337.63
31.7036,72.48791,2026-08-14,835,n,0.41000000000000003,SNPP,0.37,296.24,SNPP,D,2.0NRT,3.79,338.18
31.70236,72.48913,2026-08-14,835,n,0.41000000000000003,SNPP,0.37,296.25,SNPP,D,2.0NRT,5.11,340.88
32.03644,71.12323,2026-08-14,835,l,0.39,SNPP,0.36,305.49,SNPP,D,2.0NRT,3.69,331.69
32.04037,71.12668,2026-08-14,835,l,0.39,SNPP,0.36,306.11,SNPP,D,2.0NRT,3.45,332.71
32.03977,71.12256000000001,2026-08-14,835,l,0.39,SNPP,0.36,305.03,SNPP,D,2.0NRT,3.45,330.52
32.88853,71.61611,2026-08-14,835,n,0.4,SNPP,0.37,301.83,SNPP,D,2.0NRT,3.3,334.49
27.32576,95.27875,2026-08-14,1917,n,0.5,SNPP,0.41000000000000003,291.58,SNPP,N,2.0NRT,4.34,311.81
27.03289,94.89212,2026-08-14,1917,n,0.52,SNPP,0.41000000000000003,290.69,SNPP,N,2.0NRT,5.03,314.82
7.49311,81.1361,2026-08-14,1921,n,0.73,SNPP,0.76,275.88,SNPP,N,2.0NRT,2.42,300.3
35.9678,68.6875,2026-08-14,2055,n,0.48,SNPP,0.48,295.46,SNPP,N,2.0NRT,1.44,310.43
33.68887,72.71381,2026-08-14,2055,n,0.44,SNPP,0.38,291.07,SNPP,N,2.0NRT,0.9500000000000001,310.22
33.29664,71.1873,2026-08-14,2055,n,0.5,SNPP,0.41000000000000003,291.6,SNPP,N,2.0NRT,0.89,305.45
26.60479,73.68352,2026-08-14,2057,n,0.38,SNPP,0.36,290.8,SNPP,N,2.0NRT,1.07,306.63
22.9329,69.70402,2026-08-14,2057,n,0.46,SNPP,0.39,284.65,SNPP,N,2.0NRT,0.96,302.22
23.31558,70.4867,2026-08-14,2057,n,0.43,SNPP,0.38,285.88,SNPP,N,2.0NRT,1.06,303.46
25.3884,68.58215,2026-08-14,2057,n,0.55,SNPP,0.43,292.7,SNPP,N,2.0NRT,3.33,325.12
25.94164,72.19266,2026-08-14,2057,n,0.4,SNPP,0.37,291.08,SNPP,N,2.0NRT,1.49,321.57
25.94279,72.19247,2026-08-14,2057,n,0.4,SNPP,0.37,291.21,SNPP,N,2.0NRT,1.72,324.59
26.87478,73.51643,2026-08-14,2057,n,0.39,SNPP,0.36,287.95,SNPP,N,2.0NRT,0.84,304.98
26.87868,73.51321,2026-08-14,2057,n,0.39,SNPP,0.36,287.87,SNPP,N,2.0NRT,0.84,305.24
28.60834,68.63084,2026-08-14,2057,n,0.4,SNPP,0.44,293.58,SNPP,N,2.0NRT,1.6,313.15
19.52992,71.29703,2026-08-14,2059,n,0.39,SNPP,0.36,286.88,SNPP,N,2.0NRT,2.67,304.31
19.17778,70.94668,2026-08-14,2059,n,0.39,SNPP,0.36,289.34,SNPP,N,2.0NRT,2.39,310.03
22.3395,69.85548,2026-08-14,2059,n,0.45,SNPP,0.39,288.65,SNPP,N,2.0NRT,1.98,304.65
21.10971,72.63481,2026-08-14,2059,n,0.38,SNPP,0.36,285.7,SNPP,N,2.0NRT,3.07,316.45
21.11126,72.64643,2026-08-14,2059,n,0.38,SNPP,0.36,286.11,SNPP,N,2.0NRT,1.51,298.17
19.52935,71.30072,2026-08-14,2059,n,0.39,SNPP,0.36,287.05,SNPP,N,2.0NRT,2.7800000000000002,306.8
15.18089,76.67749,2026-08-14,2101,n,0.41000000000000003,SNPP,0.45,271.88,SNPP,N,2.0NRT,2.41,298.56
13.74471,76.84552,2026-08-14,2101,n,0.45,SNPP,0.47000000000000003,280.6,SNPP,N,2.0NRT,0.8,299.46
10.70914,79.85674,2026-08-14,2101,n,0.4,SNPP,0.6000000000000001,283.98,SNPP,N,2.0NRT,4.8,295.3
15.18296,76.66602,2026-08-14,2101,n,0.41000000000000003,SNPP,0.45,269.21,SNPP,N,2.0NRT,2.09,307.58
15.22752,76.76139,2026-08-14,2101,n,0.42,SNPP,0.45,278.55,SNPP,N,2.0NRT,0.8,300.97
15.22681,76.76525,2026-08-14,2101,n,0.42,SNPP,0.45,279.55,SNPP,N,2.0NRT,0.8,301.71
15.17404,76.69186,2026-08-14,2101,n,0.41000000000000003,SNPP,0.45,270.74,SNPP,N,2.0NRT,0.7000000000000001,298.99
23.88082,96.3227,2026-08-15,631,n,0.42,SNPP,0.46,293.48,SNPP,D,2.0NRT,2.08,328.68
27.60563,95.40367,2026-08-15,631,n,0.41000000000000003,SNPP,0.45,291.65,SNPP,D,2.0NRT,1.9100000000000001,328.54
29.63094,94.37956,2026-08-15,631,l,0.43,SNPP,0.46,301.58,SNPP,D,2.0NRT,4.52,328.54
7.86798,81.48515,2026-08-15,807,n,0.39,SNPP,0.36,298.92,SNPP,D,2.0NRT,7.95,344.3
6.37115,81.1376,2026-08-15,807,n,0.38,SNPP,0.36,301.05,SNPP,D,2.0NRT,2.89,342.49
6.37501,81.0518,2026-08-15,807,n,0.38,SNPP,0.36,301.05,SNPP,D,2.0NRT,3.71,336.62
6.37833,81.05128,2026-08-15,807,n,0.38,SNPP,0.36,297.94,SNPP,D,2.0NRT,3.71,330.3
6.40712,80.86543,2026-08-15,807,n,0.39,SNPP,0.36,298.85,SNPP,D,2.0NRT,61.04,334.18
6.41216,80.85397,2026-08-15,807,n,0.39,SNPP,0.36,298.73,SNPP,D,2.0NRT,7.89,331.36
6.45107,81.01872,2026-08-15,807,n,0.38,SNPP,0.36,301.66,SNPP,D,2.0NRT,5.04,340.98
6.74334,81.44843,2026-08-15,807,n,0.38,SNPP,0.36,301.97,SNPP,D,2.0NRT,6.78,339.44
6.76617,81.50903,2026-08-15,807,n,0.38,SNPP,0.36,304.24,SNPP,D,2.0NRT,12.22,356.79
6.76564,81.50555,2026-08-15,807,n,0.38,SNPP,0.36,307.61,SNPP,D,2.0NRT,24.6,344.05
6.7695,81.50852,2026-08-15,807,n,0.38,SNPP,0.36,301.06,SNPP,D,2.0NRT,7.32,339.15
6.76897,81.50504,2026-08-15,807,n,0.38,SNPP,0.36,302.74,SNPP,D,2.0NRT,9.66,343.02
6.75534,81.39326,2026-08-15,807,n,0.38,SNPP,0.36,301.16,SNPP,D,2.0NRT,3.48,337.53
6.77933,81.5284,2026-08-15,807,n,0.39,SNPP,0.36,297.36,SNPP,D,2.0NRT,2.22,335.32
6.78265,81.5279,2026-08-15,807,n,0.39,SNPP,0.36,295.53,SNPP,D,2.0NRT,2.22,335.84
6.79901,81.41767,2026-08-15,807,n,0.38,SNPP,0.36,301.54,SNPP,D,2.0NRT,4.2,341.82
6.82552,81.50262,2026-08-15,807,n,0.39,SNPP,0.36,298.42,SNPP,D,2.0NRT,20.84,345.37
6.87988,81.72637,2026-08-15,807,n,0.39,SNPP,0.36,299.29,SNPP,D,2.0NRT,5.14,332.19
6.92249,81.82744,2026-08-15,807,n,0.39,SNPP,0.36,301.2,SNPP,D,2.0NRT,4.07,338.67
7.09154,81.80807,2026-08-15,807,n,0.39,SNPP,0.36,301.49,SNPP,D,2.0NRT,15.76,338.98
7.08942,81.79402,2026-08-15,807,n,0.39,SNPP,0.36,300.33,SNPP,D,2.0NRT,1.9100000000000001,332.81
7.08889,81.79051,2026-08-15,807,l,0.39,SNPP,0.36,302.19,SNPP,D,2.0NRT,3.93,331.34
7.08783,81.78349,2026-08-15,807,n,0.39,SNPP,0.36,302.39,SNPP,D,2.0NRT,2.56,336.33
7.09117,81.78297,2026-08-15,807,n,0.39,SNPP,0.36,302.07,SNPP,D,2.0NRT,2.56,337.21
7.08286,81.548,2026-08-15,807,n,0.39,SNPP,0.36,296.82,SNPP,D,2.0NRT,1.9100000000000001,334.3
7.13562,81.78342,2026-08-15,807,n,0.39,SNPP,0.36,296.81,SNPP,D,2.0NRT,3.5300000000000002,336.51
7.2196,81.80241,2026-08-15,807,n,0.39,SNPP,0.36,301.67,SNPP,D,2.0NRT,3.25,342.03
7.2127,81.75674,2026-08-15,807,n,0.39,SNPP,0.36,299.07,SNPP,D,2.0NRT,1.3599999999999999,330.4
7.22135,81.79135,2026-08-15,807,n,0.39,SNPP,0.36,301.6,SNPP,D,2.0NRT,1.96,331.91
7.17662,81.36192,2026-08-15,807,n,0.38,SNPP,0.36,300.56,SNPP,D,2.0NRT,3.58,331.11
7.14985,81.14191,2026-08-15,807,n,0.38,SNPP,0.36,301.36,SNPP,D,2.0NRT,4.04,339.87
7.15318,81.14142,2026-08-15,807,n,0.38,SNPP,0.36,299.52,SNPP,D,2.0NRT,3.21,337.71
7.17507,81.26253,2026-08-15,807,n,0.38,SNPP,0.36,299.68,SNPP,D,2.0NRT,1.4,332.28
7.11188,80.8494,2026-08-15,807,n,0.38,SNPP,0.36,293.14,SNPP,D,2.0NRT,1.73,330.41
7.25144,81.69704,2026-08-15,807,n,0.39,SNPP,0.36,300.15,SNPP,D,2.0NRT,2.51,331.64
7.20137,81.30119,2026-08-15,807,n,0.38,SNPP,0.36,301.29,SNPP,D,2.0NRT,2.35,331.85
7.22044,81.36495,2026-08-15,807,n,0.38,SNPP,0.36,300.91,SNPP,D,2.0NRT,3.92,333.75
7.22374,81.20788,2026-08-15,807,n,0.38,SNPP,0.36,301.23,SNPP,D,2.0NRT,3.49,340.75
7.226,81.20042,2026-08-15,807,n,0.38,SNPP,0.36,301.31,SNPP,D,2.0NRT,3.14,332.23
7.34131,81.7579,2026-08-15,807,n,0.39,SNPP,0.36,300.59,SNPP,D,2.0NRT,3.07,333.99
7.37176,81.77847,2026-08-15,807,n,0.39,SNPP,0.36,298.51,SNPP,D,2.0NRT,3.56,331.64
7.37122,81.77496,2026-08-15,807,n,0.39,SNPP,0.36,298.98,SNPP,D,2.0NRT,2.62,335.67
7.32439,81.22396,2026-08-15,807,n,0.38,SNPP,0.36,300.3,SNPP,D,2.0NRT,4.41,344.63
7.32385,81.22048,2026-08-15,807,n,0.38,SNPP,0.36,302.53,SNPP,D,2.0NRT,4.41,346.41
7.32174,81.20657,2026-08-15,807,n,0.38,SNPP,0.36,302.3,SNPP,D,2.0NRT,8.01,340.99
7.32294,81.19213,2026-08-15,807,n,0.38,SNPP,0.36,301.8,SNPP,D,2.0NRT,2.39,333.69
7.32838,81.20554,2026-08-15,807,n,0.38,SNPP,0.36,304.61,SNPP,D,2.0NRT,4.73,335.92
7.31725,81.13255,2026-08-15,807,n,0.38,SNPP,0.36,304.52,SNPP,D,2.0NRT,3.6,335.0
7.3329,81.19061,2026-08-15,807,n,0.38,SNPP,0.36,300.39,SNPP,D,2.0NRT,2.32,336.68
7.35452,81.26561,2026-08-15,807,n,0.38,SNPP,0.36,300.28,SNPP,D,2.0NRT,1.15,331.72
7.42865,81.68666,2026-08-15,807,n,0.39,SNPP,0.36,301.88,SNPP,D,2.0NRT,3.55,342.69
7.42812,81.68315,2026-08-15,807,n,0.39,SNPP,0.36,300.95,SNPP,D,2.0NRT,3.55,343.47
7.4536,81.69365,2026-08-15,807,n,0.39,SNPP,0.36,300.67,SNPP,D,2.0NRT,2.12,335.57
7.46201,81.68159,2026-08-15,807,n,0.39,SNPP,0.36,301.8,SNPP,D,2.0NRT,4.77,348.64
7.4235,81.29427,2026-08-15,807,n,0.38,SNPP,0.36,304.87,SNPP,D,2.0NRT,4.42,342.35
7.43956,81.31653,2026-08-15,807,n,0.38,SNPP,0.36,302.12,SNPP,D,2.0NRT,8.01,354.43
7.44289,81.31603,2026-08-15,807,n,0.38,SNPP,0.36,301.04,SNPP,D,2.0NRT,9.5,346.97
7.45797,81.21402,2026-08-15,807,n,0.38,SNPP,0.36,299.89,SNPP,D,2.0NRT,3.81,335.72
7.4697700000000005,81.26918,2026-08-15,807,n,0.38,SNPP,0.36,302.62,SNPP,D,2.0NRT,10.19,341.58
7.46924,81.26571,2026-08-15,807,n,0.38,SNPP,0.36,302.09,SNPP,D,2.0NRT,5.7,336.66
7.55715,81.71012,2026-08-15,807,n,0.39,SNPP,0.36,296.11,SNPP,D,2.0NRT,2.96,339.1
7.51134,81.0985,2026-08-15,807,n,0.38,SNPP,0.36,313.04,SNPP,D,2.0NRT,61.88,344.65
7.51081,81.09502,2026-08-15,807,n,0.38,SNPP,0.36,304.99,SNPP,D,2.0NRT,8.11,339.29
7.51028,81.09155,2026-08-15,807,n,0.38,SNPP,0.36,306.56,SNPP,D,2.0NRT,8.11,343.02
7.71951,81.42249,2026-08-15,807,n,0.39,SNPP,0.36,299.24,SNPP,D,2.0NRT,11.86,339.53
7.72114,81.34359,2026-08-15,807,n,0.39,SNPP,0.36,300.52,SNPP,D,2.0NRT,6.04,339.52
7.72447,81.34308,2026-08-15,807,n,0.39,SNPP,0.36,298.41,SNPP,D,2.0NRT,2.94,331.95
7.72394,81.3396,2026-08-15,807,n,0.39,SNPP,0.36,297.8,SNPP,D,2.0NRT,3.61,335.9
7.86744,81.48164,2026-08-15,807,n,0.39,SNPP,0.36,297.98,SNPP,D,2.0NRT,6.51,341.65
8.18145,80.48837,2026-08-15,807,n,0.38,SNPP,0.36,293.83,SNPP,D,2.0NRT,0.8,331.15
8.27499,81.05516,2026-08-15,807,n,0.38,SNPP,0.36,297.68,SNPP,D,2.0NRT,3.5300000000000002,332.41
8.34802,80.2693,2026-08-15,807,n,0.39,SNPP,0.36,296.14,SNPP,D,2.0NRT,8.35,347.84
8.35063,80.27195,2026-08-15,807,n,0.39,SNPP,0.36,296.75,SNPP,D,2.0NRT,4.58,343.95
8.35009,80.26845,2026-08-15,807,n,0.39,SNPP,0.36,296.93,SNPP,D,2.0NRT,5.07,343.95
8.65191,81.13203,2026-08-15,807,n,0.39,SNPP,0.36,282.45,SNPP,D,2.0NRT,5.47,336.93
8.55446,80.49377,2026-08-15,807,n,0.38,SNPP,0.36,292.86,SNPP,D,2.0NRT,1.82,335.03
8.61206,80.51968,2026-08-15,807,n,0.38,SNPP,0.36,291.86,SNPP,D,2.0NRT,6.41,346.01
8.679310000000001,80.75907,2026-08-15,807,n,0.38,SNPP,0.36,285.8,SNPP,D,2.0NRT,9.82,345.27
8.80854,80.32371,2026-08-15,807,n,0.39,SNPP,0.36,295.99,SNPP,D,2.0NRT,1.44,330.01
8.92352,80.47691,2026-08-15,807,n,0.38,SNPP,0.36,297.4,SNPP,D,2.0NRT,4.58,334.02
9.06104,80.53681,2026-08-15,807,n,0.38,SNPP,0.36,290.03,SNPP,D,2.0NRT,1.72,335.0
9.04828,80.18815,2026-08-15,807,n,0.39,SNPP,0.36,297.36,SNPP,D,2.0NRT,4.05,331.15
11.4172,79.66978,2026-08-15,807,n,0.39,SNPP,0.36,289.86,SNPP,D,2.0NRT,2.76,336.37
12.37895,76.98724,2026-08-15,807,n,0.45,SNPP,0.39,296.66,SNPP,D,2.0NRT,3.01,330.87
18.66053,79.14503,2026-08-15,809,n,0.39,SNPP,0.36,293.71,SNPP,D,2.0NRT,10.47,331.03
15.10484,76.8101,2026-08-15,809,n,0.43,SNPP,0.38,291.65,SNPP,D,2.0NRT,6.87,338.38
17.53543,79.50681,2026-08-15,809,n,0.39,SNPP,0.36,294.2,SNPP,D,2.0NRT,4.85,333.28
15.30614,78.18951,2026-08-15,809,n,0.39,SNPP,0.36,288.89,SNPP,D,2.0NRT,4.07,335.73
14.66645,79.53525,2026-08-15,809,n,0.38,SNPP,0.36,295.43,SNPP,D,2.0NRT,2.34,334.11
14.05112,79.77888,2026-08-15,809,n,0.38,SNPP,0.36,300.54,SNPP,D,2.0NRT,7.99,347.47
14.47881,79.97202,2026-08-15,809,n,0.39,SNPP,0.36,294.9,SNPP,D,2.0NRT,3.59,335.54
14.47548,79.97254,2026-08-15,809,n,0.39,SNPP,0.36,296.41,SNPP,D,2.0NRT,4.62,338.98
18.85886,72.92574,2026-08-15,809,n,0.4,SNPP,0.44,288.26,SNPP,D,2.0NRT,6.55,341.49
22.36821,87.30191,2026-08-15,811,n,0.37,SNPP,0.58,283.37,SNPP,D,2.0NRT,3.8,330.19
27.80209,69.54681,2026-08-15,813,l,0.43,SNPP,0.46,303.51,SNPP,D,2.0NRT,6.32,330.09
25.72742,68.40441,2026-08-15,813,n,0.55,SNPP,0.51,284.72,SNPP,D,2.0NRT,5.38,333.58
29.4572,71.3344,2026-08-15,813,n,0.49,SNPP,0.4,299.63,SNPP,D,2.0NRT,6.31,347.98
31.59891,72.30718,2026-08-15,813,n,0.43,SNPP,0.38,298.11,SNPP,D,2.0NRT,5.35,336.52
34.0741,72.14128,2026-08-15,816,n,0.41000000000000003,SNPP,0.37,303.53,SNPP,D,2.0NRT,2.32,336.42
22.35315,96.7031,2026-08-15,1858,n,0.44,SNPP,0.46,287.78,SNPP,N,2.0NRT,0.66,301.77
22.35743,96.70364000000001,2026-08-15,1858,n,0.44,SNPP,0.46,288.66,SNPP,N,2.0NRT,0.54,302.57
35.96585,68.68399,2026-08-15,2036,n,0.45,SNPP,0.63,293.72,SNPP,N,2.0NRT,1.22,305.92
31.61599,74.3751,2026-08-15,2038,n,0.38,SNPP,0.43,278.41,SNPP,N,2.0NRT,0.5700000000000001,304.18
33.24784,71.28815,2026-08-15,2038,n,0.6000000000000001,SNPP,0.53,292.14,SNPP,N,2.0NRT,3.77,319.75
33.2496,71.28826,2026-08-15,2038,n,0.6000000000000001,SNPP,0.53,291.92,SNPP,N,2.0NRT,1.43,313.68
33.27397,71.59183,2026-08-15,2038,n,0.5700000000000001,SNPP,0.52,291.86,SNPP,N,2.0NRT,0.75,309.07
28.4244,69.69858,2026-08-15,2038,n,0.33,SNPP,0.55,294.59,SNPP,N,2.0NRT,1.01,312.95
28.27054,69.7699,2026-08-15,2038,n,0.32,SNPP,0.55,293.77,SNPP,N,2.0NRT,0.5700000000000001,307.35
28.42625,69.69794,2026-08-15,2038,n,0.33,SNPP,0.55,294.14,SNPP,N,2.0NRT,0.85,307.18
23.16633,82.3391,2026-08-15,2040,n,0.52,SNPP,0.42,265.95,SNPP,N,2.0NRT,1.77,297.19
21.10614,72.64859,2026-08-15,2040,n,0.54,SNPP,0.42,265.29,SNPP,N,2.0NRT,1.51,300.38
21.10682,72.64341,2026-08-15,2040,n,0.54,SNPP,0.42,269.23,SNPP,N,2.0NRT,4.1,316.57
25.39021,68.58022,2026-08-15,2040,n,0.36,SNPP,0.5700000000000001,281.86,SNPP,N,2.0NRT,0.51,306.4
25.942,72.1899,2026-08-15,2040,n,0.43,SNPP,0.46,288.2,SNPP,N,2.0NRT,1.12,307.92
15.17897,77.10359,2026-08-15,2042,n,0.4,SNPP,0.37,284.12,SNPP,N,2.0NRT,0.75,302.38
15.17622,77.09935,2026-08-15,2042,n,0.4,SNPP,0.37,283.57,SNPP,N,2.0NRT,1.1400000000000001,300.72
15.02488,78.01537,2026-08-15,2042,n,0.42,SNPP,0.38,289.14,SNPP,N,2.0NRT,0.92,305.29
18.69004,73.0424,2026-08-15,2042,n,0.48,SNPP,0.4,288.23,SNPP,N,2.0NRT,4.35,308.29
12.23028,79.20409,2026-08-15,2042,n,0.51,SNPP,0.41000000000000003,280.63,SNPP,N,2.0NRT,0.65,303.61
12.29187,78.93195,2026-08-15,2042,n,0.49,SNPP,0.4,275.58,SNPP,N,2.0NRT,0.84,300.29
12.28915,78.93369,2026-08-15,2042,n,0.49,SNPP,0.4,275.68,SNPP,N,2.0NRT,0.9,299.95
13.60553,76.79213,2026-08-15,2042,n,0.4,SNPP,0.37,286.81,SNPP,N,2.0NRT,0.41000000000000003,301.13
14.37725,79.89831,2026-08-15,2042,n,0.52,SNPP,0.41000000000000003,267.56,SNPP,N,2.0NRT,1.09,304.74
15.02144,78.01479,2026-08-15,2042,n,0.42,SNPP,0.38,289.18,SNPP,N,2.0NRT,0.92,310.19
13.16287,80.28493,2026-08-15,2042,n,0.5700000000000001,SNPP,0.43,290.47,SNPP,N,2.0NRT,5.01,313.34
13.15892,80.28419,2026-08-15,2042,n,0.5700000000000001,SNPP,0.43,291.24,SNPP,N,2.0NRT,11.5,338.12
18.68268,73.04128,2026-08-15,2042,n,0.48,SNPP,0.4,286.79,SNPP,N,2.0NRT,3.45,305.74
18.68394,73.03215,2026-08-15,2042,n,0.48,SNPP,0.4,290.08,SNPP,N,2.0NRT,4.49,310.27
15.334810000000001,76.28645,2026-08-15,2042,n,0.39,SNPP,0.36,286.38,SNPP,N,2.0NRT,0.97,305.36
11.80888,77.9234,2026-08-15,2044,n,0.45,SNPP,0.39,270.04,SNPP,N,2.0NRT,1.75,309.59
11.81028,77.92094,2026-08-15,2044,n,0.45,SNPP,0.39,269.71,SNPP,N,2.0NRT,0.81,296.33
11.8096,77.92503,2026-08-15,2044,n,0.45,SNPP,0.39,269.92,SNPP,N,2.0NRT,0.81,308.4
11.21336,77.89606,2026-08-15,2044,n,0.45,SNPP,0.39,274.78,SNPP,N,2.0NRT,0.91,304.47
10.62393,79.12068,2026-08-15,2044,n,0.53,SNPP,0.42,272.74,SNPP,N,2.0NRT,1.55,300.22
10.62608,79.11906,2026-08-15,2044,n,0.53,SNPP,0.42,272.97,SNPP,N,2.0NRT,1.4100000000000001,310.41
10.92917,77.06458,2026-08-15,2044,n,0.42,SNPP,0.38,277.82,SNPP,N,2.0NRT,0.54,302.5
10.61674,77.42191,2026-08-15,2044,n,0.44,SNPP,0.38,272.09,SNPP,N,2.0NRT,0.44,296.05
9.33741,78.60825,2026-08-15,2044,n,0.52,SNPP,0.41000000000000003,277.2,SNPP,N,2.0NRT,1.12,304.15
6.82898,81.17235,2026-08-15,2044,n,0.54,SNPP,0.51,283.54,SNPP,N,2.0NRT,0.9400000000000001,306.56
6.82814,81.17716,2026-08-15,2044,n,0.54,SNPP,0.51,282.98,SNPP,N,2.0NRT,0.9400000000000001,301.74
6.82433,81.17148,2026-08-15,2044,n,0.54,SNPP,0.51,284.13,SNPP,N,2.0NRT,2.5700000000000003,329.63
6.82513,81.16695,2026-08-15,2044,n,0.54,SNPP,0.51,282.42,SNPP,N,2.0NRT,2.05,301.6
6.82044,81.16622,2026-08-15,2044,n,0.54,SNPP,0.51,284.85,SNPP,N,2.0NRT,2.05,308.11
6.81964,81.17075,2026-08-15,2044,n,0.54,SNPP,0.51,283.91,SNPP,N,2.0NRT,2.5700000000000003,313.61
6.8224800000000005,81.16821,2026-08-15,2044,n,0.54,SNPP,0.51,284.85,SNPP,N,2.0NRT,1.8399999999999999,316.25
6.81776,81.16775,2026-08-15,2044,n,0.54,SNPP,0.51,285.17,SNPP,N,2.0NRT,1.8399999999999999,307.37
6.73721,81.02435,2026-08-15,2044,n,0.53,SNPP,0.5,280.6,SNPP,N,2.0NRT,2.02,298.91
6.73881,81.02721,2026-08-15,2044,n,0.54,SNPP,0.5,282.29,SNPP,N,2.0NRT,1.29,305.05
12.09803,78.35358,2026-08-15,2044,n,0.46,SNPP,0.39,267.92,SNPP,N,2.0NRT,0.7000000000000001,295.31
11.8396,78.97262,2026-08-15,2044,n,0.5,SNPP,0.41000000000000003,280.59,SNPP,N,2.0NRT,0.92,306.04
33.2472,71.29536,2026-08-15,2218,n,0.6900000000000001,SNPP,0.74,287.99,SNPP,N,2.0NRT,2.9,309.79
33.24935,71.28817,2026-08-15,2218,n,0.6900000000000001,SNPP,0.74,287.98,SNPP,N,2.0NRT,5.99,313.25
33.24773,71.29378,2026-08-15,2218,n,0.6900000000000001,SNPP,0.74,287.68,SNPP,N,2.0NRT,3.2800000000000002,317.5
33.24991,71.28664,2026-08-15,2218,n,0.6900000000000001,SNPP,0.74,287.96,SNPP,N,2.0NRT,3.2800000000000002,306.94
8.05624,81.24507,2026-08-16,748,n,0.54,SNPP,0.42,295.23,SNPP,D,2.0NRT,4.3,334.06
7.87655,81.41111,2026-08-16,748,n,0.53,SNPP,0.42,290.2,SNPP,D,2.0NRT,1.79,328.72
7.88076,81.48351,2026-08-16,748,n,0.52,SNPP,0.42,292.88,SNPP,D,2.0NRT,5.64,344.73
7.87693,81.48414,2026-08-16,748,n,0.52,SNPP,0.42,292.35,SNPP,D,2.0NRT,5.64,334.22
7.87898,81.48672,2026-08-16,748,n,0.52,SNPP,0.42,293.62,SNPP,D,2.0NRT,10.65,338.59
7.8613800000000005,81.47504,2026-08-16,748,n,0.52,SNPP,0.42,291.47,SNPP,D,2.0NRT,10.54,339.81
7.73887,81.26031,2026-08-16,748,n,0.54,SNPP,0.42,294.07,SNPP,D,2.0NRT,1.8900000000000001,327.95
7.73834,81.5024,2026-08-16,748,n,0.52,SNPP,0.42,293.0,SNPP,D,2.0NRT,1.6099999999999999,330.97
7.4564,81.34227,2026-08-16,748,n,0.54,SNPP,0.42,290.53,SNPP,D,2.0NRT,4.99,334.64
7.31004,80.93993,2026-08-16,748,n,0.5700000000000001,SNPP,0.43,290.27,SNPP,D,2.0NRT,5.54,327.22
7.26022,81.79184,2026-08-16,748,n,0.51,SNPP,0.41000000000000003,286.27,SNPP,D,2.0NRT,3.77,329.28
7.18742,81.82262,2026-08-16,748,n,0.51,SNPP,0.41000000000000003,286.35,SNPP,D,2.0NRT,3.5300000000000002,329.86
6.72965,81.52991,2026-08-16,748,n,0.54,SNPP,0.42,284.2,SNPP,D,2.0NRT,7.91,337.55
8.06344,81.18587,2026-08-16,748,n,0.54,SNPP,0.42,293.2,SNPP,D,2.0NRT,6.49,340.33
8.05773,81.24693,2026-08-16,748,n,0.53,SNPP,0.42,294.06,SNPP,D,2.0NRT,3.58,330.12
8.05386,81.24757,2026-08-16,748,n,0.53,SNPP,0.42,294.43,SNPP,D,2.0NRT,3.58,331.78
11.92912,79.67993,2026-08-16,750,n,0.39,SNPP,0.44,298.78,SNPP,D,2.0NRT,4.37,340.8
10.95975,78.94122,2026-08-16,750,n,0.45,SNPP,0.47000000000000003,298.68,SNPP,D,2.0NRT,2.66,336.56
10.85651,79.07156,2026-08-16,750,n,0.44,SNPP,0.46,301.56,SNPP,D,2.0NRT,6.22,335.25
10.8337,79.31152,2026-08-16,750,n,0.42,SNPP,0.46,300.7,SNPP,D,2.0NRT,4.59,342.14
10.53129,79.73779,2026-08-16,750,n,0.4,SNPP,0.44,299.65,SNPP,D,2.0NRT,2.77,332.24
10.20671,78.83601,2026-08-16,750,n,0.47000000000000003,SNPP,0.47000000000000003,298.64,SNPP,D,2.0NRT,3.96,333.99
9.85071,77.88331,2026-08-16,750,n,0.55,SNPP,0.51,297.59,SNPP,D,2.0NRT,1.3,332.78
9.85307,77.88065,2026-08-16,750,n,0.55,SNPP,0.51,297.51,SNPP,D,2.0NRT,1.6400000000000001,335.86
9.45774,77.60921,2026-08-16,750,n,0.58,SNPP,0.52,297.11,SNPP,D,2.0NRT,5.97,339.95
9.45867,77.61446,2026-08-16,750,n,0.58,SNPP,0.52,296.88,SNPP,D,2.0NRT,5.97,342.14
9.6554,80.30992,2026-08-16,750,n,0.38,SNPP,0.43,292.62,SNPP,D,2.0NRT,9.63,355.1
9.319,79.30539,2026-08-16,750,n,0.45,SNPP,0.47000000000000003,272.45,SNPP,D,2.0NRT,4.67,337.47
9.459,80.47677,2026-08-16,750,n,0.5700000000000001,SNPP,0.43,293.63,SNPP,D,2.0NRT,4.75,341.37
9.45503,80.47744,2026-08-16,750,n,0.5700000000000001,SNPP,0.43,293.37,SNPP,D,2.0NRT,4.75,329.83
9.3233,80.19555,2026-08-16,750,n,0.39,SNPP,0.44,290.77,SNPP,D,2.0NRT,3.18,333.77
8.76996,78.10783,2026-08-16,750,n,0.55,SNPP,0.51,286.4,SNPP,D,2.0NRT,2.39,335.8
8.90999,80.47983,2026-08-16,750,n,0.38,SNPP,0.44,295.13,SNPP,D,2.0NRT,7.28,344.01
8.8501,80.42207,2026-08-16,750,n,0.39,SNPP,0.44,292.67,SNPP,D,2.0NRT,1.69,334.26
8.84015,80.60784,2026-08-16,750,n,0.5700000000000001,SNPP,0.43,289.47,SNPP,D,2.0NRT,3.8,331.63
14.56621,77.56371,2026-08-16,750,n,0.48,SNPP,0.48,294.68,SNPP,D,2.0NRT,6.17,345.18
14.56593,77.56482,2026-08-16,750,n,0.48,SNPP,0.48,294.23,SNPP,D,2.0NRT,4.13,341.41
14.64689,79.2653,2026-08-16,750,n,0.56,SNPP,0.43,287.95,SNPP,D,2.0NRT,3.94,333.62
14.06632,77.34638,2026-08-16,750,n,0.5,SNPP,0.49,297.1,SNPP,D,2.0NRT,2.69,337.35
12.61864,80.07019,2026-08-16,750,l,0.54,SNPP,0.42,301.49,SNPP,D,2.0NRT,3.24,331.42
12.32878,78.75077,2026-08-16,750,n,0.44,SNPP,0.46,303.03,SNPP,D,2.0NRT,15.33,349.65
12.3682,78.99841,2026-08-16,750,n,0.42,SNPP,0.45,301.54,SNPP,D,2.0NRT,6.01,335.85
12.43197,79.43339,2026-08-16,750,n,0.39,SNPP,0.44,299.32,SNPP,D,2.0NRT,3.07,339.44
12.21654,79.85169,2026-08-16,750,n,0.56,SNPP,0.43,299.27,SNPP,D,2.0NRT,3.2,337.97
12.03929,79.50043,2026-08-16,750,n,0.4,SNPP,0.44,300.91,SNPP,D,2.0NRT,3.09,339.7
11.94788,79.04879,2026-08-16,750,n,0.42,SNPP,0.45,299.72,SNPP,D,2.0NRT,4.5600000000000005,336.96
11.46932,79.35802,2026-08-16,750,n,0.41000000000000003,SNPP,0.45,299.45,SNPP,D,2.0NRT,2.64,332.09
11.40386,79.70392,2026-08-16,750,n,0.39,SNPP,0.44,299.83,SNPP,D,2.0NRT,2.19,332.63
10.92125,78.4465,2026-08-16,750,n,0.48,SNPP,0.48,300.93,SNPP,D,2.0NRT,3.75,333.11
11.08317,79.47999,2026-08-16,750,n,0.41000000000000003,SNPP,0.45,293.66,SNPP,D,2.0NRT,4.53,338.97
16.85509,79.1368,2026-08-16,752,n,0.53,SNPP,0.42,292.29,SNPP,D,2.0NRT,4.27,330.97
23.71242,86.45026,2026-08-16,752,n,0.52,SNPP,0.42,289.61,SNPP,D,2.0NRT,2.04,332.31
23.80482,86.32938,2026-08-16,752,n,0.52,SNPP,0.41000000000000003,290.31,SNPP,D,2.0NRT,6.8100000000000005,336.19
22.367820000000002,87.30247,2026-08-16,752,n,0.56,SNPP,0.43,285.54,SNPP,D,2.0NRT,2.37,330.84
22.37709,87.27881,2026-08-16,752,n,0.56,SNPP,0.43,287.18,SNPP,D,2.0NRT,5.71,332.37
27.4415,70.79316,2026-08-16,754,n,0.35000000000000003,SNPP,0.5700000000000001,298.49,SNPP,D,2.0NRT,2.1,337.65
27.32376,71.15984,2026-08-16,754,n,0.34,SNPP,0.56,297.48,SNPP,D,2.0NRT,2.66,339.18
30.03814,71.55405,2026-08-16,756,n,0.56,SNPP,0.52,297.92,SNPP,D,2.0NRT,3.21,331.37
30.65555,74.16005,2026-08-16,756,n,0.39,SNPP,0.44,296.81,SNPP,D,2.0NRT,3.35,336.41
30.56189,72.18955,2026-08-16,756,n,0.5,SNPP,0.49,297.4,SNPP,D,2.0NRT,3.98,336.38
31.0305,73.36909,2026-08-16,756,l,0.42,SNPP,0.45,302.55,SNPP,D,2.0NRT,6.02,330.39
30.68955,71.74601,2026-08-16,756,n,0.53,SNPP,0.5,296.32,SNPP,D,2.0NRT,5.2,337.11
30.89985,71.96447,2026-08-16,756,n,0.51,SNPP,0.49,296.86,SNPP,D,2.0NRT,5.5600000000000005,338.45
31.37678,72.17642,2026-08-16,756,n,0.48,SNPP,0.48,297.01,SNPP,D,2.0NRT,4.21,338.72
30.03752,72.56381,2026-08-16,756,n,0.49,SNPP,0.49,298.16,SNPP,D,2.0NRT,6.57,341.13
29.97123,72.10835,2026-08-16,756,n,0.52,SNPP,0.5,298.84,SNPP,D,2.0NRT,2.95,330.37
30.30352,73.35507,2026-08-16,756,n,0.44,SNPP,0.46,297.26,SNPP,D,2.0NRT,2.95,330.83
30.42686,73.71638,2026-08-16,756,n,0.42,SNPP,0.45,296.02,SNPP,D,2.0NRT,4.55,342.02
27.30517,95.31655,2026-08-16,1838,n,0.6000000000000001,SNPP,0.71,277.63,SNPP,N,2.0NRT,4.12,299.58
27.32653,95.27569,2026-08-16,2019,n,0.44,SNPP,0.62,285.06,SNPP,N,2.0NRT,1.01,303.59
23.68976,87.09792,2026-08-16,2019,n,0.51,SNPP,0.41000000000000003,268.87,SNPP,N,2.0NRT,1.13,297.24
23.79461,86.35178,2026-08-16,2019,n,0.47000000000000003,SNPP,0.4,261.93,SNPP,N,2.0NRT,1.21,296.15
23.79429,86.3544,2026-08-16,2019,n,0.47000000000000003,SNPP,0.4,261.64,SNPP,N,2.0NRT,0.52,296.66
23.78065,86.34676,2026-08-16,2019,n,0.47000000000000003,SNPP,0.4,264.35,SNPP,N,2.0NRT,1.23,295.08
23.78283,86.21016,2026-08-16,2019,n,0.46,SNPP,0.39,262.46,SNPP,N,2.0NRT,0.51,296.19
23.77923,86.20941,2026-08-16,2019,n,0.46,SNPP,0.39,262.94,SNPP,N,2.0NRT,1.72,309.51
23.82256,85.49575,2026-08-16,2019,n,0.43,SNPP,0.38,278.35,SNPP,N,2.0NRT,1.43,302.8
37.30309,77.71994,2026-08-16,2019,n,0.53,SNPP,0.5,283.37,SNPP,N,2.0NRT,1.12,300.9
23.71088,85.28767,2026-08-16,2019,n,0.43,SNPP,0.38,274.78,SNPP,N,2.0NRT,0.41000000000000003,300.01
23.69622,85.37119,2026-08-16,2019,n,0.43,SNPP,0.38,276.34,SNPP,N,2.0NRT,1.19,303.45
23.75624,85.8518,2026-08-16,2019,n,0.45,SNPP,0.39,280.13,SNPP,N,2.0NRT,2.37,310.63
25.03796,87.39037,2026-08-16,2019,n,0.51,SNPP,0.41000000000000003,268.71,SNPP,N,2.0NRT,0.30000000000000004,295.34
23.75901,85.8569,2026-08-16,2019,n,0.45,SNPP,0.39,279.7,SNPP,N,2.0NRT,1.26,305.05
23.82388,84.57319,2026-08-16,2019,n,0.41000000000000003,SNPP,0.37,273.38,SNPP,N,2.0NRT,1.28,307.11
23.69631,85.28904,2026-08-16,2019,n,0.43,SNPP,0.38,274.73,SNPP,N,2.0NRT,0.64,300.29
23.738410000000002,85.00768,2026-08-16,2019,n,0.42,SNPP,0.38,278.09,SNPP,N,2.0NRT,0.87,303.12
23.64884,85.43541,2026-08-16,2019,n,0.43,SNPP,0.38,274.32,SNPP,N,2.0NRT,1.3900000000000001,304.07
23.64809,85.43964,2026-08-16,2019,n,0.43,SNPP,0.38,273.03,SNPP,N,2.0NRT,2.02,318.07
23.72058,85.00829,2026-08-16,2019,n,0.42,SNPP,0.38,274.47,SNPP,N,2.0NRT,0.44,302.03
23.48163,87.36025,2026-08-16,2019,n,0.53,SNPP,0.42,278.91,SNPP,N,2.0NRT,3.31,311.77
23.78699,85.55426,2026-08-16,2019,n,0.44,SNPP,0.38,278.48,SNPP,N,2.0NRT,0.73,304.07
23.68358,86.09312,2026-08-16,2019,n,0.46,SNPP,0.39,274.35,SNPP,N,2.0NRT,0.87,304.62
23.68162,86.0834,2026-08-16,2019,n,0.46,SNPP,0.39,273.67,SNPP,N,2.0NRT,0.92,299.64
23.68001,86.09234,2026-08-16,2019,n,0.46,SNPP,0.39,274.08,SNPP,N,2.0NRT,0.87,303.11
23.67724,86.0871,2026-08-16,2019,n,0.46,SNPP,0.39,273.71,SNPP,N,2.0NRT,1.11,300.84
23.63231,86.29353,2026-08-16,2019,n,0.47000000000000003,SNPP,0.4,267.55,SNPP,N,2.0NRT,0.74,300.99
23.74492,85.50591,2026-08-16,2019,n,0.44,SNPP,0.38,273.56,SNPP,N,2.0NRT,0.43,299.47
17.06268,76.97933,2026-08-16,2021,n,0.51,SNPP,0.41000000000000003,290.34,SNPP,N,2.0NRT,1.23,304.44
16.48338,79.32732,2026-08-16,2021,n,0.4,SNPP,0.37,283.73,SNPP,N,2.0NRT,2.43,301.16
16.13906,78.94816,2026-08-16,2021,n,0.41000000000000003,SNPP,0.37,289.05,SNPP,N,2.0NRT,1.16,306.38
16.80935,79.91482,2026-08-16,2021,n,0.39,SNPP,0.36,291.22,SNPP,N,2.0NRT,2.22,306.66
11.00697,78.65388,2026-08-16,2023,n,0.39,SNPP,0.36,275.21,SNPP,N,2.0NRT,0.34,301.05
15.65948,73.98701,2026-08-16,2023,n,0.49,SNPP,0.49,288.56,SNPP,N,2.0NRT,1.31,305.13
15.22664,76.76346,2026-08-16,2023,n,0.5,SNPP,0.41000000000000003,278.08,SNPP,N,2.0NRT,0.8200000000000001,300.09
15.17787,77.10235,2026-08-16,2023,n,0.48,SNPP,0.4,273.99,SNPP,N,2.0NRT,0.59,298.51
15.17421,77.10181,2026-08-16,2023,n,0.48,SNPP,0.4,274.65,SNPP,N,2.0NRT,0.59,298.95
15.1829,76.66685,2026-08-16,2023,n,0.5,SNPP,0.41000000000000003,274.66,SNPP,N,2.0NRT,1.96,316.76
15.17785,76.67564,2026-08-16,2023,n,0.5,SNPP,0.41000000000000003,273.98,SNPP,N,2.0NRT,1.32,304.74
15.17668,76.65643,2026-08-16,2023,n,0.5,SNPP,0.41000000000000003,279.49,SNPP,N,2.0NRT,2.73,313.84
15.16656,76.67412,2026-08-16,2023,n,0.5,SNPP,0.41000000000000003,271.83,SNPP,N,2.0NRT,0.52,295.92
11.81462,77.91779,2026-08-16,2023,n,0.41000000000000003,SNPP,0.37,284.95,SNPP,N,2.0NRT,1.6800000000000002,306.86
9.55242,80.3984,2026-08-16,2023,n,0.39,SNPP,0.36,291.82,SNPP,N,2.0NRT,2.52,307.71
10.35551,77.15921,2026-08-16,2023,n,0.43,SNPP,0.38,279.64,SNPP,N,2.0NRT,0.65,298.6
10.35654,77.1524,2026-08-16,2023,n,0.43,SNPP,0.38,278.28,SNPP,N,2.0NRT,0.97,312.75
10.35705,77.14909,2026-08-16,2023,n,0.43,SNPP,0.38,277.8,SNPP,N,2.0NRT,0.97,300.2
10.36002,77.15292,2026-08-16,2023,n,0.43,SNPP,0.38,278.2,SNPP,N,2.0NRT,0.97,305.9
10.36054,77.14954,2026-08-16,2023,n,0.43,SNPP,0.38,278.32,SNPP,N,2.0NRT,0.97,307.66
11.17648,79.08794,2026-08-16,2023,n,0.39,SNPP,0.36,272.57,SNPP,N,2.0NRT,0.41000000000000003,299.38
7.98776,79.86501,2026-08-16,2025,n,0.39,SNPP,0.36,292.58,SNPP,N,2.0NRT,1.82,304.05
7.34767,81.24226,2026-08-16,2025,n,0.43,SNPP,0.38,293.49,SNPP,N,2.0NRT,1.57,307.5
7.35945,81.23593,2026-08-16,2025,n,0.43,SNPP,0.38,293.6,SNPP,N,2.0NRT,3.79,328.47
7.437,81.27293,2026-08-16,2025,n,0.43,SNPP,0.38,293.31,SNPP,N,2.0NRT,0.75,305.52
7.52707,81.07053,2026-08-16,2025,n,0.42,SNPP,0.38,293.47,SNPP,N,2.0NRT,2.35,323.31
7.78494,80.4927,2026-08-16,2025,n,0.4,SNPP,0.37,292.38,SNPP,N,2.0NRT,2.84,330.13
6.33424,81.09734,2026-08-16,2025,n,0.43,SNPP,0.38,292.51,SNPP,N,2.0NRT,0.93,310.21
6.60892,81.18781,2026-08-16,2025,n,0.43,SNPP,0.38,291.97,SNPP,N,2.0NRT,1.6800000000000002,309.21
6.68423,81.03857,2026-08-16,2025,n,0.43,SNPP,0.38,291.7,SNPP,N,2.0NRT,1.51,315.79
6.8011,81.494,2026-08-16,2025,n,0.45,SNPP,0.39,292.37,SNPP,N,2.0NRT,2.7,323.83
7.38599,80.92137,2026-08-16,2025,n,0.42,SNPP,0.38,292.07,SNPP,N,2.0NRT,1.11,313.44
7.38881,80.92573,2026-08-16,2025,n,0.42,SNPP,0.38,291.95,SNPP,N,2.0NRT,1.11,305.81
7.397,80.91884,2026-08-16,2025,n,0.42,SNPP,0.38,292.9,SNPP,N,2.0NRT,5.39,342.42
32.88736,71.61448,2026-08-16,2157,n,0.4,SNPP,0.6000000000000001,291.46,SNPP,N,2.0NRT,4.22,310.51
33.25005,71.29332,2026-08-16,2157,n,0.38,SNPP,0.59,291.1,SNPP,N,2.0NRT,1.26,313.83
33.25105,71.28937,2026-08-16,2157,n,0.38,SNPP,0.59,291.01,SNPP,N,2.0NRT,1.26,305.23
33.29679,71.18593,2026-08-16,2157,n,0.37,SNPP,0.58,291.16,SNPP,N,2.0NRT,1.06,310.43
35.96718,68.68407,2026-08-16,2157,n,0.48,SNPP,0.48,294.87,SNPP,N,2.0NRT,1.28,307.09
37.12394,68.40198,2026-08-16,2157,n,0.43,SNPP,0.46,292.31,SNPP,N,2.0NRT,2.04,305.46
37.12806,68.40341,2026-08-16,2157,n,0.43,SNPP,0.46,294.63,SNPP,N,2.0NRT,2.04,325.93
32.29563,70.73203,2026-08-16,2159,n,0.37,SNPP,0.58,292.72,SNPP,N,2.0NRT,3.38,308.42
32.28855,70.73765,2026-08-16,2159,n,0.37,SNPP,0.58,293.1,SNPP,N,2.0NRT,3.5300000000000002,308.76
7.8946000000000005,81.41067,2026-08-17,729,n,0.36,SNPP,0.5700000000000001,294.12,SNPP,D,2.0NRT,4.6,340.61
7.91302,81.45422,2026-08-17,729,n,0.35000000000000003,SNPP,0.5700000000000001,295.21,SNPP,D,2.0NRT,3.5700000000000003,336.81
7.90644,81.47861,2026-08-17,729,n,0.35000000000000003,SNPP,0.5700000000000001,294.21,SNPP,D,2.0NRT,4.88,334.18
7.69074,81.1427,2026-08-17,729,n,0.37,SNPP,0.58,293.83,SNPP,D,2.0NRT,5.62,339.47
7.68535,81.14362,2026-08-17,729,n,0.37,SNPP,0.58,293.08,SNPP,D,2.0NRT,2.94,334.69
7.59237,80.9697,2026-08-17,729,n,0.39,SNPP,0.59,293.21,SNPP,D,2.0NRT,4.47,330.68
7.40015,80.90923,2026-08-17,729,n,0.39,SNPP,0.6000000000000001,293.53,SNPP,D,2.0NRT,11.96,336.2
7.39885,80.90202,2026-08-17,729,h,0.39,SNPP,0.6000000000000001,293.17,SNPP,D,2.0NRT,13.44,367.0
7.39953,80.90575,2026-08-17,729,h,0.39,SNPP,0.6000000000000001,295.29,SNPP,D,2.0NRT,13.44,367.0
7.35611,81.1077,2026-08-17,729,n,0.38,SNPP,0.59,293.8,SNPP,D,2.0NRT,3.45,340.48
7.36152,81.10664,2026-08-17,729,n,0.38,SNPP,0.59,292.94,SNPP,D,2.0NRT,2.22,331.12
7.4248,81.18104,2026-08-17,729,n,0.38,SNPP,0.58,294.15,SNPP,D,2.0NRT,4.99,335.91
7.42786,81.1346,2026-08-17,729,n,0.38,SNPP,0.59,293.23,SNPP,D,2.0NRT,6.06,354.12
7.42131,81.18064,2026-08-17,729,n,0.38,SNPP,0.58,294.56,SNPP,D,2.0NRT,5.13,340.19
7.42405,81.13436,2026-08-17,729,n,0.38,SNPP,0.59,293.7,SNPP,D,2.0NRT,4.0,332.66
7.42945,81.13339,2026-08-17,729,n,0.38,SNPP,0.59,292.72,SNPP,D,2.0NRT,5.19,343.76
7.39652,80.92043,2026-08-17,729,n,0.39,SNPP,0.6000000000000001,293.14,SNPP,D,2.0NRT,10.54,347.59
9.75891,78.5976,2026-08-17,729,n,0.51,SNPP,0.66,290.03,SNPP,D,2.0NRT,6.91,337.94
9.75952,78.60124,2026-08-17,729,n,0.51,SNPP,0.66,290.07,SNPP,D,2.0NRT,8.81,343.8
9.42494,77.81399,2026-08-17,729,n,0.58,SNPP,0.7000000000000001,287.59,SNPP,D,2.0NRT,5.99,332.66
8.82915,80.8968,2026-08-17,729,l,0.37,SNPP,0.58,288.51,SNPP,D,2.0NRT,11.63,357.25
8.82977,80.9002,2026-08-17,729,n,0.37,SNPP,0.58,288.54,SNPP,D,2.0NRT,6.06,333.33
8.83039,80.90359,2026-08-17,729,n,0.37,SNPP,0.58,288.51,SNPP,D,2.0NRT,6.06,332.89
8.82442,80.90121,2026-08-17,729,n,0.37,SNPP,0.58,289.72,SNPP,D,2.0NRT,5.79,353.07
8.82503,80.90459,2026-08-17,729,n,0.37,SNPP,0.58,288.07,SNPP,D,2.0NRT,5.79,342.57
8.09535,81.39194,2026-08-17,729,n,0.35000000000000003,SNPP,0.5700000000000001,292.9,SNPP,D,2.0NRT,1.76,336.13
7.81238,79.93328,2026-08-17,729,n,0.45,SNPP,0.63,289.48,SNPP,D,2.0NRT,4.71,343.05
8.00141,81.46672,2026-08-17,729,h,0.35000000000000003,SNPP,0.5700000000000001,296.55,SNPP,D,2.0NRT,21.33,367.0
7.99094,81.46861,2026-08-17,729,n,0.35000000000000003,SNPP,0.5700000000000001,294.57,SNPP,D,2.0NRT,3.67,335.06
7.9129000000000005,81.45583,2026-08-17,729,n,0.35000000000000003,SNPP,0.5700000000000001,294.85,SNPP,D,2.0NRT,2.67,336.79
7.90649,81.48015,2026-08-17,729,n,0.35000000000000003,SNPP,0.5700000000000001,293.81,SNPP,D,2.0NRT,5.55,332.51
7.9030000000000005,81.49067,2026-08-17,729,n,0.35000000000000003,SNPP,0.5700000000000001,293.48,SNPP,D,2.0NRT,5.94,333.62
7.12697,81.78335,2026-08-17,731,n,0.35000000000000003,SNPP,0.56,294.31,SNPP,D,2.0NRT,2.65,330.85
6.5092,80.98142,2026-08-17,731,h,0.4,SNPP,0.6000000000000001,291.08,SNPP,D,2.0NRT,12.47,367.0
7.10485,81.78197,2026-08-17,731,n,0.35000000000000003,SNPP,0.56,294.7,SNPP,D,2.0NRT,3.19,336.71
7.10559,81.78389,2026-08-17,731,n,0.35000000000000003,SNPP,0.56,294.56,SNPP,D,2.0NRT,3.92,330.51
7.10503,81.78075,2026-08-17,731,n,0.35000000000000003,SNPP,0.56,294.33,SNPP,D,2.0NRT,1.69,332.65
7.12642,81.7802,2026-08-17,731,n,0.35000000000000003,SNPP,0.56,293.97,SNPP,D,2.0NRT,2.65,340.0
7.16783,81.80219,2026-08-17,731,n,0.34,SNPP,0.56,294.53,SNPP,D,2.0NRT,2.12,332.75
7.27832,81.82177,2026-08-17,731,n,0.34,SNPP,0.56,294.28,SNPP,D,2.0NRT,2.83,338.68
7.27778,81.81866,2026-08-17,731,n,0.34,SNPP,0.56,294.77,SNPP,D,2.0NRT,2.83,333.41
7.20693,81.81159,2026-08-17,731,n,0.34,SNPP,0.56,295.69,SNPP,D,2.0NRT,3.5,343.9
7.20699,81.81147,2026-08-17,731,n,0.34,SNPP,0.56,295.38,SNPP,D,2.0NRT,3.29,343.26
29.915210000000002,71.71583,2026-08-17,735,h,0.52,SNPP,0.67,293.58,SNPP,D,2.0NRT,13.13,367.0
29.91381,71.71052,2026-08-17,735,n,0.52,SNPP,0.67,292.7,SNPP,D,2.0NRT,13.13,343.62
29.80713,73.34641,2026-08-17,735,n,0.42,SNPP,0.61,293.62,SNPP,D,2.0NRT,2.66,332.94
30.53718,73.88202,2026-08-17,735,n,0.38,SNPP,0.59,293.37,SNPP,D,2.0NRT,1.99,331.82
30.40925,72.10819,2026-08-17,735,n,0.48,SNPP,0.65,291.74,SNPP,D,2.0NRT,3.26,332.07
9.88916,77.87049,2026-08-17,909,n,0.6900000000000001,SNPP,0.74,288.9,SNPP,D,2.0NRT,3.89,337.09
9.88751,77.86655,2026-08-17,909,n,0.6900000000000001,SNPP,0.74,289.24,SNPP,D,2.0NRT,7.76,338.98
23.50516,69.26018,2026-08-17,915,n,0.55,SNPP,0.51,290.98,SNPP,D,2.0NRT,3.6,330.24
26.22446,68.21117,2026-08-17,915,n,0.51,SNPP,0.5,296.49,SNPP,D,2.0NRT,5.76,339.48
23.50567,69.26427,2026-08-17,915,n,0.55,SNPP,0.51,292.07,SNPP,D,2.0NRT,3.46,330.78
35.24258,68.10051,2026-08-17,917,n,0.32,SNPP,0.55,311.1,SNPP,D,2.0NRT,3.1,338.67
35.24283,68.10374,2026-08-17,917,n,0.32,SNPP,0.55,309.91,SNPP,D,2.0NRT,2.88,341.91
31.58373,72.28916,2026-08-17,917,n,0.52,SNPP,0.66,290.64,SNPP,D,2.0NRT,3.03,341.91
35.98857,94.83189,2026-08-17,1957,n,0.46,SNPP,0.39,276.21,SNPP,N,2.0NRT,0.72,303.72
29.65801,90.89878,2026-08-17,2000,n,0.4,SNPP,0.37,282.46,SNPP,N,2.0NRT,1.24,303.14
21.10202,72.64528,2026-08-17,2002,n,0.71,SNPP,0.75,282.12,SNPP,N,2.0NRT,2.69,306.41
21.1071,72.64555,2026-08-17,2002,n,0.71,SNPP,0.75,282.02,SNPP,N,2.0NRT,3.43,308.27
17.60581,83.20076,2026-08-17,2004,n,0.44,SNPP,0.38,269.84,SNPP,N,2.0NRT,1.01,298.13
17.60875,83.20546,2026-08-17,2004,n,0.44,SNPP,0.38,270.46,SNPP,N,2.0NRT,0.78,305.86
10.91686,78.14649,2026-08-17,2006,n,0.46,SNPP,0.47000000000000003,289.32,SNPP,N,2.0NRT,1.49,306.58
10.92123,78.14713,2026-08-17,2006,n,0.46,SNPP,0.47000000000000003,290.63,SNPP,N,2.0NRT,1.49,310.07
8.39024,81.03989,2026-08-17,2006,n,0.44,SNPP,0.39,291.67,SNPP,N,2.0NRT,0.43,307.93
7.65789,80.73828,2026-08-17,2006,n,0.45,SNPP,0.39,291.7,SNPP,N,2.0NRT,5.23,326.15
8.67061,77.99346,2026-08-17,2006,n,0.44,SNPP,0.46,292.31,SNPP,N,2.0NRT,1.29,308.12
10.36333,77.14931,2026-08-17,2006,n,0.53,SNPP,0.5,288.41,SNPP,N,2.0NRT,0.99,310.09
10.36136,77.14999,2026-08-17,2006,n,0.53,SNPP,0.5,288.08,SNPP,N,2.0NRT,1.65,309.71
10.35866,77.14888,2026-08-17,2006,n,0.53,SNPP,0.5,287.41,SNPP,N,2.0NRT,0.99,302.98
8.81313,80.58661,2026-08-17,2006,n,0.47000000000000003,SNPP,0.4,291.13,SNPP,N,2.0NRT,2.27,308.18
10.36181,77.14661,2026-08-17,2006,n,0.53,SNPP,0.5,287.55,SNPP,N,2.0NRT,1.65,304.57
37.29158,77.764,2026-08-17,2138,n,0.37,SNPP,0.58,282.41,SNPP,N,2.0NRT,0.4,301.35
33.29498,71.1871,2026-08-17,2140,n,0.41000000000000003,SNPP,0.45,292.28,SNPP,N,2.0NRT,1.98,309.29
32.89033,71.61874,2026-08-17,2140,n,0.44,SNPP,0.46,292.9,SNPP,N,2.0NRT,5.63,309.79
32.28934,70.74017,2026-08-17,2140,n,0.41000000000000003,SNPP,0.45,293.1,SNPP,N,2.0NRT,3.3,309.19
35.9673,68.68782,2026-08-17,2140,n,0.44,SNPP,0.38,295.98,SNPP,N,2.0NRT,1.5899999999999999,308.02
25.38917,68.58541,2026-08-17,2142,n,0.42,SNPP,0.45,292.28,SNPP,N,2.0NRT,1.03,307.1
8.17521,81.31606,2026-08-18,712,n,0.74,SNPP,0.76,290.05,SNPP,D,2.0NRT,12.11,349.37
8.17243,81.31873,2026-08-18,712,n,0.74,SNPP,0.76,289.97,SNPP,D,2.0NRT,9.68,341.97
7.89723,81.41067,2026-08-18,712,n,0.74,SNPP,0.76,290.87,SNPP,D,2.0NRT,5.29,332.88
7.89501,81.47443,2026-08-18,712,n,0.73,SNPP,0.76,289.97,SNPP,D,2.0NRT,9.23,334.33
7.89822,81.47876,2026-08-18,712,n,0.73,SNPP,0.76,289.61,SNPP,D,2.0NRT,8.31,339.73
20.12857,94.99934,2026-08-18,714,n,0.43,SNPP,0.38,295.04,SNPP,D,2.0NRT,2.31,332.36
24.11654,96.44064,2026-08-18,714,n,0.56,SNPP,0.43,294.24,SNPP,D,2.0NRT,10.55,339.0
8.44541,80.87798,2026-08-18,852,n,0.5,SNPP,0.66,293.14,SNPP,D,2.0NRT,6.25,333.68
8.99168,77.85832,2026-08-18,852,n,0.32,SNPP,0.55,301.12,SNPP,D,2.0NRT,0.67,335.44
9.02396,78.0217,2026-08-18,852,n,0.33,SNPP,0.55,301.52,SNPP,D,2.0NRT,5.37,339.33
9.08152,78.16898,2026-08-18,852,n,0.34,SNPP,0.56,299.57,SNPP,D,2.0NRT,0.54,337.52
9.39631,80.47998,2026-08-18,852,n,0.49,SNPP,0.65,290.03,SNPP,D,2.0NRT,2.51,336.87
9.31616,78.82542,2026-08-18,852,n,0.38,SNPP,0.58,296.54,SNPP,D,2.0NRT,2.23,347.61
9.32526,77.54498,2026-08-18,852,n,0.61,SNPP,0.54,300.07,SNPP,D,2.0NRT,2.5,331.97
9.31592,77.47726,2026-08-18,852,n,0.61,SNPP,0.53,301.44,SNPP,D,2.0NRT,13.56,344.24
9.32631,77.54832,2026-08-18,852,n,0.62,SNPP,0.54,300.39,SNPP,D,2.0NRT,3.32,337.57
9.31747,77.48039,2026-08-18,852,n,0.61,SNPP,0.53,300.83,SNPP,D,2.0NRT,13.78,343.13
9.3803,77.76629,2026-08-18,852,n,0.32,SNPP,0.54,303.89,SNPP,D,2.0NRT,7.4,347.32
9.57292,78.26406,2026-08-18,852,n,0.35000000000000003,SNPP,0.56,301.01,SNPP,D,2.0NRT,1.9300000000000002,340.68
10.02321,79.23365,2026-08-18,852,n,0.41000000000000003,SNPP,0.61,289.62,SNPP,D,2.0NRT,2.5700000000000003,330.52
9.98813,77.85934,2026-08-18,852,n,0.33,SNPP,0.55,299.78,SNPP,D,2.0NRT,1.8900000000000001,333.85
9.97747,77.62643,2026-08-18,852,n,0.64,SNPP,0.54,296.86,SNPP,D,2.0NRT,1.96,333.17
9.97656,77.62728,2026-08-18,852,n,0.32,SNPP,0.54,296.89,SNPP,D,2.0NRT,2.5700000000000003,344.36
10.01453,77.60332,2026-08-18,852,n,0.63,SNPP,0.54,296.38,SNPP,D,2.0NRT,3.89,335.04
10.08427,77.70177,2026-08-18,852,h,0.32,SNPP,0.55,295.49,SNPP,D,2.0NRT,5.9,367.0
10.08387,77.69878,2026-08-18,852,n,0.32,SNPP,0.55,295.81,SNPP,D,2.0NRT,2.46,342.31
10.08721,77.70203,2026-08-18,852,n,0.32,SNPP,0.55,294.59,SNPP,D,2.0NRT,4.08,347.07
10.08683,77.69904,2026-08-18,852,n,0.32,SNPP,0.55,294.99,SNPP,D,2.0NRT,4.08,354.14
10.58747,78.2113,2026-08-18,852,n,0.36,SNPP,0.5700000000000001,298.46,SNPP,D,2.0NRT,2.74,332.8
10.90674,78.5377,2026-08-18,852,n,0.38,SNPP,0.59,292.74,SNPP,D,2.0NRT,2.85,342.06
11.14147,78.58251,2026-08-18,852,h,0.38,SNPP,0.59,290.57,SNPP,D,2.0NRT,5.09,367.0
11.14694,78.58183,2026-08-18,852,n,0.38,SNPP,0.59,289.91,SNPP,D,2.0NRT,5.09,334.73
11.14221,78.58167,2026-08-18,852,h,0.38,SNPP,0.59,291.46,SNPP,D,2.0NRT,9.24,367.0
11.662420000000001,78.67835,2026-08-18,852,h,0.4,SNPP,0.6000000000000001,295.2,SNPP,D,2.0NRT,25.85,367.0
11.66187,78.67394,2026-08-18,852,n,0.4,SNPP,0.6000000000000001,288.24,SNPP,D,2.0NRT,25.85,353.32
11.66789,78.67705,2026-08-18,852,l,0.4,SNPP,0.6000000000000001,286.88,SNPP,D,2.0NRT,25.85,356.8
11.70775,78.76962,2026-08-18,852,n,0.4,SNPP,0.6000000000000001,288.77,SNPP,D,2.0NRT,5.77,340.29
11.70585,78.76863,2026-08-18,852,n,0.4,SNPP,0.6000000000000001,287.81,SNPP,D,2.0NRT,3.09,334.85
11.72489,78.6914,2026-08-18,852,n,0.4,SNPP,0.6000000000000001,283.05,SNPP,D,2.0NRT,9.96,350.81
7.54263,81.63725,2026-08-18,852,n,0.55,SNPP,0.68,286.8,SNPP,D,2.0NRT,2.87,338.79
7.59886,80.97195,2026-08-18,852,n,0.5,SNPP,0.65,296.82,SNPP,D,2.0NRT,2.68,333.14
7.86299,81.47017,2026-08-18,852,n,0.54,SNPP,0.68,291.52,SNPP,D,2.0NRT,5.46,331.26
7.95368,81.35379,2026-08-18,852,n,0.53,SNPP,0.67,293.49,SNPP,D,2.0NRT,2.85,330.01
8.92865,77.50169,2026-08-18,852,n,0.6000000000000001,SNPP,0.53,296.3,SNPP,D,2.0NRT,9.79,342.66
8.51392,80.6392,2026-08-18,852,n,0.48,SNPP,0.65,294.72,SNPP,D,2.0NRT,6.33,335.11
8.69215,80.8621,2026-08-18,852,n,0.5,SNPP,0.66,292.1,SNPP,D,2.0NRT,4.23,332.07
8.91704,80.38799,2026-08-18,852,n,0.47000000000000003,SNPP,0.64,292.31,SNPP,D,2.0NRT,2.73,332.03
7.26419,81.21719,2026-08-18,852,n,0.51,SNPP,0.66,295.08,SNPP,D,2.0NRT,5.88,343.19
7.26466,81.21556,2026-08-18,852,n,0.51,SNPP,0.66,295.17,SNPP,D,2.0NRT,5.21,351.28
7.25844,81.21591,2026-08-18,852,n,0.51,SNPP,0.66,294.35,SNPP,D,2.0NRT,5.21,330.6
6.69037,80.83154,2026-08-18,852,n,0.47000000000000003,SNPP,0.64,293.05,SNPP,D,2.0NRT,11.81,355.54
6.35878,81.14948,2026-08-18,852,n,0.49,SNPP,0.65,294.55,SNPP,D,2.0NRT,32.9,350.74
6.3594100000000005,81.15408,2026-08-18,852,h,0.49,SNPP,0.65,296.81,SNPP,D,2.0NRT,32.9,367.0
8.92939,77.50723,2026-08-18,852,n,0.6000000000000001,SNPP,0.53,296.25,SNPP,D,2.0NRT,13.39,341.8
8.96803,78.03201,2026-08-18,852,n,0.33,SNPP,0.55,302.05,SNPP,D,2.0NRT,6.52,342.35
8.9135,77.99487,2026-08-18,852,n,0.33,SNPP,0.55,301.01,SNPP,D,2.0NRT,2.98,340.4
8.91391,77.99789,2026-08-18,852,n,0.33,SNPP,0.55,301.42,SNPP,D,2.0NRT,4.37,341.03
8.88123,77.79373,2026-08-18,852,n,0.63,SNPP,0.54,299.67,SNPP,D,2.0NRT,2.7800000000000002,331.3
9.06209,80.29271,2026-08-18,852,n,0.47000000000000003,SNPP,0.64,291.04,SNPP,D,2.0NRT,3.01,333.93
8.617750000000001,77.96022,2026-08-18,852,n,0.32,SNPP,0.55,300.56,SNPP,D,2.0NRT,1.25,334.7
8.94732,80.56693,2026-08-18,852,n,0.49,SNPP,0.65,290.04,SNPP,D,2.0NRT,5.0,344.94
6.36902,81.26952,2026-08-18,852,n,0.5,SNPP,0.66,291.37,SNPP,D,2.0NRT,5.43,336.87
7.26356,81.21234,2026-08-18,852,n,0.51,SNPP,0.66,293.94,SNPP,D,2.0NRT,5.88,333.22
7.28158,81.30244,2026-08-18,852,n,0.52,SNPP,0.67,293.15,SNPP,D,2.0NRT,3.02,332.6
13.98488,77.39144,2026-08-18,854,n,0.35000000000000003,SNPP,0.5700000000000001,287.86,SNPP,D,2.0NRT,0.93,332.67
14.07884,77.73779,2026-08-18,854,n,0.37,SNPP,0.58,290.17,SNPP,D,2.0NRT,4.91,334.27
14.46883,78.26192,2026-08-18,854,n,0.4,SNPP,0.6000000000000001,274.94,SNPP,D,2.0NRT,5.25,338.86
14.46839,78.25809,2026-08-18,854,n,0.4,SNPP,0.6000000000000001,275.26,SNPP,D,2.0NRT,4.39,336.52
14.474,78.25748,2026-08-18,854,n,0.4,SNPP,0.6000000000000001,275.75,SNPP,D,2.0NRT,4.46,335.97
22.03904,69.47427,2026-08-18,856,n,0.45,SNPP,0.39,296.43,SNPP,D,2.0NRT,3.92,337.49
24.8247,68.06085,2026-08-18,856,n,0.42,SNPP,0.38,299.18,SNPP,D,2.0NRT,4.0,333.28
24.9635,68.29146,2026-08-18,856,n,0.43,SNPP,0.38,297.0,SNPP,D,2.0NRT,4.37,332.73
25.3872,68.58287,2026-08-18,856,n,0.44,SNPP,0.38,298.89,SNPP,D,2.0NRT,2.79,331.56
33.47198,68.28136,2026-08-18,858,l,0.52,SNPP,0.41000000000000003,315.45,SNPP,D,2.0NRT,7.95,341.6
30.889,72.16714,2026-08-18,858,n,0.52,SNPP,0.5,294.79,SNPP,D,2.0NRT,3.49,341.14
30.64728,71.75764,2026-08-18,858,n,0.49,SNPP,0.49,294.96,SNPP,D,2.0NRT,2.99,332.31
30.470860000000002,73.88448,2026-08-18,858,n,0.33,SNPP,0.55,292.14,SNPP,D,2.0NRT,2.56,334.87
30.47113,73.88796,2026-08-18,858,n,0.33,SNPP,0.55,291.9,SNPP,D,2.0NRT,3.08,330.45
30.4691,73.88613,2026-08-18,858,n,0.33,SNPP,0.55,292.43,SNPP,D,2.0NRT,2.81,341.11
30.01328,72.56928,2026-08-18,858,n,0.54,SNPP,0.51,294.94,SNPP,D,2.0NRT,2.25,330.36
29.90467,72.59055,2026-08-18,858,n,0.54,SNPP,0.51,294.96,SNPP,D,2.0NRT,11.88,343.08
28.73033,68.09136,2026-08-18,858,n,0.45,SNPP,0.39,309.03,SNPP,D,2.0NRT,3.25,341.64
28.73092,68.09602,2026-08-18,858,n,0.45,SNPP,0.39,309.09,SNPP,D,2.0NRT,3.25,341.18
37.34704,97.41084,2026-08-18,1938,n,0.39,SNPP,0.36,286.35,SNPP,N,2.0NRT,0.63,300.86
27.00237,82.48734,2026-08-18,1942,n,0.39,SNPP,0.59,285.39,SNPP,N,2.0NRT,2.13,295.81
27.22178,95.34567,2026-08-18,1942,n,0.41000000000000003,SNPP,0.37,290.9,SNPP,N,2.0NRT,1.4100000000000001,308.29
27.31664,95.26646,2026-08-18,1942,n,0.41000000000000003,SNPP,0.37,290.63,SNPP,N,2.0NRT,1.42,308.57
27.5312,77.66014,2026-08-18,1942,n,0.78,SNPP,0.78,282.5,SNPP,N,2.0NRT,2.9,312.08
27.46271,95.47729,2026-08-18,1942,n,0.42,SNPP,0.37,290.42,SNPP,N,2.0NRT,1.18,305.07
27.46869,95.42249,2026-08-18,1942,n,0.41000000000000003,SNPP,0.37,290.83,SNPP,N,2.0NRT,1.03,306.92
27.37571,95.08824,2026-08-18,1942,n,0.41000000000000003,SNPP,0.37,290.82,SNPP,N,2.0NRT,1.65,308.04
27.32538,95.27692,2026-08-18,1942,n,0.41000000000000003,SNPP,0.37,291.21,SNPP,N,2.0NRT,1.5899999999999999,311.7
24.25639,91.37678,2026-08-18,1942,n,0.39,SNPP,0.36,275.87,SNPP,N,2.0NRT,0.44,299.17
27.53036,77.65813,2026-08-18,1942,n,0.78,SNPP,0.78,282.43,SNPP,N,2.0NRT,2.76,311.81
6.863020000000001,81.10007,2026-08-18,1947,n,0.54,SNPP,0.51,288.3,SNPP,N,2.0NRT,0.49,300.57
6.85854,81.09821,2026-08-18,1947,n,0.54,SNPP,0.51,290.0,SNPP,N,2.0NRT,0.87,304.43
6.69242,80.83759,2026-08-18,1947,n,0.56,SNPP,0.51,291.73,SNPP,N,2.0NRT,3.9,321.53
6.43064,80.86023,2026-08-18,1947,n,0.55,SNPP,0.51,291.87,SNPP,N,2.0NRT,3.55,332.72
10.48666,79.32134,2026-08-18,1947,n,0.4,SNPP,0.6000000000000001,287.78,SNPP,N,2.0NRT,1.88,317.51
10.48713,79.31767,2026-08-18,1947,n,0.4,SNPP,0.6000000000000001,287.65,SNPP,N,2.0NRT,2.41,311.88
6.62802,81.19518,2026-08-18,1947,n,0.52,SNPP,0.5,293.45,SNPP,N,2.0NRT,1.5,306.83
6.69147,80.83995,2026-08-18,1947,n,0.55,SNPP,0.51,291.54,SNPP,N,2.0NRT,1.5,308.59
6.69223,80.83482,2026-08-18,1947,n,0.56,SNPP,0.51,291.81,SNPP,N,2.0NRT,1.5,309.63
6.62906,81.1973,2026-08-18,1947,n,0.52,SNPP,0.5,294.04,SNPP,N,2.0NRT,2.08,312.87
7.26242,81.20609,2026-08-18,1949,n,0.53,SNPP,0.5,293.31,SNPP,N,2.0NRT,1.32,304.43
6.8612400000000004,81.09518,2026-08-18,1949,n,0.54,SNPP,0.51,289.27,SNPP,N,2.0NRT,1.29,302.63
6.93897,81.60261,2026-08-18,1949,n,0.5,SNPP,0.49,293.72,SNPP,N,2.0NRT,1.97,317.46
7.0516,80.8127,2026-08-18,1949,n,0.5700000000000001,SNPP,0.52,286.73,SNPP,N,2.0NRT,0.9,301.89
7.22923,81.13885,2026-08-18,1949,n,0.54,SNPP,0.51,293.13,SNPP,N,2.0NRT,2.9,305.75
7.22851,81.14391,2026-08-18,1949,n,0.54,SNPP,0.51,295.22,SNPP,N,2.0NRT,2.9,339.88
7.23261,81.14859,2026-08-18,1949,n,0.54,SNPP,0.51,294.23,SNPP,N,2.0NRT,2.19,314.19
7.23396,81.13914,2026-08-18,1949,n,0.54,SNPP,0.51,292.86,SNPP,N,2.0NRT,2.9,305.94
7.25981,81.20732,2026-08-18,1949,n,0.53,SNPP,0.5,293.51,SNPP,N,2.0NRT,1.07,305.15
7.62339,81.76878,2026-08-18,1949,n,0.5,SNPP,0.49,293.58,SNPP,N,2.0NRT,2.12,309.93
7.6244,81.77097,2026-08-18,1949,n,0.5,SNPP,0.49,293.5,SNPP,N,2.0NRT,0.75,308.42
9.31313,77.44205,2026-08-18,1949,n,0.51,SNPP,0.66,288.76,SNPP,N,2.0NRT,1.7000000000000002,313.02
7.22388,81.14285,2026-08-18,1949,n,0.54,SNPP,0.51,292.89,SNPP,N,2.0NRT,2.71,312.03
7.22787,81.14833,2026-08-18,1949,n,0.54,SNPP,0.51,294.08,SNPP,N,2.0NRT,2.19,308.07
6.86042,81.10104,2026-08-18,1949,n,0.54,SNPP,0.51,288.71,SNPP,N,2.0NRT,0.98,302.97
37.29039,77.76585,2026-08-18,2121,n,0.42,SNPP,0.46,283.02,SNPP,N,2.0NRT,0.6000000000000001,297.92
35.96759,68.68444,2026-08-18,2121,n,0.4,SNPP,0.37,298.07,SNPP,N,2.0NRT,2.19,311.85
33.54516,71.54924,2026-08-18,2123,n,0.41000000000000003,SNPP,0.37,293.9,SNPP,N,2.0NRT,2.75,307.28
32.88902,71.61536,2026-08-18,2123,n,0.41000000000000003,SNPP,0.37,295.72,SNPP,N,2.0NRT,3.74,318.82
32.57403,72.5666,2026-08-18,2123,n,0.45,SNPP,0.39,294.69,SNPP,N,2.0NRT,1.33,308.16
32.29366,70.73219,2026-08-18,2123,n,0.4,SNPP,0.37,295.71,SNPP,N,2.0NRT,1.15,311.79
32.2889,70.73969,2026-08-18,2123,n,0.4,SNPP,0.37,295.63,SNPP,N,2.0NRT,1.19,310.03
28.4253,69.70142,2026-08-18,2123,n,0.4,SNPP,0.37,298.1,SNPP,N,2.0NRT,1.6099999999999999,321.55
26.25886,74.09746,2026-08-18,2125,n,0.44,SNPP,0.46,284.31,SNPP,N,2.0NRT,0.44,302.57
25.38887,68.5822,2026-08-18,2125,n,0.39,SNPP,0.37,296.54,SNPP,N,2.0NRT,2.5,324.11
20.95116,86.04971,2026-08-19,657,n,0.42,SNPP,0.61,287.21,SNPP,D,2.0NRT,4.92,330.14
6.83494,81.45702,2026-08-19,833,n,0.5,SNPP,0.49,302.58,SNPP,D,2.0NRT,5.19,337.33
6.83975,81.55939,2026-08-19,833,n,0.5,SNPP,0.49,301.3,SNPP,D,2.0NRT,2.04,334.49
6.7623,81.50774,2026-08-19,833,l,0.5,SNPP,0.49,302.75,SNPP,D,2.0NRT,3.66,332.37
6.73667,81.62422,2026-08-19,833,n,0.51,SNPP,0.49,299.91,SNPP,D,2.0NRT,12.96,344.86
6.7373,81.62887,2026-08-19,833,h,0.51,SNPP,0.49,302.68,SNPP,D,2.0NRT,12.96,367.0
6.73724,81.6267,2026-08-19,833,n,0.51,SNPP,0.49,301.76,SNPP,D,2.0NRT,14.53,357.52
6.73792,81.63136,2026-08-19,833,n,0.51,SNPP,0.49,301.58,SNPP,D,2.0NRT,10.86,347.12
6.64284,81.09991,2026-08-19,833,n,0.47000000000000003,SNPP,0.48,298.34,SNPP,D,2.0NRT,3.64,335.38
6.51853,81.10849,2026-08-19,833,n,0.47000000000000003,SNPP,0.47000000000000003,299.29,SNPP,D,2.0NRT,4.06,336.64
6.42231,81.122,2026-08-19,833,n,0.47000000000000003,SNPP,0.47000000000000003,300.2,SNPP,D,2.0NRT,3.17,335.05
6.41853,81.12688,2026-08-19,833,n,0.47000000000000003,SNPP,0.47000000000000003,300.9,SNPP,D,2.0NRT,3.4,333.13
6.28867,80.91139,2026-08-19,833,n,0.45,SNPP,0.47000000000000003,298.15,SNPP,D,2.0NRT,5.86,336.88
6.29997,80.98937,2026-08-19,833,n,0.45,SNPP,0.47000000000000003,297.45,SNPP,D,2.0NRT,2.95,335.51
6.23047,81.06284,2026-08-19,833,n,0.46,SNPP,0.47000000000000003,298.73,SNPP,D,2.0NRT,5.29,337.63
6.23004,81.06303,2026-08-19,833,n,0.46,SNPP,0.47000000000000003,298.82,SNPP,D,2.0NRT,5.31,334.03
8.73711,80.99287,2026-08-19,833,n,0.49,SNPP,0.49,296.44,SNPP,D,2.0NRT,6.69,338.6
8.69701,80.86628,2026-08-19,833,n,0.48,SNPP,0.48,295.46,SNPP,D,2.0NRT,8.54,343.09
8.66704,80.74513,2026-08-19,833,n,0.47000000000000003,SNPP,0.48,296.63,SNPP,D,2.0NRT,5.98,331.19
8.607990000000001,80.5139,2026-08-19,833,n,0.46,SNPP,0.47000000000000003,296.4,SNPP,D,2.0NRT,5.89,338.86
8.62317,80.87952,2026-08-19,833,n,0.48,SNPP,0.48,292.87,SNPP,D,2.0NRT,2.1,336.76
8.61871,80.88013,2026-08-19,833,n,0.48,SNPP,0.48,295.33,SNPP,D,2.0NRT,3.86,333.61
8.56811,80.90949,2026-08-19,833,n,0.48,SNPP,0.48,296.8,SNPP,D,2.0NRT,10.1,350.22
8.5687,80.91391,2026-08-19,833,n,0.48,SNPP,0.48,294.68,SNPP,D,2.0NRT,5.25,331.19
8.56571,80.90945,2026-08-19,833,n,0.48,SNPP,0.48,297.58,SNPP,D,2.0NRT,10.95,345.33
8.56634,80.91386,2026-08-19,833,n,0.48,SNPP,0.48,295.72,SNPP,D,2.0NRT,7.84,341.31
8.47922,80.3933,2026-08-19,833,n,0.45,SNPP,0.47000000000000003,295.83,SNPP,D,2.0NRT,5.73,341.14
8.47491,80.3939,2026-08-19,833,n,0.45,SNPP,0.47000000000000003,296.32,SNPP,D,2.0NRT,5.73,334.07
8.51689,80.75557,2026-08-19,833,n,0.47000000000000003,SNPP,0.48,298.34,SNPP,D,2.0NRT,10.51,345.77
8.49986,80.66592,2026-08-19,833,n,0.46,SNPP,0.47000000000000003,295.89,SNPP,D,2.0NRT,2.16,330.18
8.50443,80.82825,2026-08-19,833,n,0.48,SNPP,0.48,295.9,SNPP,D,2.0NRT,4.9,335.23
8.41088,80.18614,2026-08-19,833,n,0.43,SNPP,0.46,295.23,SNPP,D,2.0NRT,4.33,334.15
8.44913,80.87863,2026-08-19,833,n,0.48,SNPP,0.48,297.38,SNPP,D,2.0NRT,5.77,337.09
8.395199999999999,80.68755,2026-08-19,833,n,0.46,SNPP,0.47000000000000003,296.05,SNPP,D,2.0NRT,2.77,331.71
8.31046,80.65611,2026-08-19,833,n,0.46,SNPP,0.47000000000000003,297.27,SNPP,D,2.0NRT,7.09,338.47
8.29942,81.03003,2026-08-19,833,n,0.49,SNPP,0.48,296.97,SNPP,D,2.0NRT,1.58,331.03
8.12639,80.55296,2026-08-19,833,n,0.45,SNPP,0.47000000000000003,297.23,SNPP,D,2.0NRT,2.51,334.29
8.1191,80.59635,2026-08-19,833,n,0.45,SNPP,0.47000000000000003,295.93,SNPP,D,2.0NRT,6.74,336.38
8.19289,81.20457,2026-08-19,833,n,0.5,SNPP,0.49,299.14,SNPP,D,2.0NRT,8.19,342.81
8.19289,81.20832,2026-08-19,833,n,0.5,SNPP,0.49,298.87,SNPP,D,2.0NRT,7.25,341.82
8.06456,81.14703,2026-08-19,833,n,0.49,SNPP,0.49,297.93,SNPP,D,2.0NRT,7.79,345.76
8.06318,81.14916,2026-08-19,833,n,0.49,SNPP,0.49,298.27,SNPP,D,2.0NRT,4.58,342.05
7.9084900000000005,81.36997,2026-08-19,833,n,0.51,SNPP,0.49,303.68,SNPP,D,2.0NRT,10.52,352.52
7.82808,80.84888,2026-08-19,833,n,0.47000000000000003,SNPP,0.48,296.65,SNPP,D,2.0NRT,3.14,336.97
7.85508,81.42368,2026-08-19,833,n,0.51,SNPP,0.49,301.64,SNPP,D,2.0NRT,15.68,339.31
7.85574,81.42837,2026-08-19,833,n,0.51,SNPP,0.49,296.67,SNPP,D,2.0NRT,15.09,343.44
7.70519,80.39142,2026-08-19,833,n,0.43,SNPP,0.46,295.28,SNPP,D,2.0NRT,6.57,342.15
7.70094,80.39207,2026-08-19,833,n,0.43,SNPP,0.46,294.76,SNPP,D,2.0NRT,2.23,332.5
7.75295,81.25404,2026-08-19,833,n,0.5,SNPP,0.49,302.74,SNPP,D,2.0NRT,4.92,337.8
7.75189,81.25346,2026-08-19,833,n,0.5,SNPP,0.49,303.53,SNPP,D,2.0NRT,6.8,343.8
7.52671,80.90238,2026-08-19,833,n,0.47000000000000003,SNPP,0.48,303.28,SNPP,D,2.0NRT,8.58,342.91
7.52232,80.90304,2026-08-19,833,n,0.47000000000000003,SNPP,0.48,303.57,SNPP,D,2.0NRT,5.82,339.11
7.59265,81.4476,2026-08-19,833,n,0.51,SNPP,0.49,291.82,SNPP,D,2.0NRT,5.37,330.13
7.53314,81.11317,2026-08-19,833,n,0.48,SNPP,0.48,278.76,SNPP,D,2.0NRT,7.15,335.15
7.52691,81.10084,2026-08-19,833,n,0.48,SNPP,0.48,285.18,SNPP,D,2.0NRT,4.07,341.13
7.5275,81.10516,2026-08-19,833,n,0.48,SNPP,0.48,280.49,SNPP,D,2.0NRT,4.07,330.83
7.5281,81.10955,2026-08-19,833,n,0.48,SNPP,0.48,279.53,SNPP,D,2.0NRT,7.15,338.78
7.5287,81.11393,2026-08-19,833,n,0.48,SNPP,0.48,279.95,SNPP,D,2.0NRT,7.15,351.31
7.52304,81.1058,2026-08-19,833,n,0.48,SNPP,0.48,283.83,SNPP,D,2.0NRT,5.86,335.87
7.52928,81.10335,2026-08-19,833,n,0.48,SNPP,0.48,281.47,SNPP,D,2.0NRT,4.94,344.25
7.5299,81.10768,2026-08-19,833,n,0.48,SNPP,0.48,278.81,SNPP,D,2.0NRT,5.92,333.05
7.53053,81.11201,2026-08-19,833,n,0.48,SNPP,0.48,279.82,SNPP,D,2.0NRT,5.92,353.48
7.52482,81.10393,2026-08-19,833,n,0.48,SNPP,0.48,285.96,SNPP,D,2.0NRT,6.73,333.25
7.52545,81.10831,2026-08-19,833,n,0.48,SNPP,0.48,280.99,SNPP,D,2.0NRT,5.58,335.83
7.52607,81.11268,2026-08-19,833,n,0.48,SNPP,0.48,280.67,SNPP,D,2.0NRT,5.58,352.29
7.51386,81.65334,2026-08-19,833,n,0.52,SNPP,0.5,298.8,SNPP,D,2.0NRT,5.04,332.75
7.44826,81.24146,2026-08-19,833,n,0.49,SNPP,0.49,305.24,SNPP,D,2.0NRT,7.17,343.7
7.44888,81.24596,2026-08-19,833,n,0.49,SNPP,0.49,305.73,SNPP,D,2.0NRT,10.77,339.96
7.44681,81.24532,2026-08-19,833,n,0.49,SNPP,0.49,305.16,SNPP,D,2.0NRT,4.54,338.77
7.38174,81.10937,2026-08-19,833,n,0.48,SNPP,0.48,304.01,SNPP,D,2.0NRT,2.7199999999999998,336.12
7.39605,81.24292,2026-08-19,833,n,0.49,SNPP,0.49,303.34,SNPP,D,2.0NRT,2.6,334.8
7.39155,81.24351,2026-08-19,833,n,0.49,SNPP,0.49,304.95,SNPP,D,2.0NRT,5.32,335.74
7.39219,81.24805,2026-08-19,833,n,0.49,SNPP,0.49,303.46,SNPP,D,2.0NRT,5.32,347.37
7.3813,81.23574,2026-08-19,833,n,0.49,SNPP,0.48,304.71,SNPP,D,2.0NRT,4.71,337.56
7.39139,81.30784,2026-08-19,833,n,0.49,SNPP,0.49,304.57,SNPP,D,2.0NRT,4.15,342.57
7.44215,81.70579,2026-08-19,833,n,0.53,SNPP,0.5,294.55,SNPP,D,2.0NRT,4.17,342.61
7.42954,81.75178,2026-08-19,833,n,0.53,SNPP,0.5,296.18,SNPP,D,2.0NRT,5.29,337.26
7.31318,81.17209,2026-08-19,833,n,0.48,SNPP,0.48,303.31,SNPP,D,2.0NRT,4.2,340.67
7.31527,81.17111,2026-08-19,833,n,0.48,SNPP,0.48,305.23,SNPP,D,2.0NRT,3.98,343.27
7.30184,81.26899,2026-08-19,833,n,0.49,SNPP,0.49,299.32,SNPP,D,2.0NRT,3.17,330.73
7.32558,81.43645,2026-08-19,833,n,0.5,SNPP,0.49,300.76,SNPP,D,2.0NRT,16.41,342.47
7.23752,81.13548,2026-08-19,833,n,0.48,SNPP,0.48,299.75,SNPP,D,2.0NRT,2.34,338.24
7.23305,81.13596,2026-08-19,833,n,0.48,SNPP,0.48,302.31,SNPP,D,2.0NRT,15.44,343.86
7.22807,81.13277,2026-08-19,833,n,0.48,SNPP,0.48,299.78,SNPP,D,2.0NRT,4.99,330.19
7.22857,81.1364,2026-08-19,833,h,0.48,SNPP,0.48,304.61,SNPP,D,2.0NRT,15.44,367.0
7.29642,81.83806,2026-08-19,833,n,0.54,SNPP,0.5,295.66,SNPP,D,2.0NRT,5.71,331.24
7.21426,81.77812,2026-08-19,833,n,0.53,SNPP,0.5,302.48,SNPP,D,2.0NRT,6.34,344.56
7.12555,81.73818,2026-08-19,833,l,0.52,SNPP,0.5,302.16,SNPP,D,2.0NRT,4.47,331.84
7.08648,81.79789,2026-08-19,833,n,0.53,SNPP,0.5,303.77,SNPP,D,2.0NRT,5.84,337.01
7.08782,81.79578,2026-08-19,833,n,0.53,SNPP,0.5,303.73,SNPP,D,2.0NRT,5.44,334.31
6.91316,81.45554,2026-08-19,833,n,0.5,SNPP,0.49,298.86,SNPP,D,2.0NRT,3.7800000000000002,332.07
8.89924,77.86769,2026-08-19,835,n,0.48,SNPP,0.4,301.81,SNPP,D,2.0NRT,7.97,340.38
21.1031,72.63488,2026-08-19,835,n,0.39,SNPP,0.36,289.06,SNPP,D,2.0NRT,1.57,331.79
18.67997,73.0383,2026-08-19,835,n,0.39,SNPP,0.36,295.19,SNPP,D,2.0NRT,3.89,335.52
11.14616,76.89647,2026-08-19,835,n,0.46,SNPP,0.39,294.92,SNPP,D,2.0NRT,4.96,336.2
11.14976,76.89596,2026-08-19,835,n,0.46,SNPP,0.39,297.02,SNPP,D,2.0NRT,4.96,331.53
15.17723,76.65598,2026-08-19,835,n,0.49,SNPP,0.4,294.67,SNPP,D,2.0NRT,6.24,337.58
10.95679,78.40086,2026-08-19,835,n,0.54,SNPP,0.42,300.64,SNPP,D,2.0NRT,6.15,335.84
10.93714,78.49078,2026-08-19,835,n,0.55,SNPP,0.43,300.71,SNPP,D,2.0NRT,8.01,341.28
10.750070000000001,78.63698,2026-08-19,835,n,0.56,SNPP,0.43,301.41,SNPP,D,2.0NRT,9.85,339.53
10.03752,78.66753,2026-08-19,835,n,0.55,SNPP,0.43,295.48,SNPP,D,2.0NRT,2.84,330.97
9.57684,78.31702,2026-08-19,835,n,0.52,SNPP,0.41000000000000003,301.62,SNPP,D,2.0NRT,10.51,340.72
9.52467,78.22387,2026-08-19,835,n,0.51,SNPP,0.41000000000000003,298.01,SNPP,D,2.0NRT,5.7,342.78
9.52153,78.22908,2026-08-19,835,n,0.51,SNPP,0.41000000000000003,297.44,SNPP,D,2.0NRT,2.8200000000000003,341.77
9.52219,78.23375,2026-08-19,835,n,0.51,SNPP,0.41000000000000003,297.65,SNPP,D,2.0NRT,2.8200000000000003,336.27
9.51772,78.22963,2026-08-19,835,n,0.51,SNPP,0.41000000000000003,298.46,SNPP,D,2.0NRT,2.8200000000000003,337.42
9.78078,80.23373,2026-08-19,835,n,0.45,SNPP,0.47000000000000003,294.03,SNPP,D,2.0NRT,4.99,336.93
9.45543,78.69313,2026-08-19,835,n,0.54,SNPP,0.42,299.76,SNPP,D,2.0NRT,5.02,337.51
9.38257,78.68613,2026-08-19,835,n,0.54,SNPP,0.42,300.46,SNPP,D,2.0NRT,6.44,338.68
9.36352,78.6637,2026-08-19,835,n,0.54,SNPP,0.42,300.46,SNPP,D,2.0NRT,4.18,341.86
9.13059,77.62038,2026-08-19,835,n,0.47000000000000003,SNPP,0.4,298.57,SNPP,D,2.0NRT,2.56,339.34
9.42854,80.37435,2026-08-19,835,n,0.46,SNPP,0.47000000000000003,295.23,SNPP,D,2.0NRT,5.7,344.88
9.43555,80.42497,2026-08-19,835,n,0.46,SNPP,0.47000000000000003,296.0,SNPP,D,2.0NRT,2.9699999999999998,336.17
9.03474,77.75704,2026-08-19,835,n,0.48,SNPP,0.4,305.75,SNPP,D,2.0NRT,11.46,350.59
9.03537,77.76139,2026-08-19,835,n,0.48,SNPP,0.4,305.95,SNPP,D,2.0NRT,9.87,345.75
9.03106,77.75757,2026-08-19,835,n,0.48,SNPP,0.4,306.08,SNPP,D,2.0NRT,9.32,345.88
9.03169,77.76192,2026-08-19,835,n,0.48,SNPP,0.4,305.97,SNPP,D,2.0NRT,11.65,344.0
9.39435,80.58342,2026-08-19,835,n,0.47000000000000003,SNPP,0.48,295.86,SNPP,D,2.0NRT,7.93,342.97
9.38992,80.58401,2026-08-19,835,n,0.47000000000000003,SNPP,0.48,295.67,SNPP,D,2.0NRT,6.79,342.04
8.97893,77.73409,2026-08-19,835,n,0.47000000000000003,SNPP,0.4,303.8,SNPP,D,2.0NRT,6.63,343.11
9.39086,80.58241,2026-08-19,835,n,0.47000000000000003,SNPP,0.48,295.52,SNPP,D,2.0NRT,8.48,355.55
8.90883,77.7077,2026-08-19,835,n,0.47000000000000003,SNPP,0.4,303.21,SNPP,D,2.0NRT,2.39,336.15
8.90407,77.80566,2026-08-19,835,n,0.48,SNPP,0.4,303.82,SNPP,D,2.0NRT,7.93,349.6
8.90469,77.81,2026-08-19,835,n,0.48,SNPP,0.4,304.26,SNPP,D,2.0NRT,7.93,354.05
8.90038,77.80621,2026-08-19,835,n,0.48,SNPP,0.4,303.92,SNPP,D,2.0NRT,8.58,349.37
8.90412,77.85908,2026-08-19,835,l,0.48,SNPP,0.4,305.53,SNPP,D,2.0NRT,9.84,356.97
8.9035,77.85469,2026-08-19,835,n,0.48,SNPP,0.4,304.9,SNPP,D,2.0NRT,15.94,348.35
8.90474,77.86346,2026-08-19,835,n,0.48,SNPP,0.4,305.68,SNPP,D,2.0NRT,9.84,341.44
8.8998,77.85522,2026-08-19,835,n,0.48,SNPP,0.4,304.64,SNPP,D,2.0NRT,7.59,341.75
8.90042,77.8596,2026-08-19,835,n,0.48,SNPP,0.4,304.5,SNPP,D,2.0NRT,6.75,351.01
8.90104,77.86399,2026-08-19,835,n,0.48,SNPP,0.4,303.75,SNPP,D,2.0NRT,6.75,348.91
8.89859,77.86332,2026-08-19,835,n,0.48,SNPP,0.4,302.22,SNPP,D,2.0NRT,9.44,350.18
8.91504,78.00077,2026-08-19,835,n,0.49,SNPP,0.4,304.47,SNPP,D,2.0NRT,11.0,342.35
8.83535,77.7394,2026-08-19,835,n,0.47000000000000003,SNPP,0.4,302.31,SNPP,D,2.0NRT,3.06,337.15
9.21012,80.80761,2026-08-19,835,n,0.49,SNPP,0.48,293.79,SNPP,D,2.0NRT,3.16,331.87
8.74087,77.59978,2026-08-19,835,n,0.46,SNPP,0.39,302.15,SNPP,D,2.0NRT,5.47,336.15
9.1541,80.74639,2026-08-19,835,n,0.48,SNPP,0.48,295.37,SNPP,D,2.0NRT,6.37,340.57
8.71938,77.94218,2026-08-19,835,n,0.48,SNPP,0.4,305.13,SNPP,D,2.0NRT,5.73,345.04
8.71568,77.94273,2026-08-19,835,n,0.48,SNPP,0.4,305.18,SNPP,D,2.0NRT,5.73,351.14
8.71631,77.94712,2026-08-19,835,n,0.48,SNPP,0.4,306.07,SNPP,D,2.0NRT,10.01,343.37
8.64296,77.89849,2026-08-19,835,n,0.48,SNPP,0.4,303.38,SNPP,D,2.0NRT,8.57,349.3
8.64359,77.90287000000001,2026-08-19,835,n,0.48,SNPP,0.4,303.55,SNPP,D,2.0NRT,12.23,342.47
8.63544,78.02991,2026-08-19,835,n,0.49,SNPP,0.4,299.02,SNPP,D,2.0NRT,3.21,333.63
9.02323,80.83984,2026-08-19,835,n,0.49,SNPP,0.48,293.86,SNPP,D,2.0NRT,5.11,340.52
9.02384,80.84435,2026-08-19,835,n,0.49,SNPP,0.48,294.26,SNPP,D,2.0NRT,5.11,337.3
8.60867,77.97512,2026-08-19,835,n,0.48,SNPP,0.4,301.3,SNPP,D,2.0NRT,4.86,338.07
8.80154,80.3954,2026-08-19,835,n,0.45,SNPP,0.47000000000000003,297.36,SNPP,D,2.0NRT,10.19,345.86
26.3985,71.93286,2026-08-19,837,n,0.41000000000000003,SNPP,0.37,307.98,SNPP,D,2.0NRT,4.5,338.78
30.43392,73.87374,2026-08-19,839,n,0.53,SNPP,0.42,296.91,SNPP,D,2.0NRT,7.54,338.98
30.63585,73.59945,2026-08-19,839,n,0.51,SNPP,0.41000000000000003,293.37,SNPP,D,2.0NRT,2.33,336.02
29.96772,71.26892,2026-08-19,839,n,0.41000000000000003,SNPP,0.37,302.05,SNPP,D,2.0NRT,7.85,341.22
29.97767,72.18323,2026-08-19,839,n,0.44,SNPP,0.38,298.32,SNPP,D,2.0NRT,5.89,331.41
29.97413,72.18383,2026-08-19,839,n,0.44,SNPP,0.38,300.65,SNPP,D,2.0NRT,5.89,347.71
29.95266,72.0762,2026-08-19,839,n,0.44,SNPP,0.38,300.62,SNPP,D,2.0NRT,4.51,339.04
30.01381,72.62862,2026-08-19,839,n,0.46,SNPP,0.39,297.92,SNPP,D,2.0NRT,5.91,337.11
30.0102,72.62923,2026-08-19,839,n,0.46,SNPP,0.39,300.6,SNPP,D,2.0NRT,5.91,338.31
30.01081,72.63397,2026-08-19,839,n,0.46,SNPP,0.39,297.94,SNPP,D,2.0NRT,9.02,331.26
31.52647,72.2468,2026-08-19,839,n,0.46,SNPP,0.39,296.36,SNPP,D,2.0NRT,6.98,337.63
30.89714,71.94514,2026-08-19,839,n,0.44,SNPP,0.38,297.31,SNPP,D,2.0NRT,4.05,334.7
30.63913,71.97771,2026-08-19,839,n,0.44,SNPP,0.38,297.14,SNPP,D,2.0NRT,2.9,338.85
30.41897,71.74954,2026-08-19,839,n,0.43,SNPP,0.38,297.94,SNPP,D,2.0NRT,3.1,332.68
29.96822,71.26781,2026-08-19,839,n,0.41000000000000003,SNPP,0.37,302.08,SNPP,D,2.0NRT,6.72,340.56
29.95557,72.60442,2026-08-19,839,n,0.46,SNPP,0.39,300.19,SNPP,D,2.0NRT,3.23,331.66
29.90848,74.94983,2026-08-19,839,n,0.39,SNPP,0.44,295.88,SNPP,D,2.0NRT,3.03,333.01
29.97657,72.62513,2026-08-19,839,n,0.46,SNPP,0.39,296.93,SNPP,D,2.0NRT,7.35,336.9
29.97297,72.62572,2026-08-19,839,n,0.46,SNPP,0.39,299.08,SNPP,D,2.0NRT,7.35,339.54
30.32824,72.15308,2026-08-19,839,n,0.44,SNPP,0.38,297.49,SNPP,D,2.0NRT,2.77,334.61
30.12338,71.33872,2026-08-19,839,n,0.41000000000000003,SNPP,0.37,300.03,SNPP,D,2.0NRT,2.27,333.13
30.32764,72.14849,2026-08-19,839,n,0.44,SNPP,0.38,299.23,SNPP,D,2.0NRT,2.77,336.66
27.22185,95.34703,2026-08-19,1921,n,0.43,SNPP,0.38,290.42,SNPP,N,2.0NRT,3.23,307.97
27.32527,95.27496,2026-08-19,1921,n,0.43,SNPP,0.38,290.12,SNPP,N,2.0NRT,2.05,309.52
20.95201,86.04612,2026-08-19,1923,n,0.4,SNPP,0.6000000000000001,287.32,SNPP,N,2.0NRT,3.94,322.73
20.95163,86.04997,2026-08-19,1923,n,0.4,SNPP,0.6000000000000001,286.95,SNPP,N,2.0NRT,1.2,306.94
20.94607,86.04922,2026-08-19,1923,n,0.4,SNPP,0.6000000000000001,287.13,SNPP,N,2.0NRT,1.2,305.35
20.97523,85.17226,2026-08-19,1923,n,0.46,SNPP,0.63,285.27,SNPP,N,2.0NRT,1.5,303.35
20.96893,85.17625,2026-08-19,1923,n,0.46,SNPP,0.63,285.58,SNPP,N,2.0NRT,1.5,315.76
22.57185,85.89693,2026-08-19,1923,n,0.43,SNPP,0.62,287.17,SNPP,N,2.0NRT,1.56,310.32
22.36426,87.01864,2026-08-19,1923,n,0.36,SNPP,0.5700000000000001,288.0,SNPP,N,2.0NRT,1.23,317.31
20.18982,94.93205,2026-08-19,1923,n,0.39,SNPP,0.36,283.89,SNPP,N,2.0NRT,0.59,303.92
20.99923,86.01053,2026-08-19,1923,n,0.4,SNPP,0.6000000000000001,286.89,SNPP,N,2.0NRT,1.12,307.18
20.99886,86.01447,2026-08-19,1923,n,0.4,SNPP,0.6000000000000001,287.07,SNPP,N,2.0NRT,0.9400000000000001,307.0
21.00053,86.01202,2026-08-19,1923,n,0.4,SNPP,0.6000000000000001,287.39,SNPP,N,2.0NRT,1.62,309.94
21.07718,85.03671,2026-08-19,1923,n,0.47000000000000003,SNPP,0.64,285.01,SNPP,N,2.0NRT,2.6,307.33
21.07631,85.046,2026-08-19,1923,n,0.47000000000000003,SNPP,0.64,284.84,SNPP,N,2.0NRT,1.01,304.51
23.68837,87.1004,2026-08-19,1923,n,0.37,SNPP,0.58,283.48,SNPP,N,2.0NRT,1.21,302.69
22.61078,85.91381,2026-08-19,1923,n,0.43,SNPP,0.62,286.77,SNPP,N,2.0NRT,0.49,303.74
23.56234,87.08282,2026-08-19,1923,n,0.37,SNPP,0.58,277.02,SNPP,N,2.0NRT,1.05,301.66
23.56008,87.08398,2026-08-19,1923,n,0.37,SNPP,0.58,276.82,SNPP,N,2.0NRT,0.72,298.21
22.79074,86.20767,2026-08-19,1923,n,0.41000000000000003,SNPP,0.61,285.79,SNPP,N,2.0NRT,1.58,307.3
22.58936,85.90438,2026-08-19,1923,n,0.43,SNPP,0.62,287.33,SNPP,N,2.0NRT,1.15,305.62
25.54247,91.23459,2026-08-19,1923,n,0.43,SNPP,0.46,280.72,SNPP,N,2.0NRT,1.51,305.72
25.61233,89.81267,2026-08-19,1923,n,0.52,SNPP,0.5,287.43,SNPP,N,2.0NRT,2.2800000000000002,307.28
25.60961,89.81148,2026-08-19,1923,n,0.52,SNPP,0.5,287.97,SNPP,N,2.0NRT,3.35,313.78
24.28024,91.38567,2026-08-19,1923,n,0.41000000000000003,SNPP,0.45,288.48,SNPP,N,2.0NRT,3.5,309.04
23.69443,87.0937,2026-08-19,1923,n,0.37,SNPP,0.58,285.64,SNPP,N,2.0NRT,1.73,307.52
23.69341,87.10468,2026-08-19,1923,n,0.37,SNPP,0.58,285.04,SNPP,N,2.0NRT,1.21,302.52
23.69172,87.12292,2026-08-19,1923,n,0.37,SNPP,0.58,284.78,SNPP,N,2.0NRT,2.18,310.51
23.68871,87.09673,2026-08-19,1923,n,0.37,SNPP,0.58,285.59,SNPP,N,2.0NRT,1.73,302.28
20.80461,85.25742,2026-08-19,1925,n,0.45,SNPP,0.63,285.28,SNPP,N,2.0NRT,1.98,307.64
20.96412,85.1883,2026-08-19,1925,n,0.45,SNPP,0.63,285.69,SNPP,N,2.0NRT,2.18,308.22
20.96539,85.175,2026-08-19,1925,n,0.46,SNPP,0.63,285.56,SNPP,N,2.0NRT,2.73,308.01
20.96581,85.17046,2026-08-19,1925,n,0.46,SNPP,0.63,285.52,SNPP,N,2.0NRT,3.26,312.59
20.97085,85.18008,2026-08-19,1925,n,0.46,SNPP,0.63,285.19,SNPP,N,2.0NRT,1.2,306.86
20.97128,85.17556,2026-08-19,1925,n,0.46,SNPP,0.63,285.47,SNPP,N,2.0NRT,1.2,307.44
7.57253,80.92683,2026-08-19,1928,n,0.59,SNPP,0.7000000000000001,272.55,SNPP,N,2.0NRT,1.46,301.28
7.57323,80.92142,2026-08-19,1928,n,0.59,SNPP,0.7000000000000001,271.22,SNPP,N,2.0NRT,1.97,302.92
7.57451,80.92145,2026-08-19,1928,n,0.59,SNPP,0.7000000000000001,271.23,SNPP,N,2.0NRT,1.42,301.17
7.57378,80.92686,2026-08-19,1928,n,0.59,SNPP,0.7000000000000001,272.25,SNPP,N,2.0NRT,1.42,300.8
6.60867,81.18574,2026-08-19,1928,n,0.55,SNPP,0.68,273.07,SNPP,N,2.0NRT,5.18,341.77
31.24975,76.93059,2026-08-19,2101,n,0.45,SNPP,0.39,276.07,SNPP,N,2.0NRT,0.32,298.28
31.25838,76.92349,2026-08-19,2101,n,0.45,SNPP,0.39,278.55,SNPP,N,2.0NRT,0.41000000000000003,296.85
32.08467,74.16386,2026-08-19,2101,n,0.38,SNPP,0.36,290.12,SNPP,N,2.0NRT,2.5300000000000002,307.0
32.08796,74.16459,2026-08-19,2101,n,0.38,SNPP,0.36,291.04,SNPP,N,2.0NRT,2.73,310.46
21.00072,86.03053,2026-08-19,2104,n,0.78,SNPP,0.78,283.95,SNPP,N,2.0NRT,0.67,302.51
20.96749,86.01265,2026-08-19,2104,n,0.78,SNPP,0.78,284.02,SNPP,N,2.0NRT,6.1,320.45
26.0932,68.88027,2026-08-19,2104,n,0.46,SNPP,0.39,296.84,SNPP,N,2.0NRT,0.85,308.76
22.78883,86.20107,2026-08-19,2104,n,0.73,SNPP,0.76,284.83,SNPP,N,2.0NRT,3.62,300.7
22.87589,86.06185,2026-08-19,2104,n,0.71,SNPP,0.75,284.44,SNPP,N,2.0NRT,1.9,306.21
22.87391,86.06372,2026-08-19,2104,n,0.71,SNPP,0.75,284.84,SNPP,N,2.0NRT,1.74,304.33
25.94172,72.19282,2026-08-19,2104,n,0.38,SNPP,0.36,295.0,SNPP,N,2.0NRT,1.78,315.34
24.14009,82.70357,2026-08-19,2104,n,0.42,SNPP,0.61,285.61,SNPP,N,2.0NRT,0.72,300.69
26.25635,74.09737,2026-08-19,2104,n,0.4,SNPP,0.37,293.69,SNPP,N,2.0NRT,0.62,308.4
23.680320000000002,86.39847,2026-08-19,2104,n,0.71,SNPP,0.75,271.76,SNPP,N,2.0NRT,3.34,297.79
23.68212,86.39163,2026-08-19,2104,n,0.71,SNPP,0.75,272.32,SNPP,N,2.0NRT,2.84,300.13
23.76052,86.40015,2026-08-19,2104,n,0.71,SNPP,0.75,274.57,SNPP,N,2.0NRT,4.7,302.24
23.69582,87.09637,2026-08-19,2104,n,0.78,SNPP,0.78,273.75,SNPP,N,2.0NRT,2.39,297.9
23.69837,87.09444,2026-08-19,2104,n,0.78,SNPP,0.78,273.35,SNPP,N,2.0NRT,2.73,296.23
26.87381,73.5167,2026-08-19,2104,n,0.39,SNPP,0.36,293.46,SNPP,N,2.0NRT,2.95,308.59
26.87778,73.51348,2026-08-19,2104,n,0.39,SNPP,0.36,287.87,SNPP,N,2.0NRT,1.56,301.9
28.30434,68.08573,2026-08-19,2104,n,0.52,SNPP,0.42,297.0,SNPP,N,2.0NRT,0.74,311.52
28.42477,69.7021,2026-08-19,2104,n,0.45,SNPP,0.39,297.76,SNPP,N,2.0NRT,1.3599999999999999,320.23
29.12563,75.77744,2026-08-19,2104,n,0.43,SNPP,0.38,292.72,SNPP,N,2.0NRT,2.07,307.57
25.38717,68.58005,2026-08-19,2104,n,0.46,SNPP,0.39,296.36,SNPP,N,2.0NRT,1.46,314.92
25.38654,68.58464,2026-08-19,2104,n,0.46,SNPP,0.39,295.93,SNPP,N,2.0NRT,1.46,306.93
22.80233,86.09171,2026-08-19,2104,n,0.72,SNPP,0.75,284.97,SNPP,N,2.0NRT,2.03,302.09
20.99709,86.02748,2026-08-19,2104,n,0.78,SNPP,0.78,284.09,SNPP,N,2.0NRT,1.34,304.22
20.96512,85.19021,2026-08-19,2106,n,0.6900000000000001,SNPP,0.75,283.52,SNPP,N,2.0NRT,2.37,306.9
20.95084,86.04825,2026-08-19,2106,n,0.78,SNPP,0.78,283.78,SNPP,N,2.0NRT,2.2,304.82
21.081,85.04028,2026-08-19,2106,n,0.68,SNPP,0.74,283.39,SNPP,N,2.0NRT,1.92,296.85
21.07434,85.03826,2026-08-19,2106,n,0.68,SNPP,0.74,283.23,SNPP,N,2.0NRT,1.92,296.86
20.9768,85.17226,2026-08-19,2106,n,0.6900000000000001,SNPP,0.74,283.58,SNPP,N,2.0NRT,3.04,305.85
20.97995,85.13054,2026-08-19,2106,n,0.6900000000000001,SNPP,0.74,283.4,SNPP,N,2.0NRT,1.8900000000000001,305.17
20.97829,85.13718,2026-08-19,2106,n,0.6900000000000001,SNPP,0.74,283.46,SNPP,N,2.0NRT,1.8900000000000001,300.87
20.9701,85.17019,2026-08-19,2106,n,0.6900000000000001,SNPP,0.74,283.67,SNPP,N,2.0NRT,3.04,319.84
20.96847,85.17673,2026-08-19,2106,n,0.6900000000000001,SNPP,0.74,283.36,SNPP,N,2.0NRT,3.04,310.25
20.96682,85.18336,2026-08-19,2106,n,0.6900000000000001,SNPP,0.74,283.3,SNPP,N,2.0NRT,2.37,311.96
20.75727,85.29929,2026-08-19,2106,n,0.71,SNPP,0.75,283.86,SNPP,N,2.0NRT,1.49,303.61
20.75887,85.29279,2026-08-19,2106,n,0.71,SNPP,0.75,283.96,SNPP,N,2.0NRT,2.83,305.28
20.79777,85.25298,2026-08-19,2106,n,0.71,SNPP,0.75,283.39,SNPP,N,2.0NRT,4.38,306.61
20.75702,85.29877,2026-08-19,2106,n,0.71,SNPP,0.75,283.57,SNPP,N,2.0NRT,2.06,301.57
20.75867,85.29228,2026-08-19,2106,n,0.71,SNPP,0.75,283.55,SNPP,N,2.0NRT,2.06,302.97
20.78761,85.26431,2026-08-19,2106,n,0.71,SNPP,0.75,283.34,SNPP,N,2.0NRT,2.2800000000000002,302.5
20.79788,85.25243,2026-08-19,2106,n,0.71,SNPP,0.75,283.36,SNPP,N,2.0NRT,2.83,305.54
20.86326,84.99146,2026-08-19,2106,n,0.68,SNPP,0.74,282.38,SNPP,N,2.0NRT,2.29,298.26
20.96339,85.16812,2026-08-19,2106,n,0.6900000000000001,SNPP,0.74,283.71,SNPP,N,2.0NRT,2.94,305.31
17.98492,80.8302,2026-08-19,2106,n,0.43,SNPP,0.62,284.61,SNPP,N,2.0NRT,1.37,303.98
19.37153,71.3558,2026-08-19,2106,n,0.39,SNPP,0.36,291.57,SNPP,N,2.0NRT,3.41,331.25
19.37213,71.35212,2026-08-19,2106,n,0.39,SNPP,0.36,291.67,SNPP,N,2.0NRT,5.9,307.08
19.36821,71.3552,2026-08-19,2106,n,0.39,SNPP,0.36,291.91,SNPP,N,2.0NRT,3.41,320.19
18.68423,73.03175,2026-08-19,2106,n,0.43,SNPP,0.38,283.24,SNPP,N,2.0NRT,0.77,301.89
8.73753,77.59727,2026-08-19,2108,n,0.39,SNPP,0.59,289.86,SNPP,N,2.0NRT,7.6,329.03
8.73686,77.60081,2026-08-19,2108,n,0.39,SNPP,0.59,290.24,SNPP,N,2.0NRT,7.27,337.37
15.65996,73.98722,2026-08-19,2108,n,0.52,SNPP,0.42,280.81,SNPP,N,2.0NRT,1.46,298.88
15.65748,73.98986,2026-08-19,2108,n,0.52,SNPP,0.42,281.03,SNPP,N,2.0NRT,1.1,303.04
8.74296,77.59831,2026-08-19,2108,h,0.39,SNPP,0.59,291.41,SNPP,N,2.0NRT,21.46,367.0
8.7423,77.60185,2026-08-19,2108,n,0.39,SNPP,0.59,292.11,SNPP,N,2.0NRT,9.46,355.88
8.74163,77.60539,2026-08-19,2108,n,0.39,SNPP,0.59,289.76,SNPP,N,2.0NRT,9.46,307.47
7.57133,80.92029,2026-08-19,2110,n,0.68,SNPP,0.74,277.79,SNPP,N,2.0NRT,2.18,297.71
6.54586,80.97478,2026-08-20,813,n,0.4,SNPP,0.37,300.53,SNPP,D,2.0NRT,2.84,330.9
10.57315,79.49966,2026-08-20,813,n,0.39,SNPP,0.36,291.05,SNPP,D,2.0NRT,2.25,330.82
10.20464,78.83772,2026-08-20,813,n,0.38,SNPP,0.36,302.04,SNPP,D,2.0NRT,11.72,339.24
9.43061,80.44665,2026-08-20,813,n,0.4,SNPP,0.37,300.61,SNPP,D,2.0NRT,2.42,336.91
9.41284,80.44965,2026-08-20,813,n,0.4,SNPP,0.37,298.31,SNPP,D,2.0NRT,4.4,348.03
8.92556,77.96257,2026-08-20,813,n,0.39,SNPP,0.36,298.95,SNPP,D,2.0NRT,8.49,348.38
9.0254,79.83466,2026-08-20,813,n,0.39,SNPP,0.36,294.77,SNPP,D,2.0NRT,1.97,331.19
9.00601,79.87824,2026-08-20,813,n,0.39,SNPP,0.36,296.45,SNPP,D,2.0NRT,4.06,338.67
9.00053,79.86462,2026-08-20,813,n,0.39,SNPP,0.36,294.45,SNPP,D,2.0NRT,3.48,336.71
8.95379,80.75946,2026-08-20,813,n,0.41000000000000003,SNPP,0.37,296.4,SNPP,D,2.0NRT,2.26,332.3
8.87924,81.03294,2026-08-20,813,n,0.41000000000000003,SNPP,0.37,299.87,SNPP,D,2.0NRT,9.71,339.85
8.82787,80.89571,2026-08-20,813,n,0.41000000000000003,SNPP,0.37,296.56,SNPP,D,2.0NRT,3.25,331.38
8.68966,80.85621,2026-08-20,813,n,0.41000000000000003,SNPP,0.37,278.73,SNPP,D,2.0NRT,4.11,330.75
8.65339,80.63652,2026-08-20,813,n,0.4,SNPP,0.37,287.95,SNPP,D,2.0NRT,2.64,332.32
8.68008,80.83871,2026-08-20,813,n,0.41000000000000003,SNPP,0.37,274.97,SNPP,D,2.0NRT,3.44,331.34
8.45045,80.81741,2026-08-20,813,n,0.4,SNPP,0.37,288.96,SNPP,D,2.0NRT,3.69,330.74
8.41734,81.08703,2026-08-20,813,n,0.41000000000000003,SNPP,0.37,274.8,SNPP,D,2.0NRT,2.9,334.09
8.16379,79.83366,2026-08-20,813,n,0.39,SNPP,0.36,292.76,SNPP,D,2.0NRT,5.84,347.02
8.21754,81.10218,2026-08-20,813,n,0.41000000000000003,SNPP,0.37,281.72,SNPP,D,2.0NRT,3.07,330.44
7.9938,80.16321,2026-08-20,813,n,0.39,SNPP,0.36,286.19,SNPP,D,2.0NRT,2.49,330.74
7.94184,81.19656,2026-08-20,813,n,0.41000000000000003,SNPP,0.37,283.16,SNPP,D,2.0NRT,4.82,337.62
7.94464,81.31114,2026-08-20,813,n,0.41000000000000003,SNPP,0.37,282.41,SNPP,D,2.0NRT,3.91,335.61
7.9452,81.3149,2026-08-20,813,n,0.42,SNPP,0.37,284.29,SNPP,D,2.0NRT,6.62,334.77
7.9423,81.31919,2026-08-20,813,n,0.42,SNPP,0.37,283.91,SNPP,D,2.0NRT,3.7199999999999998,332.49
7.92285,81.39185,2026-08-20,813,n,0.42,SNPP,0.37,285.73,SNPP,D,2.0NRT,3.61,338.55
7.79305,81.15463,2026-08-20,813,n,0.41000000000000003,SNPP,0.37,299.84,SNPP,D,2.0NRT,6.44,336.72
7.72984,81.24775,2026-08-20,813,n,0.41000000000000003,SNPP,0.37,304.44,SNPP,D,2.0NRT,12.48,350.83
7.64166,80.67686,2026-08-20,813,n,0.4,SNPP,0.37,294.0,SNPP,D,2.0NRT,3.46,336.86
7.70978,81.25452,2026-08-20,813,n,0.41000000000000003,SNPP,0.37,300.73,SNPP,D,2.0NRT,5.0,338.33
7.64815,80.93231,2026-08-20,813,n,0.4,SNPP,0.37,300.03,SNPP,D,2.0NRT,2.7,331.57
7.61461,80.96349,2026-08-20,813,n,0.4,SNPP,0.37,299.85,SNPP,D,2.0NRT,3.96,335.63
7.61121,80.964,2026-08-20,813,n,0.4,SNPP,0.37,299.44,SNPP,D,2.0NRT,3.96,347.49
7.57791,80.85709,2026-08-20,813,n,0.4,SNPP,0.37,296.07,SNPP,D,2.0NRT,5.69,346.72
7.53321,80.93436,2026-08-20,813,n,0.4,SNPP,0.37,300.46,SNPP,D,2.0NRT,3.36,332.12
7.52927,80.93124,2026-08-20,813,n,0.4,SNPP,0.37,301.62,SNPP,D,2.0NRT,4.45,342.64
7.52982,80.93488,2026-08-20,813,n,0.4,SNPP,0.37,301.13,SNPP,D,2.0NRT,4.45,339.22
7.50024,80.96915,2026-08-20,813,n,0.4,SNPP,0.37,301.6,SNPP,D,2.0NRT,3.7800000000000002,336.72
7.5006900000000005,81.27799,2026-08-20,813,n,0.41000000000000003,SNPP,0.37,292.39,SNPP,D,2.0NRT,3.74,338.29
7.45547,81.08854,2026-08-20,813,n,0.41000000000000003,SNPP,0.37,298.74,SNPP,D,2.0NRT,4.91,339.59
7.45602,81.09219,2026-08-20,813,n,0.41000000000000003,SNPP,0.37,300.15,SNPP,D,2.0NRT,6.89,341.46
7.4271,80.96945,2026-08-20,813,n,0.4,SNPP,0.37,301.21,SNPP,D,2.0NRT,4.02,337.48
7.38893,81.10962,2026-08-20,813,n,0.41000000000000003,SNPP,0.37,301.89,SNPP,D,2.0NRT,4.26,353.09
7.38948,81.11331,2026-08-20,813,n,0.41000000000000003,SNPP,0.37,299.88,SNPP,D,2.0NRT,4.26,331.24
7.38552,81.11015,2026-08-20,813,n,0.41000000000000003,SNPP,0.37,300.03,SNPP,D,2.0NRT,1.97,343.3
7.38607,81.11382,2026-08-20,813,n,0.41000000000000003,SNPP,0.37,300.35,SNPP,D,2.0NRT,1.97,330.98
7.40332,81.2776,2026-08-20,813,n,0.41000000000000003,SNPP,0.37,295.31,SNPP,D,2.0NRT,3.27,334.13
7.3295,81.04007,2026-08-20,813,n,0.4,SNPP,0.37,297.01,SNPP,D,2.0NRT,3.7800000000000002,334.27
7.33495,81.21577,2026-08-20,813,n,0.41000000000000003,SNPP,0.37,294.24,SNPP,D,2.0NRT,3.1,333.8
7.33097,81.21256,2026-08-20,813,n,0.41000000000000003,SNPP,0.37,296.19,SNPP,D,2.0NRT,6.96,346.04
7.33153,81.21626,2026-08-20,813,n,0.41000000000000003,SNPP,0.37,294.76,SNPP,D,2.0NRT,3.1,340.26
7.32756,81.21307,2026-08-20,813,n,0.41000000000000003,SNPP,0.37,294.63,SNPP,D,2.0NRT,3.91,336.06
7.27521,81.11919,2026-08-20,813,n,0.41000000000000003,SNPP,0.37,296.52,SNPP,D,2.0NRT,2.61,334.07
7.34035,81.75928,2026-08-20,813,n,0.43,SNPP,0.38,291.33,SNPP,D,2.0NRT,3.59,335.49
7.32988,81.76083,2026-08-20,813,n,0.43,SNPP,0.38,292.51,SNPP,D,2.0NRT,2.56,338.64
7.2488,81.26661,2026-08-20,813,n,0.41000000000000003,SNPP,0.37,290.57,SNPP,D,2.0NRT,2.65,340.23
7.31885,81.75852,2026-08-20,813,n,0.43,SNPP,0.38,295.81,SNPP,D,2.0NRT,9.86,345.08
7.32287,81.78553,2026-08-20,813,n,0.43,SNPP,0.38,294.83,SNPP,D,2.0NRT,4.13,342.25
7.32629,81.8325,2026-08-20,813,n,0.43,SNPP,0.38,291.25,SNPP,D,2.0NRT,6.35,339.07
7.2192,81.13906,2026-08-20,813,n,0.41000000000000003,SNPP,0.37,293.6,SNPP,D,2.0NRT,4.19,331.21
7.21973,81.14264,2026-08-20,813,n,0.41000000000000003,SNPP,0.37,293.15,SNPP,D,2.0NRT,2.06,336.15
7.30599,81.79197,2026-08-20,813,n,0.43,SNPP,0.38,296.19,SNPP,D,2.0NRT,10.5,347.92
7.30823,81.83119,2026-08-20,813,n,0.43,SNPP,0.38,295.54,SNPP,D,2.0NRT,5.92,330.47
7.30818,81.85501,2026-08-20,813,n,0.43,SNPP,0.38,295.63,SNPP,D,2.0NRT,6.5,335.17
7.19321,81.76139,2026-08-20,813,n,0.42,SNPP,0.38,301.04,SNPP,D,2.0NRT,5.62,336.44
7.04992,81.78621,2026-08-20,813,n,0.42,SNPP,0.38,298.23,SNPP,D,2.0NRT,2.52,336.11
6.95979,81.57388,2026-08-20,813,n,0.42,SNPP,0.37,298.94,SNPP,D,2.0NRT,2.5700000000000003,335.24
6.96545,81.61172,2026-08-20,813,n,0.42,SNPP,0.37,303.5,SNPP,D,2.0NRT,35.28,351.89
6.80653,81.24734,2026-08-20,813,n,0.41000000000000003,SNPP,0.37,298.55,SNPP,D,2.0NRT,3.4,331.85
6.8342600000000004,81.43214,2026-08-20,813,n,0.41000000000000003,SNPP,0.37,300.34,SNPP,D,2.0NRT,1.38,333.02
6.82714,81.50195,2026-08-20,813,n,0.41000000000000003,SNPP,0.37,302.17,SNPP,D,2.0NRT,4.96,342.25
6.77621,81.18446,2026-08-20,813,n,0.4,SNPP,0.37,298.8,SNPP,D,2.0NRT,5.73,347.85
6.71841,80.84508,2026-08-20,813,n,0.4,SNPP,0.37,297.79,SNPP,D,2.0NRT,2.7800000000000002,333.17
6.77269,81.20744,2026-08-20,813,n,0.4,SNPP,0.37,297.52,SNPP,D,2.0NRT,3.34,334.47
6.8106,81.48529,2026-08-20,813,n,0.41000000000000003,SNPP,0.37,301.07,SNPP,D,2.0NRT,5.58,345.87
6.73328,81.05975,2026-08-20,813,n,0.4,SNPP,0.37,300.3,SNPP,D,2.0NRT,24.32,355.31
6.72991,81.06036,2026-08-20,813,n,0.4,SNPP,0.37,299.67,SNPP,D,2.0NRT,10.21,356.7
6.73046,81.06409,2026-08-20,813,n,0.4,SNPP,0.37,296.21,SNPP,D,2.0NRT,10.21,346.72
6.72654,81.06101,2026-08-20,813,n,0.4,SNPP,0.37,299.01,SNPP,D,2.0NRT,10.21,350.79
6.7872,81.46957,2026-08-20,813,n,0.41000000000000003,SNPP,0.37,299.78,SNPP,D,2.0NRT,3.08,336.68
6.72316,81.06162,2026-08-20,813,n,0.4,SNPP,0.37,297.22,SNPP,D,2.0NRT,3.0,335.84
6.70792,80.98251,2026-08-20,813,n,0.4,SNPP,0.37,297.44,SNPP,D,2.0NRT,4.57,338.65
6.72233,81.24533,2026-08-20,813,n,0.41000000000000003,SNPP,0.37,298.65,SNPP,D,2.0NRT,2.22,337.11
6.75499,81.74423,2026-08-20,813,n,0.42,SNPP,0.38,299.7,SNPP,D,2.0NRT,6.92,343.94
6.60576,80.88501,2026-08-20,813,n,0.4,SNPP,0.37,299.29,SNPP,D,2.0NRT,1.81,332.03
6.6253,81.24866,2026-08-20,813,n,0.4,SNPP,0.37,304.65,SNPP,D,2.0NRT,6.04,335.44
6.62535,81.24851,2026-08-20,813,l,0.4,SNPP,0.37,304.46,SNPP,D,2.0NRT,2.46,334.21
6.6259,81.25217,2026-08-20,813,l,0.4,SNPP,0.37,303.44,SNPP,D,2.0NRT,2.46,331.08
6.56569,80.94603,2026-08-20,813,n,0.4,SNPP,0.37,300.94,SNPP,D,2.0NRT,2.49,338.96
6.48633,80.71687,2026-08-20,813,n,0.39,SNPP,0.36,294.02,SNPP,D,2.0NRT,11.31,345.02
6.52056,81.05968,2026-08-20,813,n,0.4,SNPP,0.37,300.28,SNPP,D,2.0NRT,8.84,347.19
6.35923,81.14768,2026-08-20,813,n,0.4,SNPP,0.37,294.97,SNPP,D,2.0NRT,4.63,337.82
6.3817,81.29693,2026-08-20,813,n,0.4,SNPP,0.37,295.15,SNPP,D,2.0NRT,5.74,336.87
6.35584,81.14819,2026-08-20,813,n,0.4,SNPP,0.37,295.78,SNPP,D,2.0NRT,4.63,338.11
6.29387,81.24715,2026-08-20,813,n,0.4,SNPP,0.37,290.41,SNPP,D,2.0NRT,4.01,336.98
6.21973,80.87165,2026-08-20,813,n,0.39,SNPP,0.37,289.93,SNPP,D,2.0NRT,2.19,331.93
6.21678,80.89765,2026-08-20,813,n,0.39,SNPP,0.37,290.98,SNPP,D,2.0NRT,5.99,336.55
12.66698,79.70408,2026-08-20,816,n,0.4,SNPP,0.37,298.22,SNPP,D,2.0NRT,1.45,331.27
17.54337,83.00231,2026-08-20,816,n,0.43,SNPP,0.46,291.61,SNPP,D,2.0NRT,3.18,335.63
17.79435,83.16505,2026-08-20,816,n,0.44,SNPP,0.46,291.69,SNPP,D,2.0NRT,6.14,341.11
17.955940000000002,80.79374,2026-08-20,816,n,0.49,SNPP,0.4,297.0,SNPP,D,2.0NRT,6.47,337.11
17.77165,79.02434,2026-08-20,816,n,0.41000000000000003,SNPP,0.37,295.03,SNPP,D,2.0NRT,2.96,336.41
12.54274,79.87836,2026-08-20,816,n,0.4,SNPP,0.37,293.15,SNPP,D,2.0NRT,4.92,347.01
12.89302,78.87909,2026-08-20,816,n,0.39,SNPP,0.36,285.21,SNPP,D,2.0NRT,1.83,331.01
13.07203,79.95014,2026-08-20,816,n,0.41000000000000003,SNPP,0.37,296.86,SNPP,D,2.0NRT,3.38,330.69
13.04383,79.59259,2026-08-20,816,n,0.4,SNPP,0.37,300.02,SNPP,D,2.0NRT,2.46,335.61
13.40582,80.21592,2026-08-20,816,n,0.42,SNPP,0.38,295.65,SNPP,D,2.0NRT,6.25,334.97
13.34752,79.09665,2026-08-20,816,n,0.39,SNPP,0.36,303.6,SNPP,D,2.0NRT,1.8,337.78
13.66444,79.61813,2026-08-20,816,n,0.4,SNPP,0.37,300.91,SNPP,D,2.0NRT,6.06,341.5
14.28543,79.97816,2026-08-20,816,n,0.42,SNPP,0.37,299.04,SNPP,D,2.0NRT,2.41,338.42
14.34493,79.72159,2026-08-20,816,n,0.41000000000000003,SNPP,0.37,292.28,SNPP,D,2.0NRT,5.86,345.53
15.26779,78.92377,2026-08-20,816,n,0.4,SNPP,0.37,296.02,SNPP,D,2.0NRT,3.8,336.08
15.1724,76.69444,2026-08-20,816,n,0.39,SNPP,0.36,298.46,SNPP,D,2.0NRT,2.38,335.7
15.16424,76.3814,2026-08-20,816,n,0.4,SNPP,0.37,298.01,SNPP,D,2.0NRT,5.53,338.7
15.1676,76.38084,2026-08-20,816,l,0.4,SNPP,0.37,299.2,SNPP,D,2.0NRT,5.97,330.62
16.07655,79.14837,2026-08-20,816,n,0.41000000000000003,SNPP,0.37,298.08,SNPP,D,2.0NRT,1.46,330.86
16.07496,79.11341,2026-08-20,816,n,0.4,SNPP,0.37,298.92,SNPP,D,2.0NRT,3.87,341.12
15.58879,75.15228,2026-08-20,816,l,0.43,SNPP,0.38,301.44,SNPP,D,2.0NRT,5.86,332.36
17.29004,82.58302,2026-08-20,816,n,0.4,SNPP,0.44,293.78,SNPP,D,2.0NRT,1.58,331.27
17.50736,82.95307,2026-08-20,816,n,0.43,SNPP,0.46,294.23,SNPP,D,2.0NRT,3.79,335.65
17.50684,82.94902,2026-08-20,816,n,0.43,SNPP,0.46,294.09,SNPP,D,2.0NRT,3.79,342.7
17.51158,82.95251,2026-08-20,816,n,0.43,SNPP,0.46,293.97,SNPP,D,2.0NRT,6.78,348.49
21.10092,72.63459,2026-08-20,818,n,0.47000000000000003,SNPP,0.4,296.82,SNPP,D,2.0NRT,10.43,334.49
21.10331,72.64813,2026-08-20,818,l,0.47000000000000003,SNPP,0.4,297.18,SNPP,D,2.0NRT,7.57,335.83
20.96745,86.01298,2026-08-20,818,n,0.37,SNPP,0.58,288.46,SNPP,D,2.0NRT,7.71,349.96
21.10694,72.64742,2026-08-20,818,n,0.47000000000000003,SNPP,0.4,299.37,SNPP,D,2.0NRT,13.54,340.92
20.95271,86.0482,2026-08-20,818,n,0.37,SNPP,0.58,287.39,SNPP,D,2.0NRT,4.49,329.15
30.43244,73.96255,2026-08-20,820,n,0.38,SNPP,0.36,301.78,SNPP,D,2.0NRT,4.15,334.16
31.14108,73.58968,2026-08-20,820,l,0.38,SNPP,0.36,302.73,SNPP,D,2.0NRT,5.6,330.28
24.80284,71.78471,2026-08-20,820,n,0.46,SNPP,0.39,297.97,SNPP,D,2.0NRT,4.64,338.32
25.09726,68.29532,2026-08-20,820,n,0.47000000000000003,SNPP,0.48,299.91,SNPP,D,2.0NRT,3.84,339.12
27.93253,68.64394,2026-08-20,820,n,0.4,SNPP,0.44,299.95,SNPP,D,2.0NRT,1.4100000000000001,331.31
30.40259,73.87827,2026-08-20,820,n,0.38,SNPP,0.36,299.56,SNPP,D,2.0NRT,3.35,340.93
22.36499,87.0154,2026-08-20,1906,n,0.72,SNPP,0.76,274.56,SNPP,N,2.0NRT,2.08,298.17
23.69259,87.12586,2026-08-20,1906,n,0.73,SNPP,0.76,272.1,SNPP,N,2.0NRT,0.75,295.1
22.36236,87.01414,2026-08-20,1906,n,0.72,SNPP,0.76,274.4,SNPP,N,2.0NRT,2.1,296.48
23.69758,87.09327,2026-08-20,1906,n,0.73,SNPP,0.76,275.21,SNPP,N,2.0NRT,1.38,298.4
23.69671,87.10807,2026-08-20,1906,n,0.73,SNPP,0.76,273.98,SNPP,N,2.0NRT,0.63,296.93
23.69627,87.11548,2026-08-20,1906,n,0.73,SNPP,0.76,272.87,SNPP,N,2.0NRT,0.63,295.82
23.69583,87.12293,2026-08-20,1906,n,0.73,SNPP,0.76,274.04,SNPP,N,2.0NRT,1.5899999999999999,298.65
23.69451,87.0962,2026-08-20,1906,n,0.73,SNPP,0.76,273.52,SNPP,N,2.0NRT,2.15,296.66
23.69403,87.10361,2026-08-20,1906,n,0.73,SNPP,0.76,273.74,SNPP,N,2.0NRT,0.98,297.31
23.693550000000002,87.111,2026-08-20,1906,n,0.73,SNPP,0.76,273.4,SNPP,N,2.0NRT,0.98,298.67
23.69308,87.11836,2026-08-20,1906,n,0.73,SNPP,0.76,272.76,SNPP,N,2.0NRT,0.75,299.47
32.57585,72.56123,2026-08-20,2044,n,0.41000000000000003,SNPP,0.45,293.24,SNPP,N,2.0NRT,2.7800000000000002,310.55
32.57539,72.56554,2026-08-20,2044,n,0.41000000000000003,SNPP,0.45,292.99,SNPP,N,2.0NRT,2.4,305.87
31.25985,76.92484,2026-08-20,2044,n,0.4,SNPP,0.37,289.51,SNPP,N,2.0NRT,0.5,302.16
31.2492,76.92705,2026-08-20,2044,n,0.4,SNPP,0.37,288.69,SNPP,N,2.0NRT,0.66,304.76
29.91072,74.94928,2026-08-20,2044,n,0.44,SNPP,0.38,292.31,SNPP,N,2.0NRT,2.62,307.57
29.45876,76.86543,2026-08-20,2044,n,0.39,SNPP,0.36,292.37,SNPP,N,2.0NRT,3.34,316.16
28.77214,76.70122,2026-08-20,2044,n,0.39,SNPP,0.36,289.31,SNPP,N,2.0NRT,2.2800000000000002,310.21
28.27534,77.18294,2026-08-20,2044,n,0.38,SNPP,0.36,283.37,SNPP,N,2.0NRT,0.74,302.62
20.96588,86.01382,2026-08-20,2046,n,0.4,SNPP,0.6000000000000001,282.08,SNPP,N,2.0NRT,1.9100000000000001,318.18
27.79252,75.33192,2026-08-20,2046,n,0.41000000000000003,SNPP,0.37,292.48,SNPP,N,2.0NRT,0.81,306.87
25.03646,87.38701,2026-08-20,2046,n,0.4,SNPP,0.6000000000000001,281.72,SNPP,N,2.0NRT,0.72,304.58
25.03673,87.38658,2026-08-20,2046,n,0.4,SNPP,0.6000000000000001,281.24,SNPP,N,2.0NRT,0.67,303.78
23.69376,87.12176,2026-08-20,2046,n,0.41000000000000003,SNPP,0.6000000000000001,277.41,SNPP,N,2.0NRT,1.51,305.75
23.69202,87.10435,2026-08-20,2046,n,0.41000000000000003,SNPP,0.6000000000000001,275.24,SNPP,N,2.0NRT,1.24,298.55
23.68785,87.10063,2026-08-20,2046,n,0.41000000000000003,SNPP,0.6000000000000001,276.75,SNPP,N,2.0NRT,1.13,301.76
23.66421,87.1534,2026-08-20,2046,n,0.41000000000000003,SNPP,0.61,264.14,SNPP,N,2.0NRT,0.31,298.63
23.66331,87.15736,2026-08-20,2046,n,0.41000000000000003,SNPP,0.61,264.16,SNPP,N,2.0NRT,0.27,296.41
23.66743,86.9369,2026-08-20,2046,n,0.4,SNPP,0.6000000000000001,282.4,SNPP,N,2.0NRT,0.73,307.82
23.78109,86.38872,2026-08-20,2046,n,0.37,SNPP,0.58,286.55,SNPP,N,2.0NRT,2.9,306.48
23.76735,86.40035,2026-08-20,2046,n,0.37,SNPP,0.58,285.85,SNPP,N,2.0NRT,1.24,306.55
23.76655,86.40386,2026-08-20,2046,n,0.37,SNPP,0.58,285.05,SNPP,N,2.0NRT,1.24,307.05
23.76131,86.40248,2026-08-20,2046,n,0.37,SNPP,0.58,285.65,SNPP,N,2.0NRT,1.24,322.91
23.75525,86.40467,2026-08-20,2046,n,0.37,SNPP,0.58,286.53,SNPP,N,2.0NRT,0.91,306.53
23.56212,87.24074,2026-08-20,2046,n,0.42,SNPP,0.61,273.47,SNPP,N,2.0NRT,0.9400000000000001,303.44
23.5566,87.23922,2026-08-20,2046,n,0.42,SNPP,0.61,274.86,SNPP,N,2.0NRT,0.9400000000000001,303.93
23.7374,86.4341,2026-08-20,2046,n,0.37,SNPP,0.58,286.38,SNPP,N,2.0NRT,3.2800000000000002,324.26
23.72326,86.4229,2026-08-20,2046,n,0.37,SNPP,0.58,286.03,SNPP,N,2.0NRT,1.26,305.68
23.71226,86.44649,2026-08-20,2046,n,0.37,SNPP,0.58,282.43,SNPP,N,2.0NRT,1.8399999999999999,316.2
23.71143,86.45005,2026-08-20,2046,n,0.37,SNPP,0.58,282.44,SNPP,N,2.0NRT,1.8399999999999999,318.51
23.56388,87.08366,2026-08-20,2046,n,0.41000000000000003,SNPP,0.6000000000000001,284.26,SNPP,N,2.0NRT,1.58,310.88
23.71398,86.45003,2026-08-20,2046,n,0.37,SNPP,0.58,282.64,SNPP,N,2.0NRT,1.32,316.78
23.71431,86.42361,2026-08-20,2046,n,0.37,SNPP,0.58,285.0,SNPP,N,2.0NRT,1.54,304.75
23.70951,86.44509,2026-08-20,2046,n,0.37,SNPP,0.58,282.19,SNPP,N,2.0NRT,1.32,307.26
23.70871,86.44867,2026-08-20,2046,n,0.37,SNPP,0.58,282.46,SNPP,N,2.0NRT,1.32,309.25
23.5599,87.08255,2026-08-20,2046,n,0.41000000000000003,SNPP,0.6000000000000001,284.24,SNPP,N,2.0NRT,1.07,308.76
23.51662,87.27167,2026-08-20,2046,n,0.42,SNPP,0.61,280.4,SNPP,N,2.0NRT,0.73,303.04
23.61549,86.78763000000001,2026-08-20,2046,n,0.39,SNPP,0.59,283.3,SNPP,N,2.0NRT,0.68,303.7
23.61454,86.79183,2026-08-20,2046,n,0.39,SNPP,0.59,283.34,SNPP,N,2.0NRT,0.68,304.84
23.68841,86.39032,2026-08-20,2046,n,0.37,SNPP,0.58,285.93,SNPP,N,2.0NRT,1.63,305.25
23.68763,86.39378,2026-08-20,2046,n,0.37,SNPP,0.58,285.7,SNPP,N,2.0NRT,1.11,308.4
23.68236,86.39249,2026-08-20,2046,n,0.37,SNPP,0.58,285.51,SNPP,N,2.0NRT,1.46,312.1
23.68157,86.39599,2026-08-20,2046,n,0.37,SNPP,0.58,284.97,SNPP,N,2.0NRT,1.46,308.75
23.68076,86.39959,2026-08-20,2046,n,0.37,SNPP,0.58,284.68,SNPP,N,2.0NRT,0.9500000000000001,303.5
23.6763,86.39473,2026-08-20,2046,n,0.37,SNPP,0.58,284.09,SNPP,N,2.0NRT,1.46,308.25
23.67549,86.39829,2026-08-20,2046,n,0.37,SNPP,0.58,284.27,SNPP,N,2.0NRT,0.9500000000000001,307.45
23.67467,86.40192,2026-08-20,2046,n,0.37,SNPP,0.58,284.73,SNPP,N,2.0NRT,0.9500000000000001,306.13
23.82381,85.49748,2026-08-20,2046,n,0.32,SNPP,0.55,283.37,SNPP,N,2.0NRT,1.25,301.5
23.68078,86.08385,2026-08-20,2046,n,0.35000000000000003,SNPP,0.5700000000000001,286.05,SNPP,N,2.0NRT,1.77,307.33
23.82423,85.49743,2026-08-20,2046,n,0.32,SNPP,0.55,283.19,SNPP,N,2.0NRT,1.08,302.7
23.68017,86.08412,2026-08-20,2046,n,0.35000000000000003,SNPP,0.5700000000000001,286.04,SNPP,N,2.0NRT,1.56,305.76
23.67731,86.07244,2026-08-20,2046,n,0.35000000000000003,SNPP,0.5700000000000001,285.32,SNPP,N,2.0NRT,1.04,302.65
16.20556,75.20766,2026-08-20,2046,n,0.39,SNPP,0.36,291.13,SNPP,N,2.0NRT,0.67,303.43
15.3343,76.28691,2026-08-20,2046,n,0.41000000000000003,SNPP,0.37,290.5,SNPP,N,2.0NRT,1.13,312.86
15.02354,78.01447,2026-08-20,2046,n,0.49,SNPP,0.4,291.12,SNPP,N,2.0NRT,1.4,308.12
15.22626,76.76389,2026-08-20,2046,n,0.43,SNPP,0.38,292.0,SNPP,N,2.0NRT,0.8200000000000001,304.55
15.18207,76.66643,2026-08-20,2046,n,0.43,SNPP,0.38,291.62,SNPP,N,2.0NRT,3.01,323.44
15.17391,76.69331,2026-08-20,2046,n,0.43,SNPP,0.38,291.38,SNPP,N,2.0NRT,2.81,323.79
15.176590000000001,76.6776,2026-08-20,2046,n,0.43,SNPP,0.38,291.87,SNPP,N,2.0NRT,1.7000000000000002,305.91
15.17717,76.65337,2026-08-20,2046,n,0.43,SNPP,0.38,292.18,SNPP,N,2.0NRT,2.8,323.16
15.17649,76.6573,2026-08-20,2046,n,0.43,SNPP,0.38,292.62,SNPP,N,2.0NRT,4.52,333.4
15.17371,76.65274,2026-08-20,2046,n,0.43,SNPP,0.38,289.83,SNPP,N,2.0NRT,1.05,304.58
15.17304,76.65667,2026-08-20,2046,n,0.43,SNPP,0.38,291.12,SNPP,N,2.0NRT,1.74,307.97
15.16689,76.67173,2026-08-20,2046,n,0.43,SNPP,0.38,290.88,SNPP,N,2.0NRT,1.09,305.06
15.16889,76.67329,2026-08-20,2046,n,0.43,SNPP,0.38,290.86,SNPP,N,2.0NRT,0.89,306.37
15.14843,76.71026,2026-08-20,2046,n,0.43,SNPP,0.38,290.87,SNPP,N,2.0NRT,0.81,304.65
15.13803,76.70839,2026-08-20,2046,n,0.43,SNPP,0.38,290.35,SNPP,N,2.0NRT,0.85,304.91
14.60754,79.6615,2026-08-20,2046,n,0.41000000000000003,SNPP,0.45,290.14,SNPP,N,2.0NRT,2.56,308.19
15.16817,76.38058,2026-08-20,2046,n,0.42,SNPP,0.37,290.12,SNPP,N,2.0NRT,1.1400000000000001,304.25
23.67428,86.08614,2026-08-20,2046,n,0.35000000000000003,SNPP,0.5700000000000001,286.31,SNPP,N,2.0NRT,1.08,306.76
23.7864,85.55096,2026-08-20,2046,n,0.32,SNPP,0.55,285.87,SNPP,N,2.0NRT,1.48,308.04
23.78225,85.57,2026-08-20,2046,n,0.33,SNPP,0.55,285.61,SNPP,N,2.0NRT,1.34,302.54
23.66762,86.09156,2026-08-20,2046,n,0.35000000000000003,SNPP,0.5700000000000001,286.03,SNPP,N,2.0NRT,0.9400000000000001,306.33
23.66165,85.55202,2026-08-20,2046,n,0.33,SNPP,0.55,284.34,SNPP,N,2.0NRT,0.37,303.54
23.69603,85.37061,2026-08-20,2046,n,0.64,SNPP,0.54,280.7,SNPP,N,2.0NRT,1.96,309.89
23.65573,85.50697,2026-08-20,2046,n,0.32,SNPP,0.55,284.46,SNPP,N,2.0NRT,1.16,308.42
23.65035,85.43598,2026-08-20,2046,n,0.32,SNPP,0.55,284.58,SNPP,N,2.0NRT,0.6900000000000001,305.16
23.64966,85.43914,2026-08-20,2046,n,0.32,SNPP,0.55,284.87,SNPP,N,2.0NRT,0.6900000000000001,314.37
23.61622,85.42603,2026-08-20,2046,n,0.32,SNPP,0.55,285.62,SNPP,N,2.0NRT,0.49,302.01
22.7945,86.20801,2026-08-20,2046,n,0.37,SNPP,0.58,277.36,SNPP,N,2.0NRT,0.89,299.78
22.81689,86.08504,2026-08-20,2046,n,0.37,SNPP,0.58,281.23,SNPP,N,2.0NRT,0.24,301.13
22.79169,86.19576,2026-08-20,2046,n,0.37,SNPP,0.58,271.1,SNPP,N,2.0NRT,0.37,299.44
22.79088,86.19932,2026-08-20,2046,n,0.37,SNPP,0.58,275.6,SNPP,N,2.0NRT,0.37,298.49
22.78925,86.20647,2026-08-20,2046,n,0.37,SNPP,0.58,279.7,SNPP,N,2.0NRT,0.89,305.09
22.78398,86.20503,2026-08-20,2046,n,0.37,SNPP,0.58,279.38,SNPP,N,2.0NRT,0.97,301.39
24.71524,75.95329,2026-08-20,2046,n,0.39,SNPP,0.36,288.14,SNPP,N,2.0NRT,0.89,304.87
22.7973,86.20584,2026-08-20,2046,n,0.37,SNPP,0.58,275.14,SNPP,N,2.0NRT,1.63,304.34
22.81808,86.08607,2026-08-20,2046,n,0.37,SNPP,0.58,281.19,SNPP,N,2.0NRT,0.22,302.52
22.79364,86.19712,2026-08-20,2046,n,0.37,SNPP,0.58,272.18,SNPP,N,2.0NRT,0.58,297.16
22.78835,86.19575,2026-08-20,2046,n,0.37,SNPP,0.58,273.72,SNPP,N,2.0NRT,0.55,298.96
22.78678,86.20286,2026-08-20,2046,n,0.37,SNPP,0.58,278.89,SNPP,N,2.0NRT,0.78,301.24
22.78599,86.20644,2026-08-20,2046,n,0.37,SNPP,0.58,279.74,SNPP,N,2.0NRT,0.78,305.61
22.80075,86.08921,2026-08-20,2046,n,0.37,SNPP,0.58,284.61,SNPP,N,2.0NRT,1.75,313.38
25.39003,68.58031,2026-08-20,2046,n,0.5700000000000001,SNPP,0.52,294.68,SNPP,N,2.0NRT,2.26,311.58
22.05638,88.12125,2026-08-20,2046,n,0.51,SNPP,0.66,280.14,SNPP,N,2.0NRT,0.8200000000000001,302.14
22.0552,88.12618,2026-08-20,2046,n,0.51,SNPP,0.66,279.31,SNPP,N,2.0NRT,0.8200000000000001,308.08
22.08609,83.11594,2026-08-20,2046,n,0.5,SNPP,0.49,286.41,SNPP,N,2.0NRT,2.44,316.03
20.96791,86.00322,2026-08-20,2046,n,0.4,SNPP,0.6000000000000001,280.79,SNPP,N,2.0NRT,2.6,300.73
20.96618,86.01083,2026-08-20,2046,n,0.4,SNPP,0.6000000000000001,281.45,SNPP,N,2.0NRT,1.9300000000000002,309.48
20.96533,86.01462,2026-08-20,2046,n,0.4,SNPP,0.6000000000000001,282.04,SNPP,N,2.0NRT,1.9300000000000002,308.0
20.96671,86.01003,2026-08-20,2046,n,0.4,SNPP,0.6000000000000001,280.92,SNPP,N,2.0NRT,1.9100000000000001,302.63
18.57617,72.24023,2026-08-20,2049,n,0.44,SNPP,0.39,293.57,SNPP,N,2.0NRT,3.65,306.94
12.66991,76.85605,2026-08-20,2049,n,0.46,SNPP,0.39,285.08,SNPP,N,2.0NRT,0.73,302.15
12.98436,74.85372,2026-08-20,2049,n,0.39,SNPP,0.36,286.35,SNPP,N,2.0NRT,0.45,300.05
12.68449,76.45203,2026-08-20,2049,n,0.44,SNPP,0.38,287.99,SNPP,N,2.0NRT,0.81,306.01
8.73957,77.60084,2026-08-20,2049,n,0.5700000000000001,SNPP,0.43,270.0,SNPP,N,2.0NRT,2.37,314.99
7.39811,81.10191,2026-08-20,2049,n,0.34,SNPP,0.56,289.24,SNPP,N,2.0NRT,1.65,313.18
7.32876,81.21317,2026-08-20,2049,n,0.34,SNPP,0.56,287.21,SNPP,N,2.0NRT,0.45,303.7
7.25554,81.11653,2026-08-20,2049,n,0.34,SNPP,0.56,288.53,SNPP,N,2.0NRT,1.0,309.52
6.86581,81.57717,2026-08-20,2049,n,0.37,SNPP,0.58,281.25,SNPP,N,2.0NRT,3.85,347.18
6.86048,81.57622,2026-08-20,2049,n,0.37,SNPP,0.58,281.38,SNPP,N,2.0NRT,0.91,308.61
6.64764,80.81381,2026-08-20,2049,n,0.33,SNPP,0.55,283.76,SNPP,N,2.0NRT,0.43,301.23
6.64705,80.81706,2026-08-20,2049,n,0.33,SNPP,0.55,283.88,SNPP,N,2.0NRT,0.41000000000000003,302.64
6.64253,80.81303,2026-08-20,2049,n,0.33,SNPP,0.55,283.56,SNPP,N,2.0NRT,1.13,302.78
6.64198,80.81609,2026-08-20,2049,n,0.33,SNPP,0.55,283.12,SNPP,N,2.0NRT,1.04,317.08
6.64509,80.81454,2026-08-20,2049,n,0.33,SNPP,0.55,283.66,SNPP,N,2.0NRT,1.37,327.34
6.64453,80.81778,2026-08-20,2049,n,0.33,SNPP,0.55,283.32,SNPP,N,2.0NRT,1.37,302.41
6.56044,81.14934,2026-08-20,2049,n,0.35000000000000003,SNPP,0.5700000000000001,282.41,SNPP,N,2.0NRT,0.52,302.17
18.71585,79.53936,2026-08-20,2049,n,0.52,SNPP,0.42,288.1,SNPP,N,2.0NRT,2.11,301.57
24.26015,97.75832,2026-08-21,618,n,0.53,SNPP,0.5,293.39,SNPP,D,2.0NRT,5.24,332.76
11.71266,79.13078,2026-08-21,756,l,0.51,SNPP,0.41000000000000003,299.97,SNPP,D,2.0NRT,13.01,335.7
11.3864,77.68139,2026-08-21,756,n,0.42,SNPP,0.45,302.13,SNPP,D,2.0NRT,3.66,337.39
11.17986,76.86322,2026-08-21,756,n,0.48,SNPP,0.48,299.65,SNPP,D,2.0NRT,7.75,352.61
10.94861,77.29926,2026-08-21,756,n,0.45,SNPP,0.47000000000000003,302.59,SNPP,D,2.0NRT,1.82,332.62
10.8355,78.05512,2026-08-21,756,n,0.41000000000000003,SNPP,0.45,306.32,SNPP,D,2.0NRT,5.12,348.83
10.89906,78.69358,2026-08-21,756,n,0.56,SNPP,0.43,303.41,SNPP,D,2.0NRT,8.39,335.4
10.90762,78.79076,2026-08-21,756,n,0.55,SNPP,0.43,306.52,SNPP,D,2.0NRT,4.54,339.02
10.86351,78.60498,2026-08-21,756,n,0.56,SNPP,0.43,304.43,SNPP,D,2.0NRT,3.6,334.68
10.86179,78.60693,2026-08-21,756,l,0.56,SNPP,0.43,303.6,SNPP,D,2.0NRT,3.75,332.53
10.46239,77.96943,2026-08-21,756,l,0.42,SNPP,0.45,302.17,SNPP,D,2.0NRT,2.2,332.02
10.06246,77.61354,2026-08-21,756,n,0.44,SNPP,0.46,301.37,SNPP,D,2.0NRT,3.37,338.53
10.40818,77.98702,2026-08-21,756,n,0.42,SNPP,0.45,300.35,SNPP,D,2.0NRT,8.58,344.36
10.05175,77.94893,2026-08-21,756,n,0.42,SNPP,0.45,300.57,SNPP,D,2.0NRT,7.89,344.09
7.39327,81.09946,2026-08-21,756,l,0.46,SNPP,0.39,293.06,SNPP,D,2.0NRT,6.4,345.34
9.74707,77.88758,2026-08-21,756,n,0.43,SNPP,0.46,305.26,SNPP,D,2.0NRT,1.44,336.81
9.46089,77.93649,2026-08-21,756,n,0.43,SNPP,0.46,304.98,SNPP,D,2.0NRT,2.92,343.41
9.31269,78.05367,2026-08-21,756,n,0.43,SNPP,0.46,305.16,SNPP,D,2.0NRT,7.06,338.9
11.25114,77.55007,2026-08-21,756,n,0.43,SNPP,0.46,302.87,SNPP,D,2.0NRT,1.81,335.0
12.35125,77.01255,2026-08-21,756,n,0.45,SNPP,0.47000000000000003,293.35,SNPP,D,2.0NRT,5.9,340.97
12.30416,76.82388,2026-08-21,756,n,0.46,SNPP,0.47000000000000003,296.98,SNPP,D,2.0NRT,6.57,339.02
12.0637,76.96976,2026-08-21,756,n,0.45,SNPP,0.47000000000000003,299.1,SNPP,D,2.0NRT,6.65,336.06
12.05267,79.61187,2026-08-21,756,l,0.48,SNPP,0.4,300.37,SNPP,D,2.0NRT,4.25,334.23
11.52693,77.66856,2026-08-21,756,n,0.42,SNPP,0.45,300.84,SNPP,D,2.0NRT,1.03,331.72
11.71186,79.12611,2026-08-21,756,l,0.51,SNPP,0.41000000000000003,306.57,SNPP,D,2.0NRT,49.23,335.37
7.8098600000000005,81.37318,2026-08-21,756,l,0.44,SNPP,0.39,304.17,SNPP,D,2.0NRT,5.27,339.32
7.8134,81.37262,2026-08-21,756,l,0.44,SNPP,0.39,303.44,SNPP,D,2.0NRT,10.42,333.7
7.81277,81.36861,2026-08-21,756,n,0.44,SNPP,0.39,303.85,SNPP,D,2.0NRT,13.76,349.14
8.07838,80.0887,2026-08-21,756,n,0.51,SNPP,0.41000000000000003,294.15,SNPP,D,2.0NRT,15.5,331.6
8.24257,80.90491,2026-08-21,756,l,0.46,SNPP,0.39,296.23,SNPP,D,2.0NRT,7.18,333.1
8.43317,80.33639,2026-08-21,756,l,0.49,SNPP,0.4,295.35,SNPP,D,2.0NRT,14.02,334.3
8.77498,80.40853,2026-08-21,756,l,0.48,SNPP,0.4,293.95,SNPP,D,2.0NRT,7.54,335.22
8.77386,80.41042,2026-08-21,756,n,0.48,SNPP,0.4,295.37,SNPP,D,2.0NRT,15.2,349.35
8.58488,77.95021,2026-08-21,756,n,0.45,SNPP,0.47000000000000003,298.77,SNPP,D,2.0NRT,2.49,335.12
9.34518,78.81236,2026-08-21,756,n,0.38,SNPP,0.44,301.64,SNPP,D,2.0NRT,1.58,335.72
9.3194,78.58262,2026-08-21,756,n,0.4,SNPP,0.44,303.54,SNPP,D,2.0NRT,1.47,336.47
9.36559,78.66248,2026-08-21,756,h,0.39,SNPP,0.44,306.38,SNPP,D,2.0NRT,10.37,367.0
9.74367,77.84486,2026-08-21,756,n,0.43,SNPP,0.46,303.98,SNPP,D,2.0NRT,1.11,336.43
10.04823,77.95352,2026-08-21,756,n,0.42,SNPP,0.45,300.86,SNPP,D,2.0NRT,5.9,349.94
10.05242,77.9528,2026-08-21,756,n,0.42,SNPP,0.45,296.24,SNPP,D,2.0NRT,5.9,337.08
7.81049,81.37718,2026-08-21,756,l,0.44,SNPP,0.39,301.8,SNPP,D,2.0NRT,5.27,335.63
7.51083,81.69547,2026-08-21,756,l,0.43,SNPP,0.38,296.31,SNPP,D,2.0NRT,5.97,334.46
7.39688,81.09885,2026-08-21,756,l,0.46,SNPP,0.39,293.05,SNPP,D,2.0NRT,6.4,332.08
19.48988,85.20114,2026-08-21,758,n,0.49,SNPP,0.4,281.45,SNPP,D,2.0NRT,3.89,328.82
17.60843,83.20383,2026-08-21,758,n,0.4,SNPP,0.37,299.16,SNPP,D,2.0NRT,4.98,335.84
16.29151,80.82072,2026-08-21,758,n,0.4,SNPP,0.37,298.58,SNPP,D,2.0NRT,4.54,334.45
15.34653,77.09008,2026-08-21,758,n,0.4,SNPP,0.44,300.14,SNPP,D,2.0NRT,1.8900000000000001,330.63
14.523060000000001,77.43476,2026-08-21,758,n,0.39,SNPP,0.44,295.01,SNPP,D,2.0NRT,4.98,336.84
15.1363,79.88412,2026-08-21,758,n,0.43,SNPP,0.38,297.87,SNPP,D,2.0NRT,3.42,332.13
14.60819,79.65999,2026-08-21,758,l,0.45,SNPP,0.39,298.95,SNPP,D,2.0NRT,20.66,344.84
14.60742,79.66074,2026-08-21,758,n,0.45,SNPP,0.39,301.13,SNPP,D,2.0NRT,24.47,347.79
23.67844,86.39668,2026-08-21,801,n,0.43,SNPP,0.46,295.56,SNPP,D,2.0NRT,8.2,331.72
23.75674,85.85435,2026-08-21,801,n,0.4,SNPP,0.44,295.91,SNPP,D,2.0NRT,5.93,334.01
23.66432,87.15331,2026-08-21,801,n,0.47000000000000003,SNPP,0.48,293.42,SNPP,D,2.0NRT,2.74,330.29
23.78134,86.2098,2026-08-21,801,n,0.42,SNPP,0.45,293.89,SNPP,D,2.0NRT,9.1,345.58
23.68191,86.0946,2026-08-21,801,n,0.41000000000000003,SNPP,0.45,293.37,SNPP,D,2.0NRT,7.7,349.84
23.67682,86.08707,2026-08-21,801,n,0.41000000000000003,SNPP,0.45,294.62,SNPP,D,2.0NRT,4.24,330.7
23.71468,86.45161,2026-08-21,801,n,0.43,SNPP,0.46,291.86,SNPP,D,2.0NRT,8.89,338.05
23.70997,86.44798,2026-08-21,801,n,0.43,SNPP,0.46,292.54,SNPP,D,2.0NRT,7.64,334.64
23.68639,86.39134,2026-08-21,801,n,0.42,SNPP,0.46,294.17,SNPP,D,2.0NRT,5.68,330.74
23.68265,86.39607,2026-08-21,801,n,0.43,SNPP,0.46,295.22,SNPP,D,2.0NRT,5.68,334.93
30.4877,71.85971,2026-08-21,803,n,0.43,SNPP,0.46,295.55,SNPP,D,2.0NRT,5.77,338.94
33.55837,70.22543,2026-08-21,803,n,0.46,SNPP,0.47000000000000003,306.3,SNPP,D,2.0NRT,4.64,338.62
31.53478,72.39529,2026-08-21,803,n,0.39,SNPP,0.44,297.46,SNPP,D,2.0NRT,3.29,342.48
31.32454,72.16799,2026-08-21,803,n,0.4,SNPP,0.44,297.32,SNPP,D,2.0NRT,2.45,339.5
30.6631,72.1522,2026-08-21,803,n,0.41000000000000003,SNPP,0.45,298.0,SNPP,D,2.0NRT,7.36,347.82
30.620730000000002,72.08163,2026-08-21,803,n,0.42,SNPP,0.45,297.63,SNPP,D,2.0NRT,3.93,337.31
30.48677,71.85528,2026-08-21,803,n,0.43,SNPP,0.46,297.25,SNPP,D,2.0NRT,7.01,343.91
30.4485,71.695,2026-08-21,803,n,0.44,SNPP,0.46,295.83,SNPP,D,2.0NRT,2.2,338.49
30.47054,72.13536,2026-08-21,803,n,0.42,SNPP,0.45,297.91,SNPP,D,2.0NRT,4.49,342.1
30.46146,72.13331,2026-08-21,803,n,0.42,SNPP,0.45,297.68,SNPP,D,2.0NRT,3.37,338.91
29.56096,69.60496,2026-08-21,803,n,0.6000000000000001,SNPP,0.53,299.63,SNPP,D,2.0NRT,9.47,335.89
30.00368,72.55402,2026-08-21,803,n,0.4,SNPP,0.44,298.77,SNPP,D,2.0NRT,3.67,337.29
29.98619,72.59346,2026-08-21,803,n,0.4,SNPP,0.44,298.45,SNPP,D,2.0NRT,2.98,334.45
29.82557,72.8396,2026-08-21,803,n,0.39,SNPP,0.44,297.57,SNPP,D,2.0NRT,2.06,334.4
29.48029,71.78488,2026-08-21,803,n,0.45,SNPP,0.47000000000000003,298.78,SNPP,D,2.0NRT,6.67,341.43
29.47919,71.78834,2026-08-21,803,n,0.46,SNPP,0.47000000000000003,299.83,SNPP,D,2.0NRT,7.1,342.21
27.43876,70.85847,2026-08-21,803,n,0.5700000000000001,SNPP,0.52,302.88,SNPP,D,2.0NRT,8.02,344.68
35.78532,71.34322,2026-08-21,2023,n,0.48,SNPP,0.65,284.07,SNPP,N,2.0NRT,1.3900000000000001,297.04
35.77929,71.34325,2026-08-21,2023,n,0.48,SNPP,0.65,284.89,SNPP,N,2.0NRT,2.09,319.44
35.77944,71.34021,2026-08-21,2023,n,0.48,SNPP,0.65,283.88,SNPP,N,2.0NRT,2.09,299.71
23.67846,86.08486,2026-08-21,2025,n,0.55,SNPP,0.43,284.66,SNPP,N,2.0NRT,2.61,307.47
23.6783,86.10711,2026-08-21,2025,n,0.55,SNPP,0.43,285.15,SNPP,N,2.0NRT,0.56,305.64
23.56004,87.24049,2026-08-21,2025,n,0.43,SNPP,0.46,286.15,SNPP,N,2.0NRT,2.79,307.65
23.66372,87.15993,2026-08-21,2025,n,0.42,SNPP,0.45,278.95,SNPP,N,2.0NRT,0.59,302.49
32.88974,71.61488,2026-08-21,2025,n,0.43,SNPP,0.62,293.29,SNPP,N,2.0NRT,2.91,307.6
32.57627,72.55994,2026-08-21,2025,n,0.38,SNPP,0.59,293.93,SNPP,N,2.0NRT,2.9,307.64
28.77367,77.56798,2026-08-21,2025,n,0.53,SNPP,0.42,283.53,SNPP,N,2.0NRT,2.5700000000000003,309.15
24.92917,84.14589,2026-08-21,2025,n,0.43,SNPP,0.38,288.84,SNPP,N,2.0NRT,2.88,308.3
24.92936,84.14852,2026-08-21,2025,n,0.43,SNPP,0.38,289.28,SNPP,N,2.0NRT,2.91,310.02
23.71933,85.00983,2026-08-21,2025,n,0.48,SNPP,0.4,272.32,SNPP,N,2.0NRT,1.6,300.63
24.18137,82.64606,2026-08-21,2025,n,0.4,SNPP,0.37,281.64,SNPP,N,2.0NRT,0.93,307.55
22.36072,87.01704,2026-08-21,2027,n,0.43,SNPP,0.46,275.6,SNPP,N,2.0NRT,0.73,303.37
22.36491,87.01798,2026-08-21,2027,n,0.43,SNPP,0.46,275.64,SNPP,N,2.0NRT,0.73,303.61
22.37519,87.27901,2026-08-21,2027,n,0.45,SNPP,0.47000000000000003,274.56,SNPP,N,2.0NRT,1.07,306.49
22.36667,87.29975,2026-08-21,2027,n,0.45,SNPP,0.47000000000000003,275.03,SNPP,N,2.0NRT,1.47,307.2
22.37945,87.28,2026-08-21,2027,n,0.45,SNPP,0.47000000000000003,275.6,SNPP,N,2.0NRT,1.79,312.84
22.37663,87.28174,2026-08-21,2027,n,0.45,SNPP,0.47000000000000003,275.48,SNPP,N,2.0NRT,1.69,311.32
22.37751,87.2774,2026-08-21,2027,n,0.45,SNPP,0.47000000000000003,276.0,SNPP,N,2.0NRT,1.69,313.32
22.78901,86.19763,2026-08-21,2027,n,0.38,SNPP,0.43,273.29,SNPP,N,2.0NRT,0.9500000000000001,300.01
24.76452,74.60926,2026-08-21,2027,n,0.47000000000000003,SNPP,0.48,282.05,SNPP,N,2.0NRT,0.71,304.28
16.871950000000002,80.02106,2026-08-21,2027,n,0.39,SNPP,0.36,290.85,SNPP,N,2.0NRT,1.5,308.57
17.08458,79.32294,2026-08-21,2027,n,0.38,SNPP,0.36,292.48,SNPP,N,2.0NRT,2.91,309.57
17.37035,77.44494,2026-08-21,2027,n,0.42,SNPP,0.37,292.06,SNPP,N,2.0NRT,0.79,304.8
17.29117,78.40939,2026-08-21,2027,n,0.39,SNPP,0.36,290.12,SNPP,N,2.0NRT,0.73,314.49
17.29336,78.40997,2026-08-21,2027,n,0.39,SNPP,0.36,290.6,SNPP,N,2.0NRT,1.01,316.83
18.8016,74.25277,2026-08-21,2027,n,0.41000000000000003,SNPP,0.45,279.71,SNPP,N,2.0NRT,0.73,301.85
22.05068,88.12516,2026-08-21,2027,n,0.51,SNPP,0.5,269.97,SNPP,N,2.0NRT,1.92,298.93
22.05519,88.12621,2026-08-21,2027,n,0.51,SNPP,0.5,269.79,SNPP,N,2.0NRT,1.92,303.92
15.17962,76.67133,2026-08-21,2029,n,0.43,SNPP,0.38,291.72,SNPP,N,2.0NRT,1.16,304.09
15.1802,76.66738,2026-08-21,2029,n,0.43,SNPP,0.38,292.67,SNPP,N,2.0NRT,2.11,311.52
15.18368,76.66792,2026-08-21,2029,n,0.43,SNPP,0.38,293.0,SNPP,N,2.0NRT,2.11,326.21
15.18423,76.63964,2026-08-21,2029,n,0.43,SNPP,0.38,292.75,SNPP,N,2.0NRT,1.51,308.44
10.93034,77.06337,2026-08-21,2029,n,0.39,SNPP,0.36,281.61,SNPP,N,2.0NRT,0.63,300.84
11.11709,77.75499,2026-08-21,2029,n,0.38,SNPP,0.36,277.9,SNPP,N,2.0NRT,0.46,302.08
11.42601,77.51267,2026-08-21,2029,n,0.39,SNPP,0.36,272.63,SNPP,N,2.0NRT,0.62,301.37
13.89879,76.56554,2026-08-21,2029,n,0.42,SNPP,0.38,274.71,SNPP,N,2.0NRT,0.49,296.53
13.39369,80.10202,2026-08-21,2029,n,0.4,SNPP,0.37,284.92,SNPP,N,2.0NRT,0.81,305.09
13.8039,78.06523,2026-08-21,2029,n,0.39,SNPP,0.36,282.42,SNPP,N,2.0NRT,0.25,305.05
15.33752,76.27949,2026-08-21,2029,n,0.44,SNPP,0.39,289.54,SNPP,N,2.0NRT,1.38,307.45
15.33276,76.28716,2026-08-21,2029,n,0.44,SNPP,0.39,288.33,SNPP,N,2.0NRT,0.96,306.84
15.17908,77.10468,2026-08-21,2029,n,0.41000000000000003,SNPP,0.37,287.2,SNPP,N,2.0NRT,0.81,303.34
15.17623,77.10031,2026-08-21,2029,n,0.41000000000000003,SNPP,0.37,287.88,SNPP,N,2.0NRT,1.16,305.69
14.82645,79.31465,2026-08-21,2029,n,0.38,SNPP,0.36,269.66,SNPP,N,2.0NRT,0.8,303.62
15.02356,78.01485,2026-08-21,2029,n,0.39,SNPP,0.36,287.15,SNPP,N,2.0NRT,1.27,311.86
15.18658,76.6724,2026-08-21,2029,n,0.43,SNPP,0.38,291.38,SNPP,N,2.0NRT,0.71,305.96
15.33696,76.27781,2026-08-21,2029,n,0.44,SNPP,0.39,290.03,SNPP,N,2.0NRT,1.07,307.42
14.60582,78.52377,2026-08-21,2029,n,0.39,SNPP,0.36,278.49,SNPP,N,2.0NRT,0.67,302.1
15.07157,76.86326,2026-08-21,2029,n,0.42,SNPP,0.38,290.44,SNPP,N,2.0NRT,1.6600000000000001,302.8
15.16771,76.37908,2026-08-21,2029,n,0.44,SNPP,0.38,289.77,SNPP,N,2.0NRT,0.87,300.81
15.13683,76.70946,2026-08-21,2029,n,0.42,SNPP,0.38,291.68,SNPP,N,2.0NRT,0.6900000000000001,303.89
15.16701,76.67386,2026-08-21,2029,n,0.43,SNPP,0.38,291.08,SNPP,N,2.0NRT,1.71,317.3
15.17346,76.65458,2026-08-21,2029,n,0.43,SNPP,0.38,290.96,SNPP,N,2.0NRT,2.09,313.46
15.1716,76.69071,2026-08-21,2029,n,0.43,SNPP,0.38,291.44,SNPP,N,2.0NRT,0.76,305.37
15.17635,76.65906,2026-08-21,2029,n,0.43,SNPP,0.38,292.1,SNPP,N,2.0NRT,2.09,308.83
15.17694,76.65511,2026-08-21,2029,n,0.43,SNPP,0.38,294.53,SNPP,N,2.0NRT,2.09,335.65
15.17382,76.66235,2026-08-21,2029,n,0.43,SNPP,0.38,292.1,SNPP,N,2.0NRT,1.3900000000000001,306.23
15.17439,76.65839,2026-08-21,2029,n,0.43,SNPP,0.38,291.75,SNPP,N,2.0NRT,1.69,305.16
15.17497,76.65443,2026-08-21,2029,n,0.43,SNPP,0.38,292.84,SNPP,N,2.0NRT,1.69,328.13
15.17787,76.65893,2026-08-21,2029,n,0.43,SNPP,0.38,292.38,SNPP,N,2.0NRT,1.69,306.97
15.17327,76.69061,2026-08-21,2029,n,0.43,SNPP,0.38,292.62,SNPP,N,2.0NRT,1.63,321.24
15.17844,76.65497,2026-08-21,2029,n,0.43,SNPP,0.38,293.6,SNPP,N,2.0NRT,1.69,327.64
15.17905,76.67529,2026-08-21,2029,n,0.43,SNPP,0.38,292.86,SNPP,N,2.0NRT,1.16,309.64
10.61491,77.41926,2026-08-21,2032,n,0.39,SNPP,0.36,276.99,SNPP,N,2.0NRT,0.5,300.63
10.2504,77.21418,2026-08-21,2032,n,0.39,SNPP,0.36,281.29,SNPP,N,2.0NRT,2.02,318.29
10.24929,77.22139,2026-08-21,2032,n,0.39,SNPP,0.36,278.37,SNPP,N,2.0NRT,0.7000000000000001,301.71
10.24707,77.21375,2026-08-21,2032,n,0.39,SNPP,0.36,281.06,SNPP,N,2.0NRT,3.49,340.55
10.24651,77.21736,2026-08-21,2032,n,0.39,SNPP,0.36,281.18,SNPP,N,2.0NRT,3.49,330.64
10.24596,77.22096,2026-08-21,2032,n,0.39,SNPP,0.36,273.85,SNPP,N,2.0NRT,0.45,296.36
10.24541,77.22453,2026-08-21,2032,n,0.39,SNPP,0.36,272.63,SNPP,N,2.0NRT,0.45,299.32
10.24319,77.2169,2026-08-21,2032,n,0.39,SNPP,0.36,272.56,SNPP,N,2.0NRT,3.49,308.07
10.04985,77.95205,2026-08-21,2032,n,0.38,SNPP,0.36,270.2,SNPP,N,2.0NRT,0.42,302.63
10.09488,77.23631,2026-08-21,2032,n,0.39,SNPP,0.36,282.58,SNPP,N,2.0NRT,1.76,300.78
10.09154,77.23588,2026-08-21,2032,n,0.39,SNPP,0.36,283.06,SNPP,N,2.0NRT,1.76,332.12
10.08821,77.23543,2026-08-21,2032,n,0.39,SNPP,0.36,282.74,SNPP,N,2.0NRT,6.59,341.68
10.08768,77.23882,2026-08-21,2032,n,0.39,SNPP,0.36,282.22,SNPP,N,2.0NRT,0.84,306.06
9.24785,77.32679,2026-08-21,2032,n,0.38,SNPP,0.36,264.54,SNPP,N,2.0NRT,0.4,304.23
8.74099,77.59838,2026-08-21,2032,n,0.38,SNPP,0.36,280.22,SNPP,N,2.0NRT,0.8200000000000001,309.44
8.74044,77.60186,2026-08-21,2032,n,0.38,SNPP,0.36,281.68,SNPP,N,2.0NRT,0.68,310.06
8.59524,77.89958,2026-08-21,2032,n,0.39,SNPP,0.36,278.2,SNPP,N,2.0NRT,0.29,300.64
7.8898600000000005,80.12818,2026-08-21,2032,n,0.44,SNPP,0.39,272.23,SNPP,N,2.0NRT,1.92,315.13
35.78955,71.32182,2026-08-21,2203,n,0.41000000000000003,SNPP,0.6000000000000001,279.83,SNPP,N,2.0NRT,2.2800000000000002,296.02
35.78323,71.34509,2026-08-21,2203,n,0.41000000000000003,SNPP,0.6000000000000001,286.15,SNPP,N,2.0NRT,2.51,316.02
35.78896,71.32448,2026-08-21,2203,n,0.41000000000000003,SNPP,0.6000000000000001,279.54,SNPP,N,2.0NRT,2.06,299.59
35.78307,71.34697,2026-08-21,2203,n,0.41000000000000003,SNPP,0.6000000000000001,285.66,SNPP,N,2.0NRT,2.48,312.25
32.29071,70.73856,2026-08-21,2205,n,0.46,SNPP,0.63,291.92,SNPP,N,2.0NRT,3.07,306.65
32.28937,70.73895,2026-08-21,2205,n,0.46,SNPP,0.63,291.96,SNPP,N,2.0NRT,1.8599999999999999,306.47
32.29176,70.73003,2026-08-21,2205,n,0.46,SNPP,0.63,291.68,SNPP,N,2.0NRT,3.24,306.58
27.50491,68.73128,2026-08-21,2208,n,0.46,SNPP,0.63,292.47,SNPP,N,2.0NRT,1.16,305.99
27.50355,68.7322,2026-08-21,2208,n,0.46,SNPP,0.63,292.54,SNPP,N,2.0NRT,1.28,314.2
6.71469,81.05596,2026-08-22,735,n,0.62,SNPP,0.54,284.13,SNPP,D,2.0NRT,5.45,336.11
6.17408,80.89262,2026-08-22,735,n,0.32,SNPP,0.55,285.24,SNPP,D,2.0NRT,1.55,328.94
6.32669,81.36333,2026-08-22,735,n,0.6000000000000001,SNPP,0.53,291.14,SNPP,D,2.0NRT,4.03,332.28
6.34838,81.34315,2026-08-22,735,n,0.6000000000000001,SNPP,0.53,296.87,SNPP,D,2.0NRT,11.74,342.58
6.35328,81.34239,2026-08-22,735,n,0.6000000000000001,SNPP,0.53,292.37,SNPP,D,2.0NRT,11.74,342.42
6.4117,81.11542,2026-08-22,735,n,0.62,SNPP,0.54,290.03,SNPP,D,2.0NRT,22.91,350.41
6.43771,81.08816,2026-08-22,735,n,0.62,SNPP,0.54,289.68,SNPP,D,2.0NRT,8.35,341.55
6.439,81.09145,2026-08-22,735,n,0.62,SNPP,0.54,289.27,SNPP,D,2.0NRT,6.58,340.14
6.76744,81.79575,2026-08-22,735,n,0.55,SNPP,0.51,292.8,SNPP,D,2.0NRT,4.34,335.16
6.7659400000000005,81.58269,2026-08-22,735,n,0.5700000000000001,SNPP,0.52,288.58,SNPP,D,2.0NRT,6.37,328.81
6.76642,81.58532,2026-08-22,735,n,0.5700000000000001,SNPP,0.52,289.07,SNPP,D,2.0NRT,4.94,330.53
6.77002,81.52097,2026-08-22,735,n,0.5700000000000001,SNPP,0.52,288.65,SNPP,D,2.0NRT,4.78,339.64
6.72955,81.2878,2026-08-22,735,n,0.6000000000000001,SNPP,0.53,290.25,SNPP,D,2.0NRT,6.07,331.18
6.78047,81.52434,2026-08-22,735,n,0.5700000000000001,SNPP,0.52,289.22,SNPP,D,2.0NRT,5.67,331.85
6.8743300000000005,81.61431,2026-08-22,735,n,0.56,SNPP,0.52,292.71,SNPP,D,2.0NRT,7.21,330.59
6.87378,81.61257,2026-08-22,735,n,0.56,SNPP,0.52,292.96,SNPP,D,2.0NRT,4.9,330.28
6.92842,80.95791,2026-08-22,735,n,0.62,SNPP,0.54,291.57,SNPP,D,2.0NRT,3.47,329.42
7.32284,81.83524,2026-08-22,735,n,0.54,SNPP,0.5,292.97,SNPP,D,2.0NRT,3.62,332.59
7.33841,81.84257,2026-08-22,735,n,0.53,SNPP,0.5,292.75,SNPP,D,2.0NRT,4.32,332.59
7.32121,81.73981,2026-08-22,735,n,0.54,SNPP,0.51,291.96,SNPP,D,2.0NRT,2.77,333.03
7.33737,81.80772,2026-08-22,735,n,0.54,SNPP,0.51,293.59,SNPP,D,2.0NRT,3.98,337.37
7.33641,81.84488,2026-08-22,735,n,0.53,SNPP,0.5,293.85,SNPP,D,2.0NRT,5.49,343.04
7.33425,81.80524,2026-08-22,735,n,0.54,SNPP,0.51,293.68,SNPP,D,2.0NRT,4.57,335.6
7.36009,81.76063,2026-08-22,735,n,0.54,SNPP,0.51,295.43,SNPP,D,2.0NRT,5.19,341.67
7.39444,81.76482,2026-08-22,735,n,0.54,SNPP,0.51,295.13,SNPP,D,2.0NRT,4.55,333.56
7.4015,81.54913,2026-08-22,735,n,0.56,SNPP,0.51,299.83,SNPP,D,2.0NRT,7.2,346.53
7.40222,81.54768,2026-08-22,735,n,0.56,SNPP,0.51,300.09,SNPP,D,2.0NRT,8.19,342.18
7.4526,81.38583,2026-08-22,735,n,0.5700000000000001,SNPP,0.52,298.44,SNPP,D,2.0NRT,8.7,343.64
7.51929,81.26375,2026-08-22,735,n,0.58,SNPP,0.52,292.03,SNPP,D,2.0NRT,7.14,333.2
7.87591,81.39789,2026-08-22,735,n,0.56,SNPP,0.52,287.37,SNPP,D,2.0NRT,3.11,334.98
7.90395,81.47636,2026-08-22,735,n,0.55,SNPP,0.51,289.96,SNPP,D,2.0NRT,4.51,339.6
7.68064,80.17931,2026-08-22,735,n,0.34,SNPP,0.56,291.6,SNPP,D,2.0NRT,2.2,327.95
7.90481,81.42422,2026-08-22,735,n,0.56,SNPP,0.51,288.13,SNPP,D,2.0NRT,3.86,333.99
8.0697,81.24239,2026-08-22,735,n,0.5700000000000001,SNPP,0.52,292.31,SNPP,D,2.0NRT,13.1,341.28
8.0688,81.23716,2026-08-22,735,n,0.5700000000000001,SNPP,0.52,293.77,SNPP,D,2.0NRT,13.1,341.01
8.13909,81.41647,2026-08-22,735,n,0.55,SNPP,0.51,292.38,SNPP,D,2.0NRT,5.38,334.56
8.18642,81.32485,2026-08-22,735,n,0.56,SNPP,0.51,292.39,SNPP,D,2.0NRT,9.57,342.21
8.3067,80.45334,2026-08-22,735,n,0.32,SNPP,0.54,296.14,SNPP,D,2.0NRT,3.16,338.58
8.50192,80.8325,2026-08-22,735,n,0.6000000000000001,SNPP,0.53,292.81,SNPP,D,2.0NRT,4.76,333.29
8.61922,81.18944,2026-08-22,735,n,0.56,SNPP,0.52,296.8,SNPP,D,2.0NRT,10.33,333.89
8.63243,80.87387,2026-08-22,735,n,0.59,SNPP,0.53,296.65,SNPP,D,2.0NRT,3.96,333.89
8.38548,77.54631,2026-08-22,735,n,0.5,SNPP,0.66,294.62,SNPP,D,2.0NRT,5.8,332.37
9.29744,77.75079,2026-08-22,735,n,0.47000000000000003,SNPP,0.64,287.77,SNPP,D,2.0NRT,1.45,330.78
9.29573,77.75149,2026-08-22,737,n,0.47000000000000003,SNPP,0.64,287.66,SNPP,D,2.0NRT,1.47,333.98
9.29351,77.3167,2026-08-22,737,n,0.5,SNPP,0.66,287.41,SNPP,D,2.0NRT,7.09,334.7
10.75991,79.65319,2026-08-22,737,n,0.33,SNPP,0.55,291.23,SNPP,D,2.0NRT,2.68,336.62
11.41039,78.7151,2026-08-22,737,n,0.37,SNPP,0.58,297.26,SNPP,D,2.0NRT,1.96,339.14
11.40803,78.71432,2026-08-22,737,n,0.37,SNPP,0.58,297.37,SNPP,D,2.0NRT,2.35,336.41
11.72925,78.6898,2026-08-22,737,n,0.37,SNPP,0.58,290.07,SNPP,D,2.0NRT,1.8599999999999999,331.96
11.72656,78.68904,2026-08-22,737,n,0.37,SNPP,0.58,289.76,SNPP,D,2.0NRT,0.9500000000000001,333.4
12.23923,79.42413,2026-08-22,737,n,0.32,SNPP,0.55,295.75,SNPP,D,2.0NRT,2.81,332.77
15.16347,77.15242,2026-08-22,737,n,0.4,SNPP,0.6000000000000001,293.56,SNPP,D,2.0NRT,5.49,330.11
15.16272,77.14871,2026-08-22,737,n,0.4,SNPP,0.6000000000000001,293.65,SNPP,D,2.0NRT,5.69,331.26
15.20629,77.16636,2026-08-22,737,n,0.4,SNPP,0.6000000000000001,292.33,SNPP,D,2.0NRT,6.06,337.41
15.20609,77.16582,2026-08-22,737,n,0.4,SNPP,0.6000000000000001,292.09,SNPP,D,2.0NRT,6.3,330.78
16.19788,78.35836,2026-08-22,737,n,0.32,SNPP,0.54,282.6,SNPP,D,2.0NRT,3.75,333.26
16.66123,77.32803,2026-08-22,737,n,0.36,SNPP,0.58,294.4,SNPP,D,2.0NRT,4.72,335.42
21.92436,85.22442,2026-08-22,739,n,0.38,SNPP,0.36,287.89,SNPP,D,2.0NRT,2.33,328.0
22.36426,87.3003,2026-08-22,739,n,0.41000000000000003,SNPP,0.37,294.57,SNPP,D,2.0NRT,3.04,333.91
22.36824,87.3037,2026-08-22,739,n,0.41000000000000003,SNPP,0.37,295.97,SNPP,D,2.0NRT,7.65,339.4
22.3785,87.27773,2026-08-22,739,n,0.41000000000000003,SNPP,0.37,294.66,SNPP,D,2.0NRT,4.94,331.88
23.55723,87.24088,2026-08-22,739,n,0.41000000000000003,SNPP,0.37,284.1,SNPP,D,2.0NRT,5.86,336.79
23.56066,87.24033,2026-08-22,739,n,0.41000000000000003,SNPP,0.37,285.8,SNPP,D,2.0NRT,5.86,338.44
23.55952,87.23223,2026-08-22,739,n,0.41000000000000003,SNPP,0.37,286.05,SNPP,D,2.0NRT,4.78,339.73
23.66381,87.15797,2026-08-22,739,n,0.41000000000000003,SNPP,0.37,298.17,SNPP,D,2.0NRT,2.9699999999999998,334.21
23.663240000000002,87.15393,2026-08-22,739,n,0.41000000000000003,SNPP,0.37,298.38,SNPP,D,2.0NRT,2.9699999999999998,339.39
23.68436,86.39455,2026-08-22,739,n,0.4,SNPP,0.37,296.73,SNPP,D,2.0NRT,6.05,340.32
23.76498,86.40456,2026-08-22,739,n,0.4,SNPP,0.37,295.23,SNPP,D,2.0NRT,7.66,340.68
25.03907,96.37116,2026-08-22,739,n,0.47000000000000003,SNPP,0.64,287.84,SNPP,D,2.0NRT,3.74,326.69
25.38784,86.15111,2026-08-22,739,n,0.4,SNPP,0.37,294.15,SNPP,D,2.0NRT,1.8599999999999999,332.18
25.98661,90.07365,2026-08-22,739,n,0.39,SNPP,0.44,278.18,SNPP,D,2.0NRT,2.88,330.23
29.45792,76.8695,2026-08-22,741,n,0.44,SNPP,0.46,294.61,SNPP,D,2.0NRT,14.92,330.42
29.45699,76.86504,2026-08-22,741,n,0.44,SNPP,0.46,298.27,SNPP,D,2.0NRT,13.33,346.56
29.46118,76.86392,2026-08-22,741,n,0.44,SNPP,0.46,293.77,SNPP,D,2.0NRT,13.33,339.97
29.46026,76.85947,2026-08-22,741,n,0.44,SNPP,0.46,292.28,SNPP,D,2.0NRT,13.33,330.53
29.88109,72.81339,2026-08-22,741,n,0.37,SNPP,0.58,297.12,SNPP,D,2.0NRT,3.04,338.62
29.95708,72.17453,2026-08-22,741,h,0.4,SNPP,0.6000000000000001,296.48,SNPP,D,2.0NRT,15.89,367.0
30.0458,71.99122,2026-08-22,744,n,0.4,SNPP,0.6000000000000001,295.3,SNPP,D,2.0NRT,4.78,335.37
30.04478,71.98708,2026-08-22,744,n,0.4,SNPP,0.6000000000000001,295.46,SNPP,D,2.0NRT,4.78,347.51
30.57678,72.26831,2026-08-22,744,n,0.38,SNPP,0.59,294.83,SNPP,D,2.0NRT,1.63,330.49
30.57812,72.26745,2026-08-22,744,n,0.38,SNPP,0.59,294.64,SNPP,D,2.0NRT,1.88,331.67
31.57732,73.91469,2026-08-22,744,n,0.58,SNPP,0.52,294.19,SNPP,D,2.0NRT,6.0,334.27
31.24405,70.69089,2026-08-22,744,n,0.45,SNPP,0.63,293.6,SNPP,D,2.0NRT,2.99,331.79
35.78005,71.34366,2026-08-22,744,h,0.32,SNPP,0.55,310.03,SNPP,D,2.0NRT,5.71,367.0
35.77949,71.34142,2026-08-22,744,n,0.32,SNPP,0.55,306.67,SNPP,D,2.0NRT,5.71,352.2
35.78503,71.34227,2026-08-22,744,n,0.32,SNPP,0.55,304.99,SNPP,D,2.0NRT,3.86,337.64
25.38739,68.584,2026-08-22,922,n,0.33,SNPP,0.55,295.4,SNPP,D,2.0NRT,2.2,336.12
30.07782,72.41095,2026-08-22,924,n,0.63,SNPP,0.72,292.54,SNPP,D,2.0NRT,5.66,338.8
37.34826,97.40997,2026-08-22,2004,n,0.45,SNPP,0.47000000000000003,283.49,SNPP,N,2.0NRT,1.03,299.33
35.98956,94.83291,2026-08-22,2004,n,0.54,SNPP,0.42,277.92,SNPP,N,2.0NRT,1.45,298.28
23.75426,85.85425,2026-08-22,2008,n,0.38,SNPP,0.36,284.25,SNPP,N,2.0NRT,1.37,314.65
20.86423,84.99176,2026-08-22,2008,n,0.38,SNPP,0.36,284.32,SNPP,N,2.0NRT,1.15,305.53
20.86481,84.9881,2026-08-22,2008,n,0.38,SNPP,0.36,284.82,SNPP,N,2.0NRT,1.27,309.45
20.870260000000002,84.99661,2026-08-22,2008,n,0.38,SNPP,0.36,285.6,SNPP,N,2.0NRT,1.75,305.12
20.88578,84.98428,2026-08-22,2008,n,0.38,SNPP,0.36,286.19,SNPP,N,2.0NRT,1.23,304.65
20.94061,86.0614,2026-08-22,2008,n,0.39,SNPP,0.36,276.55,SNPP,N,2.0NRT,0.62,305.0
20.95027,86.04403,2026-08-22,2008,n,0.39,SNPP,0.36,276.88,SNPP,N,2.0NRT,1.3900000000000001,300.51
20.96898,86.01307,2026-08-22,2008,n,0.39,SNPP,0.36,280.53,SNPP,N,2.0NRT,2.65,319.71
20.96958,86.00936,2026-08-22,2008,n,0.39,SNPP,0.36,280.45,SNPP,N,2.0NRT,2.65,330.3
20.9735,86.00627,2026-08-22,2008,n,0.39,SNPP,0.36,278.98,SNPP,N,2.0NRT,1.3900000000000001,304.37
21.00038,86.02657,2026-08-22,2008,n,0.39,SNPP,0.36,273.93,SNPP,N,2.0NRT,0.51,299.94
22.00386,82.66874,2026-08-22,2008,n,0.44,SNPP,0.38,278.79,SNPP,N,2.0NRT,1.9300000000000002,310.8
22.03203,83.36678,2026-08-22,2008,n,0.41000000000000003,SNPP,0.37,285.55,SNPP,N,2.0NRT,1.44,303.47
22.03156,83.36552,2026-08-22,2008,n,0.41000000000000003,SNPP,0.37,285.71,SNPP,N,2.0NRT,1.15,308.14
22.01341,83.75511,2026-08-22,2008,n,0.4,SNPP,0.37,286.39,SNPP,N,2.0NRT,1.06,304.08
22.06613,83.70398,2026-08-22,2008,n,0.41000000000000003,SNPP,0.37,286.88,SNPP,N,2.0NRT,1.05,312.11
22.05333,85.46575,2026-08-22,2008,n,0.38,SNPP,0.36,275.48,SNPP,N,2.0NRT,0.32,299.31
22.21849,84.75478,2026-08-22,2008,n,0.39,SNPP,0.36,283.8,SNPP,N,2.0NRT,0.71,306.41
22.22124,84.75909,2026-08-22,2008,n,0.39,SNPP,0.36,283.0,SNPP,N,2.0NRT,0.71,302.73
22.57128,85.89787,2026-08-22,2008,n,0.38,SNPP,0.36,289.7,SNPP,N,2.0NRT,1.74,311.38
22.57247,85.89046,2026-08-22,2008,n,0.38,SNPP,0.36,289.7,SNPP,N,2.0NRT,1.49,309.05
22.57577,85.89106,2026-08-22,2008,n,0.38,SNPP,0.36,290.06,SNPP,N,2.0NRT,1.53,308.49
22.59049,85.90527,2026-08-22,2008,n,0.38,SNPP,0.36,289.55,SNPP,N,2.0NRT,2.02,309.42
22.6097,85.91267,2026-08-22,2008,n,0.38,SNPP,0.36,282.62,SNPP,N,2.0NRT,1.21,309.26
23.16562,82.3415,2026-08-22,2008,n,0.46,SNPP,0.39,263.61,SNPP,N,2.0NRT,0.63,305.08
22.78465,86.0052,2026-08-22,2008,n,0.38,SNPP,0.36,284.43,SNPP,N,2.0NRT,0.64,304.08
22.79791,86.09208,2026-08-22,2008,n,0.39,SNPP,0.36,280.64,SNPP,N,2.0NRT,1.3599999999999999,316.12
22.808,86.08934,2026-08-22,2008,n,0.39,SNPP,0.36,280.42,SNPP,N,2.0NRT,0.51,301.5
22.792,86.20931,2026-08-22,2008,n,0.39,SNPP,0.36,280.75,SNPP,N,2.0NRT,1.5899999999999999,306.36
22.79591,86.2062,2026-08-22,2008,n,0.39,SNPP,0.36,279.63,SNPP,N,2.0NRT,0.85,303.11
22.87344,86.06319,2026-08-22,2008,n,0.38,SNPP,0.36,285.9,SNPP,N,2.0NRT,1.49,316.43
24.66097,74.6322,2026-08-22,2008,n,0.46,SNPP,0.64,289.72,SNPP,N,2.0NRT,1.35,303.48
24.71618,75.953,2026-08-22,2008,n,0.38,SNPP,0.59,287.47,SNPP,N,2.0NRT,0.56,302.53
23.6631,85.00007,2026-08-22,2008,n,0.39,SNPP,0.36,284.51,SNPP,N,2.0NRT,0.78,307.72
23.66699,84.99687,2026-08-22,2008,n,0.39,SNPP,0.36,284.1,SNPP,N,2.0NRT,0.78,305.87
23.60973,85.67503,2026-08-22,2008,n,0.38,SNPP,0.36,282.97,SNPP,N,2.0NRT,0.76,308.45
23.64662,85.43901,2026-08-22,2008,n,0.39,SNPP,0.36,281.11,SNPP,N,2.0NRT,0.88,314.18
23.6472,85.43526,2026-08-22,2008,n,0.39,SNPP,0.36,280.87,SNPP,N,2.0NRT,0.88,304.38
23.64993,85.43962,2026-08-22,2008,n,0.39,SNPP,0.36,281.64,SNPP,N,2.0NRT,0.53,303.86
23.65051,85.43587,2026-08-22,2008,n,0.39,SNPP,0.36,281.3,SNPP,N,2.0NRT,0.53,306.44
23.71957,85.01024,2026-08-22,2008,n,0.39,SNPP,0.36,282.87,SNPP,N,2.0NRT,0.74,308.24
23.67462,85.32437,2026-08-22,2008,n,0.39,SNPP,0.36,283.89,SNPP,N,2.0NRT,1.02,304.67
23.65651,85.50643,2026-08-22,2008,n,0.38,SNPP,0.36,280.17,SNPP,N,2.0NRT,0.8200000000000001,302.38
23.73948,85.00904,2026-08-22,2008,n,0.39,SNPP,0.36,285.88,SNPP,N,2.0NRT,1.92,310.65
23.69452,85.36971,2026-08-22,2008,n,0.39,SNPP,0.36,283.86,SNPP,N,2.0NRT,1.49,308.97
23.71059,85.28751,2026-08-22,2008,n,0.39,SNPP,0.36,280.99,SNPP,N,2.0NRT,0.8,308.75
23.82228,84.57104,2026-08-22,2008,n,0.4,SNPP,0.37,272.31,SNPP,N,2.0NRT,0.72,302.53
23.82564,84.57165,2026-08-22,2008,n,0.4,SNPP,0.37,273.03,SNPP,N,2.0NRT,0.72,302.04
23.82765,84.92325,2026-08-22,2008,n,0.39,SNPP,0.36,282.28,SNPP,N,2.0NRT,0.43,302.42
23.74471,85.50642,2026-08-22,2008,n,0.39,SNPP,0.36,284.25,SNPP,N,2.0NRT,0.62,307.52
23.67667,86.08633,2026-08-22,2008,n,0.38,SNPP,0.36,279.07,SNPP,N,2.0NRT,0.8300000000000001,308.2
23.68147,86.0988,2026-08-22,2008,n,0.38,SNPP,0.36,272.9,SNPP,N,2.0NRT,0.33,300.33
23.68207,86.09506,2026-08-22,2008,n,0.38,SNPP,0.36,271.19,SNPP,N,2.0NRT,0.33,304.46
23.78123,85.57403,2026-08-22,2008,n,0.38,SNPP,0.36,284.26,SNPP,N,2.0NRT,1.57,305.43
23.78473,85.55153,2026-08-22,2008,n,0.38,SNPP,0.36,281.53,SNPP,N,2.0NRT,0.47000000000000003,303.07
23.78804,85.55214,2026-08-22,2008,n,0.38,SNPP,0.36,282.58,SNPP,N,2.0NRT,1.26,314.76
28.66381,77.57708,2026-08-22,2008,n,0.33,SNPP,0.56,288.43,SNPP,N,2.0NRT,1.1400000000000001,314.6
23.75485,85.8505,2026-08-22,2008,n,0.38,SNPP,0.36,283.43,SNPP,N,2.0NRT,1.25,304.65
23.75756,85.85487,2026-08-22,2008,n,0.38,SNPP,0.36,284.12,SNPP,N,2.0NRT,1.37,312.65
23.67349,86.40237,2026-08-22,2008,n,0.39,SNPP,0.36,278.73,SNPP,N,2.0NRT,1.25,303.05
23.6741,86.39861,2026-08-22,2008,n,0.39,SNPP,0.36,279.27,SNPP,N,2.0NRT,1.47,304.95
23.6774,86.39924,2026-08-22,2008,n,0.39,SNPP,0.36,280.77,SNPP,N,2.0NRT,1.47,318.96
23.67801,86.39548,2026-08-22,2008,n,0.39,SNPP,0.36,280.63,SNPP,N,2.0NRT,1.47,313.67
23.68131,86.39611,2026-08-22,2008,n,0.39,SNPP,0.36,281.27,SNPP,N,2.0NRT,1.78,312.42
23.68522,86.39298,2026-08-22,2008,n,0.39,SNPP,0.36,280.76,SNPP,N,2.0NRT,2.79,318.66
23.70707,86.44749,2026-08-22,2008,n,0.39,SNPP,0.36,275.82,SNPP,N,2.0NRT,1.4,302.79
23.71037,86.44811,2026-08-22,2008,n,0.39,SNPP,0.36,277.41,SNPP,N,2.0NRT,1.4,316.07
23.71462,86.42181,2026-08-22,2008,n,0.39,SNPP,0.36,278.36,SNPP,N,2.0NRT,1.19,307.49
23.713070000000002,86.4525,2026-08-22,2008,n,0.39,SNPP,0.36,274.01,SNPP,N,2.0NRT,1.28,314.36
23.71368,86.44874,2026-08-22,2008,n,0.39,SNPP,0.36,275.58,SNPP,N,2.0NRT,1.28,305.31
23.7182,86.44186,2026-08-22,2008,n,0.39,SNPP,0.36,277.84,SNPP,N,2.0NRT,1.76,306.47
23.72453,86.4237,2026-08-22,2008,n,0.39,SNPP,0.36,274.68,SNPP,N,2.0NRT,1.02,303.85
23.77052,86.19984,2026-08-22,2008,n,0.38,SNPP,0.36,281.08,SNPP,N,2.0NRT,0.5700000000000001,302.18
23.77112,86.19609,2026-08-22,2008,n,0.38,SNPP,0.36,280.99,SNPP,N,2.0NRT,0.5700000000000001,308.73
23.73694,86.42928,2026-08-22,2008,n,0.39,SNPP,0.36,282.51,SNPP,N,2.0NRT,2.38,308.1
23.73633,86.43303,2026-08-22,2008,n,0.39,SNPP,0.36,283.11,SNPP,N,2.0NRT,2.38,330.14
23.77592,86.20858,2026-08-22,2008,n,0.38,SNPP,0.36,281.17,SNPP,N,2.0NRT,1.6,303.47
23.77922,86.20919,2026-08-22,2008,n,0.38,SNPP,0.36,282.09,SNPP,N,2.0NRT,1.47,321.79
23.75233,86.39735,2026-08-22,2008,n,0.39,SNPP,0.36,281.57,SNPP,N,2.0NRT,0.9500000000000001,305.3
23.78252,86.20982,2026-08-22,2008,n,0.38,SNPP,0.36,282.05,SNPP,N,2.0NRT,1.47,306.98
23.75259,86.41676,2026-08-22,2008,n,0.39,SNPP,0.36,284.06,SNPP,N,2.0NRT,1.47,310.5
23.75772,86.40613,2026-08-22,2008,n,0.39,SNPP,0.36,284.32,SNPP,N,2.0NRT,1.76,307.26
23.75833,86.40237,2026-08-22,2008,n,0.39,SNPP,0.36,285.21,SNPP,N,2.0NRT,1.76,321.39
23.76224,86.39925,2026-08-22,2008,n,0.39,SNPP,0.36,284.46,SNPP,N,2.0NRT,1.6400000000000001,308.2
23.76345,86.39174,2026-08-22,2008,n,0.39,SNPP,0.36,284.56,SNPP,N,2.0NRT,2.08,307.6
23.76163,86.403,2026-08-22,2008,n,0.39,SNPP,0.36,285.26,SNPP,N,2.0NRT,2.89,325.95
23.76554,86.39987,2026-08-22,2008,n,0.39,SNPP,0.36,284.91,SNPP,N,2.0NRT,1.6400000000000001,309.21
23.76493,86.40363,2026-08-22,2008,n,0.39,SNPP,0.36,285.66,SNPP,N,2.0NRT,2.89,327.37
23.76823,86.40426,2026-08-22,2008,n,0.39,SNPP,0.36,284.92,SNPP,N,2.0NRT,1.6099999999999999,313.83
23.7749,86.36295,2026-08-22,2008,n,0.39,SNPP,0.36,284.94,SNPP,N,2.0NRT,2.66,322.61
23.77457,86.38611,2026-08-22,2008,n,0.39,SNPP,0.36,285.05,SNPP,N,2.0NRT,1.52,308.73
23.78062,86.34858,2026-08-22,2008,n,0.39,SNPP,0.36,284.61,SNPP,N,2.0NRT,2.08,315.53
23.77727,86.39049,2026-08-22,2008,n,0.39,SNPP,0.36,284.97,SNPP,N,2.0NRT,1.76,314.36
23.77787,86.38673,2026-08-22,2008,n,0.39,SNPP,0.36,284.99,SNPP,N,2.0NRT,2.2,312.67
23.7803,86.37172,2026-08-22,2008,n,0.39,SNPP,0.36,284.73,SNPP,N,2.0NRT,1.29,308.3
23.78514,86.3417,2026-08-22,2008,n,0.39,SNPP,0.36,284.94,SNPP,N,2.0NRT,1.08,309.47
23.78057,86.39111,2026-08-22,2008,n,0.39,SNPP,0.36,285.83,SNPP,N,2.0NRT,1.76,317.42
23.66223,87.1543,2026-08-22,2008,n,0.39,SNPP,0.37,267.81,SNPP,N,2.0NRT,1.5,310.48
23.79383,86.35108,2026-08-22,2008,n,0.39,SNPP,0.36,285.21,SNPP,N,2.0NRT,1.52,309.25
23.66493,87.15879,2026-08-22,2008,n,0.39,SNPP,0.37,265.75,SNPP,N,2.0NRT,0.19,298.22
23.66556,87.15495,2026-08-22,2008,n,0.39,SNPP,0.37,268.08,SNPP,N,2.0NRT,0.53,297.9
23.79713,86.35172,2026-08-22,2008,n,0.39,SNPP,0.36,285.52,SNPP,N,2.0NRT,2.06,318.21
23.80076,86.32919,2026-08-22,2008,n,0.39,SNPP,0.36,285.2,SNPP,N,2.0NRT,2.14,313.28
23.80196,86.32169,2026-08-22,2008,n,0.39,SNPP,0.36,285.89,SNPP,N,2.0NRT,3.01,327.12
23.80466,86.32607,2026-08-22,2008,n,0.39,SNPP,0.36,285.54,SNPP,N,2.0NRT,2.14,305.78
23.80406,86.32982,2026-08-22,2008,n,0.39,SNPP,0.36,287.18,SNPP,N,2.0NRT,2.14,334.6
23.68862,87.11987,2026-08-22,2008,n,0.39,SNPP,0.36,263.58,SNPP,N,2.0NRT,0.15,296.46
23.69131,87.12435,2026-08-22,2008,n,0.39,SNPP,0.36,264.22,SNPP,N,2.0NRT,0.16,295.39
23.69195,87.12051,2026-08-22,2008,n,0.39,SNPP,0.36,263.87,SNPP,N,2.0NRT,0.48,297.67
23.6964,87.09367,2026-08-22,2008,n,0.39,SNPP,0.36,264.68,SNPP,N,2.0NRT,0.29,297.41
24.1144,86.86147,2026-08-22,2008,n,0.39,SNPP,0.36,283.21,SNPP,N,2.0NRT,1.07,308.81
24.11502,86.85769,2026-08-22,2008,n,0.39,SNPP,0.36,282.2,SNPP,N,2.0NRT,1.07,307.86
25.5415,91.23676,2026-08-22,2008,n,0.54,SNPP,0.42,277.81,SNPP,N,2.0NRT,1.22,301.27
28.34062,77.22081,2026-08-22,2008,n,0.35000000000000003,SNPP,0.5700000000000001,275.94,SNPP,N,2.0NRT,0.35000000000000003,299.75
15.18365,76.66782,2026-08-22,2010,n,0.52,SNPP,0.5,269.5,SNPP,N,2.0NRT,3.25,299.67
15.17784,76.67703,2026-08-22,2010,n,0.52,SNPP,0.5,271.96,SNPP,N,2.0NRT,2.83,302.6
15.18495,76.66499,2026-08-22,2010,n,0.52,SNPP,0.5,269.54,SNPP,N,2.0NRT,1.01,295.13
15.18033,76.66441,2026-08-22,2010,n,0.52,SNPP,0.5,270.58,SNPP,N,2.0NRT,1.2,296.01
15.17907,76.67417,2026-08-22,2010,n,0.52,SNPP,0.5,271.44,SNPP,N,2.0NRT,1.99,298.84
21.109,72.63563,2026-08-22,2010,n,0.5700000000000001,SNPP,0.6900000000000001,276.1,SNPP,N,2.0NRT,2.38,296.9
21.10789,72.63438,2026-08-22,2010,n,0.5700000000000001,SNPP,0.6900000000000001,276.62,SNPP,N,2.0NRT,1.56,297.41
21.10257,72.63496,2026-08-22,2010,n,0.5700000000000001,SNPP,0.6900000000000001,277.35,SNPP,N,2.0NRT,3.3,314.08
21.10811,72.64683,2026-08-22,2010,n,0.56,SNPP,0.6900000000000001,276.31,SNPP,N,2.0NRT,1.8900000000000001,299.65
21.10692,72.64557,2026-08-22,2010,n,0.56,SNPP,0.6900000000000001,276.15,SNPP,N,2.0NRT,2.11,306.14
21.10145,72.63374,2026-08-22,2010,n,0.5700000000000001,SNPP,0.6900000000000001,278.17,SNPP,N,2.0NRT,2.52,312.46
17.14179,77.18325,2026-08-22,2010,n,0.51,SNPP,0.5,286.5,SNPP,N,2.0NRT,0.97,300.35
10.08541,77.24478,2026-08-22,2012,n,0.41000000000000003,SNPP,0.45,289.35,SNPP,N,2.0NRT,1.5,316.57
10.0821,77.23841,2026-08-22,2012,n,0.41000000000000003,SNPP,0.45,289.39,SNPP,N,2.0NRT,1.9500000000000002,305.95
9.63003,77.42585,2026-08-22,2012,n,0.39,SNPP,0.44,270.94,SNPP,N,2.0NRT,0.75,299.48
9.00172,80.64706,2026-08-22,2012,n,0.41000000000000003,SNPP,0.37,281.17,SNPP,N,2.0NRT,1.01,309.5
8.55599,80.63945,2026-08-22,2012,n,0.4,SNPP,0.37,269.28,SNPP,N,2.0NRT,0.71,303.77
8.06492,80.76916,2026-08-22,2012,n,0.4,SNPP,0.37,273.3,SNPP,N,2.0NRT,0.42,299.13
8.06154,80.76864,2026-08-22,2012,n,0.4,SNPP,0.37,274.31,SNPP,N,2.0NRT,4.08,336.76
7.9170300000000005,81.22473,2026-08-22,2012,n,0.39,SNPP,0.36,280.44,SNPP,N,2.0NRT,0.37,299.45
7.90925,81.23074,2026-08-22,2012,n,0.39,SNPP,0.36,281.8,SNPP,N,2.0NRT,0.31,301.02
11.81559,77.91829,2026-08-22,2012,n,0.39,SNPP,0.44,280.35,SNPP,N,2.0NRT,1.22,302.45
10.68565,77.50634,2026-08-22,2012,n,0.4,SNPP,0.44,292.29,SNPP,N,2.0NRT,1.55,316.98
10.61528,77.4217,2026-08-22,2012,n,0.41000000000000003,SNPP,0.45,292.12,SNPP,N,2.0NRT,0.7000000000000001,309.99
10.2395,77.21495,2026-08-22,2012,n,0.41000000000000003,SNPP,0.45,285.61,SNPP,N,2.0NRT,1.38,306.04
10.93126,77.0644,2026-08-22,2012,n,0.43,SNPP,0.46,289.45,SNPP,N,2.0NRT,0.62,306.28
10.92703,77.06378,2026-08-22,2012,n,0.43,SNPP,0.46,289.03,SNPP,N,2.0NRT,0.53,300.75
6.59516,81.25749,2026-08-22,2014,n,0.39,SNPP,0.36,282.28,SNPP,N,2.0NRT,3.59,337.62
6.85888,81.5591,2026-08-22,2014,n,0.38,SNPP,0.36,280.03,SNPP,N,2.0NRT,0.4,306.71
7.00877,81.18748,2026-08-22,2014,n,0.39,SNPP,0.36,275.77,SNPP,N,2.0NRT,0.91,299.81
6.93446,81.59588,2026-08-22,2014,n,0.38,SNPP,0.36,276.78,SNPP,N,2.0NRT,0.56,298.79
6.81104,81.30546,2026-08-22,2014,n,0.39,SNPP,0.36,277.41,SNPP,N,2.0NRT,1.46,310.87
7.21913,81.1442,2026-08-22,2014,n,0.39,SNPP,0.36,284.96,SNPP,N,2.0NRT,0.46,302.36
7.01209,81.18801,2026-08-22,2014,n,0.39,SNPP,0.36,277.21,SNPP,N,2.0NRT,1.6,317.06
7.00823,81.19087,2026-08-22,2014,n,0.39,SNPP,0.36,276.65,SNPP,N,2.0NRT,0.43,298.18
6.96207,81.59312,2026-08-22,2014,n,0.38,SNPP,0.36,277.46,SNPP,N,2.0NRT,1.71,320.4
7.10348,80.99658,2026-08-22,2014,n,0.39,SNPP,0.36,281.62,SNPP,N,2.0NRT,0.77,301.12
6.939,80.96082,2026-08-22,2014,n,0.39,SNPP,0.36,271.98,SNPP,N,2.0NRT,0.74,304.14
6.93567,80.96031,2026-08-22,2014,n,0.39,SNPP,0.36,270.9,SNPP,N,2.0NRT,0.54,295.53
6.78544,81.53284,2026-08-22,2014,n,0.38,SNPP,0.36,280.53,SNPP,N,2.0NRT,0.66,306.42
6.81436,81.30598,2026-08-22,2014,n,0.39,SNPP,0.36,278.17,SNPP,N,2.0NRT,1.46,317.36
32.0888,74.16383,2026-08-22,2146,n,0.39,SNPP,0.59,282.9,SNPP,N,2.0NRT,0.77,302.24
28.42265,69.70271,2026-08-22,2148,n,0.52,SNPP,0.5,293.81,SNPP,N,2.0NRT,1.24,306.25
26.25974,74.09682,2026-08-22,2148,n,0.53,SNPP,0.67,288.7,SNPP,N,2.0NRT,0.87,301.85
24.66165,74.63514,2026-08-22,2148,n,0.62,SNPP,0.71,288.82,SNPP,N,2.0NRT,1.6099999999999999,301.51
21.10465,72.63463,2026-08-22,2150,n,0.56,SNPP,0.6900000000000001,287.89,SNPP,N,2.0NRT,1.71,303.18
21.1083,72.64712,2026-08-22,2150,n,0.56,SNPP,0.6900000000000001,288.17,SNPP,N,2.0NRT,1.43,305.07
6.38365,81.1438,2026-08-23,716,n,0.64,SNPP,0.72,284.67,SNPP,D,2.0NRT,6.25,330.47
6.37194,81.33924,2026-08-23,716,n,0.63,SNPP,0.72,286.21,SNPP,D,2.0NRT,12.65,347.15
6.38213,81.1468,2026-08-23,716,n,0.64,SNPP,0.72,285.36,SNPP,D,2.0NRT,6.68,333.25
6.36817,81.33694,2026-08-23,716,n,0.63,SNPP,0.72,285.99,SNPP,D,2.0NRT,14.47,328.48
8.5725,80.62511,2026-08-23,718,n,0.64,SNPP,0.72,286.57,SNPP,D,2.0NRT,10.15,331.61
8.47523,80.67675,2026-08-23,718,n,0.64,SNPP,0.72,287.79,SNPP,D,2.0NRT,5.61,332.86
8.07671,80.76878,2026-08-23,718,n,0.64,SNPP,0.72,279.93,SNPP,D,2.0NRT,14.65,344.09
8.07786,80.77467,2026-08-23,718,n,0.64,SNPP,0.72,279.72,SNPP,D,2.0NRT,14.89,333.38
8.07391,80.77219,2026-08-23,718,n,0.64,SNPP,0.72,281.55,SNPP,D,2.0NRT,18.56,354.43
8.99527,80.7809,2026-08-23,718,n,0.61,SNPP,0.71,287.89,SNPP,D,2.0NRT,9.1,332.78
7.80901,81.38439,2026-08-23,718,n,0.59,SNPP,0.7000000000000001,290.73,SNPP,D,2.0NRT,8.14,343.87
7.8091800000000005,81.38655,2026-08-23,718,n,0.59,SNPP,0.7000000000000001,290.84,SNPP,D,2.0NRT,9.2,336.18
7.30336,81.1138,2026-08-23,718,n,0.62,SNPP,0.72,290.33,SNPP,D,2.0NRT,4.61,329.2
7.35866,81.40395,2026-08-23,718,n,0.6000000000000001,SNPP,0.7000000000000001,293.27,SNPP,D,2.0NRT,7.21,328.15
7.34757,81.45149,2026-08-23,718,n,0.59,SNPP,0.7000000000000001,294.63,SNPP,D,2.0NRT,8.35,331.66
7.34827,81.45456,2026-08-23,718,n,0.59,SNPP,0.7000000000000001,294.82,SNPP,D,2.0NRT,7.2,327.95
7.32968,81.81718,2026-08-23,718,n,0.56,SNPP,0.6900000000000001,290.42,SNPP,D,2.0NRT,5.91,328.91
7.32888,81.82094,2026-08-23,718,n,0.56,SNPP,0.6900000000000001,290.03,SNPP,D,2.0NRT,9.07,335.59
7.30796,81.81413,2026-08-23,718,n,0.56,SNPP,0.6900000000000001,290.47,SNPP,D,2.0NRT,4.73,329.27
8.78643,80.98024,2026-08-23,718,n,0.6000000000000001,SNPP,0.71,288.49,SNPP,D,2.0NRT,6.7,331.0
6.98739,81.59515,2026-08-23,718,n,0.59,SNPP,0.7000000000000001,291.81,SNPP,D,2.0NRT,4.74,331.91
6.7437000000000005,81.28638,2026-08-23,718,n,0.62,SNPP,0.72,291.35,SNPP,D,2.0NRT,10.99,336.34
6.73045,81.28866,2026-08-23,718,n,0.62,SNPP,0.72,292.41,SNPP,D,2.0NRT,9.77,333.87
6.71637,81.49741,2026-08-23,718,n,0.6000000000000001,SNPP,0.71,289.92,SNPP,D,2.0NRT,5.16,327.59
24.07692,96.54836,2026-08-23,722,n,0.47000000000000003,SNPP,0.48,286.08,SNPP,D,2.0NRT,5.15,328.57
24.07321,96.04733,2026-08-23,722,n,0.44,SNPP,0.46,287.37,SNPP,D,2.0NRT,4.17,332.14
24.07573,96.04757,2026-08-23,722,n,0.44,SNPP,0.46,287.67,SNPP,D,2.0NRT,4.06,339.63
23.67774,86.39987,2026-08-23,722,l,0.46,SNPP,0.39,295.05,SNPP,D,2.0NRT,6.8100000000000005,333.05
23.68413,86.3939,2026-08-23,722,l,0.46,SNPP,0.39,294.75,SNPP,D,2.0NRT,6.14,334.02
23.71326,86.45322,2026-08-23,722,l,0.46,SNPP,0.39,295.7,SNPP,D,2.0NRT,7.52,334.56
23.76439,86.40546,2026-08-23,722,l,0.46,SNPP,0.39,295.16,SNPP,D,2.0NRT,9.11,337.61
25.70774,93.52971,2026-08-23,722,n,0.5,SNPP,0.41000000000000003,289.44,SNPP,D,2.0NRT,3.21,330.99
26.96694,90.04264,2026-08-23,722,n,0.39,SNPP,0.36,273.84,SNPP,D,2.0NRT,1.8,325.3
26.96781,89.97786,2026-08-23,722,n,0.39,SNPP,0.36,272.36,SNPP,D,2.0NRT,3.79,339.06
28.90347,89.5985,2026-08-23,722,n,0.39,SNPP,0.36,300.18,SNPP,D,2.0NRT,3.41,331.37
29.24969,88.8512,2026-08-23,722,n,0.39,SNPP,0.36,299.31,SNPP,D,2.0NRT,3.49,338.83
29.25687,88.85385,2026-08-23,722,n,0.39,SNPP,0.36,298.97,SNPP,D,2.0NRT,4.48,337.9
29.22488,88.35183,2026-08-23,722,l,0.38,SNPP,0.36,304.2,SNPP,D,2.0NRT,2.99,330.47
29.45837,76.8635,2026-08-23,724,n,0.41000000000000003,SNPP,0.61,289.51,SNPP,D,2.0NRT,4.4,335.25
7.93745,81.35905,2026-08-23,858,n,0.68,SNPP,0.74,282.48,SNPP,D,2.0NRT,6.03,331.44
7.9379100000000005,81.36346,2026-08-23,858,n,0.68,SNPP,0.74,282.91,SNPP,D,2.0NRT,6.32,332.71
8.20317,79.9137,2026-08-23,858,n,0.55,SNPP,0.68,282.14,SNPP,D,2.0NRT,9.28,338.28
8.43758,80.66031,2026-08-23,858,n,0.62,SNPP,0.71,288.19,SNPP,D,2.0NRT,10.95,335.86
8.60119,77.89647,2026-08-23,858,n,0.41000000000000003,SNPP,0.6000000000000001,297.6,SNPP,D,2.0NRT,3.94,336.19
9.11287,77.61896,2026-08-23,858,n,0.39,SNPP,0.6000000000000001,297.74,SNPP,D,2.0NRT,1.9,331.28
9.40167,78.73985,2026-08-23,858,n,0.47000000000000003,SNPP,0.64,292.39,SNPP,D,2.0NRT,4.17,338.39
9.33903,77.85733,2026-08-23,858,n,0.41000000000000003,SNPP,0.61,296.88,SNPP,D,2.0NRT,3.16,333.04
9.30156,77.52041,2026-08-23,858,n,0.39,SNPP,0.59,298.79,SNPP,D,2.0NRT,2.15,337.02
9.75798,77.86183,2026-08-23,858,n,0.42,SNPP,0.61,290.13,SNPP,D,2.0NRT,4.86,333.4
7.30424,81.11216,2026-08-23,858,n,0.64,SNPP,0.72,295.21,SNPP,D,2.0NRT,5.52,330.98
6.43755,81.07249,2026-08-23,858,n,0.62,SNPP,0.71,275.03,SNPP,D,2.0NRT,5.15,326.26
7.18133,81.19161,2026-08-23,858,n,0.65,SNPP,0.73,287.27,SNPP,D,2.0NRT,5.51,334.1
7.3016,81.11191,2026-08-23,858,n,0.64,SNPP,0.72,294.0,SNPP,D,2.0NRT,3.86,328.46
7.42141,81.16647,2026-08-23,858,n,0.65,SNPP,0.73,293.49,SNPP,D,2.0NRT,3.34,332.98
30.39994,73.71344,2026-08-23,905,n,0.4,SNPP,0.6000000000000001,293.14,SNPP,D,2.0NRT,4.05,344.3
30.50964,72.80186,2026-08-23,905,n,0.35000000000000003,SNPP,0.5700000000000001,293.55,SNPP,D,2.0NRT,1.56,330.7
30.45492,72.11394,2026-08-23,905,n,0.64,SNPP,0.54,293.73,SNPP,D,2.0NRT,4.82,330.65
31.00338,72.18047,2026-08-23,905,n,0.32,SNPP,0.55,293.04,SNPP,D,2.0NRT,3.01,338.92
31.40315,72.50063,2026-08-23,905,n,0.34,SNPP,0.56,292.06,SNPP,D,2.0NRT,2.43,333.35
29.45934,76.86684,2026-08-23,1947,n,0.72,SNPP,0.76,280.2,SNPP,N,2.0NRT,3.52,311.09
29.45968,76.85906,2026-08-23,1947,n,0.73,SNPP,0.76,279.1,SNPP,N,2.0NRT,2.79,307.01
29.45605,76.86481,2026-08-23,1947,n,0.73,SNPP,0.76,279.86,SNPP,N,2.0NRT,4.86,326.44
35.98909,94.83257,2026-08-23,1947,n,0.39,SNPP,0.36,283.08,SNPP,N,2.0NRT,0.81,295.22
35.98978,94.82835,2026-08-23,1947,n,0.39,SNPP,0.36,285.5,SNPP,N,2.0NRT,0.81,299.61
37.34708,97.41191,2026-08-23,1947,n,0.43,SNPP,0.38,287.42,SNPP,N,2.0NRT,0.43,300.18
23.68479,86.39607,2026-08-23,1949,n,0.51,SNPP,0.41000000000000003,286.78,SNPP,N,2.0NRT,1.98,308.93
22.37808,87.27902,2026-08-23,1949,n,0.45,SNPP,0.39,287.71,SNPP,N,2.0NRT,6.18,335.54
22.38041,87.28827,2026-08-23,1949,n,0.45,SNPP,0.39,285.8,SNPP,N,2.0NRT,2.54,307.22
22.37646,87.2821,2026-08-23,1949,n,0.45,SNPP,0.39,286.62,SNPP,N,2.0NRT,3.46,311.21
22.37705,87.27776,2026-08-23,1949,n,0.45,SNPP,0.39,287.58,SNPP,N,2.0NRT,3.46,331.69
22.37884,87.29135,2026-08-23,1949,n,0.45,SNPP,0.39,286.06,SNPP,N,2.0NRT,1.24,304.28
22.37943,87.28702,2026-08-23,1949,n,0.45,SNPP,0.39,286.03,SNPP,N,2.0NRT,1.24,304.16
23.671030000000002,86.11588,2026-08-23,1949,n,0.52,SNPP,0.42,276.87,SNPP,N,2.0NRT,1.63,308.29
23.675,86.08497,2026-08-23,1949,n,0.53,SNPP,0.42,262.8,SNPP,N,2.0NRT,0.74,311.06
23.67659,86.3998,2026-08-23,1949,n,0.51,SNPP,0.41000000000000003,287.62,SNPP,N,2.0NRT,3.66,319.75
23.67725,86.39486,2026-08-23,1949,n,0.51,SNPP,0.41000000000000003,287.15,SNPP,N,2.0NRT,1.9500000000000002,309.09
23.68102,86.39546,2026-08-23,1949,n,0.51,SNPP,0.41000000000000003,287.08,SNPP,N,2.0NRT,1.9500000000000002,308.42
23.68546,86.39105,2026-08-23,1949,n,0.51,SNPP,0.41000000000000003,287.03,SNPP,N,2.0NRT,1.98,315.22
23.67588,86.40126,2026-08-23,1949,n,0.51,SNPP,0.41000000000000003,287.11,SNPP,N,2.0NRT,1.83,314.16
23.67651,86.3963,2026-08-23,1949,n,0.51,SNPP,0.41000000000000003,287.7,SNPP,N,2.0NRT,1.83,313.29
23.68028,86.39692,2026-08-23,1949,n,0.51,SNPP,0.41000000000000003,286.89,SNPP,N,2.0NRT,1.83,310.89
23.68469,86.39252,2026-08-23,1949,n,0.51,SNPP,0.41000000000000003,287.19,SNPP,N,2.0NRT,4.18,319.99
23.70849,86.44699,2026-08-23,1949,n,0.5,SNPP,0.41000000000000003,284.37,SNPP,N,2.0NRT,1.32,306.06
23.71161,86.45256,2026-08-23,1949,n,0.5,SNPP,0.41000000000000003,284.65,SNPP,N,2.0NRT,2.32,316.85
23.71226,86.44759,2026-08-23,1949,n,0.5,SNPP,0.41000000000000003,284.46,SNPP,N,2.0NRT,1.32,304.5
23.71483,86.4277,2026-08-23,1949,n,0.51,SNPP,0.41000000000000003,282.95,SNPP,N,2.0NRT,1.37,303.14
23.71547,86.42276,2026-08-23,1949,n,0.51,SNPP,0.41000000000000003,284.04,SNPP,N,2.0NRT,1.37,309.67
23.71666,86.44323,2026-08-23,1949,n,0.5,SNPP,0.41000000000000003,284.24,SNPP,N,2.0NRT,2.41,307.55
23.71924,86.42335,2026-08-23,1949,n,0.51,SNPP,0.41000000000000003,282.02,SNPP,N,2.0NRT,0.68,302.48
23.69247,87.10574,2026-08-23,1949,n,0.47000000000000003,SNPP,0.4,286.05,SNPP,N,2.0NRT,1.4,304.11
23.69184,87.11031,2026-08-23,1949,n,0.47000000000000003,SNPP,0.4,286.12,SNPP,N,2.0NRT,2.47,304.34
23.77302,86.36568,2026-08-23,1949,n,0.51,SNPP,0.41000000000000003,286.74,SNPP,N,2.0NRT,2.7,319.44
23.76398,86.40508,2026-08-23,1949,n,0.51,SNPP,0.41000000000000003,286.71,SNPP,N,2.0NRT,3.24,320.1
23.76086,86.39946,2026-08-23,1949,n,0.51,SNPP,0.41000000000000003,286.91,SNPP,N,2.0NRT,3.24,312.32
23.7507,86.41822,2026-08-23,1949,n,0.51,SNPP,0.41000000000000003,286.58,SNPP,N,2.0NRT,3.23,311.61
23.73744,86.43132,2026-08-23,1949,n,0.51,SNPP,0.41000000000000003,283.11,SNPP,N,2.0NRT,3.36,315.58
23.73679,86.43628,2026-08-23,1949,n,0.51,SNPP,0.41000000000000003,280.07,SNPP,N,2.0NRT,0.7000000000000001,301.72
23.72484,86.43946,2026-08-23,1949,n,0.5,SNPP,0.41000000000000003,284.04,SNPP,N,2.0NRT,1.33,305.83
23.72365,86.41901,2026-08-23,1949,n,0.51,SNPP,0.41000000000000003,284.1,SNPP,N,2.0NRT,1.4,304.57
23.72301,86.42394,2026-08-23,1949,n,0.51,SNPP,0.41000000000000003,283.39,SNPP,N,2.0NRT,0.68,302.85
23.68946,87.10056,2026-08-23,1949,n,0.47000000000000003,SNPP,0.4,285.44,SNPP,N,2.0NRT,1.4,303.81
23.77992,86.37187,2026-08-23,1949,n,0.51,SNPP,0.41000000000000003,286.83,SNPP,N,2.0NRT,2.64,307.54
23.77368,86.36065,2026-08-23,1949,n,0.51,SNPP,0.41000000000000003,285.7,SNPP,N,2.0NRT,2.7,305.88
25.03607,87.38985,2026-08-23,1949,n,0.47000000000000003,SNPP,0.4,276.37,SNPP,N,2.0NRT,0.78,300.94
24.11867,86.86238,2026-08-23,1949,n,0.49,SNPP,0.4,283.7,SNPP,N,2.0NRT,1.2,304.73
24.11497,86.86179,2026-08-23,1949,n,0.49,SNPP,0.4,284.19,SNPP,N,2.0NRT,1.2,315.04
23.79316,86.35529,2026-08-23,1949,n,0.51,SNPP,0.41000000000000003,285.79,SNPP,N,2.0NRT,3.48,302.79
23.6977,87.09478,2026-08-23,1949,n,0.47000000000000003,SNPP,0.4,287.02,SNPP,N,2.0NRT,2.05,303.2
23.69225,87.10797,2026-08-23,1949,n,0.47000000000000003,SNPP,0.4,286.2,SNPP,N,2.0NRT,3.18,302.31
23.79394,86.35359,2026-08-23,1949,n,0.51,SNPP,0.41000000000000003,285.98,SNPP,N,2.0NRT,3.37,310.56
22.04995,88.12524,2026-08-23,1949,n,0.41000000000000003,SNPP,0.37,274.65,SNPP,N,2.0NRT,0.97,300.72
22.05338,88.12582,2026-08-23,1949,n,0.41000000000000003,SNPP,0.37,274.86,SNPP,N,2.0NRT,0.97,312.77
22.24415,87.38719,2026-08-23,1949,n,0.44,SNPP,0.38,289.59,SNPP,N,2.0NRT,2.84,316.48
22.36347,87.01639,2026-08-23,1949,n,0.46,SNPP,0.39,281.28,SNPP,N,2.0NRT,1.1,307.08
22.36707,87.01698,2026-08-23,1949,n,0.46,SNPP,0.39,280.79,SNPP,N,2.0NRT,1.1,305.19
22.35846,87.28915,2026-08-23,1949,n,0.45,SNPP,0.39,289.23,SNPP,N,2.0NRT,3.44,315.8
22.36435,87.29896,2026-08-23,1949,n,0.45,SNPP,0.39,289.13,SNPP,N,2.0NRT,3.59,320.25
17.6089,83.2031,2026-08-23,1951,n,0.43,SNPP,0.46,285.59,SNPP,N,2.0NRT,2.51,312.06
11.1382,77.34947,2026-08-23,1951,n,0.43,SNPP,0.62,265.86,SNPP,N,2.0NRT,0.63,295.69
17.60466,83.20252,2026-08-23,1951,n,0.43,SNPP,0.46,284.47,SNPP,N,2.0NRT,1.8599999999999999,308.79
7.27776,81.28109,2026-08-23,1953,n,0.42,SNPP,0.45,287.4,SNPP,N,2.0NRT,1.23,306.72
10.07149,77.25207,2026-08-23,1953,n,0.43,SNPP,0.62,276.97,SNPP,N,2.0NRT,2.47,301.66
10.07236,77.25639,2026-08-23,1953,n,0.43,SNPP,0.62,276.72,SNPP,N,2.0NRT,1.63,313.63
10.07274,77.25336,2026-08-23,1953,n,0.43,SNPP,0.62,276.82,SNPP,N,2.0NRT,1.63,313.23
10.0711,77.255,2026-08-23,1953,n,0.43,SNPP,0.62,277.2,SNPP,N,2.0NRT,1.65,318.01
10.07071,77.25803,2026-08-23,1953,n,0.42,SNPP,0.61,276.35,SNPP,N,2.0NRT,1.65,298.24
7.09819,81.07236,2026-08-23,1953,n,0.43,SNPP,0.46,282.86,SNPP,N,2.0NRT,2.2,303.83
7.09879,81.06809,2026-08-23,1953,n,0.43,SNPP,0.46,282.59,SNPP,N,2.0NRT,2.99,326.48
7.22024,81.14927,2026-08-23,1953,n,0.42,SNPP,0.46,280.97,SNPP,N,2.0NRT,1.48,304.43
7.16669,81.71954,2026-08-23,1953,n,0.39,SNPP,0.44,277.31,SNPP,N,2.0NRT,0.84,302.1
7.09829,81.06927,2026-08-23,1953,n,0.43,SNPP,0.46,282.99,SNPP,N,2.0NRT,2.8,328.06
7.27879,81.28441,2026-08-23,1953,n,0.42,SNPP,0.45,287.87,SNPP,N,2.0NRT,1.21,304.32
6.73874,81.20061,2026-08-23,1953,n,0.41000000000000003,SNPP,0.45,275.04,SNPP,N,2.0NRT,0.89,302.52
7.0567,81.00087,2026-08-23,1953,n,0.43,SNPP,0.46,288.11,SNPP,N,2.0NRT,1.8900000000000001,324.92
7.0977,81.07322,2026-08-23,1953,n,0.43,SNPP,0.46,283.16,SNPP,N,2.0NRT,1.21,301.64
27.66743,76.13509,2026-08-23,2127,n,0.34,SNPP,0.56,288.75,SNPP,N,2.0NRT,0.76,303.8
31.26044,76.92447,2026-08-23,2127,n,0.63,SNPP,0.54,289.55,SNPP,N,2.0NRT,1.21,303.03
29.35946,76.95735,2026-08-23,2127,n,0.35000000000000003,SNPP,0.5700000000000001,288.28,SNPP,N,2.0NRT,0.77,305.21
33.5474,71.55044,2026-08-23,2127,n,0.45,SNPP,0.39,296.19,SNPP,N,2.0NRT,1.1,307.58
33.29773,71.18772,2026-08-23,2127,n,0.44,SNPP,0.39,294.72,SNPP,N,2.0NRT,1.22,309.52
32.88889,71.6182,2026-08-23,2127,n,0.47000000000000003,SNPP,0.39,297.89,SNPP,N,2.0NRT,2.84,320.66
31.25972,76.92417,2026-08-23,2127,n,0.63,SNPP,0.54,289.44,SNPP,N,2.0NRT,1.06,303.56
32.29051,70.73896,2026-08-23,2127,n,0.44,SNPP,0.38,275.97,SNPP,N,2.0NRT,0.6900000000000001,297.42
29.45798,76.88937,2026-08-23,2127,n,0.34,SNPP,0.56,286.24,SNPP,N,2.0NRT,1.17,307.07
29.45706,76.87043,2026-08-23,2127,n,0.34,SNPP,0.56,287.56,SNPP,N,2.0NRT,3.77,345.96
29.45788,76.86697,2026-08-23,2127,n,0.34,SNPP,0.56,287.34,SNPP,N,2.0NRT,2.77,309.22
28.425,69.69938,2026-08-23,2129,n,0.45,SNPP,0.39,294.06,SNPP,N,2.0NRT,1.53,315.86
24.68984,73.00451,2026-08-23,2129,n,0.51,SNPP,0.49,291.76,SNPP,N,2.0NRT,1.6400000000000001,307.66
16.7534,74.28566000000001,2026-08-23,2131,n,0.44,SNPP,0.62,282.91,SNPP,N,2.0NRT,0.63,301.79
20.96418,94.86232,2026-08-24,701,n,0.39,SNPP,0.36,291.78,SNPP,D,2.0NRT,1.74,333.63
29.66766,91.91384,2026-08-24,703,n,0.39,SNPP,0.36,292.36,SNPP,D,2.0NRT,2.43,329.32
29.08405,88.01155,2026-08-24,703,n,0.55,SNPP,0.43,304.52,SNPP,D,2.0NRT,4.66,330.14
31.99853,78.5369,2026-08-24,705,n,0.54,SNPP,0.68,298.58,SNPP,D,2.0NRT,4.85,333.62
7.44249,81.39476,2026-08-24,837,n,0.32,SNPP,0.55,293.64,SNPP,D,2.0NRT,2.24,330.5
7.31644,81.84643,2026-08-24,837,n,0.34,SNPP,0.56,291.41,SNPP,D,2.0NRT,2.89,339.07
7.30441,81.79688,2026-08-24,837,n,0.34,SNPP,0.56,290.93,SNPP,D,2.0NRT,2.08,332.84
7.16641,80.96938,2026-08-24,837,n,0.59,SNPP,0.53,294.2,SNPP,D,2.0NRT,20.36,354.16
7.16158,80.97058,2026-08-24,837,h,0.59,SNPP,0.53,298.01,SNPP,D,2.0NRT,22.92,367.0
7.15662,80.97082,2026-08-24,837,n,0.59,SNPP,0.53,295.98,SNPP,D,2.0NRT,22.92,352.63
7.16425,80.96798,2026-08-24,837,n,0.59,SNPP,0.53,296.84,SNPP,D,2.0NRT,15.32,350.82
7.1649,80.97253,2026-08-24,837,n,0.59,SNPP,0.53,296.97,SNPP,D,2.0NRT,15.32,343.27
7.15935,80.96866,2026-08-24,837,n,0.59,SNPP,0.53,294.89,SNPP,D,2.0NRT,15.32,339.98
7.16001,80.97327,2026-08-24,837,n,0.59,SNPP,0.53,294.59,SNPP,D,2.0NRT,15.32,341.89
7.16668,81.01984,2026-08-24,837,n,0.6000000000000001,SNPP,0.53,295.18,SNPP,D,2.0NRT,4.18,330.62
7.15503,80.97341,2026-08-24,837,n,0.59,SNPP,0.53,294.49,SNPP,D,2.0NRT,13.5,345.3
6.85608,81.75537,2026-08-24,837,n,0.33,SNPP,0.55,292.1,SNPP,D,2.0NRT,17.37,354.45
6.79838,81.44492,2026-08-24,837,n,0.63,SNPP,0.54,290.14,SNPP,D,2.0NRT,5.18,332.22
6.71762,81.08398,2026-08-24,837,n,0.6000000000000001,SNPP,0.53,289.92,SNPP,D,2.0NRT,7.8100000000000005,336.16
6.74807,81.51759,2026-08-24,837,n,0.32,SNPP,0.55,291.31,SNPP,D,2.0NRT,2.92,332.68
7.32001,81.79483,2026-08-24,837,n,0.34,SNPP,0.56,290.42,SNPP,D,2.0NRT,5.67,351.6
6.52771,81.11231,2026-08-24,837,n,0.59,SNPP,0.53,294.46,SNPP,D,2.0NRT,4.55,332.84
7.30329,81.19003,2026-08-24,837,n,0.62,SNPP,0.54,293.6,SNPP,D,2.0NRT,9.89,338.57
7.38769,81.77917,2026-08-24,837,n,0.34,SNPP,0.56,291.45,SNPP,D,2.0NRT,5.9,351.78
7.34063,81.42898,2026-08-24,837,n,0.32,SNPP,0.55,292.17,SNPP,D,2.0NRT,2.2,330.92
9.61047,80.29727,2026-08-24,839,n,0.58,SNPP,0.52,296.02,SNPP,D,2.0NRT,3.54,338.24
7.69291,81.59333,2026-08-24,839,n,0.33,SNPP,0.56,289.91,SNPP,D,2.0NRT,3.38,335.54
7.88901,80.67115,2026-08-24,839,n,0.58,SNPP,0.52,290.9,SNPP,D,2.0NRT,6.95,343.1
8.01478,80.62977,2026-08-24,839,n,0.58,SNPP,0.52,289.11,SNPP,D,2.0NRT,4.21,330.11
8.01957,80.31305,2026-08-24,839,n,0.55,SNPP,0.51,289.59,SNPP,D,2.0NRT,6.13,342.68
8.30899,80.57829,2026-08-24,839,n,0.58,SNPP,0.52,288.19,SNPP,D,2.0NRT,4.19,332.05
8.49439,80.82851,2026-08-24,839,n,0.61,SNPP,0.53,287.07,SNPP,D,2.0NRT,15.6,341.74
8.56913,80.77627,2026-08-24,839,n,0.6000000000000001,SNPP,0.53,288.92,SNPP,D,2.0NRT,6.43,337.4
8.61324,80.83712,2026-08-24,839,n,0.61,SNPP,0.53,283.41,SNPP,D,2.0NRT,26.33,356.02
8.61819,80.8364,2026-08-24,839,n,0.61,SNPP,0.53,281.66,SNPP,D,2.0NRT,26.33,334.97
8.56977,80.46552,2026-08-24,839,n,0.58,SNPP,0.52,286.46,SNPP,D,2.0NRT,9.45,338.31
8.62935,80.6543,2026-08-24,839,n,0.59,SNPP,0.53,288.33,SNPP,D,2.0NRT,11.03,331.68
8.62862,80.64883,2026-08-24,839,n,0.59,SNPP,0.53,288.93,SNPP,D,2.0NRT,10.64,340.74
8.92843,80.69376,2026-08-24,839,n,0.6000000000000001,SNPP,0.53,290.6,SNPP,D,2.0NRT,7.31,340.86
8.92972,80.69118,2026-08-24,839,n,0.6000000000000001,SNPP,0.53,287.48,SNPP,D,2.0NRT,9.03,339.81
8.86875,78.15804,2026-08-24,839,n,0.41000000000000003,SNPP,0.45,289.45,SNPP,D,2.0NRT,5.2,341.5
8.86698,78.08605,2026-08-24,839,n,0.41000000000000003,SNPP,0.45,286.72,SNPP,D,2.0NRT,3.33,332.97
9.4129,80.40137,2026-08-24,839,n,0.59,SNPP,0.52,294.88,SNPP,D,2.0NRT,12.45,341.51
9.41015,80.39861,2026-08-24,839,n,0.59,SNPP,0.53,295.47,SNPP,D,2.0NRT,11.22,349.18
9.42267,80.38055,2026-08-24,839,n,0.58,SNPP,0.52,293.91,SNPP,D,2.0NRT,3.37,330.97
9.61269,80.30055,2026-08-24,839,n,0.58,SNPP,0.52,294.89,SNPP,D,2.0NRT,1.85,334.09
16.55141,82.59755,2026-08-24,841,n,0.51,SNPP,0.66,279.29,SNPP,D,2.0NRT,7.24,347.47
31.51264,72.28911,2026-08-24,845,n,0.54,SNPP,0.42,301.76,SNPP,D,2.0NRT,7.14,335.05
31.40357,72.55518000000001,2026-08-24,845,n,0.56,SNPP,0.43,299.32,SNPP,D,2.0NRT,3.16,338.43
31.08036,74.34518,2026-08-24,845,n,0.46,SNPP,0.47000000000000003,297.56,SNPP,D,2.0NRT,2.38,332.85
30.80869,71.99914,2026-08-24,845,n,0.51,SNPP,0.41000000000000003,300.96,SNPP,D,2.0NRT,6.94,339.51
30.89104,73.20267,2026-08-24,845,l,0.39,SNPP,0.44,306.76,SNPP,D,2.0NRT,9.8,332.43
30.63301,73.60488,2026-08-24,845,n,0.41000000000000003,SNPP,0.45,298.88,SNPP,D,2.0NRT,1.26,331.62
30.4505,74.18115,2026-08-24,845,n,0.44,SNPP,0.46,297.29,SNPP,D,2.0NRT,4.16,332.79
29.95974,72.17165,2026-08-24,845,n,0.51,SNPP,0.41000000000000003,300.78,SNPP,D,2.0NRT,3.61,336.35
28.42584,69.70153,2026-08-24,845,n,0.4,SNPP,0.37,303.62,SNPP,D,2.0NRT,3.88,333.73
32.88841,71.6194,2026-08-24,845,l,0.52,SNPP,0.41000000000000003,305.94,SNPP,D,2.0NRT,3.56,332.27
29.08693,88.00976,2026-08-24,1928,n,0.6000000000000001,SNPP,0.53,278.34,SNPP,N,2.0NRT,1.73,296.87
22.58779,85.89744,2026-08-24,1930,n,0.34,SNPP,0.56,286.83,SNPP,N,2.0NRT,1.6600000000000001,301.86
27.37654,95.08727,2026-08-24,1930,n,0.39,SNPP,0.37,286.2,SNPP,N,2.0NRT,1.51,307.83
23.55243,87.23839,2026-08-24,1930,n,0.5700000000000001,SNPP,0.52,275.19,SNPP,N,2.0NRT,2.3,302.43
22.86855,86.05769,2026-08-24,1930,n,0.33,SNPP,0.56,286.9,SNPP,N,2.0NRT,0.98,301.01
22.58832,85.90031,2026-08-24,1930,n,0.34,SNPP,0.56,286.7,SNPP,N,2.0NRT,1.24,303.06
22.58314,85.89967,2026-08-24,1930,n,0.34,SNPP,0.56,286.6,SNPP,N,2.0NRT,1.24,302.78
22.56736,85.89178,2026-08-24,1930,n,0.34,SNPP,0.56,286.55,SNPP,N,2.0NRT,1.65,306.82
22.37227,87.27415,2026-08-24,1930,n,0.55,SNPP,0.51,288.95,SNPP,N,2.0NRT,5.77,325.21
22.360500000000002,87.29447,2026-08-24,1930,n,0.55,SNPP,0.51,288.5,SNPP,N,2.0NRT,3.51,314.52
22.36139,87.01068,2026-08-24,1930,n,0.5700000000000001,SNPP,0.52,289.02,SNPP,N,2.0NRT,3.56,308.79
22.36172,87.01392,2026-08-24,1930,n,0.5700000000000001,SNPP,0.52,288.97,SNPP,N,2.0NRT,2.67,310.09
7.64049,80.96828,2026-08-24,1934,n,0.46,SNPP,0.64,289.47,SNPP,N,2.0NRT,0.87,304.64
7.2735,81.28102,2026-08-24,1936,n,0.44,SNPP,0.62,289.37,SNPP,N,2.0NRT,0.8200000000000001,304.67
33.85027,72.87061,2026-08-24,2108,n,0.38,SNPP,0.36,296.18,SNPP,N,2.0NRT,1.01,307.87
33.90289,71.91724,2026-08-24,2108,n,0.39,SNPP,0.36,296.82,SNPP,N,2.0NRT,1.75,309.84
33.90868,71.46279,2026-08-24,2108,n,0.39,SNPP,0.37,296.36,SNPP,N,2.0NRT,0.66,306.75
33.68822,72.71246,2026-08-24,2108,n,0.38,SNPP,0.36,295.85,SNPP,N,2.0NRT,1.55,313.03
33.54464,71.54842,2026-08-24,2108,n,0.39,SNPP,0.36,297.55,SNPP,N,2.0NRT,0.6900000000000001,311.57
33.29536,71.18689,2026-08-24,2108,n,0.4,SNPP,0.37,297.94,SNPP,N,2.0NRT,0.78,314.36
37.30453,77.71964,2026-08-24,2108,n,0.46,SNPP,0.39,281.26,SNPP,N,2.0NRT,0.99,305.03
37.30347,77.71786,2026-08-24,2108,n,0.46,SNPP,0.39,281.16,SNPP,N,2.0NRT,0.81,301.96
31.25866,76.92591,2026-08-24,2110,n,0.52,SNPP,0.42,290.63,SNPP,N,2.0NRT,1.06,304.88
32.08799,74.16105,2026-08-24,2110,n,0.4,SNPP,0.37,297.87,SNPP,N,2.0NRT,1.38,309.75
32.10258,74.17775,2026-08-24,2110,n,0.4,SNPP,0.37,297.89,SNPP,N,2.0NRT,1.18,313.6
32.57596,72.56307,2026-08-24,2110,n,0.38,SNPP,0.36,299.84,SNPP,N,2.0NRT,2.7199999999999998,317.37
32.88977,71.61715,2026-08-24,2110,n,0.39,SNPP,0.36,300.33,SNPP,N,2.0NRT,2.5300000000000002,324.91
32.71789,72.77715,2026-08-24,2110,n,0.38,SNPP,0.36,296.25,SNPP,N,2.0NRT,0.6000000000000001,307.23
25.94131,72.19123,2026-08-24,2110,n,0.4,SNPP,0.37,295.8,SNPP,N,2.0NRT,1.76,311.79
26.25756,74.09525,2026-08-24,2110,n,0.46,SNPP,0.39,293.4,SNPP,N,2.0NRT,1.3900000000000001,308.52
26.87662,73.51538,2026-08-24,2110,n,0.43,SNPP,0.38,294.83,SNPP,N,2.0NRT,1.23,307.36
28.42683,69.69943,2026-08-24,2110,n,0.4,SNPP,0.37,297.34,SNPP,N,2.0NRT,1.17,316.43
29.45879,76.8923,2026-08-24,2110,n,0.55,SNPP,0.43,287.77,SNPP,N,2.0NRT,2.12,303.48
32.28942,70.74173,2026-08-24,2110,n,0.4,SNPP,0.37,297.47,SNPP,N,2.0NRT,2.64,310.18
32.29401,70.73388,2026-08-24,2110,n,0.4,SNPP,0.37,298.06,SNPP,N,2.0NRT,2.41,312.37
22.34174,69.87002,2026-08-24,2112,n,0.38,SNPP,0.36,292.79,SNPP,N,2.0NRT,1.78,322.14
22.93641,69.69853,2026-08-24,2112,n,0.38,SNPP,0.36,295.02,SNPP,N,2.0NRT,2.55,325.35
22.3408,69.85459,2026-08-24,2112,n,0.38,SNPP,0.36,294.23,SNPP,N,2.0NRT,1.87,305.94
22.92933,70.10716,2026-08-24,2112,n,0.38,SNPP,0.36,294.86,SNPP,N,2.0NRT,1.04,313.68
23.05546,69.99567,2026-08-24,2112,n,0.38,SNPP,0.36,294.75,SNPP,N,2.0NRT,0.63,308.71
23.10639,70.1897,2026-08-24,2112,n,0.38,SNPP,0.36,295.39,SNPP,N,2.0NRT,0.54,306.28
25.38534,68.57845,2026-08-24,2112,n,0.41000000000000003,SNPP,0.37,295.13,SNPP,N,2.0NRT,2.22,316.67
24.68826,72.99875,2026-08-24,2112,n,0.43,SNPP,0.38,290.77,SNPP,N,2.0NRT,1.05,309.39
24.8168,73.0893,2026-08-24,2112,n,0.43,SNPP,0.38,290.19,SNPP,N,2.0NRT,0.76,306.65
21.11144,72.63482,2026-08-24,2112,n,0.46,SNPP,0.39,293.41,SNPP,N,2.0NRT,2.9,311.12
22.93583,69.70226,2026-08-24,2112,n,0.38,SNPP,0.36,295.22,SNPP,N,2.0NRT,3.69,321.57
21.1091,72.64789,2026-08-24,2112,n,0.46,SNPP,0.39,293.66,SNPP,N,2.0NRT,3.01,309.92
21.10552,72.64716,2026-08-24,2112,n,0.46,SNPP,0.39,295.31,SNPP,N,2.0NRT,10.73,337.64
21.10352,72.63773,2026-08-24,2112,n,0.46,SNPP,0.39,293.45,SNPP,N,2.0NRT,9.49,330.98
23.3162,70.48951,2026-08-24,2112,n,0.39,SNPP,0.36,295.62,SNPP,N,2.0NRT,1.26,309.1
23.25788,70.26331,2026-08-24,2112,n,0.38,SNPP,0.36,295.12,SNPP,N,2.0NRT,0.65,307.92
23.2488,69.87011,2026-08-24,2112,n,0.38,SNPP,0.36,295.5,SNPP,N,2.0NRT,0.8200000000000001,307.12
20.91151,71.45895,2026-08-24,2112,n,0.41000000000000003,SNPP,0.37,293.19,SNPP,N,2.0NRT,1.54,310.03
20.35698,72.95097,2026-08-24,2112,n,0.48,SNPP,0.4,288.29,SNPP,N,2.0NRT,2.0,301.25
22.34504,69.87063,2026-08-24,2112,n,0.38,SNPP,0.36,292.53,SNPP,N,2.0NRT,1.78,323.05
22.93312,69.69794,2026-08-24,2112,n,0.38,SNPP,0.36,295.2,SNPP,N,2.0NRT,2.55,324.97
18.68346,73.03221,2026-08-24,2114,n,0.51,SNPP,0.41000000000000003,288.14,SNPP,N,2.0NRT,1.88,304.3
18.68722,73.03297,2026-08-24,2114,n,0.51,SNPP,0.41000000000000003,288.63,SNPP,N,2.0NRT,1.88,305.75
28.49712,97.02263,2026-08-25,644,n,0.39,SNPP,0.36,295.64,SNPP,D,2.0NRT,4.41,332.53
28.49912,97.02243,2026-08-25,644,n,0.39,SNPP,0.36,295.98,SNPP,D,2.0NRT,5.91,332.25
29.69793,91.15185,2026-08-25,646,l,0.43,SNPP,0.46,296.97,SNPP,D,2.0NRT,3.79,325.94
29.68351,91.14562,2026-08-25,646,n,0.44,SNPP,0.46,300.22,SNPP,D,2.0NRT,14.14,348.33
29.66602,91.18839,2026-08-25,646,n,0.43,SNPP,0.46,292.84,SNPP,D,2.0NRT,4.17,325.57
8.17185,80.48933,2026-08-25,820,n,0.44,SNPP,0.39,291.39,SNPP,D,2.0NRT,5.88,337.53
8.22376,79.9154,2026-08-25,820,n,0.42,SNPP,0.38,289.18,SNPP,D,2.0NRT,8.69,335.11
6.62764,81.1975,2026-08-25,820,n,0.46,SNPP,0.39,301.61,SNPP,D,2.0NRT,6.36,348.58
6.6325,81.20537,2026-08-25,820,n,0.46,SNPP,0.39,301.65,SNPP,D,2.0NRT,22.55,350.36
6.73775,81.53931,2026-08-25,820,n,0.48,SNPP,0.4,295.47,SNPP,D,2.0NRT,3.99,332.76
6.70154,81.22091,2026-08-25,820,n,0.46,SNPP,0.39,301.2,SNPP,D,2.0NRT,7.97,353.96
6.70091,81.21671,2026-08-25,820,n,0.46,SNPP,0.39,301.17,SNPP,D,2.0NRT,5.69,340.74
6.72609,81.36019,2026-08-25,820,n,0.47000000000000003,SNPP,0.4,298.05,SNPP,D,2.0NRT,6.66,343.27
6.70517,81.22038,2026-08-25,820,n,0.46,SNPP,0.39,300.01,SNPP,D,2.0NRT,7.97,342.63
6.70454,81.21617,2026-08-25,820,n,0.46,SNPP,0.39,298.45,SNPP,D,2.0NRT,5.69,347.56
6.70943,81.22404,2026-08-25,820,n,0.46,SNPP,0.39,297.47,SNPP,D,2.0NRT,5.82,346.17
6.7088,81.21983,2026-08-25,820,n,0.46,SNPP,0.39,296.52,SNPP,D,2.0NRT,5.82,331.02
6.70817,81.21564,2026-08-25,820,n,0.46,SNPP,0.39,298.38,SNPP,D,2.0NRT,3.26,332.43
6.72541,81.36154,2026-08-25,820,n,0.47000000000000003,SNPP,0.4,298.46,SNPP,D,2.0NRT,6.46,336.4
6.70529,81.22145,2026-08-25,820,n,0.46,SNPP,0.39,297.94,SNPP,D,2.0NRT,8.62,334.79
6.70469,81.21725,2026-08-25,820,n,0.46,SNPP,0.39,299.65,SNPP,D,2.0NRT,6.58,352.33
6.70953,81.22513,2026-08-25,820,n,0.46,SNPP,0.39,298.2,SNPP,D,2.0NRT,8.62,340.38
6.7083200000000005,81.21671,2026-08-25,820,n,0.46,SNPP,0.39,297.73,SNPP,D,2.0NRT,6.58,336.35
6.74745,81.38467,2026-08-25,820,n,0.47000000000000003,SNPP,0.4,295.52,SNPP,D,2.0NRT,9.27,338.5
6.76355,81.4702,2026-08-25,820,n,0.48,SNPP,0.4,296.39,SNPP,D,2.0NRT,3.69,337.33
6.75111,81.38413,2026-08-25,820,n,0.47000000000000003,SNPP,0.4,293.89,SNPP,D,2.0NRT,4.68,332.28
6.7767,81.53517,2026-08-25,820,n,0.48,SNPP,0.4,300.37,SNPP,D,2.0NRT,6.92,343.23
6.79162,81.55989,2026-08-25,820,n,0.48,SNPP,0.4,300.59,SNPP,D,2.0NRT,9.54,350.53
6.75276,81.09026,2026-08-25,820,n,0.46,SNPP,0.39,295.73,SNPP,D,2.0NRT,6.7,340.77
6.8122,81.16679,2026-08-25,820,n,0.46,SNPP,0.39,296.7,SNPP,D,2.0NRT,3.79,337.27
6.81303,81.1674,2026-08-25,820,n,0.46,SNPP,0.39,295.9,SNPP,D,2.0NRT,4.76,333.67
6.88819,81.66446,2026-08-25,820,n,0.49,SNPP,0.4,297.83,SNPP,D,2.0NRT,3.5700000000000003,337.67
6.86466,81.47404,2026-08-25,820,n,0.48,SNPP,0.4,298.21,SNPP,D,2.0NRT,6.06,340.1
6.86836,81.47356,2026-08-25,820,n,0.48,SNPP,0.4,297.47,SNPP,D,2.0NRT,6.06,341.88
6.87965,81.52573,2026-08-25,820,n,0.48,SNPP,0.4,299.5,SNPP,D,2.0NRT,6.91,338.09
6.87901,81.52132,2026-08-25,820,n,0.48,SNPP,0.4,299.21,SNPP,D,2.0NRT,6.91,337.32
6.88335,81.52519,2026-08-25,820,n,0.48,SNPP,0.4,298.35,SNPP,D,2.0NRT,6.91,337.45
6.88271,81.52078,2026-08-25,820,n,0.48,SNPP,0.4,299.0,SNPP,D,2.0NRT,6.91,336.86
6.87135,81.44212,2026-08-25,820,n,0.48,SNPP,0.4,296.26,SNPP,D,2.0NRT,2.2,331.31
6.90784,81.4859,2026-08-25,820,n,0.48,SNPP,0.4,298.22,SNPP,D,2.0NRT,56.74,339.31
6.91892,81.48431,2026-08-25,820,n,0.48,SNPP,0.4,294.76,SNPP,D,2.0NRT,2.34,330.33
6.99311,81.48762,2026-08-25,820,n,0.48,SNPP,0.4,297.78,SNPP,D,2.0NRT,3.08,332.26
6.99681,81.48708,2026-08-25,820,n,0.48,SNPP,0.4,298.24,SNPP,D,2.0NRT,16.58,340.92
6.9783,81.33369,2026-08-25,820,n,0.47000000000000003,SNPP,0.4,294.87,SNPP,D,2.0NRT,5.87,342.41
7.00675,81.50349,2026-08-25,820,n,0.48,SNPP,0.4,297.38,SNPP,D,2.0NRT,3.8,335.27
6.98196,81.33311,2026-08-25,820,n,0.47000000000000003,SNPP,0.4,295.01,SNPP,D,2.0NRT,12.19,340.19
7.01044,81.50293,2026-08-25,820,n,0.48,SNPP,0.4,297.62,SNPP,D,2.0NRT,3.8,337.65
7.10648,81.71599,2026-08-25,820,n,0.5,SNPP,0.41000000000000003,297.64,SNPP,D,2.0NRT,6.16,344.34
7.10736,81.71725,2026-08-25,820,n,0.5,SNPP,0.41000000000000003,295.75,SNPP,D,2.0NRT,4.59,333.35
7.10673,81.71281,2026-08-25,820,n,0.5,SNPP,0.41000000000000003,297.25,SNPP,D,2.0NRT,5.72,337.37
7.29373,81.78432,2026-08-25,820,n,0.5,SNPP,0.41000000000000003,298.18,SNPP,D,2.0NRT,5.05,337.62
7.29306,81.77975,2026-08-25,820,n,0.5,SNPP,0.41000000000000003,299.06,SNPP,D,2.0NRT,5.51,340.33
7.30826,81.85727,2026-08-25,820,n,0.51,SNPP,0.41000000000000003,294.62,SNPP,D,2.0NRT,2.31,332.35
7.30556,81.83883,2026-08-25,820,n,0.51,SNPP,0.41000000000000003,294.58,SNPP,D,2.0NRT,3.69,339.33
7.29885,81.79293,2026-08-25,820,n,0.5,SNPP,0.41000000000000003,297.82,SNPP,D,2.0NRT,7.42,336.01
7.2975,81.78377,2026-08-25,820,n,0.5,SNPP,0.41000000000000003,297.17,SNPP,D,2.0NRT,5.05,339.7
7.29684,81.77921,2026-08-25,820,n,0.5,SNPP,0.41000000000000003,296.96,SNPP,D,2.0NRT,5.51,336.78
7.28552,81.70193,2026-08-25,820,n,0.5,SNPP,0.41000000000000003,294.56,SNPP,D,2.0NRT,1.8599999999999999,330.33
7.3017,81.75987,2026-08-25,820,n,0.5,SNPP,0.41000000000000003,296.28,SNPP,D,2.0NRT,3.31,336.92
7.3149,81.8234,2026-08-25,820,n,0.51,SNPP,0.41000000000000003,294.81,SNPP,D,2.0NRT,3.8200000000000003,338.03
7.3126,81.7816,2026-08-25,820,n,0.5,SNPP,0.41000000000000003,298.26,SNPP,D,2.0NRT,7.74,344.96
7.32867,81.81205,2026-08-25,820,n,0.51,SNPP,0.41000000000000003,294.22,SNPP,D,2.0NRT,4.57,333.14
7.3246,81.78455,2026-08-25,820,n,0.5,SNPP,0.41000000000000003,297.8,SNPP,D,2.0NRT,5.04,337.46
7.32906,81.78858,2026-08-25,820,n,0.5,SNPP,0.41000000000000003,297.65,SNPP,D,2.0NRT,8.69,342.36
7.33148,81.7789,2026-08-25,820,n,0.5,SNPP,0.41000000000000003,298.87,SNPP,D,2.0NRT,5.32,333.8
7.329,81.81437,2026-08-25,820,n,0.51,SNPP,0.41000000000000003,294.42,SNPP,D,2.0NRT,6.33,336.95
7.3251,81.78683,2026-08-25,820,n,0.5,SNPP,0.41000000000000003,298.35,SNPP,D,2.0NRT,8.5,338.15
7.32252,81.76852,2026-08-25,820,n,0.5,SNPP,0.41000000000000003,297.51,SNPP,D,2.0NRT,5.16,337.87
7.32953,81.79086,2026-08-25,820,n,0.5,SNPP,0.41000000000000003,296.65,SNPP,D,2.0NRT,9.32,346.5
7.33417,81.45088,2026-08-25,820,n,0.48,SNPP,0.4,293.93,SNPP,D,2.0NRT,7.83,336.54
7.28824,81.13609,2026-08-25,820,n,0.47000000000000003,SNPP,0.39,298.74,SNPP,D,2.0NRT,7.17,339.35
7.29552,81.13499,2026-08-25,820,n,0.47000000000000003,SNPP,0.39,298.72,SNPP,D,2.0NRT,4.34,331.24
7.36624,81.2598,2026-08-25,820,n,0.47000000000000003,SNPP,0.4,297.6,SNPP,D,2.0NRT,12.49,354.22
7.36528,81.26039,2026-08-25,820,n,0.47000000000000003,SNPP,0.4,295.47,SNPP,D,2.0NRT,12.2,340.56
7.36896,81.25998,2026-08-25,820,n,0.47000000000000003,SNPP,0.4,298.59,SNPP,D,2.0NRT,12.2,348.81
7.42791,81.59241,2026-08-25,820,n,0.49,SNPP,0.41000000000000003,292.94,SNPP,D,2.0NRT,4.09,335.72
7.44835,81.68165,2026-08-25,820,n,0.5,SNPP,0.41000000000000003,291.96,SNPP,D,2.0NRT,2.9,333.83
7.41669,81.25322,2026-08-25,820,n,0.47000000000000003,SNPP,0.4,299.11,SNPP,D,2.0NRT,5.13,342.01
7.42036,81.25268,2026-08-25,820,n,0.47000000000000003,SNPP,0.4,299.73,SNPP,D,2.0NRT,5.13,341.33
7.44073,81.28928,2026-08-25,820,n,0.48,SNPP,0.4,297.59,SNPP,D,2.0NRT,3.29,338.06
7.46413,81.39714,2026-08-25,820,n,0.48,SNPP,0.4,294.63,SNPP,D,2.0NRT,2.9,331.61
7.4673,81.31651,2026-08-25,820,n,0.48,SNPP,0.4,298.7,SNPP,D,2.0NRT,4.67,343.85
7.48079,81.02785,2026-08-25,820,n,0.46,SNPP,0.39,287.46,SNPP,D,2.0NRT,9.52,335.73
7.48018,81.02367,2026-08-25,820,n,0.46,SNPP,0.39,289.81,SNPP,D,2.0NRT,7.84,332.9
7.57043,81.61926,2026-08-25,820,n,0.5,SNPP,0.41000000000000003,292.75,SNPP,D,2.0NRT,3.22,336.86
7.54853,81.36391,2026-08-25,820,n,0.48,SNPP,0.4,297.0,SNPP,D,2.0NRT,2.63,338.36
7.57716,81.40447,2026-08-25,820,n,0.48,SNPP,0.4,295.53,SNPP,D,2.0NRT,9.06,335.59
7.57651,81.40005,2026-08-25,820,n,0.48,SNPP,0.4,296.72,SNPP,D,2.0NRT,9.06,349.09
7.63762,80.98406,2026-08-25,820,n,0.46,SNPP,0.39,289.92,SNPP,D,2.0NRT,11.88,348.83
7.6370000000000005,80.97987,2026-08-25,820,n,0.46,SNPP,0.39,290.6,SNPP,D,2.0NRT,11.88,349.1
7.63637,80.97568,2026-08-25,820,n,0.46,SNPP,0.39,290.12,SNPP,D,2.0NRT,5.47,338.61
8.33228,81.02814,2026-08-25,820,n,0.47000000000000003,SNPP,0.4,289.01,SNPP,D,2.0NRT,5.71,336.9
8.3507,80.67214,2026-08-25,820,n,0.45,SNPP,0.39,289.59,SNPP,D,2.0NRT,3.94,330.59
8.35207,80.67225,2026-08-25,820,n,0.46,SNPP,0.39,290.08,SNPP,D,2.0NRT,6.02,338.64
8.29243,80.20691,2026-08-25,820,n,0.43,SNPP,0.38,287.69,SNPP,D,2.0NRT,11.89,348.62
8.47277,81.33554,2026-08-25,820,n,0.49,SNPP,0.4,282.25,SNPP,D,2.0NRT,9.87,334.73
8.37075,80.59804,2026-08-25,820,n,0.45,SNPP,0.39,291.28,SNPP,D,2.0NRT,3.91,338.74
8.35752,80.23368,2026-08-25,820,n,0.44,SNPP,0.38,287.66,SNPP,D,2.0NRT,7.87,344.91
8.36105,80.23316,2026-08-25,820,n,0.44,SNPP,0.38,288.27,SNPP,D,2.0NRT,3.9,334.08
8.44847,80.80316,2026-08-25,820,n,0.46,SNPP,0.39,284.12,SNPP,D,2.0NRT,4.05,335.04
8.42033,80.56149,2026-08-25,820,n,0.45,SNPP,0.39,289.5,SNPP,D,2.0NRT,5.89,339.71
8.42392,80.56097,2026-08-25,820,n,0.45,SNPP,0.39,290.88,SNPP,D,2.0NRT,10.47,342.91
8.41851,80.52428,2026-08-25,820,n,0.45,SNPP,0.39,290.38,SNPP,D,2.0NRT,3.76,335.59
8.4179,80.5202,2026-08-25,820,n,0.45,SNPP,0.39,287.87,SNPP,D,2.0NRT,1.09,334.3
8.47545,80.57486,2026-08-25,820,n,0.45,SNPP,0.39,291.24,SNPP,D,2.0NRT,3.83,334.97
8.44372,80.35572,2026-08-25,820,n,0.44,SNPP,0.38,291.17,SNPP,D,2.0NRT,11.18,339.94
8.44314,80.35169,2026-08-25,820,n,0.44,SNPP,0.38,290.04,SNPP,D,2.0NRT,5.12,331.81
8.52601,80.82277,2026-08-25,820,n,0.46,SNPP,0.39,290.21,SNPP,D,2.0NRT,4.38,333.46
8.53026,80.82647,2026-08-25,820,n,0.46,SNPP,0.39,287.83,SNPP,D,2.0NRT,4.38,336.45
8.52343,80.70296,2026-08-25,820,n,0.46,SNPP,0.39,287.42,SNPP,D,2.0NRT,2.65,330.42
8.59756,80.82961,2026-08-25,820,n,0.47000000000000003,SNPP,0.39,284.88,SNPP,D,2.0NRT,4.69,333.91
8.57438,80.56564,2026-08-25,820,n,0.45,SNPP,0.39,289.7,SNPP,D,2.0NRT,4.5,343.12
8.58405,80.45564,2026-08-25,820,n,0.45,SNPP,0.39,289.38,SNPP,D,2.0NRT,2.8,332.59
8.56757,80.34253,2026-08-25,820,n,0.44,SNPP,0.39,287.91,SNPP,D,2.0NRT,3.7199999999999998,334.74
8.62952,80.64198,2026-08-25,820,n,0.46,SNPP,0.39,291.64,SNPP,D,2.0NRT,3.74,333.52
8.63329,80.34522,2026-08-25,820,n,0.44,SNPP,0.39,294.85,SNPP,D,2.0NRT,7.19,338.37
8.63257,80.34579,2026-08-25,820,n,0.44,SNPP,0.39,295.21,SNPP,D,2.0NRT,8.37,344.64
8.66378,80.43628,2026-08-25,820,n,0.45,SNPP,0.39,289.17,SNPP,D,2.0NRT,3.55,332.82
8.67924,80.44233,2026-08-25,820,n,0.45,SNPP,0.39,289.13,SNPP,D,2.0NRT,6.78,346.52
8.69478,80.34908,2026-08-25,820,n,0.44,SNPP,0.39,291.26,SNPP,D,2.0NRT,3.86,339.58
8.7244,80.32823,2026-08-25,820,n,0.44,SNPP,0.39,287.31,SNPP,D,2.0NRT,4.74,336.03
6.25056,81.16558,2026-08-25,820,n,0.46,SNPP,0.39,296.59,SNPP,D,2.0NRT,1.87,331.6
6.59563,81.12982,2026-08-25,820,n,0.46,SNPP,0.39,297.31,SNPP,D,2.0NRT,3.38,335.19
6.62887,81.20591,2026-08-25,820,n,0.46,SNPP,0.39,301.37,SNPP,D,2.0NRT,8.09,350.02
6.62826,81.20171,2026-08-25,820,n,0.46,SNPP,0.39,304.09,SNPP,D,2.0NRT,6.36,347.17
14.20531,77.38112,2026-08-25,822,n,0.39,SNPP,0.36,297.5,SNPP,D,2.0NRT,3.89,337.11
10.21385,79.24151,2026-08-25,822,n,0.42,SNPP,0.37,278.65,SNPP,D,2.0NRT,3.48,330.12
17.08652,79.68517,2026-08-25,822,n,0.51,SNPP,0.41000000000000003,293.24,SNPP,D,2.0NRT,3.75,330.79
16.00588,79.10636,2026-08-25,822,n,0.46,SNPP,0.39,297.38,SNPP,D,2.0NRT,1.63,330.37
15.65774,78.98273,2026-08-25,822,n,0.45,SNPP,0.39,299.23,SNPP,D,2.0NRT,6.07,344.31
10.2144,79.2453,2026-08-25,822,n,0.42,SNPP,0.37,277.4,SNPP,D,2.0NRT,4.51,332.07
14.86806,79.7366,2026-08-25,822,n,0.48,SNPP,0.4,299.64,SNPP,D,2.0NRT,9.7,350.15
30.16365,72.41509,2026-08-25,826,n,0.38,SNPP,0.36,307.09,SNPP,D,2.0NRT,3.03,342.79
30.15438,73.2097,2026-08-25,826,l,0.39,SNPP,0.36,305.01,SNPP,D,2.0NRT,1.6099999999999999,330.18
29.78545,72.26527,2026-08-25,826,n,0.38,SNPP,0.36,307.31,SNPP,D,2.0NRT,3.8,343.41
30.85566,71.98112,2026-08-25,826,n,0.38,SNPP,0.36,300.18,SNPP,D,2.0NRT,2.21,334.02
30.64405,72.29908,2026-08-25,826,n,0.38,SNPP,0.36,299.84,SNPP,D,2.0NRT,2.22,333.31
30.8567,71.94377,2026-08-25,826,n,0.38,SNPP,0.36,303.01,SNPP,D,2.0NRT,8.91,347.82
30.6344,73.05245,2026-08-25,826,n,0.39,SNPP,0.36,303.52,SNPP,D,2.0NRT,4.64,336.05
30.55025,73.47831,2026-08-25,826,n,0.39,SNPP,0.36,308.94,SNPP,D,2.0NRT,4.79,339.44
30.41115,73.77779,2026-08-25,826,n,0.4,SNPP,0.37,303.01,SNPP,D,2.0NRT,1.7000000000000002,332.39
30.26614,72.98603,2026-08-25,826,n,0.39,SNPP,0.36,304.45,SNPP,D,2.0NRT,2.2800000000000002,336.39
30.35581,73.60623,2026-08-25,826,l,0.4,SNPP,0.37,301.9,SNPP,D,2.0NRT,2.79,330.28
30.38699,73.90166,2026-08-25,826,l,0.4,SNPP,0.37,303.76,SNPP,D,2.0NRT,3.83,331.03
32.57449,72.56425,2026-08-25,828,l,0.39,SNPP,0.36,308.49,SNPP,D,2.0NRT,4.02,334.07
31.74621,72.21912,2026-08-25,828,l,0.38,SNPP,0.36,305.23,SNPP,D,2.0NRT,2.73,332.48
31.09704,72.31596,2026-08-25,828,l,0.38,SNPP,0.36,307.17,SNPP,D,2.0NRT,3.38,335.48
31.09643,72.31196,2026-08-25,828,l,0.38,SNPP,0.36,305.53,SNPP,D,2.0NRT,2.31,333.55
37.26963,69.03612,2026-08-25,828,l,0.39,SNPP,0.36,306.9,SNPP,D,2.0NRT,2.74,334.32
31.86618,72.92677,2026-08-25,828,l,0.39,SNPP,0.36,306.22,SNPP,D,2.0NRT,4.26,332.25
27.31814,95.26488,2026-08-25,1910,n,0.4,SNPP,0.45,287.49,SNPP,N,2.0NRT,2.44,317.39
27.32489,95.27836,2026-08-25,1910,n,0.4,SNPP,0.44,288.02,SNPP,N,2.0NRT,2.34,310.53
22.37854,87.27468,2026-08-25,1910,n,0.55,SNPP,0.68,275.84,SNPP,N,2.0NRT,2.05,305.68
22.37812,87.2802,2026-08-25,1910,n,0.55,SNPP,0.68,276.62,SNPP,N,2.0NRT,2.05,307.89
22.37654,87.27341,2026-08-25,1910,n,0.55,SNPP,0.68,276.37,SNPP,N,2.0NRT,2.54,299.76
22.37608,87.27892,2026-08-25,1910,n,0.55,SNPP,0.68,279.11,SNPP,N,2.0NRT,3.21,311.74
22.36787,87.30032,2026-08-25,1910,n,0.55,SNPP,0.68,281.45,SNPP,N,2.0NRT,1.5899999999999999,305.12
22.35603,87.28809,2026-08-25,1910,n,0.55,SNPP,0.68,278.54,SNPP,N,2.0NRT,1.02,299.91
22.36498,87.01769,2026-08-25,1910,n,0.5700000000000001,SNPP,0.6900000000000001,277.98,SNPP,N,2.0NRT,0.5,302.1
22.24567,87.3872,2026-08-25,1910,n,0.54,SNPP,0.68,281.07,SNPP,N,2.0NRT,0.71,301.79
37.30626,77.71896,2026-08-25,2049,n,0.39,SNPP,0.36,283.19,SNPP,N,2.0NRT,0.43,295.89
35.969030000000004,68.68799,2026-08-25,2051,n,0.59,SNPP,0.53,293.92,SNPP,N,2.0NRT,2.05,304.65
33.6881,72.71527,2026-08-25,2051,n,0.51,SNPP,0.41000000000000003,295.43,SNPP,N,2.0NRT,0.98,307.75
33.2966,71.18492,2026-08-25,2051,n,0.4,SNPP,0.45,296.22,SNPP,N,2.0NRT,1.13,314.05
32.10264,74.17625,2026-08-25,2051,n,0.43,SNPP,0.38,295.14,SNPP,N,2.0NRT,3.45,323.42
31.61505,74.37461,2026-08-25,2051,n,0.42,SNPP,0.38,297.17,SNPP,N,2.0NRT,0.89,312.1
21.7445,83.84505,2026-08-25,2053,n,0.35000000000000003,SNPP,0.5700000000000001,276.34,SNPP,N,2.0NRT,2.32,298.77
17.95664,80.79015,2026-08-25,2053,n,0.53,SNPP,0.5,287.69,SNPP,N,2.0NRT,2.22,304.6
17.95564,80.7951,2026-08-25,2053,n,0.53,SNPP,0.5,287.79,SNPP,N,2.0NRT,1.62,310.43
17.95771,80.79256,2026-08-25,2053,n,0.53,SNPP,0.5,287.88,SNPP,N,2.0NRT,4.11,318.24
18.80515,74.26173,2026-08-25,2053,n,0.39,SNPP,0.36,290.55,SNPP,N,2.0NRT,0.58,306.85
18.57702,72.242,2026-08-25,2053,n,0.4,SNPP,0.37,287.56,SNPP,N,2.0NRT,2.8,318.46
15.17962,76.67442,2026-08-25,2053,n,0.5,SNPP,0.41000000000000003,283.81,SNPP,N,2.0NRT,0.71,300.33
15.1759,76.67371,2026-08-25,2053,n,0.5,SNPP,0.41000000000000003,286.46,SNPP,N,2.0NRT,0.71,305.07
15.17508,76.67832,2026-08-25,2053,n,0.5,SNPP,0.41000000000000003,285.37,SNPP,N,2.0NRT,2.2800000000000002,297.22
21.80047,83.89091,2026-08-25,2053,n,0.35000000000000003,SNPP,0.5700000000000001,274.09,SNPP,N,2.0NRT,0.38,298.89
21.75037,83.84305,2026-08-25,2053,n,0.35000000000000003,SNPP,0.5700000000000001,274.45,SNPP,N,2.0NRT,0.9,301.57
21.74524,83.84165,2026-08-25,2053,n,0.35000000000000003,SNPP,0.5700000000000001,278.44,SNPP,N,2.0NRT,2.32,344.62
21.74012,83.84026,2026-08-25,2053,n,0.35000000000000003,SNPP,0.5700000000000001,277.41,SNPP,N,2.0NRT,2.32,308.08
21.80072,82.0384,2026-08-25,2053,n,0.54,SNPP,0.51,277.59,SNPP,N,2.0NRT,0.72,300.33
21.37644,81.67916,2026-08-25,2053,n,0.52,SNPP,0.5,271.65,SNPP,N,2.0NRT,1.1,295.33
21.46661,80.1269,2026-08-25,2053,n,0.42,SNPP,0.45,271.13,SNPP,N,2.0NRT,0.53,300.63
22.93243,69.69887,2026-08-25,2053,n,0.55,SNPP,0.43,293.13,SNPP,N,2.0NRT,2.23,311.42
22.93312,69.69748,2026-08-25,2053,n,0.55,SNPP,0.43,292.93,SNPP,N,2.0NRT,2.18,314.65
28.42473,69.69848,2026-08-25,2053,n,0.43,SNPP,0.46,297.82,SNPP,N,2.0NRT,1.6400000000000001,315.47
25.9415,72.19053,2026-08-25,2053,n,0.45,SNPP,0.39,280.44,SNPP,N,2.0NRT,0.87,306.2
26.09389,68.87976,2026-08-25,2053,n,0.45,SNPP,0.47000000000000003,291.38,SNPP,N,2.0NRT,1.18,305.55
25.38861,68.58073,2026-08-25,2053,n,0.46,SNPP,0.47000000000000003,295.54,SNPP,N,2.0NRT,2.1,319.53
22.03749,83.35403,2026-08-25,2053,n,0.32,SNPP,0.55,272.66,SNPP,N,2.0NRT,1.02,297.68
21.82554,83.90067,2026-08-25,2053,n,0.35000000000000003,SNPP,0.5700000000000001,272.21,SNPP,N,2.0NRT,0.53,298.76
9.70498,77.43482,2026-08-25,2055,n,0.45,SNPP,0.47000000000000003,271.73,SNPP,N,2.0NRT,1.8900000000000001,295.89
14.87239,78.05413,2026-08-25,2055,n,0.4,SNPP,0.44,281.77,SNPP,N,2.0NRT,2.06,309.87
19.82175,79.2376,2026-08-25,2055,n,0.39,SNPP,0.44,286.07,SNPP,N,2.0NRT,0.86,301.47
21.10119,72.63515,2026-08-25,2055,n,0.4,SNPP,0.37,290.63,SNPP,N,2.0NRT,7.38,333.85
21.10678,72.64395,2026-08-25,2055,n,0.4,SNPP,0.37,277.94,SNPP,N,2.0NRT,2.31,316.16
21.1062,72.64778,2026-08-25,2055,n,0.4,SNPP,0.37,275.72,SNPP,N,2.0NRT,1.33,310.96
22.4152,69.03896,2026-08-25,2055,n,0.39,SNPP,0.44,285.84,SNPP,N,2.0NRT,1.3900000000000001,305.3
21.1113,72.63686,2026-08-25,2055,n,0.4,SNPP,0.37,279.28,SNPP,N,2.0NRT,1.51,301.26
21.10456,72.63571,2026-08-25,2055,n,0.4,SNPP,0.37,287.4,SNPP,N,2.0NRT,3.21,316.63
28.49955,97.02465,2026-08-26,627,n,0.4,SNPP,0.44,293.85,SNPP,D,2.0NRT,4.07,329.5
28.49959,97.02323,2026-08-26,627,n,0.4,SNPP,0.44,295.27,SNPP,D,2.0NRT,3.98,333.15
8.87628,80.67516,2026-08-26,801,l,0.4,SNPP,0.37,295.63,SNPP,D,2.0NRT,21.83,349.07
10.05334,77.95324,2026-08-26,801,n,0.51,SNPP,0.41000000000000003,296.96,SNPP,D,2.0NRT,10.17,348.01
9.90823,78.08034,2026-08-26,801,n,0.51,SNPP,0.41000000000000003,295.48,SNPP,D,2.0NRT,5.5,333.85
9.90871,78.08326,2026-08-26,801,n,0.51,SNPP,0.41000000000000003,295.44,SNPP,D,2.0NRT,5.83,333.9
9.80408,78.17467,2026-08-26,801,n,0.5,SNPP,0.41000000000000003,296.81,SNPP,D,2.0NRT,4.0,337.02
9.6447,79.92132,2026-08-26,801,l,0.42,SNPP,0.38,297.66,SNPP,D,2.0NRT,4.9,332.66
9.38948,78.88505,2026-08-26,801,l,0.47000000000000003,SNPP,0.4,299.69,SNPP,D,2.0NRT,6.1,336.31
9.38904,78.88414,2026-08-26,801,l,0.47000000000000003,SNPP,0.4,299.26,SNPP,D,2.0NRT,5.44,334.56
9.34108,80.16885,2026-08-26,801,l,0.42,SNPP,0.37,299.04,SNPP,D,2.0NRT,4.26,334.89
9.15012,80.21935,2026-08-26,801,l,0.42,SNPP,0.37,296.34,SNPP,D,2.0NRT,6.6,335.19
9.07845,80.47284,2026-08-26,801,l,0.41000000000000003,SNPP,0.37,293.53,SNPP,D,2.0NRT,1.79,330.08
8.54511,80.56976,2026-08-26,801,n,0.41000000000000003,SNPP,0.37,293.93,SNPP,D,2.0NRT,4.23,330.72
9.04064,80.67525,2026-08-26,801,n,0.4,SNPP,0.37,297.39,SNPP,D,2.0NRT,4.64,336.15
9.00604,80.68044,2026-08-26,801,n,0.4,SNPP,0.37,296.42,SNPP,D,2.0NRT,7.86,342.47
8.99618,80.83887,2026-08-26,801,l,0.4,SNPP,0.37,300.2,SNPP,D,2.0NRT,7.74,341.16
12.13064,79.65323,2026-08-26,801,l,0.41000000000000003,SNPP,0.37,306.63,SNPP,D,2.0NRT,24.35,333.44
8.69024,80.84766,2026-08-26,801,l,0.4,SNPP,0.37,298.49,SNPP,D,2.0NRT,4.04,336.1
8.66969,80.53839,2026-08-26,801,l,0.41000000000000003,SNPP,0.37,299.17,SNPP,D,2.0NRT,11.4,341.19
8.77482,80.87483,2026-08-26,801,l,0.4,SNPP,0.37,296.31,SNPP,D,2.0NRT,6.12,340.62
14.25997,80.11976,2026-08-26,803,l,0.39,SNPP,0.36,302.06,SNPP,D,2.0NRT,9.65,330.87
13.84194,79.25305,2026-08-26,803,l,0.41000000000000003,SNPP,0.37,296.56,SNPP,D,2.0NRT,5.29,330.21
14.2594,80.11615,2026-08-26,803,l,0.39,SNPP,0.36,301.84,SNPP,D,2.0NRT,5.44,332.94
15.17995,76.68201,2026-08-26,803,n,0.51,SNPP,0.41000000000000003,296.78,SNPP,D,2.0NRT,3.33,334.96
15.90841,79.10486,2026-08-26,803,l,0.4,SNPP,0.37,300.64,SNPP,D,2.0NRT,3.5700000000000003,332.68
16.40065,79.36692,2026-08-26,803,n,0.39,SNPP,0.36,297.3,SNPP,D,2.0NRT,4.44,335.87
17.95717,80.79728,2026-08-26,803,n,0.39,SNPP,0.36,296.44,SNPP,D,2.0NRT,3.39,333.75
18.54734,74.17914,2026-08-26,803,n,0.42,SNPP,0.45,294.44,SNPP,D,2.0NRT,5.43,332.83
22.35679,82.30565,2026-08-26,805,n,0.45,SNPP,0.39,295.09,SNPP,D,2.0NRT,5.19,330.32
21.75594,83.84392,2026-08-26,805,n,0.53,SNPP,0.42,293.25,SNPP,D,2.0NRT,10.06,339.67
21.74819,83.84499,2026-08-26,805,n,0.53,SNPP,0.42,294.05,SNPP,D,2.0NRT,5.71,338.5
21.74366,83.84032,2026-08-26,805,n,0.53,SNPP,0.42,291.1,SNPP,D,2.0NRT,5.71,332.06
25.21213,68.3015,2026-08-26,805,n,0.36,SNPP,0.5700000000000001,299.45,SNPP,D,2.0NRT,2.42,334.66
21.10126,72.63638,2026-08-26,805,n,0.47000000000000003,SNPP,0.48,294.3,SNPP,D,2.0NRT,11.1,355.87
21.10306,72.64542,2026-08-26,805,n,0.47000000000000003,SNPP,0.48,293.41,SNPP,D,2.0NRT,4.7,336.67
33.57693,74.22216,2026-08-26,807,n,0.4,SNPP,0.37,299.53,SNPP,D,2.0NRT,2.99,330.71
28.51605,68.00181,2026-08-26,807,n,0.32,SNPP,0.55,301.55,SNPP,D,2.0NRT,1.5899999999999999,336.73
26.53106,68.25273,2026-08-26,807,l,0.34,SNPP,0.56,303.06,SNPP,D,2.0NRT,1.97,331.86
28.51536,68.00385,2026-08-26,807,n,0.32,SNPP,0.55,301.92,SNPP,D,2.0NRT,1.9300000000000002,338.07
30.37266,73.89281,2026-08-26,807,l,0.44,SNPP,0.38,302.55,SNPP,D,2.0NRT,4.26,332.4
30.37163,73.89048,2026-08-26,807,n,0.44,SNPP,0.38,302.65,SNPP,D,2.0NRT,4.25,336.49
31.608,74.33546,2026-08-26,807,l,0.41000000000000003,SNPP,0.37,304.78,SNPP,D,2.0NRT,3.2,330.73
32.5758,72.56439,2026-08-26,807,l,0.46,SNPP,0.39,305.2,SNPP,D,2.0NRT,4.02,333.08
30.06765,96.97842,2026-08-26,1849,n,0.33,SNPP,0.55,286.67,SNPP,N,2.0NRT,1.22,305.39
22.47516,91.73235,2026-08-26,1851,n,0.58,SNPP,0.7000000000000001,282.54,SNPP,N,2.0NRT,3.27,303.45
24.92307,92.52792,2026-08-26,1851,n,0.55,SNPP,0.68,284.62,SNPP,N,2.0NRT,4.53,297.19
35.97722,79.17194,2026-08-26,2029,n,0.46,SNPP,0.39,274.87,SNPP,N,2.0NRT,0.62,296.85
35.96835,68.68652,2026-08-26,2029,n,0.55,SNPP,0.68,292.26,SNPP,N,2.0NRT,1.57,304.54
29.92137,74.95252,2026-08-26,2032,n,0.42,SNPP,0.45,282.32,SNPP,N,2.0NRT,0.96,298.99
32.88788,71.61542,2026-08-26,2032,n,0.35000000000000003,SNPP,0.5700000000000001,297.12,SNPP,N,2.0NRT,1.4,314.24
32.57602,72.56142,2026-08-26,2032,n,0.62,SNPP,0.54,297.06,SNPP,N,2.0NRT,4.27,308.57
32.29348,70.72976,2026-08-26,2032,n,0.39,SNPP,0.59,294.09,SNPP,N,2.0NRT,2.39,309.52
33.40668,71.93626,2026-08-26,2032,n,0.34,SNPP,0.56,295.4,SNPP,N,2.0NRT,0.93,315.38
33.40617,71.93729,2026-08-26,2032,n,0.34,SNPP,0.56,295.31,SNPP,N,2.0NRT,0.77,314.78
33.29676,71.18489,2026-08-26,2032,n,0.38,SNPP,0.58,293.68,SNPP,N,2.0NRT,1.05,312.33
29.39776,70.99824,2026-08-26,2032,n,0.35000000000000003,SNPP,0.5700000000000001,296.18,SNPP,N,2.0NRT,0.46,307.06
22.92565,69.82343,2026-08-26,2034,n,0.35000000000000003,SNPP,0.5700000000000001,290.14,SNPP,N,2.0NRT,0.67,303.65
22.924500000000002,69.82229,2026-08-26,2034,n,0.35000000000000003,SNPP,0.5700000000000001,290.12,SNPP,N,2.0NRT,1.76,301.64
20.78876,85.25801,2026-08-26,2034,n,0.45,SNPP,0.47000000000000003,286.65,SNPP,N,2.0NRT,1.13,301.02
23.69875,87.09306,2026-08-26,2034,n,0.52,SNPP,0.5,285.24,SNPP,N,2.0NRT,2.02,301.23
23.79604,86.28603,2026-08-26,2034,n,0.46,SNPP,0.47000000000000003,285.08,SNPP,N,2.0NRT,1.3900000000000001,299.33
23.79305,86.23392,2026-08-26,2034,n,0.46,SNPP,0.47000000000000003,284.98,SNPP,N,2.0NRT,3.42,297.85
23.56083,87.22818,2026-08-26,2034,n,0.53,SNPP,0.5,280.42,SNPP,N,2.0NRT,2.21,300.7
23.55976,87.23328,2026-08-26,2034,n,0.53,SNPP,0.5,285.34,SNPP,N,2.0NRT,2.46,304.51
23.61457,86.79169,2026-08-26,2034,n,0.5,SNPP,0.49,287.95,SNPP,N,2.0NRT,3.56,311.36
23.61321,86.78960000000001,2026-08-26,2034,n,0.5,SNPP,0.49,287.72,SNPP,N,2.0NRT,3.11,311.97
23.12196,70.08334,2026-08-26,2034,n,0.34,SNPP,0.56,290.15,SNPP,N,2.0NRT,1.48,311.0
20.86715,84.99306,2026-08-26,2034,n,0.43,SNPP,0.46,281.88,SNPP,N,2.0NRT,2.21,303.85
20.86633,84.99726,2026-08-26,2034,n,0.43,SNPP,0.46,282.26,SNPP,N,2.0NRT,1.8599999999999999,302.62
20.86377,84.98796,2026-08-26,2034,n,0.43,SNPP,0.46,283.25,SNPP,N,2.0NRT,2.41,331.05
20.86296,84.99215,2026-08-26,2034,n,0.43,SNPP,0.46,281.55,SNPP,N,2.0NRT,2.41,308.93
20.79388,85.25462,2026-08-26,2034,n,0.45,SNPP,0.47000000000000003,286.57,SNPP,N,2.0NRT,1.13,303.84
20.79303,85.25893,2026-08-26,2034,n,0.45,SNPP,0.47000000000000003,287.06,SNPP,N,2.0NRT,1.13,302.21
18.95733,73.94366,2026-08-26,2036,n,0.53,SNPP,0.42,290.0,SNPP,N,2.0NRT,2.23,324.36
13.8324,79.25771,2026-08-26,2036,n,0.42,SNPP,0.37,283.62,SNPP,N,2.0NRT,0.19,300.63
15.01486,79.80273,2026-08-26,2036,n,0.43,SNPP,0.38,292.67,SNPP,N,2.0NRT,4.8100000000000005,316.21
15.68362,78.45876,2026-08-26,2036,n,0.39,SNPP,0.36,292.66,SNPP,N,2.0NRT,0.9400000000000001,306.97
15.18476,76.66579,2026-08-26,2036,n,0.39,SNPP,0.36,290.28,SNPP,N,2.0NRT,1.57,311.2
15.1731,76.78556,2026-08-26,2036,n,0.39,SNPP,0.36,291.16,SNPP,N,2.0NRT,0.8200000000000001,304.39
15.30111,76.21888,2026-08-26,2036,n,0.4,SNPP,0.37,289.96,SNPP,N,2.0NRT,0.6900000000000001,304.95
15.0046,77.00061,2026-08-26,2036,n,0.39,SNPP,0.36,292.26,SNPP,N,2.0NRT,0.6900000000000001,310.42
15.16815,76.38161,2026-08-26,2036,n,0.39,SNPP,0.36,288.52,SNPP,N,2.0NRT,1.3900000000000001,308.5
15.17149,76.38216,2026-08-26,2036,n,0.39,SNPP,0.36,288.15,SNPP,N,2.0NRT,0.46,301.43
15.02314,78.01447,2026-08-26,2036,n,0.39,SNPP,0.36,280.87,SNPP,N,2.0NRT,1.12,308.69
15.17495,77.10123,2026-08-26,2036,n,0.39,SNPP,0.36,287.24,SNPP,N,2.0NRT,0.81,306.08
15.17826,77.10178,2026-08-26,2036,n,0.39,SNPP,0.36,285.43,SNPP,N,2.0NRT,0.81,302.31
15.33239,76.28411,2026-08-26,2036,n,0.4,SNPP,0.37,287.96,SNPP,N,2.0NRT,0.93,306.46
15.18143,76.66524,2026-08-26,2036,n,0.39,SNPP,0.36,290.26,SNPP,N,2.0NRT,1.57,326.3
15.16735,76.6746,2026-08-26,2036,n,0.39,SNPP,0.36,285.55,SNPP,N,2.0NRT,0.5,304.85
15.16791,76.67098,2026-08-26,2036,n,0.39,SNPP,0.36,285.83,SNPP,N,2.0NRT,1.47,309.55
15.17348,76.65711,2026-08-26,2036,n,0.39,SNPP,0.36,287.35,SNPP,N,2.0NRT,1.0,311.66
15.17403,76.65352,2026-08-26,2036,n,0.39,SNPP,0.36,286.79,SNPP,N,2.0NRT,1.0,310.22
15.1712,76.69366,2026-08-26,2036,n,0.39,SNPP,0.36,287.77,SNPP,N,2.0NRT,1.32,302.91
15.17624,76.66125,2026-08-26,2036,n,0.39,SNPP,0.36,288.3,SNPP,N,2.0NRT,1.72,304.34
15.1768,76.65766,2026-08-26,2036,n,0.39,SNPP,0.36,290.69,SNPP,N,2.0NRT,2.93,332.51
15.17736,76.65406,2026-08-26,2036,n,0.39,SNPP,0.36,291.09,SNPP,N,2.0NRT,2.93,327.76
15.17453,76.69421,2026-08-26,2036,n,0.39,SNPP,0.36,290.04,SNPP,N,2.0NRT,1.32,316.22
15.17733,76.67619,2026-08-26,2036,n,0.39,SNPP,0.36,292.52,SNPP,N,2.0NRT,3.51,328.74
15.17922,76.67965,2026-08-26,2036,n,0.39,SNPP,0.36,291.74,SNPP,N,2.0NRT,1.9100000000000001,309.1
15.18088,76.66885,2026-08-26,2036,n,0.39,SNPP,0.36,290.26,SNPP,N,2.0NRT,2.45,306.97
15.18476,76.64362,2026-08-26,2036,n,0.39,SNPP,0.36,289.85,SNPP,N,2.0NRT,0.6000000000000001,304.82
13.70935,79.61942,2026-08-26,2036,n,0.43,SNPP,0.38,281.75,SNPP,N,2.0NRT,0.92,304.18
13.62073,78.48496,2026-08-26,2036,n,0.4,SNPP,0.37,281.72,SNPP,N,2.0NRT,0.4,299.89
16.63467,74.34213,2026-08-26,2036,n,0.47000000000000003,SNPP,0.4,290.9,SNPP,N,2.0NRT,0.52,301.82
18.68293,73.03869,2026-08-26,2036,n,0.39,SNPP,0.44,291.72,SNPP,N,2.0NRT,2.52,308.16
18.68391,73.0312,2026-08-26,2036,n,0.39,SNPP,0.44,291.47,SNPP,N,2.0NRT,2.8,312.29
11.81618,77.91673,2026-08-26,2038,n,0.4,SNPP,0.37,286.24,SNPP,N,2.0NRT,2.03,315.08
11.18108,79.10128,2026-08-26,2038,n,0.43,SNPP,0.38,285.73,SNPP,N,2.0NRT,0.43,303.57
11.2694,80.00464,2026-08-26,2038,n,0.47000000000000003,SNPP,0.4,285.63,SNPP,N,2.0NRT,1.4,310.68
11.80979,77.00835,2026-08-26,2038,n,0.38,SNPP,0.36,272.49,SNPP,N,2.0NRT,0.44,302.99
32.29206,70.73114,2026-08-26,2212,n,0.56,SNPP,0.6900000000000001,292.87,SNPP,N,2.0NRT,2.11,305.52
32.88802,71.61938,2026-08-26,2212,n,0.6000000000000001,SNPP,0.71,292.02,SNPP,N,2.0NRT,2.92,305.79
33.2675,71.31137,2026-08-26,2212,n,0.5700000000000001,SNPP,0.6900000000000001,291.57,SNPP,N,2.0NRT,2.25,320.75
33.27002,71.31249,2026-08-26,2212,n,0.56,SNPP,0.6900000000000001,291.23,SNPP,N,2.0NRT,2.7199999999999998,321.14
7.9311300000000005,81.2623,2026-08-27,741,n,0.45,SNPP,0.47000000000000003,296.46,SNPP,D,2.0NRT,8.43,347.38
8.493970000000001,80.63341,2026-08-27,741,n,0.48,SNPP,0.48,292.78,SNPP,D,2.0NRT,4.77,341.23
8.39403,81.18223,2026-08-27,741,n,0.45,SNPP,0.47000000000000003,292.71,SNPP,D,2.0NRT,2.83,333.39
8.18817,81.2166,2026-08-27,741,n,0.45,SNPP,0.47000000000000003,296.28,SNPP,D,2.0NRT,2.87,332.07
8.18319,81.21323,2026-08-27,741,n,0.45,SNPP,0.47000000000000003,297.42,SNPP,D,2.0NRT,4.85,333.47
8.18388,81.21734,2026-08-27,741,n,0.45,SNPP,0.47000000000000003,295.36,SNPP,D,2.0NRT,3.52,335.58
8.16389,81.33283,2026-08-27,741,n,0.44,SNPP,0.46,297.15,SNPP,D,2.0NRT,2.9,331.58
8.07976,81.34676,2026-08-27,741,n,0.44,SNPP,0.46,297.32,SNPP,D,2.0NRT,3.62,341.29
7.72983,79.9324,2026-08-27,741,n,0.55,SNPP,0.51,289.15,SNPP,D,2.0NRT,6.21,335.01
7.93437,81.33264,2026-08-27,741,n,0.44,SNPP,0.46,299.4,SNPP,D,2.0NRT,3.31,334.16
7.93412,81.38229,2026-08-27,741,n,0.44,SNPP,0.46,299.88,SNPP,D,2.0NRT,4.3,340.78
7.93105,81.38248,2026-08-27,741,n,0.44,SNPP,0.46,299.2,SNPP,D,2.0NRT,3.19,331.54
7.62258,80.95859,2026-08-27,741,n,0.48,SNPP,0.48,291.98,SNPP,D,2.0NRT,1.45,334.5
7.60005,81.70477,2026-08-27,741,n,0.43,SNPP,0.46,296.53,SNPP,D,2.0NRT,4.67,330.28
7.47004,81.04136,2026-08-27,741,n,0.47000000000000003,SNPP,0.48,296.41,SNPP,D,2.0NRT,9.14,346.12
9.91843,77.93557,2026-08-27,744,n,0.35000000000000003,SNPP,0.56,294.03,SNPP,D,2.0NRT,2.5700000000000003,335.55
10.02469,78.36389,2026-08-27,744,n,0.32,SNPP,0.55,295.39,SNPP,D,2.0NRT,2.55,334.84
10.28012,78.98431,2026-08-27,744,n,0.58,SNPP,0.52,296.95,SNPP,D,2.0NRT,7.07,339.64
12.19828,79.71751,2026-08-27,744,n,0.48,SNPP,0.48,293.89,SNPP,D,2.0NRT,2.89,331.74
8.92234,80.68958,2026-08-27,744,n,0.47000000000000003,SNPP,0.48,287.91,SNPP,D,2.0NRT,5.85,340.84
8.90006,80.48241,2026-08-27,744,n,0.49,SNPP,0.48,287.95,SNPP,D,2.0NRT,5.58,343.34
8.53767,77.95551,2026-08-27,744,n,0.37,SNPP,0.58,291.3,SNPP,D,2.0NRT,2.88,330.37
8.53706,77.95217,2026-08-27,744,n,0.37,SNPP,0.58,291.67,SNPP,D,2.0NRT,2.88,335.66
9.13851,80.74121,2026-08-27,744,n,0.46,SNPP,0.47000000000000003,296.36,SNPP,D,2.0NRT,5.95,330.75
9.38627,80.50593,2026-08-27,744,n,0.48,SNPP,0.48,296.78,SNPP,D,2.0NRT,3.62,341.96
11.69187,79.39234,2026-08-27,744,n,0.52,SNPP,0.5,295.48,SNPP,D,2.0NRT,1.98,332.69
10.87787,77.24078,2026-08-27,744,n,0.37,SNPP,0.58,295.55,SNPP,D,2.0NRT,3.26,330.18
9.1307,77.84574,2026-08-27,744,n,0.36,SNPP,0.58,296.02,SNPP,D,2.0NRT,4.28,335.59
9.13009,77.84245,2026-08-27,744,n,0.36,SNPP,0.58,296.5,SNPP,D,2.0NRT,4.92,341.07
9.30457,78.81348,2026-08-27,744,n,0.62,SNPP,0.54,296.26,SNPP,D,2.0NRT,0.98,334.81
9.13252,77.84334,2026-08-27,744,n,0.36,SNPP,0.58,296.56,SNPP,D,2.0NRT,3.68,338.51
9.30486,78.81577,2026-08-27,744,n,0.62,SNPP,0.54,296.38,SNPP,D,2.0NRT,6.54,336.81
9.45494,80.49021,2026-08-27,744,n,0.48,SNPP,0.48,295.5,SNPP,D,2.0NRT,5.54,344.21
9.42552,80.37328,2026-08-27,744,n,0.49,SNPP,0.48,295.98,SNPP,D,2.0NRT,7.33,340.3
9.4147,80.41617,2026-08-27,744,n,0.48,SNPP,0.48,295.31,SNPP,D,2.0NRT,2.19,330.97
8.93558,77.80733,2026-08-27,744,n,0.37,SNPP,0.58,294.19,SNPP,D,2.0NRT,2.63,336.01
10.99141,78.89906,2026-08-27,744,n,0.5700000000000001,SNPP,0.52,298.76,SNPP,D,2.0NRT,10.52,338.6
9.20093,77.46384,2026-08-27,744,n,0.38,SNPP,0.59,295.68,SNPP,D,2.0NRT,1.6099999999999999,331.96
9.9931,79.18903,2026-08-27,744,n,0.5700000000000001,SNPP,0.52,295.75,SNPP,D,2.0NRT,1.7000000000000002,333.06
17.64342,74.69589,2026-08-27,746,n,0.41000000000000003,SNPP,0.61,291.34,SNPP,D,2.0NRT,4.07,335.54
20.86458,84.98833,2026-08-27,746,n,0.39,SNPP,0.36,293.29,SNPP,D,2.0NRT,4.15,338.21
20.884,84.98126,2026-08-27,746,n,0.39,SNPP,0.36,295.69,SNPP,D,2.0NRT,2.9699999999999998,330.65
20.78782,85.26209,2026-08-27,746,n,0.39,SNPP,0.36,289.15,SNPP,D,2.0NRT,1.55,335.01
27.73219,68.73432,2026-08-27,748,n,0.5700000000000001,SNPP,0.6900000000000001,295.92,SNPP,D,2.0NRT,6.08,334.98
26.63018,70.38756,2026-08-27,748,n,0.49,SNPP,0.65,299.79,SNPP,D,2.0NRT,4.07,336.05
27.26775,88.31142,2026-08-27,748,n,0.4,SNPP,0.44,278.62,SNPP,D,2.0NRT,4.19,332.2
26.63397,70.38496,2026-08-27,748,n,0.49,SNPP,0.65,300.41,SNPP,D,2.0NRT,3.37,340.33
29.70477,72.60225,2026-08-27,750,n,0.62,SNPP,0.54,293.84,SNPP,D,2.0NRT,4.11,337.54
29.47649,70.75252,2026-08-27,750,n,0.4,SNPP,0.6000000000000001,299.04,SNPP,D,2.0NRT,2.16,330.8
30.60386,74.03584,2026-08-27,750,n,0.49,SNPP,0.48,298.61,SNPP,D,2.0NRT,3.14,337.14
30.69802,74.17593,2026-08-27,750,l,0.48,SNPP,0.48,300.88,SNPP,D,2.0NRT,3.07,330.82
31.39734,72.43457,2026-08-27,750,n,0.58,SNPP,0.52,299.32,SNPP,D,2.0NRT,6.59,343.26
31.39786,72.4391,2026-08-27,750,n,0.58,SNPP,0.52,299.15,SNPP,D,2.0NRT,5.73,334.97
31.39647,72.43313,2026-08-27,750,n,0.58,SNPP,0.52,298.4,SNPP,D,2.0NRT,5.73,330.38
31.4112,72.16735,2026-08-27,750,n,0.6000000000000001,SNPP,0.53,298.2,SNPP,D,2.0NRT,4.74,336.49
31.45704,72.16631,2026-08-27,750,n,0.6000000000000001,SNPP,0.53,298.62,SNPP,D,2.0NRT,8.53,341.89
30.17456,72.42779,2026-08-27,930,n,0.78,SNPP,0.78,292.92,SNPP,D,2.0NRT,8.86,331.62
30.17446,72.42593,2026-08-27,930,n,0.78,SNPP,0.78,292.53,SNPP,D,2.0NRT,7.18,335.47
37.30121,77.72136,2026-08-27,2010,n,0.33,SNPP,0.55,282.38,SNPP,N,2.0NRT,0.8300000000000001,297.69
25.81079,88.8863,2026-08-27,2014,n,0.49,SNPP,0.4,286.07,SNPP,N,2.0NRT,3.4,303.34
22.79055,86.20983,2026-08-27,2014,n,0.41000000000000003,SNPP,0.37,278.4,SNPP,N,2.0NRT,1.08,306.4
29.08417,88.0132,2026-08-27,2014,n,0.42,SNPP,0.37,280.25,SNPP,N,2.0NRT,1.48,300.12
29.91529,74.9477,2026-08-27,2014,n,0.4,SNPP,0.6000000000000001,292.96,SNPP,N,2.0NRT,1.5899999999999999,308.09
29.91498,74.95193,2026-08-27,2014,n,0.4,SNPP,0.6000000000000001,293.0,SNPP,N,2.0NRT,1.5899999999999999,306.17
29.91002,74.94289,2026-08-27,2014,n,0.4,SNPP,0.6000000000000001,292.71,SNPP,N,2.0NRT,12.52,346.19
29.90971,74.94712,2026-08-27,2014,n,0.4,SNPP,0.6000000000000001,294.75,SNPP,N,2.0NRT,13.61,350.51
22.24742,87.38844,2026-08-27,2014,n,0.46,SNPP,0.39,285.15,SNPP,N,2.0NRT,1.81,309.29
22.3576,87.29176,2026-08-27,2014,n,0.46,SNPP,0.39,285.89,SNPP,N,2.0NRT,1.78,305.77
22.36518,87.3004,2026-08-27,2014,n,0.46,SNPP,0.39,287.19,SNPP,N,2.0NRT,3.88,323.59
22.3771,87.27546,2026-08-27,2014,n,0.46,SNPP,0.39,286.36,SNPP,N,2.0NRT,1.49,307.83
22.3763,87.27986,2026-08-27,2014,n,0.46,SNPP,0.39,287.22,SNPP,N,2.0NRT,3.31,324.45
22.78921,86.19717,2026-08-27,2014,n,0.41000000000000003,SNPP,0.37,278.39,SNPP,N,2.0NRT,3.24,327.01
29.9094,74.95135,2026-08-27,2014,n,0.4,SNPP,0.6000000000000001,293.15,SNPP,N,2.0NRT,13.61,321.57
29.910330000000002,74.93867,2026-08-27,2014,n,0.4,SNPP,0.6000000000000001,292.26,SNPP,N,2.0NRT,12.52,305.44
29.90909,74.95557,2026-08-27,2014,n,0.4,SNPP,0.6000000000000001,292.96,SNPP,N,2.0NRT,2.25,306.55
29.457,76.86609,2026-08-27,2014,n,0.61,SNPP,0.53,289.84,SNPP,N,2.0NRT,7.66,334.4
23.68629,87.12115,2026-08-27,2014,n,0.44,SNPP,0.38,261.37,SNPP,N,2.0NRT,0.41000000000000003,295.74
23.66489,87.16066000000001,2026-08-27,2014,n,0.44,SNPP,0.38,275.89,SNPP,N,2.0NRT,0.75,304.31
23.66214,87.15569,2026-08-27,2014,n,0.44,SNPP,0.38,274.6,SNPP,N,2.0NRT,2.08,314.34
23.56085,87.2383,2026-08-27,2014,n,0.44,SNPP,0.38,278.76,SNPP,N,2.0NRT,1.94,327.01
23.56009,87.24259,2026-08-27,2014,n,0.44,SNPP,0.38,278.93,SNPP,N,2.0NRT,1.94,308.29
23.55659,87.24186,2026-08-27,2014,n,0.44,SNPP,0.38,278.17,SNPP,N,2.0NRT,1.94,305.1
23.55232,87.24541,2026-08-27,2014,n,0.44,SNPP,0.39,275.15,SNPP,N,2.0NRT,0.54,308.68
23.54881,87.24468,2026-08-27,2014,n,0.44,SNPP,0.39,266.9,SNPP,N,2.0NRT,0.54,296.44
23.84105,85.30284,2026-08-27,2014,n,0.39,SNPP,0.36,270.04,SNPP,N,2.0NRT,0.35000000000000003,296.4
23.69652,85.29062,2026-08-27,2014,n,0.39,SNPP,0.36,279.36,SNPP,N,2.0NRT,0.74,304.11
9.49338,77.62221,2026-08-27,2017,n,0.47000000000000003,SNPP,0.4,281.79,SNPP,N,2.0NRT,0.44,302.0
11.81781,77.91653,2026-08-27,2017,n,0.48,SNPP,0.4,289.98,SNPP,N,2.0NRT,2.88,311.73
15.99257,78.3996,2026-08-27,2017,n,0.51,SNPP,0.41000000000000003,283.96,SNPP,N,2.0NRT,1.8900000000000001,304.82
15.844570000000001,79.77414,2026-08-27,2017,n,0.44,SNPP,0.38,293.76,SNPP,N,2.0NRT,3.7,312.68
11.26739,80.00417,2026-08-27,2017,n,0.4,SNPP,0.37,289.69,SNPP,N,2.0NRT,1.56,312.59
16.54488,79.75774,2026-08-27,2017,n,0.44,SNPP,0.39,293.17,SNPP,N,2.0NRT,3.09,307.31
11.18222,79.10208,2026-08-27,2017,n,0.42,SNPP,0.38,290.78,SNPP,N,2.0NRT,2.06,304.71
17.95681,80.78843,2026-08-27,2017,n,0.42,SNPP,0.37,291.87,SNPP,N,2.0NRT,3.03,308.3
21.10433,72.64272,2026-08-27,2017,n,0.45,SNPP,0.63,264.87,SNPP,N,2.0NRT,2.66,305.89
22.38937,73.11508,2026-08-27,2017,n,0.43,SNPP,0.62,272.37,SNPP,N,2.0NRT,0.59,295.06
17.46458,80.65409,2026-08-27,2017,n,0.42,SNPP,0.37,292.22,SNPP,N,2.0NRT,2.91,319.97
17.95565,80.79626,2026-08-27,2017,n,0.42,SNPP,0.37,291.82,SNPP,N,2.0NRT,2.91,317.3
11.10949,77.76649,2026-08-27,2017,n,0.48,SNPP,0.4,292.92,SNPP,N,2.0NRT,1.12,309.44
10.14528,78.35623,2026-08-27,2017,n,0.44,SNPP,0.38,293.87,SNPP,N,2.0NRT,0.73,306.72
11.17704,79.08945,2026-08-27,2017,n,0.42,SNPP,0.38,291.52,SNPP,N,2.0NRT,1.27,307.88
11.81603,77.91864,2026-08-27,2017,n,0.48,SNPP,0.4,290.36,SNPP,N,2.0NRT,2.43,320.62
8.99971,80.67416,2026-08-27,2017,n,0.38,SNPP,0.36,291.14,SNPP,N,2.0NRT,1.16,308.64
9.49335,77.62408,2026-08-27,2017,n,0.47000000000000003,SNPP,0.4,283.83,SNPP,N,2.0NRT,0.45,304.15
8.30766,77.63818,2026-08-27,2019,n,0.46,SNPP,0.39,293.28,SNPP,N,2.0NRT,1.33,310.18
8.41052,80.75783,2026-08-27,2019,n,0.38,SNPP,0.36,286.31,SNPP,N,2.0NRT,0.38,302.76
7.3066,80.94781,2026-08-27,2019,n,0.39,SNPP,0.36,286.08,SNPP,N,2.0NRT,1.88,306.31
7.30935,80.95189,2026-08-27,2019,n,0.39,SNPP,0.36,286.88,SNPP,N,2.0NRT,1.58,304.57
7.30991,80.94836,2026-08-27,2019,n,0.39,SNPP,0.36,287.3,SNPP,N,2.0NRT,1.88,325.87
7.31267,80.95242,2026-08-27,2019,n,0.39,SNPP,0.36,287.35,SNPP,N,2.0NRT,2.22,316.66
15.17269,76.6937,2026-08-27,2019,n,0.41000000000000003,SNPP,0.45,273.2,SNPP,N,2.0NRT,1.21,297.01
15.02335,78.01398,2026-08-27,2019,n,0.52,SNPP,0.41000000000000003,285.12,SNPP,N,2.0NRT,2.22,308.39
15.17564,77.10123,2026-08-27,2019,n,0.39,SNPP,0.44,280.76,SNPP,N,2.0NRT,1.48,299.95
15.33447,76.2467,2026-08-27,2019,n,0.44,SNPP,0.46,290.98,SNPP,N,2.0NRT,0.65,304.65
6.85014,81.04932,2026-08-27,2019,n,0.39,SNPP,0.36,271.53,SNPP,N,2.0NRT,0.66,295.85
15.33388,76.28443,2026-08-27,2019,n,0.44,SNPP,0.46,289.24,SNPP,N,2.0NRT,1.24,306.14
15.07126,76.86606,2026-08-27,2019,n,0.4,SNPP,0.44,286.05,SNPP,N,2.0NRT,1.52,302.03
13.82483,79.2569,2026-08-27,2019,n,0.44,SNPP,0.38,292.0,SNPP,N,2.0NRT,1.07,309.05
13.70962,79.61949,2026-08-27,2019,n,0.42,SNPP,0.38,292.96,SNPP,N,2.0NRT,1.8399999999999999,310.51
13.39244,80.10186,2026-08-27,2019,n,0.41000000000000003,SNPP,0.37,295.63,SNPP,N,2.0NRT,2.51,316.57
15.17371,76.65434,2026-08-27,2019,n,0.42,SNPP,0.45,285.98,SNPP,N,2.0NRT,2.19,309.23
6.8742,81.44757,2026-08-27,2019,n,0.39,SNPP,0.36,281.95,SNPP,N,2.0NRT,1.04,306.05
7.31323,80.94892,2026-08-27,2019,n,0.39,SNPP,0.36,287.52,SNPP,N,2.0NRT,3.94,332.47
8.30407,77.63763,2026-08-27,2019,n,0.46,SNPP,0.39,293.13,SNPP,N,2.0NRT,1.33,313.44
8.40721,80.75729,2026-08-27,2019,n,0.38,SNPP,0.36,285.68,SNPP,N,2.0NRT,0.38,303.08
28.42398,69.70206,2026-08-27,2153,n,0.32,SNPP,0.55,296.06,SNPP,N,2.0NRT,1.46,310.73
33.80159,72.09836,2026-08-27,2153,n,0.33,SNPP,0.55,294.52,SNPP,N,2.0NRT,0.73,307.55
33.29675,71.1889,2026-08-27,2153,n,0.61,SNPP,0.53,294.71,SNPP,N,2.0NRT,0.62,308.48
32.88834,71.61575,2026-08-27,2153,n,0.33,SNPP,0.55,296.86,SNPP,N,2.0NRT,1.67,316.14
29.90671,74.9599,2026-08-27,2155,n,0.6000000000000001,SNPP,0.7000000000000001,292.12,SNPP,N,2.0NRT,15.44,317.64
29.91005,74.94773,2026-08-27,2155,n,0.6000000000000001,SNPP,0.7000000000000001,292.36,SNPP,N,2.0NRT,28.69,319.45
29.90838,74.95381,2026-08-27,2155,h,0.6000000000000001,SNPP,0.7000000000000001,294.14,SNPP,N,2.0NRT,15.44,367.0
29.91466,74.95614,2026-08-27,2155,n,0.6000000000000001,SNPP,0.7000000000000001,293.04,SNPP,N,2.0NRT,15.44,306.96
29.90638,74.95924,2026-08-27,2155,n,0.6000000000000001,SNPP,0.7000000000000001,292.24,SNPP,N,2.0NRT,19.52,319.9
29.90978,74.9471,2026-08-27,2155,n,0.6000000000000001,SNPP,0.7000000000000001,292.2,SNPP,N,2.0NRT,14.38,319.17
29.90808,74.95317,2026-08-27,2155,h,0.6000000000000001,SNPP,0.7000000000000001,294.32,SNPP,N,2.0NRT,14.38,367.0
29.91436,74.95547,2026-08-27,2155,n,0.6000000000000001,SNPP,0.7000000000000001,292.87,SNPP,N,2.0NRT,14.38,310.32
29.91607,74.94938,2026-08-27,2155,n,0.6000000000000001,SNPP,0.7000000000000001,292.75,SNPP,N,2.0NRT,14.38,305.84
29.47338,76.864,2026-08-27,2155,n,0.78,SNPP,0.78,286.48,SNPP,N,2.0NRT,2.54,304.0
6.82944,81.44043,2026-08-28,724,n,0.48,SNPP,0.64,290.04,SNPP,D,2.0NRT,3.32,331.7
8.97291,80.68935,2026-08-28,724,n,0.49,SNPP,0.65,287.05,SNPP,D,2.0NRT,7.29,336.86
8.73258,78.10741,2026-08-28,724,n,0.73,SNPP,0.76,291.19,SNPP,D,2.0NRT,7.04,334.15
8.72573,80.74754,2026-08-28,724,n,0.49,SNPP,0.65,291.49,SNPP,D,2.0NRT,7.24,337.93
8.71467,77.97586,2026-08-28,724,n,0.75,SNPP,0.77,291.91,SNPP,D,2.0NRT,6.6,332.45
8.72874,78.1054,2026-08-28,724,n,0.73,SNPP,0.76,291.61,SNPP,D,2.0NRT,9.62,335.79
9.277,78.39668,2026-08-28,724,n,0.6900000000000001,SNPP,0.74,290.53,SNPP,D,2.0NRT,6.4,334.35
9.27714,78.39496,2026-08-28,724,n,0.6900000000000001,SNPP,0.74,290.19,SNPP,D,2.0NRT,4.62,335.92
8.57365,80.37617,2026-08-28,724,n,0.52,SNPP,0.67,282.05,SNPP,D,2.0NRT,3.95,329.17
8.66278,81.14859,2026-08-28,724,n,0.46,SNPP,0.64,287.35,SNPP,D,2.0NRT,2.39,330.04
7.20586,81.80885,2026-08-28,724,n,0.44,SNPP,0.63,291.56,SNPP,D,2.0NRT,3.52,327.81
7.12036,81.83202,2026-08-28,724,n,0.44,SNPP,0.63,290.97,SNPP,D,2.0NRT,7.49,340.52
6.8483,81.47719,2026-08-28,724,n,0.47000000000000003,SNPP,0.64,291.08,SNPP,D,2.0NRT,8.93,341.48
6.84907,81.48148,2026-08-28,724,n,0.47000000000000003,SNPP,0.64,289.59,SNPP,D,2.0NRT,11.54,349.79
14.75162,79.71841,2026-08-28,726,n,0.45,SNPP,0.63,293.97,SNPP,D,2.0NRT,2.94,330.88
14.49187,79.7094,2026-08-28,726,n,0.45,SNPP,0.63,297.62,SNPP,D,2.0NRT,5.47,335.09
14.49166,79.70969,2026-08-28,726,n,0.45,SNPP,0.63,297.46,SNPP,D,2.0NRT,6.57,339.76
15.02867,79.75406,2026-08-28,726,n,0.44,SNPP,0.62,296.17,SNPP,D,2.0NRT,2.51,334.11
15.63637,79.58625,2026-08-28,726,n,0.44,SNPP,0.62,295.72,SNPP,D,2.0NRT,4.78,330.26
15.76769,79.49413,2026-08-28,726,n,0.44,SNPP,0.62,292.63,SNPP,D,2.0NRT,3.29,331.28
22.36216,87.01751,2026-08-28,729,n,0.4,SNPP,0.37,295.92,SNPP,D,2.0NRT,4.8,332.41
21.74797,83.84405,2026-08-28,729,n,0.55,SNPP,0.43,289.1,SNPP,D,2.0NRT,4.65,332.09
22.377,87.2805,2026-08-28,729,n,0.4,SNPP,0.37,291.28,SNPP,D,2.0NRT,7.49,341.05
26.60799,90.33498,2026-08-28,729,n,0.43,SNPP,0.38,289.46,SNPP,D,2.0NRT,5.57,336.49
28.31779,95.1801,2026-08-28,729,n,0.54,SNPP,0.51,290.37,SNPP,D,2.0NRT,4.86,329.86
29.08413,88.01273,2026-08-28,731,l,0.39,SNPP,0.36,304.21,SNPP,D,2.0NRT,2.79,331.12
29.13515,89.25123,2026-08-28,731,l,0.42,SNPP,0.38,305.02,SNPP,D,2.0NRT,3.9699999999999998,330.31
37.08331,79.64874,2026-08-28,731,n,0.5,SNPP,0.41000000000000003,310.51,SNPP,D,2.0NRT,12.58,350.5
9.4159,77.509,2026-08-28,905,n,0.5,SNPP,0.66,296.85,SNPP,D,2.0NRT,1.46,332.41
9.41621,77.50993,2026-08-28,905,n,0.5,SNPP,0.66,297.25,SNPP,D,2.0NRT,2.7800000000000002,334.29
9.27846,78.39858,2026-08-28,905,n,0.5700000000000001,SNPP,0.6900000000000001,293.77,SNPP,D,2.0NRT,6.18,336.74
9.33131,77.52667,2026-08-28,905,n,0.5,SNPP,0.66,297.26,SNPP,D,2.0NRT,1.72,334.29
9.33079,77.52433,2026-08-28,905,n,0.5,SNPP,0.66,297.58,SNPP,D,2.0NRT,4.97,334.37
22.92944,70.106,2026-08-28,907,n,0.49,SNPP,0.48,295.78,SNPP,D,2.0NRT,4.39,336.34
24.84141,68.06506,2026-08-28,909,n,0.39,SNPP,0.44,304.84,SNPP,D,2.0NRT,3.7199999999999998,342.24
25.94312,72.19508,2026-08-28,909,h,0.36,SNPP,0.5700000000000001,302.25,SNPP,D,2.0NRT,21.83,367.0
25.94344,72.1987,2026-08-28,909,n,0.36,SNPP,0.5700000000000001,298.95,SNPP,D,2.0NRT,21.83,330.75
25.9428,72.19143,2026-08-28,909,n,0.36,SNPP,0.5700000000000001,296.52,SNPP,D,2.0NRT,18.43,351.1
29.27192,71.18018000000001,2026-08-28,909,n,0.34,SNPP,0.56,299.7,SNPP,D,2.0NRT,4.02,356.76
29.27299,71.17931,2026-08-28,909,n,0.34,SNPP,0.56,299.55,SNPP,D,2.0NRT,3.38,347.95
37.19556,68.07668,2026-08-28,913,n,0.54,SNPP,0.51,313.96,SNPP,D,2.0NRT,4.78,344.07
36.74481,95.23365,2026-08-28,1951,n,0.42,SNPP,0.37,290.98,SNPP,N,2.0NRT,2.22,311.03
36.74516,95.23571,2026-08-28,1951,n,0.42,SNPP,0.37,290.36,SNPP,N,2.0NRT,1.69,306.78
27.37928,95.33176,2026-08-28,1953,n,0.56,SNPP,0.43,289.99,SNPP,N,2.0NRT,3.02,306.89
27.37818,95.33735,2026-08-28,1953,n,0.56,SNPP,0.43,290.26,SNPP,N,2.0NRT,2.81,310.91
27.32473,95.27738,2026-08-28,1953,n,0.56,SNPP,0.43,289.97,SNPP,N,2.0NRT,0.89,308.91
27.326,95.27651,2026-08-28,1953,n,0.56,SNPP,0.43,290.24,SNPP,N,2.0NRT,0.92,309.19
24.11609,86.8623,2026-08-28,1955,n,0.42,SNPP,0.38,273.16,SNPP,N,2.0NRT,1.75,299.6
24.11668,86.85818,2026-08-28,1955,n,0.42,SNPP,0.38,270.26,SNPP,N,2.0NRT,1.25,299.08
15.18288,76.67104,2026-08-28,1957,n,0.43,SNPP,0.62,287.09,SNPP,N,2.0NRT,1.48,302.34
15.18244,76.67507,2026-08-28,1957,n,0.43,SNPP,0.62,286.94,SNPP,N,2.0NRT,2.9,315.47
15.17891,76.65431,2026-08-28,1957,n,0.43,SNPP,0.62,286.99,SNPP,N,2.0NRT,1.76,302.81
15.18653,76.67741,2026-08-28,1957,n,0.43,SNPP,0.62,286.17,SNPP,N,2.0NRT,1.49,301.38
15.18174,76.66875,2026-08-28,1957,n,0.43,SNPP,0.62,286.44,SNPP,N,2.0NRT,2.0,301.69
13.71205,79.61907,2026-08-28,1957,n,0.52,SNPP,0.5,290.35,SNPP,N,2.0NRT,2.67,307.18
15.17508,76.67622,2026-08-28,1957,n,0.43,SNPP,0.62,282.33,SNPP,N,2.0NRT,0.9500000000000001,297.14
15.17742,76.65607,2026-08-28,1957,n,0.43,SNPP,0.62,286.94,SNPP,N,2.0NRT,2.55,302.89
15.18081,76.67679,2026-08-28,1957,n,0.43,SNPP,0.62,285.14,SNPP,N,2.0NRT,1.49,307.26
15.18128,76.67277,2026-08-28,1957,n,0.43,SNPP,0.62,286.51,SNPP,N,2.0NRT,2.0,310.62
17.95635,80.79659,2026-08-28,1957,n,0.49,SNPP,0.49,286.49,SNPP,N,2.0NRT,1.6099999999999999,310.34
17.46345,80.65358,2026-08-28,1957,n,0.5,SNPP,0.49,287.2,SNPP,N,2.0NRT,1.06,305.28
17.46277,80.65205,2026-08-28,1957,n,0.5,SNPP,0.49,287.76,SNPP,N,2.0NRT,2.54,305.23
15.66104,73.9874,2026-08-28,1957,n,0.65,SNPP,0.73,285.44,SNPP,N,2.0NRT,0.86,299.07
15.17497,77.10068,2026-08-28,1957,n,0.4,SNPP,0.6000000000000001,288.41,SNPP,N,2.0NRT,0.8300000000000001,306.28
15.65942,73.98846,2026-08-28,1957,n,0.65,SNPP,0.73,285.04,SNPP,N,2.0NRT,0.75,301.95
15.18332,76.66703,2026-08-28,1957,n,0.43,SNPP,0.62,287.05,SNPP,N,2.0NRT,1.48,307.26
6.86092,81.53809,2026-08-28,2000,n,0.48,SNPP,0.4,290.81,SNPP,N,2.0NRT,1.08,305.96
6.817,80.87542,2026-08-28,2000,n,0.53,SNPP,0.42,283.86,SNPP,N,2.0NRT,0.96,303.83
6.81385,80.87016,2026-08-28,2000,n,0.53,SNPP,0.42,283.06,SNPP,N,2.0NRT,3.37,325.37
6.8131900000000005,80.87464,2026-08-28,2000,n,0.53,SNPP,0.42,284.96,SNPP,N,2.0NRT,3.37,314.97
6.81518,80.87301,2026-08-28,2000,n,0.52,SNPP,0.42,286.53,SNPP,N,2.0NRT,3.98,337.37
6.81137,80.87222,2026-08-28,2000,n,0.52,SNPP,0.42,282.5,SNPP,N,2.0NRT,3.98,303.74
10.617280000000001,77.41994,2026-08-28,2000,n,0.33,SNPP,0.55,284.85,SNPP,N,2.0NRT,0.23,301.09
8.12065,80.80275,2026-08-28,2000,n,0.55,SNPP,0.43,292.45,SNPP,N,2.0NRT,2.23,305.22
8.1199,80.80773,2026-08-28,2000,n,0.55,SNPP,0.43,290.57,SNPP,N,2.0NRT,1.65,309.11
8.11915,80.81272,2026-08-28,2000,n,0.55,SNPP,0.43,290.01,SNPP,N,2.0NRT,1.65,304.91
7.8021,80.47414,2026-08-28,2000,n,0.5700000000000001,SNPP,0.43,290.75,SNPP,N,2.0NRT,1.63,305.84
6.81763,80.87114,2026-08-28,2000,n,0.53,SNPP,0.42,284.4,SNPP,N,2.0NRT,0.96,310.41
8.12404,80.80512,2026-08-28,2000,n,0.55,SNPP,0.43,292.18,SNPP,N,2.0NRT,1.75,309.4
8.12011,80.80454,2026-08-28,2000,n,0.55,SNPP,0.43,291.61,SNPP,N,2.0NRT,1.75,304.51
8.1194,80.80952,2026-08-28,2000,n,0.55,SNPP,0.43,289.69,SNPP,N,2.0NRT,1.75,307.31
8.11868,80.81451,2026-08-28,2000,n,0.55,SNPP,0.43,290.23,SNPP,N,2.0NRT,2.69,303.83
34.84531,73.12538,2026-08-28,2133,n,0.4,SNPP,0.44,286.73,SNPP,N,2.0NRT,1.3,298.62
33.23443,71.51507,2026-08-28,2133,n,0.53,SNPP,0.42,294.83,SNPP,N,2.0NRT,2.87,309.83
33.29671,71.18774,2026-08-28,2133,n,0.51,SNPP,0.41000000000000003,295.41,SNPP,N,2.0NRT,3.2800000000000002,310.92
33.24416,71.29903,2026-08-28,2133,n,0.52,SNPP,0.42,295.52,SNPP,N,2.0NRT,4.38,315.28
32.64531,72.97565,2026-08-28,2133,n,0.43,SNPP,0.46,295.31,SNPP,N,2.0NRT,1.63,307.22
32.88881,71.6145,2026-08-28,2133,n,0.55,SNPP,0.42,296.37,SNPP,N,2.0NRT,4.89,315.56
32.29657,74.31654,2026-08-28,2133,n,0.52,SNPP,0.5,292.56,SNPP,N,2.0NRT,2.54,307.16
30.47519,76.58662,2026-08-28,2133,n,0.38,SNPP,0.59,288.36,SNPP,N,2.0NRT,0.86,304.01
31.76995,70.11077,2026-08-28,2133,n,0.49,SNPP,0.4,297.18,SNPP,N,2.0NRT,2.36,309.2
28.42477,69.69869,2026-08-28,2136,n,0.52,SNPP,0.42,298.24,SNPP,N,2.0NRT,1.06,313.81
28.42534,69.70181,2026-08-28,2136,n,0.52,SNPP,0.42,298.29,SNPP,N,2.0NRT,1.63,313.98
25.94091,72.19165,2026-08-28,2136,n,0.53,SNPP,0.5,294.86,SNPP,N,2.0NRT,2.14,311.26
24.66053,74.63365,2026-08-28,2136,n,0.4,SNPP,0.6000000000000001,289.45,SNPP,N,2.0NRT,1.34,302.81
21.10043,72.63733,2026-08-28,2138,n,0.35000000000000003,SNPP,0.5700000000000001,289.84,SNPP,N,2.0NRT,1.2,305.36
20.9107,71.46196,2026-08-28,2138,n,0.6000000000000001,SNPP,0.53,292.17,SNPP,N,2.0NRT,2.89,305.7
21.1034,72.64882,2026-08-28,2138,n,0.35000000000000003,SNPP,0.5700000000000001,288.98,SNPP,N,2.0NRT,0.74,301.14
21.84742,97.18694,2026-08-29,707,n,0.48,SNPP,0.4,293.31,SNPP,D,2.0NRT,3.89,334.06
22.37665,87.28234,2026-08-29,707,n,0.43,SNPP,0.46,292.39,SNPP,D,2.0NRT,4.74,332.05
22.37586,87.27822,2026-08-29,707,n,0.43,SNPP,0.46,292.02,SNPP,D,2.0NRT,4.74,331.92
23.74449,90.5308,2026-08-29,707,l,0.43,SNPP,0.38,295.91,SNPP,D,2.0NRT,3.85,337.63
24.08363,90.3568,2026-08-29,709,l,0.43,SNPP,0.38,294.95,SNPP,D,2.0NRT,6.46,330.71
23.55899,87.24026,2026-08-29,709,n,0.41000000000000003,SNPP,0.45,290.41,SNPP,D,2.0NRT,2.5700000000000003,330.62
28.10045,95.53236,2026-08-29,709,n,0.47000000000000003,SNPP,0.39,294.85,SNPP,D,2.0NRT,2.14,330.43
29.23654,88.87944,2026-08-29,709,n,0.43,SNPP,0.38,294.29,SNPP,D,2.0NRT,2.4,329.58
31.65704,78.40268,2026-08-29,712,l,0.46,SNPP,0.63,303.31,SNPP,D,2.0NRT,4.03,329.09
11.83292,79.64937,2026-08-29,845,n,0.36,SNPP,0.5700000000000001,295.44,SNPP,D,2.0NRT,2.65,332.56
12.17967,79.73842,2026-08-29,845,n,0.37,SNPP,0.58,295.14,SNPP,D,2.0NRT,7.67,344.66
7.52567,81.08916,2026-08-29,845,n,0.39,SNPP,0.59,268.01,SNPP,D,2.0NRT,8.15,339.17
8.60485,77.9724,2026-08-29,845,n,0.5,SNPP,0.49,288.68,SNPP,D,2.0NRT,3.44,339.73
8.608740000000001,77.96722,2026-08-29,845,n,0.5,SNPP,0.49,287.79,SNPP,D,2.0NRT,2.7,336.02
8.57969,77.66151,2026-08-29,845,n,0.48,SNPP,0.48,295.44,SNPP,D,2.0NRT,3.7199999999999998,339.99
8.64795,77.83846,2026-08-29,845,n,0.49,SNPP,0.49,293.65,SNPP,D,2.0NRT,2.8200000000000003,336.15
8.65245,77.83784,2026-08-29,845,n,0.49,SNPP,0.49,291.93,SNPP,D,2.0NRT,1.92,330.16
8.74677,78.08665,2026-08-29,845,n,0.51,SNPP,0.49,287.41,SNPP,D,2.0NRT,2.69,332.55
9.38339,80.4523,2026-08-29,845,n,0.38,SNPP,0.58,282.56,SNPP,D,2.0NRT,4.82,329.01
9.38294,80.44886,2026-08-29,845,n,0.38,SNPP,0.58,283.23,SNPP,D,2.0NRT,5.38,345.5
9.41203,80.44762,2026-08-29,845,n,0.38,SNPP,0.59,287.77,SNPP,D,2.0NRT,3.19,328.29
9.41747,80.44695,2026-08-29,845,n,0.38,SNPP,0.59,286.81,SNPP,D,2.0NRT,3.19,343.39
9.50563,77.60714,2026-08-29,845,n,0.49,SNPP,0.48,295.79,SNPP,D,2.0NRT,4.45,335.3
10.93459,78.47301,2026-08-29,845,n,0.58,SNPP,0.52,299.46,SNPP,D,2.0NRT,5.59,337.47
11.74922,79.71774,2026-08-29,845,n,0.36,SNPP,0.58,294.78,SNPP,D,2.0NRT,2.5700000000000003,333.73
15.47011,80.16361,2026-08-29,848,n,0.43,SNPP,0.62,289.99,SNPP,D,2.0NRT,5.8,333.26
16.34823,78.444,2026-08-29,848,n,0.34,SNPP,0.56,290.62,SNPP,D,2.0NRT,3.06,337.73
13.51015,78.18242,2026-08-29,848,n,0.6000000000000001,SNPP,0.53,295.74,SNPP,D,2.0NRT,6.93,335.03
14.202210000000001,79.16484,2026-08-29,848,n,0.36,SNPP,0.5700000000000001,292.66,SNPP,D,2.0NRT,2.54,336.34
14.14709,77.40031,2026-08-29,848,n,0.55,SNPP,0.51,296.0,SNPP,D,2.0NRT,1.3599999999999999,330.17
14.78831,79.94443,2026-08-29,848,n,0.41000000000000003,SNPP,0.61,290.36,SNPP,D,2.0NRT,6.21,332.64
15.46434,80.16425,2026-08-29,848,n,0.43,SNPP,0.62,293.78,SNPP,D,2.0NRT,5.8,349.37
16.22416,80.35689,2026-08-29,848,n,0.46,SNPP,0.63,290.07,SNPP,D,2.0NRT,3.15,334.08
24.95683,68.29113,2026-08-29,850,l,0.39,SNPP,0.36,304.65,SNPP,D,2.0NRT,2.12,330.06
25.38717,68.58321,2026-08-29,850,n,0.4,SNPP,0.37,305.66,SNPP,D,2.0NRT,2.16,337.92
27.31574,72.3643,2026-08-29,852,n,0.39,SNPP,0.44,308.58,SNPP,D,2.0NRT,3.5,338.67
27.62484,69.46795,2026-08-29,852,l,0.43,SNPP,0.38,312.95,SNPP,D,2.0NRT,10.69,340.88
27.62835,69.46737,2026-08-29,852,l,0.43,SNPP,0.38,314.95,SNPP,D,2.0NRT,11.26,343.7
27.75767,68.69473,2026-08-29,852,n,0.41000000000000003,SNPP,0.37,309.26,SNPP,D,2.0NRT,20.55,344.79
29.90926,74.9532,2026-08-29,852,n,0.6000000000000001,SNPP,0.53,299.09,SNPP,D,2.0NRT,6.53,331.09
30.46343,71.93924,2026-08-29,852,n,0.41000000000000003,SNPP,0.45,301.48,SNPP,D,2.0NRT,2.04,331.01
31.50933,72.26437,2026-08-29,852,n,0.43,SNPP,0.46,299.64,SNPP,D,2.0NRT,4.54,341.2
31.93829,72.37972,2026-08-29,852,n,0.45,SNPP,0.47000000000000003,301.26,SNPP,D,2.0NRT,3.06,336.33
32.88894,71.61886,2026-08-29,852,l,0.42,SNPP,0.45,303.58,SNPP,D,2.0NRT,2.94,332.63
27.22117,95.34689,2026-08-29,1936,n,0.39,SNPP,0.36,291.18,SNPP,N,2.0NRT,1.76,312.89
27.37836,95.08643000000001,2026-08-29,1936,n,0.38,SNPP,0.36,288.98,SNPP,N,2.0NRT,2.62,306.1
27.37603,95.33333,2026-08-29,1936,n,0.39,SNPP,0.36,282.11,SNPP,N,2.0NRT,1.99,305.91
27.37933,95.33401,2026-08-29,1936,n,0.39,SNPP,0.36,282.55,SNPP,N,2.0NRT,1.99,331.37
27.47018,95.42361,2026-08-29,1936,n,0.39,SNPP,0.36,289.54,SNPP,N,2.0NRT,1.8900000000000001,307.94
22.36468,87.01837,2026-08-29,1938,n,0.46,SNPP,0.47000000000000003,275.56,SNPP,N,2.0NRT,0.63,303.34
22.36034,87.01775,2026-08-29,1938,n,0.46,SNPP,0.47000000000000003,276.38,SNPP,N,2.0NRT,0.63,301.87
22.37698,87.28178,2026-08-29,1938,n,0.44,SNPP,0.46,260.23,SNPP,N,2.0NRT,0.46,298.14
22.37749,87.27749,2026-08-29,1938,n,0.44,SNPP,0.46,261.04,SNPP,N,2.0NRT,0.46,301.79
21.59176,96.22928,2026-08-29,1938,n,0.44,SNPP,0.39,279.03,SNPP,N,2.0NRT,0.81,301.52
22.36584,87.30197,2026-08-29,1938,n,0.44,SNPP,0.46,263.27,SNPP,N,2.0NRT,0.61,304.37
10.93793,78.46664,2026-08-29,1940,n,0.59,SNPP,0.7000000000000001,278.39,SNPP,N,2.0NRT,1.99,321.14
10.94446,78.46751,2026-08-29,1940,n,0.59,SNPP,0.7000000000000001,277.97,SNPP,N,2.0NRT,1.99,302.27
9.75605,77.51919,2026-08-29,1940,n,0.66,SNPP,0.73,282.92,SNPP,N,2.0NRT,1.18,313.12
9.75551,77.517,2026-08-29,1940,n,0.66,SNPP,0.73,282.3,SNPP,N,2.0NRT,1.8599999999999999,308.74
7.43697,81.32012,2026-08-29,1942,n,0.34,SNPP,0.56,262.31,SNPP,N,2.0NRT,0.33,295.42
35.22365,72.93259,2026-08-29,2114,n,0.39,SNPP,0.36,284.43,SNPP,N,2.0NRT,0.66,298.49
32.57529,72.56393,2026-08-29,2116,n,0.4,SNPP,0.37,296.49,SNPP,N,2.0NRT,2.59,313.33
33.23603,71.51531,2026-08-29,2116,n,0.39,SNPP,0.36,294.86,SNPP,N,2.0NRT,1.67,310.32
28.37428,77.22549,2026-08-29,2116,n,0.49,SNPP,0.49,273.19,SNPP,N,2.0NRT,1.03,303.85
29.12339,75.77961,2026-08-29,2116,n,0.4,SNPP,0.44,288.46,SNPP,N,2.0NRT,1.65,313.16
29.45932,76.89091,2026-08-29,2116,n,0.45,SNPP,0.47000000000000003,274.43,SNPP,N,2.0NRT,4.63,330.32
31.76838,70.1084,2026-08-29,2116,n,0.39,SNPP,0.36,297.61,SNPP,N,2.0NRT,2.61,314.19
32.29058,70.73904,2026-08-29,2116,n,0.38,SNPP,0.36,298.8,SNPP,N,2.0NRT,3.05,314.07
32.08598,74.16589,2026-08-29,2116,n,0.45,SNPP,0.39,295.49,SNPP,N,2.0NRT,0.84,308.49
32.08685,74.16118,2026-08-29,2116,n,0.45,SNPP,0.39,295.5,SNPP,N,2.0NRT,0.89,310.53
33.40789,71.94046,2026-08-29,2116,n,0.39,SNPP,0.36,295.7,SNPP,N,2.0NRT,2.04,309.3
33.54621,71.55232,2026-08-29,2116,n,0.38,SNPP,0.36,294.71,SNPP,N,2.0NRT,0.76,307.93
28.42461,69.70064,2026-08-29,2116,n,0.38,SNPP,0.36,298.11,SNPP,N,2.0NRT,1.83,327.1
26.87508,73.5155,2026-08-29,2116,n,0.5,SNPP,0.41000000000000003,290.4,SNPP,N,2.0NRT,1.58,307.67
26.8731,73.51817,2026-08-29,2116,n,0.5,SNPP,0.41000000000000003,290.25,SNPP,N,2.0NRT,1.12,306.91
20.86841,71.39706,2026-08-29,2118,n,0.48,SNPP,0.4,292.83,SNPP,N,2.0NRT,2.52,303.07
24.69089,73.00126,2026-08-29,2118,n,0.5,SNPP,0.41000000000000003,281.62,SNPP,N,2.0NRT,0.74,300.42
25.94332,72.19199,2026-08-29,2118,n,0.45,SNPP,0.39,291.65,SNPP,N,2.0NRT,0.98,305.54
24.66288,74.63297,2026-08-29,2118,n,0.41000000000000003,SNPP,0.45,277.29,SNPP,N,2.0NRT,0.45,297.52
24.66208,74.63699,2026-08-29,2118,n,0.41000000000000003,SNPP,0.45,277.18,SNPP,N,2.0NRT,0.36,297.67
24.82164,73.09422,2026-08-29,2118,n,0.51,SNPP,0.41000000000000003,276.77,SNPP,N,2.0NRT,0.53,296.48
13.03323,77.87466,2026-08-29,2121,n,0.55,SNPP,0.68,280.63,SNPP,N,2.0NRT,0.36,295.27
12.49513,76.73359,2026-08-29,2121,n,0.47000000000000003,SNPP,0.64,284.16,SNPP,N,2.0NRT,0.38,298.77
12.07226,78.52171,2026-08-29,2121,n,0.63,SNPP,0.72,284.22,SNPP,N,2.0NRT,1.07,302.25
18.68747,73.03146,2026-08-29,2121,n,0.42,SNPP,0.45,287.56,SNPP,N,2.0NRT,1.6600000000000001,301.4
18.68334,73.03059,2026-08-29,2121,n,0.42,SNPP,0.45,289.26,SNPP,N,2.0NRT,1.6600000000000001,312.61
18.68258,73.03453,2026-08-29,2121,n,0.42,SNPP,0.45,288.88,SNPP,N,2.0NRT,1.27,301.67
18.68072,73.03546,2026-08-29,2121,n,0.42,SNPP,0.45,286.59,SNPP,N,2.0NRT,1.16,301.74
18.77881,73.74908,2026-08-29,2121,n,0.46,SNPP,0.47000000000000003,286.8,SNPP,N,2.0NRT,0.99,300.74
9.755230000000001,77.51794,2026-08-29,2123,n,0.6000000000000001,SNPP,0.7000000000000001,288.15,SNPP,N,2.0NRT,2.38,313.52
10.94256,78.46865,2026-08-29,2123,n,0.65,SNPP,0.73,288.02,SNPP,N,2.0NRT,2.26,309.17
29.55473,90.99751,2026-08-30,652,l,0.55,SNPP,0.43,296.37,SNPP,D,2.0NRT,4.5,325.18
29.55749,90.99095,2026-08-30,652,n,0.55,SNPP,0.43,290.57,SNPP,D,2.0NRT,5.61,328.38
29.65337,90.98225,2026-08-30,652,n,0.55,SNPP,0.43,292.56,SNPP,D,2.0NRT,3.42,327.32
27.98973,94.2222,2026-08-30,652,n,0.42,SNPP,0.38,297.24,SNPP,D,2.0NRT,18.02,336.75
37.35203,95.86047,2026-08-30,654,l,0.4,SNPP,0.37,313.32,SNPP,D,2.0NRT,7.87,342.15
6.45618,81.09254,2026-08-30,826,n,0.55,SNPP,0.43,300.75,SNPP,D,2.0NRT,7.3,345.43
6.46012,81.09199,2026-08-30,826,n,0.55,SNPP,0.43,299.41,SNPP,D,2.0NRT,7.3,341.66
6.45996,81.09512,2026-08-30,826,n,0.55,SNPP,0.43,299.92,SNPP,D,2.0NRT,8.32,348.18
6.4592600000000004,81.09015,2026-08-30,826,n,0.55,SNPP,0.43,299.67,SNPP,D,2.0NRT,8.32,346.16
6.57118,81.0588,2026-08-30,826,n,0.55,SNPP,0.43,289.64,SNPP,D,2.0NRT,18.25,337.67
6.57044,81.05381,2026-08-30,826,n,0.55,SNPP,0.43,290.95,SNPP,D,2.0NRT,18.25,336.92
6.55189,80.87561,2026-08-30,826,n,0.54,SNPP,0.42,292.72,SNPP,D,2.0NRT,8.33,334.36
6.56987,81.05585,2026-08-30,826,n,0.55,SNPP,0.43,292.28,SNPP,D,2.0NRT,39.3,349.19
6.55183,80.87236,2026-08-30,826,n,0.54,SNPP,0.42,291.28,SNPP,D,2.0NRT,11.61,346.14
7.67645,81.44918,2026-08-30,826,n,0.4,SNPP,0.44,308.37,SNPP,D,2.0NRT,6.52,347.74
6.71188,81.53472,2026-08-30,826,n,0.39,SNPP,0.44,300.87,SNPP,D,2.0NRT,3.03,341.78
6.72105,81.5407,2026-08-30,826,n,0.39,SNPP,0.44,300.12,SNPP,D,2.0NRT,5.65,343.31
6.72053,81.5371,2026-08-30,826,n,0.39,SNPP,0.44,299.79,SNPP,D,2.0NRT,5.65,342.87
6.77788,81.78619,2026-08-30,826,n,0.41000000000000003,SNPP,0.45,302.1,SNPP,D,2.0NRT,4.91,338.04
6.7412,81.50845,2026-08-30,826,n,0.39,SNPP,0.44,306.51,SNPP,D,2.0NRT,4.05,342.02
6.74896,81.53299,2026-08-30,826,n,0.39,SNPP,0.44,306.47,SNPP,D,2.0NRT,3.24,336.66
6.74123,81.50769,2026-08-30,826,n,0.39,SNPP,0.44,306.26,SNPP,D,2.0NRT,3.86,340.69
6.74882,81.53226,2026-08-30,826,l,0.39,SNPP,0.44,306.41,SNPP,D,2.0NRT,3.11,335.77
6.72933,81.16361,2026-08-30,826,n,0.56,SNPP,0.43,291.13,SNPP,D,2.0NRT,4.87,339.18
6.45692,81.09754,2026-08-30,826,n,0.55,SNPP,0.43,301.59,SNPP,D,2.0NRT,19.19,349.51
6.24721,80.86079,2026-08-30,826,n,0.53,SNPP,0.42,299.28,SNPP,D,2.0NRT,2.37,335.72
6.2674900000000004,81.05721,2026-08-30,826,n,0.55,SNPP,0.42,295.72,SNPP,D,2.0NRT,13.47,334.91
7.69219,81.52925,2026-08-30,826,n,0.41000000000000003,SNPP,0.45,305.85,SNPP,D,2.0NRT,2.33,336.39
7.80942,81.45202,2026-08-30,826,n,0.4,SNPP,0.44,308.39,SNPP,D,2.0NRT,4.33,342.3
7.80813,81.45168,2026-08-30,826,n,0.4,SNPP,0.44,308.72,SNPP,D,2.0NRT,4.97,339.35
7.78425,81.21941,2026-08-30,826,n,0.39,SNPP,0.44,303.53,SNPP,D,2.0NRT,7.08,334.77
7.78376,81.21587,2026-08-30,826,n,0.39,SNPP,0.44,306.64,SNPP,D,2.0NRT,9.22,341.02
7.81643,81.36108,2026-08-30,826,l,0.4,SNPP,0.44,308.95,SNPP,D,2.0NRT,7.87,338.02
7.87288,81.46512,2026-08-30,826,l,0.4,SNPP,0.45,308.48,SNPP,D,2.0NRT,4.66,336.09
7.87428,81.41622,2026-08-30,826,n,0.4,SNPP,0.44,308.64,SNPP,D,2.0NRT,9.46,347.81
8.60875,77.83811,2026-08-30,826,n,0.41000000000000003,SNPP,0.37,284.72,SNPP,D,2.0NRT,2.3,330.12
7.36655,81.24904,2026-08-30,826,n,0.39,SNPP,0.44,306.31,SNPP,D,2.0NRT,19.27,343.12
7.4156,81.56924,2026-08-30,826,n,0.4,SNPP,0.45,302.85,SNPP,D,2.0NRT,2.32,341.29
7.37766,81.24046,2026-08-30,826,l,0.39,SNPP,0.44,306.84,SNPP,D,2.0NRT,3.11,336.16
7.43686,81.39532,2026-08-30,826,n,0.39,SNPP,0.44,307.01,SNPP,D,2.0NRT,4.3,337.73
7.43925,81.32561,2026-08-30,826,n,0.39,SNPP,0.44,309.94,SNPP,D,2.0NRT,4.43,340.99
7.45403,81.34198,2026-08-30,826,n,0.39,SNPP,0.44,308.95,SNPP,D,2.0NRT,4.67,340.72
7.48906,81.38728,2026-08-30,826,n,0.39,SNPP,0.44,306.08,SNPP,D,2.0NRT,3.0,338.59
7.4743,81.05003,2026-08-30,826,n,0.56,SNPP,0.43,305.58,SNPP,D,2.0NRT,3.44,337.26
7.51956,81.30991,2026-08-30,826,l,0.39,SNPP,0.44,305.47,SNPP,D,2.0NRT,2.27,334.71
7.35118,81.19792,2026-08-30,826,l,0.38,SNPP,0.43,309.58,SNPP,D,2.0NRT,3.8,336.49
7.61807,81.15833,2026-08-30,826,h,0.38,SNPP,0.43,311.16,SNPP,D,2.0NRT,34.65,367.0
7.61757,81.15485,2026-08-30,826,n,0.38,SNPP,0.43,313.13,SNPP,D,2.0NRT,15.47,356.38
7.62159,81.15429,2026-08-30,826,n,0.38,SNPP,0.43,306.78,SNPP,D,2.0NRT,15.47,335.61
7.35166,81.2014,2026-08-30,826,n,0.38,SNPP,0.43,310.47,SNPP,D,2.0NRT,3.8,348.5
7.35215,81.2049,2026-08-30,826,n,0.38,SNPP,0.43,310.14,SNPP,D,2.0NRT,6.09,344.63
7.35264,81.2084,2026-08-30,826,n,0.38,SNPP,0.43,307.54,SNPP,D,2.0NRT,6.09,348.0
7.39604,81.54919,2026-08-30,826,n,0.4,SNPP,0.44,303.82,SNPP,D,2.0NRT,8.59,349.53
7.39143,81.54616,2026-08-30,826,n,0.4,SNPP,0.44,300.33,SNPP,D,2.0NRT,4.74,342.88
7.39712,81.54854,2026-08-30,826,n,0.4,SNPP,0.44,302.96,SNPP,D,2.0NRT,5.04,336.74
7.39302,81.54917,2026-08-30,826,n,0.4,SNPP,0.44,300.78,SNPP,D,2.0NRT,5.04,343.05
7.3884,81.54617,2026-08-30,826,n,0.4,SNPP,0.44,299.81,SNPP,D,2.0NRT,4.46,340.43
7.38893,81.54981,2026-08-30,826,n,0.4,SNPP,0.44,298.51,SNPP,D,2.0NRT,4.08,338.13
7.32021,81.10786,2026-08-30,826,n,0.5700000000000001,SNPP,0.43,306.09,SNPP,D,2.0NRT,2.2,336.09
7.33473,81.20717,2026-08-30,826,n,0.38,SNPP,0.43,311.78,SNPP,D,2.0NRT,10.19,357.22
7.31546,81.10326,2026-08-30,826,l,0.5700000000000001,SNPP,0.43,304.81,SNPP,D,2.0NRT,6.49,334.42
7.31621,81.10839,2026-08-30,826,n,0.5700000000000001,SNPP,0.43,305.81,SNPP,D,2.0NRT,9.05,336.91
7.37768,81.55894,2026-08-30,826,l,0.4,SNPP,0.44,302.66,SNPP,D,2.0NRT,3.86,331.05
7.32474,81.2229,2026-08-30,826,n,0.38,SNPP,0.43,307.22,SNPP,D,2.0NRT,5.09,344.58
7.37411,81.56326,2026-08-30,826,n,0.4,SNPP,0.44,303.29,SNPP,D,2.0NRT,5.71,342.4
7.4049,81.77624,2026-08-30,826,n,0.42,SNPP,0.45,303.84,SNPP,D,2.0NRT,3.36,342.42
7.36431,81.55346,2026-08-30,826,l,0.4,SNPP,0.44,303.42,SNPP,D,2.0NRT,4.19,330.83
7.3674800000000005,81.57545,2026-08-30,826,l,0.4,SNPP,0.45,303.73,SNPP,D,2.0NRT,2.71,332.45
7.2767800000000005,81.14547,2026-08-30,826,n,0.5700000000000001,SNPP,0.43,305.53,SNPP,D,2.0NRT,4.38,337.26
7.27753,81.15067,2026-08-30,826,n,0.5700000000000001,SNPP,0.43,306.06,SNPP,D,2.0NRT,4.38,337.79
7.36683,81.77773,2026-08-30,826,n,0.42,SNPP,0.45,304.2,SNPP,D,2.0NRT,5.08,338.06
7.27317,81.1773,2026-08-30,826,l,0.5700000000000001,SNPP,0.43,303.55,SNPP,D,2.0NRT,2.91,330.44
7.35635,81.76369,2026-08-30,826,n,0.42,SNPP,0.45,304.1,SNPP,D,2.0NRT,4.46,340.63
7.34377,81.73465,2026-08-30,826,n,0.41000000000000003,SNPP,0.45,300.35,SNPP,D,2.0NRT,3.47,336.86
7.35132,81.81868,2026-08-30,826,n,0.42,SNPP,0.45,303.61,SNPP,D,2.0NRT,2.2,335.23
7.3236,81.80315,2026-08-30,826,l,0.42,SNPP,0.45,303.42,SNPP,D,2.0NRT,2.14,331.97
7.31681,81.76224,2026-08-30,826,n,0.41000000000000003,SNPP,0.45,299.4,SNPP,D,2.0NRT,5.41,344.78
7.32289,81.80387,2026-08-30,826,n,0.42,SNPP,0.45,303.84,SNPP,D,2.0NRT,2.59,340.57
7.27994,81.59621,2026-08-30,826,n,0.4,SNPP,0.45,306.6,SNPP,D,2.0NRT,5.24,340.82
7.29368,81.80795,2026-08-30,826,l,0.42,SNPP,0.45,303.12,SNPP,D,2.0NRT,2.34,332.54
7.21619,81.59032,2026-08-30,826,n,0.4,SNPP,0.44,306.07,SNPP,D,2.0NRT,5.44,337.99
7.13256,81.41004,2026-08-30,826,n,0.39,SNPP,0.44,297.2,SNPP,D,2.0NRT,2.12,330.14
7.10918,81.68468,2026-08-30,826,l,0.41000000000000003,SNPP,0.45,305.92,SNPP,D,2.0NRT,4.05,335.1
7.01929,81.60059,2026-08-30,826,n,0.4,SNPP,0.44,302.79,SNPP,D,2.0NRT,2.25,332.84
7.01565,81.40194,2026-08-30,826,n,0.39,SNPP,0.44,303.03,SNPP,D,2.0NRT,3.69,344.36
6.96385,81.61536,2026-08-30,826,n,0.4,SNPP,0.44,304.75,SNPP,D,2.0NRT,6.91,336.56
6.8629999999999995,81.43449,2026-08-30,826,n,0.39,SNPP,0.44,297.4,SNPP,D,2.0NRT,3.02,332.96
6.89576,81.66621,2026-08-30,826,l,0.4,SNPP,0.44,301.71,SNPP,D,2.0NRT,3.31,331.54
6.81849,81.5262,2026-08-30,826,n,0.39,SNPP,0.44,303.18,SNPP,D,2.0NRT,2.63,339.07
6.81451,81.55614,2026-08-30,826,n,0.4,SNPP,0.44,305.15,SNPP,D,2.0NRT,3.16,340.43
6.7977,81.55489,2026-08-30,826,n,0.4,SNPP,0.44,305.52,SNPP,D,2.0NRT,6.68,349.29
6.7333,81.16302,2026-08-30,826,n,0.56,SNPP,0.43,291.31,SNPP,D,2.0NRT,19.5,349.54
14.69206,79.62556,2026-08-30,828,n,0.38,SNPP,0.43,295.71,SNPP,D,2.0NRT,2.12,331.61
8.78732,78.01003,2026-08-30,828,n,0.42,SNPP,0.37,301.37,SNPP,D,2.0NRT,4.32,339.42
8.80542,78.10815,2026-08-30,828,n,0.42,SNPP,0.38,296.09,SNPP,D,2.0NRT,2.62,335.36
8.88687,77.78855,2026-08-30,828,n,0.41000000000000003,SNPP,0.37,297.2,SNPP,D,2.0NRT,3.0,336.67
8.93294,77.9651,2026-08-30,828,n,0.42,SNPP,0.37,296.81,SNPP,D,2.0NRT,2.9,349.29
8.93239,77.96133,2026-08-30,828,n,0.42,SNPP,0.37,296.5,SNPP,D,2.0NRT,2.9,333.2
8.91,77.59529,2026-08-30,828,n,0.4,SNPP,0.37,296.51,SNPP,D,2.0NRT,1.37,335.65
9.402660000000001,80.43048,2026-08-30,828,n,0.55,SNPP,0.43,295.28,SNPP,D,2.0NRT,4.05,328.22
9.42778,80.38101,2026-08-30,828,n,0.55,SNPP,0.42,292.84,SNPP,D,2.0NRT,1.83,331.15
9.15121,78.32916,2026-08-30,828,n,0.43,SNPP,0.38,293.35,SNPP,D,2.0NRT,1.56,331.35
9.11369,77.77237,2026-08-30,828,n,0.41000000000000003,SNPP,0.37,298.66,SNPP,D,2.0NRT,1.37,334.29
9.32007,77.4914,2026-08-30,828,n,0.4,SNPP,0.37,290.35,SNPP,D,2.0NRT,2.5300000000000002,333.17
9.44472,77.67329,2026-08-30,828,n,0.41000000000000003,SNPP,0.37,287.31,SNPP,D,2.0NRT,5.42,339.12
9.44417,77.66956,2026-08-30,828,n,0.41000000000000003,SNPP,0.37,290.55,SNPP,D,2.0NRT,5.42,357.05
9.51278,78.066,2026-08-30,828,n,0.42,SNPP,0.38,303.22,SNPP,D,2.0NRT,10.29,343.56
9.49209,77.66238,2026-08-30,828,n,0.41000000000000003,SNPP,0.37,299.79,SNPP,D,2.0NRT,7.59,342.98
9.86126,78.18573,2026-08-30,828,n,0.43,SNPP,0.38,303.91,SNPP,D,2.0NRT,4.18,338.34
9.87797,78.03197,2026-08-30,828,n,0.42,SNPP,0.38,294.37,SNPP,D,2.0NRT,1.97,336.6
9.82619,77.39869,2026-08-30,828,l,0.4,SNPP,0.37,303.27,SNPP,D,2.0NRT,1.05,331.44
10.00316,76.4542,2026-08-30,828,n,0.39,SNPP,0.36,298.59,SNPP,D,2.0NRT,0.9400000000000001,333.81
11.80984,77.21425,2026-08-30,828,n,0.41000000000000003,SNPP,0.37,301.41,SNPP,D,2.0NRT,61.33,335.6
12.07999,76.99017,2026-08-30,828,n,0.41000000000000003,SNPP,0.37,303.8,SNPP,D,2.0NRT,3.7,338.02
12.81456,78.60983,2026-08-30,828,n,0.48,SNPP,0.4,291.11,SNPP,D,2.0NRT,2.64,333.07
12.48661,76.3177,2026-08-30,828,n,0.39,SNPP,0.37,298.79,SNPP,D,2.0NRT,3.61,336.89
13.99587,79.86121,2026-08-30,828,n,0.39,SNPP,0.44,297.69,SNPP,D,2.0NRT,3.16,330.58
13.9402,78.66064,2026-08-30,828,n,0.5,SNPP,0.41000000000000003,299.53,SNPP,D,2.0NRT,2.81,331.18
14.4991,79.69765,2026-08-30,828,n,0.38,SNPP,0.44,297.16,SNPP,D,2.0NRT,1.87,330.15
14.50312,79.69711,2026-08-30,828,n,0.38,SNPP,0.44,296.91,SNPP,D,2.0NRT,1.54,336.85
14.18999,77.3446,2026-08-30,828,n,0.43,SNPP,0.38,298.23,SNPP,D,2.0NRT,3.06,342.86
14.29174,77.98407,2026-08-30,828,n,0.46,SNPP,0.39,294.69,SNPP,D,2.0NRT,3.76,337.34
14.3499,77.63499,2026-08-30,828,n,0.45,SNPP,0.39,300.01,SNPP,D,2.0NRT,3.47,335.71
14.71446,79.98879,2026-08-30,828,n,0.4,SNPP,0.44,295.02,SNPP,D,2.0NRT,7.26,342.4
14.84624,78.37249,2026-08-30,828,n,0.49,SNPP,0.4,299.84,SNPP,D,2.0NRT,2.01,332.45
14.67836,76.89172,2026-08-30,828,n,0.42,SNPP,0.38,291.89,SNPP,D,2.0NRT,2.11,333.67
15.43925,77.664,2026-08-30,828,n,0.46,SNPP,0.39,291.37,SNPP,D,2.0NRT,2.43,333.31
15.93384,79.5267,2026-08-30,828,n,0.39,SNPP,0.44,289.76,SNPP,D,2.0NRT,4.06,343.13
21.17639,74.58324,2026-08-30,830,n,0.4,SNPP,0.37,291.83,SNPP,D,2.0NRT,1.9100000000000001,334.94
19.7772,73.79005,2026-08-30,830,n,0.39,SNPP,0.36,293.26,SNPP,D,2.0NRT,2.03,333.97
30.11638,73.26059,2026-08-30,835,l,0.42,SNPP,0.38,305.78,SNPP,D,2.0NRT,3.03,335.4
30.02923,71.74337,2026-08-30,835,l,0.39,SNPP,0.36,304.36,SNPP,D,2.0NRT,0.5700000000000001,332.13
30.35123,73.65195,2026-08-30,835,n,0.44,SNPP,0.38,300.2,SNPP,D,2.0NRT,1.82,334.44
30.08648,71.7243,2026-08-30,835,n,0.39,SNPP,0.36,303.89,SNPP,D,2.0NRT,1.6600000000000001,334.33
30.51386,73.90864,2026-08-30,835,n,0.45,SNPP,0.39,299.41,SNPP,D,2.0NRT,2.87,335.57
31.10913,74.49384,2026-08-30,835,n,0.48,SNPP,0.4,299.84,SNPP,D,2.0NRT,9.69,345.2
31.12675,74.30208,2026-08-30,835,n,0.47000000000000003,SNPP,0.4,300.91,SNPP,D,2.0NRT,4.14,342.96
31.2082,73.91856,2026-08-30,835,n,0.46,SNPP,0.39,300.68,SNPP,D,2.0NRT,3.87,337.22
31.2118,73.91795,2026-08-30,835,n,0.46,SNPP,0.39,299.86,SNPP,D,2.0NRT,2.3,331.16
31.39489,72.12487,2026-08-30,835,n,0.4,SNPP,0.37,300.88,SNPP,D,2.0NRT,1.87,333.23
31.4235,72.12935,2026-08-30,835,n,0.4,SNPP,0.37,300.79,SNPP,D,2.0NRT,3.19,331.22
31.46879,72.1555,2026-08-30,835,n,0.4,SNPP,0.37,301.51,SNPP,D,2.0NRT,3.6,335.84
31.56943,72.27724,2026-08-30,835,n,0.41000000000000003,SNPP,0.37,301.32,SNPP,D,2.0NRT,1.98,340.52
31.56918,72.22474,2026-08-30,835,n,0.41000000000000003,SNPP,0.37,302.29,SNPP,D,2.0NRT,2.25,334.87
31.58139,72.28816,2026-08-30,835,n,0.41000000000000003,SNPP,0.37,299.58,SNPP,D,2.0NRT,2.12,337.8
32.05318,73.38254,2026-08-30,835,n,0.44,SNPP,0.39,301.33,SNPP,D,2.0NRT,3.08,337.5
32.09223,73.23719,2026-08-30,835,n,0.44,SNPP,0.38,299.99,SNPP,D,2.0NRT,2.2,330.89
32.30693,73.28819,2026-08-30,835,n,0.44,SNPP,0.38,297.34,SNPP,D,2.0NRT,3.64,337.47
32.8883,71.61584,2026-08-30,835,l,0.4,SNPP,0.37,303.18,SNPP,D,2.0NRT,1.77,331.99
33.84936,72.20547,2026-08-30,835,n,0.42,SNPP,0.38,297.4,SNPP,D,2.0NRT,3.38,340.8
33.58202,69.2417,2026-08-30,835,l,0.39,SNPP,0.36,315.16,SNPP,D,2.0NRT,3.52,340.44
30.16407,74.51582,2026-08-30,835,l,0.47000000000000003,SNPP,0.4,302.09,SNPP,D,2.0NRT,3.35,331.57
30.11697,73.26498,2026-08-30,835,n,0.42,SNPP,0.38,305.23,SNPP,D,2.0NRT,5.74,336.37
7.14013,81.1341,2026-08-30,1921,n,0.73,SNPP,0.76,283.35,SNPP,N,2.0NRT,3.59,297.7
7.13631,81.13902,2026-08-30,1921,n,0.73,SNPP,0.76,280.67,SNPP,N,2.0NRT,1.72,296.16
7.28379,81.16539,2026-08-30,1921,n,0.72,SNPP,0.76,288.27,SNPP,N,2.0NRT,1.34,304.2
7.6078,81.15397,2026-08-30,1921,n,0.73,SNPP,0.76,288.01,SNPP,N,2.0NRT,0.8200000000000001,303.16
8.86712,81.02701,2026-08-30,1921,n,0.78,SNPP,0.78,287.51,SNPP,N,2.0NRT,1.75,309.61
8.86843,81.02491,2026-08-30,1921,n,0.78,SNPP,0.78,287.9,SNPP,N,2.0NRT,2.71,316.5
37.30244,77.71731,2026-08-30,2055,n,0.39,SNPP,0.36,283.57,SNPP,N,2.0NRT,0.52,300.32
33.29611,71.18341,2026-08-30,2055,n,0.51,SNPP,0.41000000000000003,293.05,SNPP,N,2.0NRT,0.8,310.8
33.29622,71.18803,2026-08-30,2055,n,0.51,SNPP,0.41000000000000003,293.04,SNPP,N,2.0NRT,1.09,306.97
32.88999,71.6175,2026-08-30,2055,n,0.48,SNPP,0.4,293.74,SNPP,N,2.0NRT,3.33,308.91
32.64409,72.9769,2026-08-30,2055,n,0.42,SNPP,0.38,293.7,SNPP,N,2.0NRT,1.5899999999999999,307.1
32.57351,72.56357,2026-08-30,2055,n,0.44,SNPP,0.38,294.88,SNPP,N,2.0NRT,4.1,309.26
32.13232,74.17843,2026-08-30,2055,n,0.39,SNPP,0.36,295.18,SNPP,N,2.0NRT,0.79,312.92
32.08741,74.15643,2026-08-30,2055,n,0.39,SNPP,0.36,294.49,SNPP,N,2.0NRT,0.65,308.49
32.0868,74.16059,2026-08-30,2055,n,0.39,SNPP,0.36,294.79,SNPP,N,2.0NRT,2.11,315.49
31.64126,74.42704,2026-08-30,2055,n,0.39,SNPP,0.36,295.23,SNPP,N,2.0NRT,0.49,308.12
31.61482,74.37532,2026-08-30,2055,n,0.39,SNPP,0.36,295.45,SNPP,N,2.0NRT,0.61,311.52
31.769,70.10805,2026-08-30,2055,n,0.55,SNPP,0.43,295.54,SNPP,N,2.0NRT,4.57,312.33
26.876640000000002,73.51275,2026-08-30,2057,n,0.39,SNPP,0.36,292.77,SNPP,N,2.0NRT,1.3900000000000001,304.99
27.66868,76.13271,2026-08-30,2057,n,0.41000000000000003,SNPP,0.37,276.77,SNPP,N,2.0NRT,0.32,296.11
25.9433,72.19072,2026-08-30,2057,n,0.4,SNPP,0.37,294.95,SNPP,N,2.0NRT,2.98,329.62
27.66938,76.12862,2026-08-30,2057,n,0.41000000000000003,SNPP,0.37,279.78,SNPP,N,2.0NRT,0.32,299.11
28.74306,76.92912,2026-08-30,2057,n,0.42,SNPP,0.38,291.02,SNPP,N,2.0NRT,1.9100000000000001,316.04
29.45914,76.89161,2026-08-30,2057,n,0.41000000000000003,SNPP,0.37,292.1,SNPP,N,2.0NRT,3.18,316.03
29.4759,76.85623,2026-08-30,2057,n,0.41000000000000003,SNPP,0.37,289.97,SNPP,N,2.0NRT,2.2800000000000002,311.77
26.09499,68.87773,2026-08-30,2057,n,0.55,SNPP,0.42,295.07,SNPP,N,2.0NRT,0.92,305.36
24.68952,73.00175,2026-08-30,2057,n,0.39,SNPP,0.36,292.27,SNPP,N,2.0NRT,1.08,308.21
25.94431,72.19051,2026-08-30,2057,n,0.4,SNPP,0.37,295.03,SNPP,N,2.0NRT,2.14,325.37
26.60605,73.68385,2026-08-30,2057,n,0.38,SNPP,0.36,292.92,SNPP,N,2.0NRT,0.71,305.13
26.87274,73.51597,2026-08-30,2057,n,0.39,SNPP,0.36,293.13,SNPP,N,2.0NRT,1.35,306.77
26.87605,73.51661,2026-08-30,2057,n,0.39,SNPP,0.36,293.23,SNPP,N,2.0NRT,1.26,309.34
28.42588,69.698,2026-08-30,2057,n,0.53,SNPP,0.42,297.18,SNPP,N,2.0NRT,1.83,310.32
28.35198,70.13081,2026-08-30,2057,n,0.5,SNPP,0.41000000000000003,296.83,SNPP,N,2.0NRT,0.75,307.1
21.1016,72.63586,2026-08-30,2059,n,0.38,SNPP,0.36,282.26,SNPP,N,2.0NRT,1.65,315.23
21.10102,72.63954,2026-08-30,2059,n,0.38,SNPP,0.36,281.97,SNPP,N,2.0NRT,0.49,295.93
20.35619,72.94963,2026-08-30,2059,n,0.39,SNPP,0.36,291.96,SNPP,N,2.0NRT,1.8399999999999999,305.96
21.26307,72.94081,2026-08-30,2059,n,0.38,SNPP,0.36,293.36,SNPP,N,2.0NRT,2.1,312.03
21.79665,72.08905,2026-08-30,2059,n,0.39,SNPP,0.36,292.6,SNPP,N,2.0NRT,1.45,308.36
18.54634,74.25378,2026-08-30,2059,n,0.42,SNPP,0.38,289.64,SNPP,N,2.0NRT,1.13,311.92
18.69302,73.0416,2026-08-30,2059,n,0.39,SNPP,0.36,293.8,SNPP,N,2.0NRT,3.62,319.89
19.93695,73.71136,2026-08-30,2059,n,0.4,SNPP,0.37,287.35,SNPP,N,2.0NRT,2.32,323.05
18.68969,73.04101,2026-08-30,2059,n,0.39,SNPP,0.36,291.93,SNPP,N,2.0NRT,1.57,304.97
15.17345,76.78623,2026-08-30,2101,n,0.42,SNPP,0.45,284.14,SNPP,N,2.0NRT,0.79,302.27
15.17842,76.66464,2026-08-30,2101,n,0.41000000000000003,SNPP,0.45,282.67,SNPP,N,2.0NRT,1.47,301.31
13.828710000000001,79.33633,2026-08-30,2101,n,0.32,SNPP,0.55,278.4,SNPP,N,2.0NRT,0.64,304.76
13.82755,79.33979,2026-08-30,2101,n,0.32,SNPP,0.55,278.47,SNPP,N,2.0NRT,0.49,302.83
13.82812,79.33691,2026-08-30,2101,n,0.32,SNPP,0.55,279.11,SNPP,N,2.0NRT,0.49,305.97
13.82868,79.33408,2026-08-30,2101,n,0.32,SNPP,0.55,278.63,SNPP,N,2.0NRT,0.73,302.13
15.16888,76.67051,2026-08-30,2101,n,0.41000000000000003,SNPP,0.45,279.46,SNPP,N,2.0NRT,0.4,297.02
15.1757,76.65623,2026-08-30,2101,n,0.41000000000000003,SNPP,0.45,283.06,SNPP,N,2.0NRT,3.12,320.74
15.17362,76.69113,2026-08-30,2101,n,0.41000000000000003,SNPP,0.45,281.35,SNPP,N,2.0NRT,0.52,301.13
15.1825,76.66548,2026-08-30,2101,n,0.41000000000000003,SNPP,0.45,280.75,SNPP,N,2.0NRT,1.46,315.65
9.670020000000001,77.45597,2026-08-30,2101,n,0.5700000000000001,SNPP,0.52,278.12,SNPP,N,2.0NRT,0.77,297.92
11.62482,79.08276,2026-08-30,2101,n,0.34,SNPP,0.56,283.7,SNPP,N,2.0NRT,0.9400000000000001,304.91
13.71089,79.62021,2026-08-30,2101,n,0.34,SNPP,0.56,281.19,SNPP,N,2.0NRT,1.05,304.97
13.82816,79.33921,2026-08-30,2101,n,0.32,SNPP,0.55,278.87,SNPP,N,2.0NRT,0.64,305.91
15.18182,76.66927,2026-08-30,2101,n,0.41000000000000003,SNPP,0.45,282.18,SNPP,N,2.0NRT,1.46,302.97
15.17636,76.67603,2026-08-30,2101,n,0.41000000000000003,SNPP,0.45,284.26,SNPP,N,2.0NRT,2.05,312.47
6.95868,79.95699,2026-08-30,2104,n,0.47000000000000003,SNPP,0.64,282.46,SNPP,N,2.0NRT,1.05,300.79
28.49807,97.02458,2026-08-31,631,n,0.5,SNPP,0.41000000000000003,292.86,SNPP,D,2.0NRT,5.45,332.79
9.41691,80.40578,2026-08-31,807,l,0.38,SNPP,0.36,303.93,SNPP,D,2.0NRT,5.73,332.41
6.74823,81.75127,2026-08-31,807,l,0.39,SNPP,0.36,303.36,SNPP,D,2.0NRT,2.2800000000000002,333.23
6.99967,81.60159,2026-08-31,807,l,0.39,SNPP,0.36,306.99,SNPP,D,2.0NRT,5.33,335.33
6.99914,81.59812,2026-08-31,807,n,0.39,SNPP,0.36,307.0,SNPP,D,2.0NRT,4.66,345.91
7.00246,81.59761,2026-08-31,807,n,0.39,SNPP,0.36,309.62,SNPP,D,2.0NRT,4.66,349.4
7.00193,81.59413,2026-08-31,807,n,0.39,SNPP,0.36,306.28,SNPP,D,2.0NRT,4.66,340.51
7.00911,81.5966,2026-08-31,807,l,0.39,SNPP,0.36,307.12,SNPP,D,2.0NRT,4.34,334.53
7.07676,81.82498,2026-08-31,807,n,0.39,SNPP,0.36,304.24,SNPP,D,2.0NRT,3.59,341.21
7.17094,81.64171,2026-08-31,807,n,0.39,SNPP,0.36,300.2,SNPP,D,2.0NRT,8.79,345.22
7.09931,80.83875,2026-08-31,807,n,0.38,SNPP,0.36,300.51,SNPP,D,2.0NRT,3.8,330.54
7.1865,81.38634,2026-08-31,807,n,0.38,SNPP,0.36,300.35,SNPP,D,2.0NRT,4.57,339.42
7.32466,81.76436,2026-08-31,807,n,0.39,SNPP,0.36,297.2,SNPP,D,2.0NRT,4.49,343.9
7.33384,81.80244,2026-08-31,807,n,0.39,SNPP,0.36,300.22,SNPP,D,2.0NRT,3.07,340.74
7.4735700000000005,81.65829,2026-08-31,807,n,0.39,SNPP,0.36,297.84,SNPP,D,2.0NRT,9.86,346.07
7.43173,81.31496,2026-08-31,807,n,0.38,SNPP,0.36,294.08,SNPP,D,2.0NRT,2.02,330.4
7.4614,80.99762,2026-08-31,807,n,0.38,SNPP,0.36,299.46,SNPP,D,2.0NRT,24.03,354.52
7.52729,80.8979,2026-08-31,807,l,0.38,SNPP,0.36,306.55,SNPP,D,2.0NRT,2.18,334.5
7.60614,81.15155,2026-08-31,807,n,0.38,SNPP,0.36,301.8,SNPP,D,2.0NRT,8.72,339.35
7.65419,81.40054,2026-08-31,807,n,0.39,SNPP,0.36,305.53,SNPP,D,2.0NRT,2.94,335.93
7.70496,81.42134,2026-08-31,807,n,0.39,SNPP,0.36,303.38,SNPP,D,2.0NRT,6.93,340.73
7.92286,81.40872,2026-08-31,807,n,0.39,SNPP,0.36,308.16,SNPP,D,2.0NRT,4.75,341.88
7.9412400000000005,81.30596,2026-08-31,807,n,0.39,SNPP,0.36,313.67,SNPP,D,2.0NRT,20.34,352.39
7.94071,81.30248,2026-08-31,807,n,0.38,SNPP,0.36,308.84,SNPP,D,2.0NRT,20.34,345.2
7.94456,81.30545,2026-08-31,807,h,0.39,SNPP,0.36,311.43,SNPP,D,2.0NRT,20.34,367.0
7.94403,81.30197,2026-08-31,807,n,0.38,SNPP,0.36,313.41,SNPP,D,2.0NRT,20.34,352.31
7.94297,81.295,2026-08-31,807,n,0.38,SNPP,0.36,310.0,SNPP,D,2.0NRT,80.22,350.67
7.73714,79.95287,2026-08-31,807,n,0.39,SNPP,0.36,299.09,SNPP,D,2.0NRT,3.4,335.15
7.73915,79.95213,2026-08-31,807,n,0.39,SNPP,0.36,299.7,SNPP,D,2.0NRT,5.01,345.5
7.87699,80.62096,2026-08-31,807,n,0.38,SNPP,0.36,302.63,SNPP,D,2.0NRT,2.86,331.9
7.88696,80.61943,2026-08-31,807,n,0.38,SNPP,0.36,302.18,SNPP,D,2.0NRT,3.88,341.73
8.01197,81.41592,2026-08-31,807,l,0.39,SNPP,0.36,310.95,SNPP,D,2.0NRT,4.35,340.12
7.8739,80.07893,2026-08-31,807,n,0.39,SNPP,0.36,305.08,SNPP,D,2.0NRT,5.31,348.7
7.88657,80.13833,2026-08-31,807,n,0.39,SNPP,0.36,305.14,SNPP,D,2.0NRT,7.77,345.81
7.96847,80.62367,2026-08-31,807,n,0.38,SNPP,0.36,303.21,SNPP,D,2.0NRT,2.45,334.81
7.9984,80.37608,2026-08-31,807,n,0.39,SNPP,0.36,308.42,SNPP,D,2.0NRT,6.58,349.28
7.99786,80.37258,2026-08-31,807,l,0.39,SNPP,0.36,305.98,SNPP,D,2.0NRT,6.58,332.12
7.95897,80.09814,2026-08-31,807,l,0.39,SNPP,0.36,304.5,SNPP,D,2.0NRT,3.06,338.14
8.03437,80.19405,2026-08-31,807,n,0.39,SNPP,0.36,306.27,SNPP,D,2.0NRT,6.16,338.36
8.08878,80.19277,2026-08-31,807,n,0.39,SNPP,0.36,305.52,SNPP,D,2.0NRT,5.01,344.37
8.14198,79.99303,2026-08-31,807,n,0.39,SNPP,0.36,303.02,SNPP,D,2.0NRT,3.1,337.81
8.2525,80.51107,2026-08-31,807,l,0.39,SNPP,0.36,304.77,SNPP,D,2.0NRT,2.7199999999999998,330.03
8.3754,81.1614,2026-08-31,807,l,0.38,SNPP,0.36,307.17,SNPP,D,2.0NRT,3.98,336.39
8.36229,81.05286,2026-08-31,807,l,0.38,SNPP,0.36,310.94,SNPP,D,2.0NRT,6.7,337.65
8.35775,80.80066,2026-08-31,807,l,0.38,SNPP,0.36,310.22,SNPP,D,2.0NRT,8.27,337.97
8.26829,80.17477,2026-08-31,807,l,0.39,SNPP,0.36,308.72,SNPP,D,2.0NRT,2.7,333.76
8.4223,81.09,2026-08-31,807,l,0.38,SNPP,0.36,310.14,SNPP,D,2.0NRT,3.98,340.12
8.28108,80.16919,2026-08-31,807,n,0.39,SNPP,0.36,309.37,SNPP,D,2.0NRT,3.83,341.22
8.29091,80.21081,2026-08-31,807,n,0.39,SNPP,0.36,308.56,SNPP,D,2.0NRT,5.8100000000000005,346.43
8.31053,80.29387,2026-08-31,807,l,0.39,SNPP,0.36,305.49,SNPP,D,2.0NRT,1.4,334.22
8.30053,80.16256,2026-08-31,807,n,0.39,SNPP,0.36,308.91,SNPP,D,2.0NRT,3.66,339.1
8.30774,80.12835,2026-08-31,807,l,0.39,SNPP,0.36,306.22,SNPP,D,2.0NRT,2.95,332.31
8.3721,80.43393,2026-08-31,807,n,0.39,SNPP,0.36,304.21,SNPP,D,2.0NRT,6.87,336.87
8.4316,80.79919,2026-08-31,807,n,0.38,SNPP,0.36,309.0,SNPP,D,2.0NRT,6.05,341.2
8.44716,80.87873,2026-08-31,807,n,0.38,SNPP,0.36,306.9,SNPP,D,2.0NRT,7.37,338.83
8.34746,80.20847,2026-08-31,807,l,0.39,SNPP,0.36,309.73,SNPP,D,2.0NRT,3.85,336.17
8.34692,80.20496,2026-08-31,807,l,0.39,SNPP,0.36,309.9,SNPP,D,2.0NRT,3.86,336.99
8.4479,80.75037,2026-08-31,807,l,0.38,SNPP,0.36,308.52,SNPP,D,2.0NRT,3.6,335.29
8.42869,80.62504,2026-08-31,807,n,0.38,SNPP,0.36,308.86,SNPP,D,2.0NRT,5.61,341.14
8.46928,80.77913,2026-08-31,807,n,0.38,SNPP,0.36,307.83,SNPP,D,2.0NRT,7.93,346.94
8.43458,80.5528,2026-08-31,807,l,0.38,SNPP,0.36,304.61,SNPP,D,2.0NRT,2.47,331.43
8.37858,80.18925,2026-08-31,807,l,0.39,SNPP,0.36,308.88,SNPP,D,2.0NRT,4.28,336.53
8.47952,80.82387,2026-08-31,807,l,0.38,SNPP,0.36,303.15,SNPP,D,2.0NRT,4.13,331.96
8.47485,80.77115,2026-08-31,807,l,0.38,SNPP,0.36,303.02,SNPP,D,2.0NRT,1.53,331.63
8.38703,80.15557,2026-08-31,807,n,0.39,SNPP,0.36,310.23,SNPP,D,2.0NRT,4.9,346.01
8.38648,80.15206,2026-08-31,807,l,0.39,SNPP,0.36,304.84,SNPP,D,2.0NRT,4.9,334.03
8.49225,80.81834,2026-08-31,807,n,0.38,SNPP,0.36,310.05,SNPP,D,2.0NRT,11.16,353.12
8.49889,80.81732,2026-08-31,807,n,0.38,SNPP,0.36,307.32,SNPP,D,2.0NRT,4.41,341.45
8.514990000000001,80.74651,2026-08-31,807,l,0.38,SNPP,0.36,309.49,SNPP,D,2.0NRT,9.52,334.79
8.51151,80.56882,2026-08-31,807,n,0.38,SNPP,0.36,300.44,SNPP,D,2.0NRT,4.3,332.96
8.56241,80.85677,2026-08-31,807,n,0.38,SNPP,0.36,309.81,SNPP,D,2.0NRT,6.27,347.43
8.48646,80.36195,2026-08-31,807,l,0.39,SNPP,0.36,306.36,SNPP,D,2.0NRT,2.3,333.66
8.49849,80.39584,2026-08-31,807,l,0.39,SNPP,0.36,303.07,SNPP,D,2.0NRT,2.61,331.59
8.61921,81.14049,2026-08-31,807,n,0.38,SNPP,0.36,312.03,SNPP,D,2.0NRT,9.6,350.21
8.5192,80.46411,2026-08-31,807,n,0.38,SNPP,0.36,300.33,SNPP,D,2.0NRT,2.27,331.95
8.47334,80.16677,2026-08-31,807,n,0.39,SNPP,0.36,309.88,SNPP,D,2.0NRT,7.33,342.12
8.57523,80.74078,2026-08-31,807,n,0.38,SNPP,0.36,302.39,SNPP,D,2.0NRT,0.92,334.55
8.55763,80.62587,2026-08-31,807,n,0.38,SNPP,0.36,308.82,SNPP,D,2.0NRT,7.3,339.42
8.55709,80.62238,2026-08-31,807,l,0.38,SNPP,0.36,306.97,SNPP,D,2.0NRT,5.71,336.88
8.59517,80.82677,2026-08-31,807,n,0.38,SNPP,0.36,307.19,SNPP,D,2.0NRT,24.38,344.09
8.62135,80.97601,2026-08-31,807,n,0.38,SNPP,0.36,304.01,SNPP,D,2.0NRT,1.17,335.68
8.6213,80.7978,2026-08-31,807,n,0.38,SNPP,0.36,306.04,SNPP,D,2.0NRT,6.63,348.51
8.59252,80.60977,2026-08-31,807,n,0.38,SNPP,0.36,302.77,SNPP,D,2.0NRT,3.19,336.11
8.68129,81.15162,2026-08-31,807,n,0.39,SNPP,0.36,311.49,SNPP,D,2.0NRT,6.41,341.5
8.6128,80.70208,2026-08-31,807,l,0.38,SNPP,0.36,307.32,SNPP,D,2.0NRT,4.65,334.35
8.63045,80.70648,2026-08-31,807,l,0.38,SNPP,0.36,310.42,SNPP,D,2.0NRT,4.17,339.82
8.5921,80.41267,2026-08-31,807,n,0.39,SNPP,0.36,308.67,SNPP,D,2.0NRT,9.48,348.81
8.61153,80.51681,2026-08-31,807,l,0.38,SNPP,0.36,310.3,SNPP,D,2.0NRT,5.45,338.01
8.6401,80.65864,2026-08-31,807,n,0.38,SNPP,0.36,303.83,SNPP,D,2.0NRT,15.49,339.77
8.65994,80.76608,2026-08-31,807,l,0.38,SNPP,0.36,305.82,SNPP,D,2.0NRT,2.09,334.64
8.63006,80.57103,2026-08-31,807,n,0.38,SNPP,0.36,301.35,SNPP,D,2.0NRT,2.36,332.78
8.62952,80.56754,2026-08-31,807,n,0.38,SNPP,0.36,303.3,SNPP,D,2.0NRT,3.18,333.65
8.63466,80.53464,2026-08-31,807,n,0.38,SNPP,0.36,306.44,SNPP,D,2.0NRT,3.24,338.93
8.67386,80.74609,2026-08-31,807,n,0.38,SNPP,0.36,307.61,SNPP,D,2.0NRT,6.91,338.19
8.6821,80.75552,2026-08-31,807,n,0.38,SNPP,0.36,308.89,SNPP,D,2.0NRT,5.09,349.96
8.66698,80.36886,2026-08-31,807,n,0.39,SNPP,0.36,307.33,SNPP,D,2.0NRT,3.35,337.97
8.78987,80.99559,2026-08-31,807,n,0.38,SNPP,0.36,307.86,SNPP,D,2.0NRT,12.29,343.59
8.74873,80.32748,2026-08-31,807,n,0.39,SNPP,0.36,305.13,SNPP,D,2.0NRT,3.5700000000000003,338.49
8.85911,80.74155,2026-08-31,807,n,0.38,SNPP,0.36,311.49,SNPP,D,2.0NRT,16.02,349.7
8.80894,80.39244,2026-08-31,807,n,0.38,SNPP,0.36,306.81,SNPP,D,2.0NRT,3.36,341.51
8.90582,80.40517,2026-08-31,807,n,0.38,SNPP,0.36,305.91,SNPP,D,2.0NRT,4.3,338.33
8.91568,80.42508,2026-08-31,807,l,0.38,SNPP,0.36,314.07,SNPP,D,2.0NRT,28.96,341.63
8.97013,80.69147,2026-08-31,807,n,0.38,SNPP,0.36,311.26,SNPP,D,2.0NRT,6.62,345.28
8.97723,80.38334,2026-08-31,807,l,0.38,SNPP,0.36,307.43,SNPP,D,2.0NRT,6.26,337.39
8.9767,80.37984,2026-08-31,807,l,0.38,SNPP,0.36,308.02,SNPP,D,2.0NRT,6.26,336.51
9.04133,80.45132,2026-08-31,807,h,0.38,SNPP,0.36,312.33,SNPP,D,2.0NRT,19.68,367.0
9.11122,80.50833,2026-08-31,807,l,0.38,SNPP,0.36,310.26,SNPP,D,2.0NRT,5.42,339.2
9.19589,80.66298,2026-08-31,807,l,0.38,SNPP,0.36,309.9,SNPP,D,2.0NRT,1.8399999999999999,337.37
9.18498,80.30385,2026-08-31,807,n,0.39,SNPP,0.36,313.38,SNPP,D,2.0NRT,6.16,347.17
9.17411,80.12911,2026-08-31,807,l,0.39,SNPP,0.36,306.33,SNPP,D,2.0NRT,2.9699999999999998,332.22
9.26766,80.71529,2026-08-31,807,n,0.38,SNPP,0.36,307.73,SNPP,D,2.0NRT,6.53,340.77
9.28584,80.72318,2026-08-31,807,n,0.38,SNPP,0.36,306.2,SNPP,D,2.0NRT,3.86,340.11
9.41306,80.4028,2026-08-31,807,n,0.38,SNPP,0.36,307.32,SNPP,D,2.0NRT,5.73,353.54
9.39429,80.28052,2026-08-31,807,n,0.38,SNPP,0.36,306.48,SNPP,D,2.0NRT,3.06,338.13
9.02789,77.86799,2026-08-31,807,n,0.45,SNPP,0.39,311.04,SNPP,D,2.0NRT,11.75,345.65
9.17741,78.13036,2026-08-31,807,n,0.43,SNPP,0.38,304.75,SNPP,D,2.0NRT,6.86,346.2
9.22821,77.66577,2026-08-31,807,l,0.45,SNPP,0.39,303.45,SNPP,D,2.0NRT,16.19,339.43
9.47052,78.63935,2026-08-31,807,l,0.41000000000000003,SNPP,0.37,300.43,SNPP,D,2.0NRT,5.55,342.36
9.77185,78.36581,2026-08-31,807,n,0.42,SNPP,0.38,303.44,SNPP,D,2.0NRT,3.64,340.43
9.90981,78.52617,2026-08-31,807,l,0.41000000000000003,SNPP,0.37,304.96,SNPP,D,2.0NRT,4.17,339.05
9.806750000000001,77.88925,2026-08-31,807,l,0.44,SNPP,0.38,314.76,SNPP,D,2.0NRT,7.57,344.35
9.8061,77.88528,2026-08-31,807,l,0.44,SNPP,0.38,312.07,SNPP,D,2.0NRT,7.57,340.12
9.98556,77.43252,2026-08-31,807,l,0.46,SNPP,0.39,304.75,SNPP,D,2.0NRT,5.73,336.54
11.62862,78.61463,2026-08-31,807,l,0.4,SNPP,0.37,298.12,SNPP,D,2.0NRT,4.3,331.27
11.52704,77.24921,2026-08-31,809,l,0.45,SNPP,0.39,299.28,SNPP,D,2.0NRT,3.56,330.49
13.81923,79.34404,2026-08-31,809,n,0.38,SNPP,0.36,293.93,SNPP,D,2.0NRT,13.51,351.56
13.40939,80.26858,2026-08-31,809,n,0.39,SNPP,0.36,301.29,SNPP,D,2.0NRT,2.09,339.14
12.58657,79.6415,2026-08-31,809,n,0.38,SNPP,0.36,307.62,SNPP,D,2.0NRT,4.02,349.15
12.05555,79.07794,2026-08-31,809,l,0.39,SNPP,0.36,302.51,SNPP,D,2.0NRT,2.96,330.89
11.80935,77.92519,2026-08-31,809,l,0.42,SNPP,0.38,292.97,SNPP,D,2.0NRT,2.83,331.34
11.99713,79.547,2026-08-31,809,n,0.39,SNPP,0.36,308.36,SNPP,D,2.0NRT,8.02,346.13
11.99381,79.54753,2026-08-31,809,n,0.39,SNPP,0.36,310.35,SNPP,D,2.0NRT,8.02,350.08
11.73493,77.98431,2026-08-31,809,n,0.42,SNPP,0.37,299.52,SNPP,D,2.0NRT,3.07,331.16
11.52934,77.24984,2026-08-31,809,n,0.45,SNPP,0.39,298.98,SNPP,D,2.0NRT,4.63,332.74
14.47656,78.25895,2026-08-31,809,n,0.39,SNPP,0.36,296.94,SNPP,D,2.0NRT,5.87,335.97
27.71435,68.49007,2026-08-31,813,n,0.5,SNPP,0.49,304.87,SNPP,D,2.0NRT,28.78,350.78
31.3222,72.33394,2026-08-31,813,n,0.43,SNPP,0.38,301.15,SNPP,D,2.0NRT,8.52,341.28
31.37494,74.45004,2026-08-31,813,n,0.39,SNPP,0.36,300.46,SNPP,D,2.0NRT,6.1,346.78
31.1293,74.65489,2026-08-31,813,n,0.39,SNPP,0.36,298.33,SNPP,D,2.0NRT,4.79,341.05
28.12977,76.78864,2026-08-31,813,n,0.39,SNPP,0.36,296.53,SNPP,D,2.0NRT,2.37,335.41
32.88905,71.61505,2026-08-31,2038,n,0.5700000000000001,SNPP,0.52,292.31,SNPP,N,2.0NRT,3.29,307.79
32.8878,71.61481,2026-08-31,2038,n,0.5700000000000001,SNPP,0.52,292.4,SNPP,N,2.0NRT,3.59,307.36
29.78555,91.60432,2026-08-31,2038,n,0.44,SNPP,0.63,279.53,SNPP,N,2.0NRT,1.24,301.18
35.96856,68.68645,2026-08-31,2038,n,0.45,SNPP,0.63,291.06,SNPP,N,2.0NRT,0.58,302.12
29.4606,76.88784,2026-08-31,2038,n,0.43,SNPP,0.38,292.7,SNPP,N,2.0NRT,2.34,308.38
28.37152,77.22688,2026-08-31,2038,n,0.41000000000000003,SNPP,0.37,289.42,SNPP,N,2.0NRT,1.55,323.5
32.5747,72.56332,2026-08-31,2038,n,0.5,SNPP,0.49,292.32,SNPP,N,2.0NRT,3.15,308.45
28.34651,77.2308,2026-08-31,2038,n,0.41000000000000003,SNPP,0.37,291.76,SNPP,N,2.0NRT,1.97,309.35
29.47525,76.859,2026-08-31,2038,n,0.43,SNPP,0.38,292.51,SNPP,N,2.0NRT,2.7800000000000002,314.13
24.76335,74.60571,2026-08-31,2040,n,0.47000000000000003,SNPP,0.4,280.61,SNPP,N,2.0NRT,0.71,303.34
21.10513,72.64378,2026-08-31,2040,n,0.54,SNPP,0.42,287.66,SNPP,N,2.0NRT,5.89,330.75
21.10902,72.64436,2026-08-31,2040,n,0.54,SNPP,0.42,284.52,SNPP,N,2.0NRT,1.6,299.5
22.3882,73.11613,2026-08-31,2040,n,0.53,SNPP,0.42,282.49,SNPP,N,2.0NRT,2.6,321.54
22.3858,73.11745,2026-08-31,2040,n,0.53,SNPP,0.42,282.63,SNPP,N,2.0NRT,1.11,305.2
22.38964,73.11803,2026-08-31,2040,n,0.53,SNPP,0.42,282.32,SNPP,N,2.0NRT,1.4100000000000001,318.73
25.3894,68.57961,2026-08-31,2040,n,0.36,SNPP,0.5700000000000001,293.42,SNPP,N,2.0NRT,1.29,315.17
24.76271,74.60774,2026-08-31,2040,n,0.47000000000000003,SNPP,0.4,281.39,SNPP,N,2.0NRT,1.26,306.91
27.71806,68.49272,2026-08-31,2040,n,0.39,SNPP,0.59,294.94,SNPP,N,2.0NRT,0.44,313.32
28.42419,69.70075,2026-08-31,2040,n,0.33,SNPP,0.55,296.56,SNPP,N,2.0NRT,0.87,308.69
18.42431,74.38948,2026-08-31,2042,n,0.42,SNPP,0.38,290.41,SNPP,N,2.0NRT,0.44,307.81
18.68149,73.03835,2026-08-31,2042,n,0.48,SNPP,0.4,292.45,SNPP,N,2.0NRT,3.11,311.06
18.68213,73.03376,2026-08-31,2042,n,0.48,SNPP,0.4,292.44,SNPP,N,2.0NRT,1.9300000000000002,305.47
18.68646,73.02973,2026-08-31,2042,n,0.48,SNPP,0.4,288.82,SNPP,N,2.0NRT,1.9300000000000002,306.48
17.06269,76.97835,2026-08-31,2042,n,0.39,SNPP,0.36,286.56,SNPP,N,2.0NRT,0.84,306.39
18.59601,74.25494,2026-08-31,2042,n,0.43,SNPP,0.38,290.26,SNPP,N,2.0NRT,1.7000000000000002,317.81
19.36855,71.35361,2026-08-31,2042,n,0.41000000000000003,SNPP,0.45,291.62,SNPP,N,2.0NRT,2.17,312.3
17.43479,74.96613,2026-08-31,2042,n,0.4,SNPP,0.37,289.13,SNPP,N,2.0NRT,0.74,307.73
15.65919,73.98986,2026-08-31,2042,n,0.41000000000000003,SNPP,0.37,289.55,SNPP,N,2.0NRT,1.8,315.41
15.1696,76.37997,2026-08-31,2042,n,0.39,SNPP,0.36,271.6,SNPP,N,2.0NRT,0.65,296.09
11.08366,78.75399,2026-08-31,2044,n,0.5,SNPP,0.41000000000000003,294.08,SNPP,N,2.0NRT,2.89,311.37
10.94284,78.06322,2026-08-31,2044,n,0.46,SNPP,0.39,294.36,SNPP,N,2.0NRT,1.4100000000000001,316.81
10.41461,77.11382,2026-08-31,2044,n,0.43,SNPP,0.38,289.06,SNPP,N,2.0NRT,0.43,305.75
8.74017,78.09332,2026-08-31,2044,n,0.49,SNPP,0.4,294.39,SNPP,N,2.0NRT,0.38,306.91
8.09268,80.79333,2026-08-31,2044,n,0.49,SNPP,0.48,292.86,SNPP,N,2.0NRT,1.9,316.15
8.11194,79.87071,2026-08-31,2044,n,0.42,SNPP,0.45,291.95,SNPP,N,2.0NRT,2.58,322.48
8.11138,79.86758,2026-08-31,2044,n,0.42,SNPP,0.45,291.83,SNPP,N,2.0NRT,2.42,306.74
7.39378,80.89077,2026-08-31,2044,n,0.51,SNPP,0.49,290.36,SNPP,N,2.0NRT,4.23,334.68
8.11074,79.87141,2026-08-31,2044,n,0.42,SNPP,0.45,291.17,SNPP,N,2.0NRT,2.02,312.18
7.39473,80.88899,2026-08-31,2044,n,0.51,SNPP,0.49,289.75,SNPP,N,2.0NRT,2.86,324.22
7.39012,80.88872,2026-08-31,2044,n,0.51,SNPP,0.49,289.62,SNPP,N,2.0NRT,2.8,318.01
12.60132,77.88569,2026-08-31,2044,n,0.43,SNPP,0.38,283.62,SNPP,N,2.0NRT,0.27,308.19
12.59783,77.8851,2026-08-31,2044,n,0.43,SNPP,0.38,281.77,SNPP,N,2.0NRT,0.27,299.48
11.81802,77.91586,2026-08-31,2044,n,0.44,SNPP,0.39,291.36,SNPP,N,2.0NRT,1.71,308.19
11.81027,77.91869,2026-08-31,2044,n,0.44,SNPP,0.39,292.03,SNPP,N,2.0NRT,2.44,306.89
11.80957,77.92274,2026-08-31,2044,n,0.44,SNPP,0.39,293.67,SNPP,N,2.0NRT,1.65,309.05
11.18313,79.09899,2026-08-31,2044,n,0.51,SNPP,0.41000000000000003,283.87,SNPP,N,2.0NRT,0.5,304.24
6.411,81.08882,2026-09-01,748,n,0.39,SNPP,0.44,296.1,SNPP,D,2.0NRT,0.85,331.91
6.41308,81.00175,2026-09-01,748,n,0.39,SNPP,0.44,296.79,SNPP,D,2.0NRT,2.93,336.85
6.56763,80.98006,2026-09-01,748,n,0.39,SNPP,0.44,298.34,SNPP,D,2.0NRT,2.46,331.95
6.7111,81.59296,2026-09-01,748,n,0.54,SNPP,0.42,299.56,SNPP,D,2.0NRT,5.1,332.59
6.70304,81.54429,2026-09-01,748,n,0.54,SNPP,0.42,300.62,SNPP,D,2.0NRT,5.44,334.86
6.73672,81.60365,2026-09-01,748,n,0.54,SNPP,0.42,299.25,SNPP,D,2.0NRT,13.03,335.05
6.73593,81.59883,2026-09-01,748,n,0.54,SNPP,0.42,299.81,SNPP,D,2.0NRT,8.39,337.41
6.74266,81.51804,2026-09-01,748,n,0.54,SNPP,0.42,300.14,SNPP,D,2.0NRT,2.55,337.49
6.80369,81.52106,2026-09-01,748,n,0.54,SNPP,0.42,302.28,SNPP,D,2.0NRT,5.57,336.16
6.8153500000000005,81.51917,2026-09-01,748,n,0.54,SNPP,0.42,300.72,SNPP,D,2.0NRT,3.0,338.94
6.84047,81.57497,2026-09-01,748,n,0.54,SNPP,0.42,305.15,SNPP,D,2.0NRT,12.38,346.36
6.84425,81.54947,2026-09-01,748,n,0.54,SNPP,0.42,299.8,SNPP,D,2.0NRT,10.33,337.98
6.8355,81.49601,2026-09-01,748,n,0.54,SNPP,0.42,299.88,SNPP,D,2.0NRT,9.59,333.16
6.84813,81.54882,2026-09-01,748,n,0.54,SNPP,0.42,299.9,SNPP,D,2.0NRT,10.33,337.81
6.83939,81.49536,2026-09-01,748,n,0.54,SNPP,0.42,300.37,SNPP,D,2.0NRT,9.59,345.89
7.09516,81.44301,2026-09-01,748,n,0.54,SNPP,0.42,296.11,SNPP,D,2.0NRT,12.36,345.55
7.07607,81.5708,2026-09-01,748,n,0.53,SNPP,0.42,298.72,SNPP,D,2.0NRT,6.13,333.41
6.93935,81.63994,2026-09-01,748,n,0.53,SNPP,0.42,302.51,SNPP,D,2.0NRT,5.6,336.24
6.85314,81.40752,2026-09-01,748,n,0.55,SNPP,0.43,298.04,SNPP,D,2.0NRT,6.24,335.08
7.07577,81.20669,2026-09-01,748,n,0.56,SNPP,0.43,296.1,SNPP,D,2.0NRT,9.04,341.39
7.0955,81.44486,2026-09-01,748,n,0.54,SNPP,0.42,294.82,SNPP,D,2.0NRT,9.23,334.54
7.07303,81.20502,2026-09-01,748,n,0.56,SNPP,0.43,295.76,SNPP,D,2.0NRT,8.49,334.73
6.33925,81.34753,2026-09-01,748,n,0.56,SNPP,0.43,296.64,SNPP,D,2.0NRT,4.21,335.71
6.33772,81.34603,2026-09-01,748,n,0.56,SNPP,0.43,296.73,SNPP,D,2.0NRT,7.75,334.53
6.32778,81.01263,2026-09-01,748,n,0.39,SNPP,0.44,298.03,SNPP,D,2.0NRT,2.71,342.68
6.35255,81.13854,2026-09-01,748,n,0.39,SNPP,0.44,298.76,SNPP,D,2.0NRT,3.16,342.55
7.35682,81.82351,2026-09-01,748,l,0.51,SNPP,0.41000000000000003,304.05,SNPP,D,2.0NRT,6.09,333.2
7.33726,81.72639,2026-09-01,748,l,0.52,SNPP,0.41000000000000003,305.25,SNPP,D,2.0NRT,5.18,335.03
6.19543,81.0187,2026-09-01,748,n,0.39,SNPP,0.44,296.73,SNPP,D,2.0NRT,3.17,334.15
6.23883,81.20638,2026-09-01,748,n,0.38,SNPP,0.43,298.18,SNPP,D,2.0NRT,1.23,330.31
7.32506,81.74758,2026-09-01,748,l,0.52,SNPP,0.41000000000000003,305.24,SNPP,D,2.0NRT,6.03,333.99
7.31592,81.76345,2026-09-01,748,n,0.52,SNPP,0.41000000000000003,306.04,SNPP,D,2.0NRT,12.39,344.78
7.28933,81.79167,2026-09-01,748,n,0.51,SNPP,0.41000000000000003,305.52,SNPP,D,2.0NRT,11.09,340.16
7.21606,81.76827,2026-09-01,748,l,0.52,SNPP,0.41000000000000003,305.45,SNPP,D,2.0NRT,19.17,341.2
7.16827,81.57197,2026-09-01,748,n,0.53,SNPP,0.42,300.12,SNPP,D,2.0NRT,6.23,331.95
6.39061,81.01627,2026-09-01,748,n,0.39,SNPP,0.44,298.11,SNPP,D,2.0NRT,5.79,348.9
7.96814,80.59685,2026-09-01,750,n,0.39,SNPP,0.44,298.24,SNPP,D,2.0NRT,6.47,347.3
7.96034,80.72224,2026-09-01,750,l,0.39,SNPP,0.44,300.93,SNPP,D,2.0NRT,3.5,330.53
7.95932,80.72301,2026-09-01,750,n,0.39,SNPP,0.44,300.94,SNPP,D,2.0NRT,4.06,331.21
7.42719,81.31733,2026-09-01,750,l,0.54,SNPP,0.42,301.93,SNPP,D,2.0NRT,5.35,331.73
7.63038,81.58308,2026-09-01,750,l,0.52,SNPP,0.42,305.32,SNPP,D,2.0NRT,6.87,335.51
7.6342,81.58244,2026-09-01,750,n,0.52,SNPP,0.42,304.4,SNPP,D,2.0NRT,6.87,344.19
7.7914200000000005,81.55624,2026-09-01,750,l,0.52,SNPP,0.42,304.23,SNPP,D,2.0NRT,6.01,333.11
7.7604,81.24961,2026-09-01,750,n,0.54,SNPP,0.42,309.62,SNPP,D,2.0NRT,10.62,340.95
7.86408,81.44665,2026-09-01,750,n,0.53,SNPP,0.42,303.81,SNPP,D,2.0NRT,9.12,348.6
7.86625,81.44823,2026-09-01,750,n,0.53,SNPP,0.42,304.19,SNPP,D,2.0NRT,9.31,343.45
7.8685,81.43804,2026-09-01,750,n,0.53,SNPP,0.42,303.13,SNPP,D,2.0NRT,4.72,334.4
7.78867,80.81643,2026-09-01,750,n,0.38,SNPP,0.44,302.57,SNPP,D,2.0NRT,4.63,342.48
7.94534,81.37614,2026-09-01,750,n,0.53,SNPP,0.42,303.27,SNPP,D,2.0NRT,3.65,337.02
7.94456,81.37131,2026-09-01,750,l,0.53,SNPP,0.42,304.36,SNPP,D,2.0NRT,3.65,332.56
7.94756,81.31615,2026-09-01,750,n,0.54,SNPP,0.42,304.45,SNPP,D,2.0NRT,8.89,343.2
7.94843,81.31799,2026-09-01,750,n,0.54,SNPP,0.42,303.64,SNPP,D,2.0NRT,9.05,338.51
7.7837700000000005,80.22298,2026-09-01,750,n,0.42,SNPP,0.45,293.66,SNPP,D,2.0NRT,2.66,339.76
8.00779,81.43661,2026-09-01,750,l,0.53,SNPP,0.42,304.26,SNPP,D,2.0NRT,6.68,330.8
7.90392,80.63752,2026-09-01,750,n,0.39,SNPP,0.44,299.19,SNPP,D,2.0NRT,1.99,333.93
8.92294,80.38815,2026-09-01,750,n,0.39,SNPP,0.44,301.73,SNPP,D,2.0NRT,11.59,344.04
7.45856,81.64819,2026-09-01,750,l,0.52,SNPP,0.42,303.56,SNPP,D,2.0NRT,6.24,334.63
7.45584,81.64682,2026-09-01,750,l,0.52,SNPP,0.42,302.99,SNPP,D,2.0NRT,7.83,333.5
7.40997,81.6543,2026-09-01,750,l,0.52,SNPP,0.42,300.98,SNPP,D,2.0NRT,6.13,333.78
7.3619900000000005,81.50616,2026-09-01,750,n,0.53,SNPP,0.42,299.67,SNPP,D,2.0NRT,3.8200000000000003,333.35
7.29757,81.14172,2026-09-01,750,n,0.56,SNPP,0.43,303.89,SNPP,D,2.0NRT,6.16,334.94
7.39489,81.77684,2026-09-01,750,l,0.51,SNPP,0.41000000000000003,304.8,SNPP,D,2.0NRT,7.48,334.29
8.5695,80.76366,2026-09-01,750,n,0.5700000000000001,SNPP,0.43,304.65,SNPP,D,2.0NRT,9.39,338.63
8.54781,80.68247,2026-09-01,750,n,0.5700000000000001,SNPP,0.43,302.43,SNPP,D,2.0NRT,8.51,340.66
8.52105,80.59629,2026-09-01,750,n,0.39,SNPP,0.44,300.61,SNPP,D,2.0NRT,6.85,352.43
8.03119,81.28948,2026-09-01,750,n,0.54,SNPP,0.42,307.0,SNPP,D,2.0NRT,20.57,349.71
8.51704,80.59698,2026-09-01,750,n,0.39,SNPP,0.44,301.92,SNPP,D,2.0NRT,6.85,352.54
8.51814,80.67673,2026-09-01,750,n,0.5700000000000001,SNPP,0.43,301.34,SNPP,D,2.0NRT,8.72,338.07
8.46717,80.40021,2026-09-01,750,n,0.4,SNPP,0.44,301.11,SNPP,D,2.0NRT,2.9,339.96
8.46778,80.40383,2026-09-01,750,n,0.4,SNPP,0.44,301.31,SNPP,D,2.0NRT,2.9,341.57
8.4631,80.40090000000001,2026-09-01,750,n,0.4,SNPP,0.44,303.21,SNPP,D,2.0NRT,2.31,339.49
8.46372,80.40453,2026-09-01,750,n,0.4,SNPP,0.44,301.63,SNPP,D,2.0NRT,2.31,338.04
8.45904,80.40157,2026-09-01,750,n,0.4,SNPP,0.44,301.2,SNPP,D,2.0NRT,2.31,331.54
8.41854,80.18941,2026-09-01,750,n,0.41000000000000003,SNPP,0.45,299.92,SNPP,D,2.0NRT,4.82,334.78
8.51878,80.7773,2026-09-01,750,n,0.5700000000000001,SNPP,0.43,303.99,SNPP,D,2.0NRT,4.06,342.57
8.441230000000001,80.37093,2026-09-01,750,n,0.4,SNPP,0.44,299.81,SNPP,D,2.0NRT,1.9,334.63
8.43706,80.33877,2026-09-01,750,l,0.4,SNPP,0.44,301.29,SNPP,D,2.0NRT,4.04,330.46
8.44242,80.37146,2026-09-01,750,n,0.4,SNPP,0.44,299.87,SNPP,D,2.0NRT,4.32,337.13
8.52771,80.89381,2026-09-01,750,n,0.56,SNPP,0.43,299.91,SNPP,D,2.0NRT,6.84,335.66
8.41083,80.25612,2026-09-01,750,n,0.41000000000000003,SNPP,0.45,297.36,SNPP,D,2.0NRT,4.26,338.4
8.40672,80.25681,2026-09-01,750,n,0.41000000000000003,SNPP,0.45,301.7,SNPP,D,2.0NRT,6.7,337.52
8.40733,80.26052,2026-09-01,750,n,0.41000000000000003,SNPP,0.45,299.62,SNPP,D,2.0NRT,3.39,332.36
8.49863,80.81506,2026-09-01,750,n,0.56,SNPP,0.43,302.59,SNPP,D,2.0NRT,16.97,333.72
8.49946,80.82017,2026-09-01,750,n,0.56,SNPP,0.43,303.5,SNPP,D,2.0NRT,16.97,339.21
8.4955,80.82083,2026-09-01,750,n,0.56,SNPP,0.43,301.08,SNPP,D,2.0NRT,16.97,335.09
8.47152,80.72465,2026-09-01,750,n,0.5700000000000001,SNPP,0.43,303.91,SNPP,D,2.0NRT,11.25,336.85
8.41644,80.41689,2026-09-01,750,l,0.4,SNPP,0.44,302.89,SNPP,D,2.0NRT,2.04,331.79
8.38557,80.25662,2026-09-01,750,n,0.41000000000000003,SNPP,0.45,299.85,SNPP,D,2.0NRT,10.02,344.78
8.42361,80.5847,2026-09-01,750,l,0.39,SNPP,0.44,303.93,SNPP,D,2.0NRT,6.09,331.75
8.349,80.19014,2026-09-01,750,l,0.41000000000000003,SNPP,0.45,301.86,SNPP,D,2.0NRT,4.48,331.08
8.36403,80.27928,2026-09-01,750,n,0.41000000000000003,SNPP,0.45,302.44,SNPP,D,2.0NRT,6.03,346.99
8.34424,80.18712,2026-09-01,750,n,0.41000000000000003,SNPP,0.45,301.94,SNPP,D,2.0NRT,6.2,332.68
8.35582,80.28069,2026-09-01,750,l,0.41000000000000003,SNPP,0.45,301.46,SNPP,D,2.0NRT,3.73,331.43
8.41403,80.62608,2026-09-01,750,n,0.39,SNPP,0.44,300.18,SNPP,D,2.0NRT,6.92,341.23
8.40258,80.63156,2026-09-01,750,n,0.39,SNPP,0.44,303.59,SNPP,D,2.0NRT,8.98,352.12
8.4673,81.08805,2026-09-01,750,n,0.54,SNPP,0.42,298.79,SNPP,D,2.0NRT,7.07,337.73
8.32899,80.29664,2026-09-01,750,n,0.41000000000000003,SNPP,0.45,300.35,SNPP,D,2.0NRT,3.46,333.49
8.46341,81.0887,2026-09-01,750,n,0.54,SNPP,0.42,299.74,SNPP,D,2.0NRT,15.6,337.52
8.30062,80.15585,2026-09-01,750,n,0.41000000000000003,SNPP,0.45,303.18,SNPP,D,2.0NRT,19.56,344.61
8.37836,80.6104,2026-09-01,750,n,0.39,SNPP,0.44,305.36,SNPP,D,2.0NRT,6.35,344.11
8.31414,80.28391,2026-09-01,750,n,0.41000000000000003,SNPP,0.45,301.37,SNPP,D,2.0NRT,3.4,339.16
8.29877,80.15601,2026-09-01,750,n,0.42,SNPP,0.45,301.32,SNPP,D,2.0NRT,18.87,343.71
8.3114,80.28439,2026-09-01,750,n,0.41000000000000003,SNPP,0.45,300.84,SNPP,D,2.0NRT,2.5,343.65
8.38429,81.04854,2026-09-01,750,n,0.55,SNPP,0.43,306.78,SNPP,D,2.0NRT,22.09,349.85
8.37648,81.04984,2026-09-01,750,n,0.55,SNPP,0.43,302.95,SNPP,D,2.0NRT,12.25,336.23
8.39226,81.16862,2026-09-01,750,n,0.54,SNPP,0.42,295.94,SNPP,D,2.0NRT,5.92,331.78
8.26432,80.55347,2026-09-01,750,n,0.39,SNPP,0.44,298.06,SNPP,D,2.0NRT,4.08,334.0
8.26053,80.58041,2026-09-01,750,n,0.39,SNPP,0.44,300.71,SNPP,D,2.0NRT,7.8100000000000005,342.01
8.24386,80.60502,2026-09-01,750,n,0.39,SNPP,0.44,301.48,SNPP,D,2.0NRT,4.93,340.11
8.3076,81.01814,2026-09-01,750,n,0.55,SNPP,0.43,298.71,SNPP,D,2.0NRT,6.15,336.04
8.30368,81.01878,2026-09-01,750,n,0.55,SNPP,0.43,299.13,SNPP,D,2.0NRT,6.15,337.15
8.18792,80.69052,2026-09-01,750,n,0.39,SNPP,0.44,301.84,SNPP,D,2.0NRT,6.26,340.57
8.03059,80.59743,2026-09-01,750,n,0.39,SNPP,0.44,300.21,SNPP,D,2.0NRT,3.18,339.51
8.13979,81.4119,2026-09-01,750,l,0.53,SNPP,0.42,300.93,SNPP,D,2.0NRT,4.71,332.42
7.98507,80.62343,2026-09-01,750,n,0.39,SNPP,0.44,299.01,SNPP,D,2.0NRT,3.46,330.99
9.95757,77.88288,2026-09-01,750,n,0.55,SNPP,0.51,305.57,SNPP,D,2.0NRT,8.44,336.99
9.8107,78.22701,2026-09-01,750,l,0.52,SNPP,0.5,302.93,SNPP,D,2.0NRT,3.51,330.36
8.56749,80.72697,2026-09-01,750,n,0.5700000000000001,SNPP,0.43,299.82,SNPP,D,2.0NRT,6.93,337.61
8.52566,80.47535,2026-09-01,750,n,0.39,SNPP,0.44,298.71,SNPP,D,2.0NRT,3.79,347.97
8.51968,80.43941,2026-09-01,750,l,0.4,SNPP,0.44,302.34,SNPP,D,2.0NRT,2.88,331.47
8.57147,80.7263,2026-09-01,750,n,0.5700000000000001,SNPP,0.43,298.68,SNPP,D,2.0NRT,4.61,333.54
8.60734,80.91888,2026-09-01,750,n,0.55,SNPP,0.43,304.42,SNPP,D,2.0NRT,7.46,339.09
8.54025,80.51318,2026-09-01,750,n,0.39,SNPP,0.44,303.93,SNPP,D,2.0NRT,9.03,345.63
8.574,80.66736,2026-09-01,750,n,0.5700000000000001,SNPP,0.43,301.94,SNPP,D,2.0NRT,36.79,342.42
8.51547,80.31347,2026-09-01,750,n,0.4,SNPP,0.44,295.89,SNPP,D,2.0NRT,5.43,343.83
8.60837,80.85137,2026-09-01,750,n,0.56,SNPP,0.43,305.61,SNPP,D,2.0NRT,11.2,338.67
8.59837,80.79054,2026-09-01,750,n,0.56,SNPP,0.43,300.96,SNPP,D,2.0NRT,5.22,334.4
8.59583,80.77507,2026-09-01,750,n,0.56,SNPP,0.43,297.34,SNPP,D,2.0NRT,6.36,336.18
8.57321,80.5876,2026-09-01,750,n,0.39,SNPP,0.44,301.85,SNPP,D,2.0NRT,4.19,332.23
8.57722,80.58692,2026-09-01,750,n,0.39,SNPP,0.44,303.41,SNPP,D,2.0NRT,4.19,344.12
8.57664,80.58342,2026-09-01,750,l,0.39,SNPP,0.44,303.41,SNPP,D,2.0NRT,6.1,331.51
8.56386,80.50555,2026-09-01,750,n,0.39,SNPP,0.44,301.18,SNPP,D,2.0NRT,3.19,335.67
8.56789,80.50488,2026-09-01,750,n,0.39,SNPP,0.44,299.06,SNPP,D,2.0NRT,2.13,340.09
8.56902,80.48644,2026-09-01,750,n,0.39,SNPP,0.44,301.82,SNPP,D,2.0NRT,4.42,333.01
8.57504,80.4455,2026-09-01,750,n,0.39,SNPP,0.44,302.14,SNPP,D,2.0NRT,4.18,345.29
8.68468,81.02161,2026-09-01,750,n,0.54,SNPP,0.42,303.14,SNPP,D,2.0NRT,22.07,349.12
8.65193,80.82672,2026-09-01,750,n,0.56,SNPP,0.43,303.08,SNPP,D,2.0NRT,8.57,341.22
7.85497,80.34256,2026-09-01,750,n,0.41000000000000003,SNPP,0.45,296.96,SNPP,D,2.0NRT,4.45,338.68
8.68774,81.01603,2026-09-01,750,n,0.54,SNPP,0.42,299.8,SNPP,D,2.0NRT,4.45,332.11
8.62578,80.64729,2026-09-01,750,n,0.38,SNPP,0.43,301.26,SNPP,D,2.0NRT,9.51,337.07
8.67641,80.90026,2026-09-01,750,n,0.55,SNPP,0.43,301.67,SNPP,D,2.0NRT,7.77,335.43
8.68091,80.87888,2026-09-01,750,n,0.56,SNPP,0.43,301.98,SNPP,D,2.0NRT,7.5600000000000005,334.14
8.68568,80.88323,2026-09-01,750,n,0.55,SNPP,0.43,299.08,SNPP,D,2.0NRT,9.97,333.31
8.65909,80.69933,2026-09-01,750,n,0.5700000000000001,SNPP,0.43,301.39,SNPP,D,2.0NRT,4.65,332.35
8.66735,80.72438,2026-09-01,750,n,0.5700000000000001,SNPP,0.43,302.11,SNPP,D,2.0NRT,7.16,336.5
8.70056,80.87553,2026-09-01,750,n,0.56,SNPP,0.43,300.82,SNPP,D,2.0NRT,13.58,331.19
8.74317,80.18766,2026-09-01,750,n,0.41000000000000003,SNPP,0.45,298.99,SNPP,D,2.0NRT,5.11,343.55
8.86808,80.87281,2026-09-01,750,l,0.55,SNPP,0.43,301.1,SNPP,D,2.0NRT,5.24,330.89
8.29291,77.57172,2026-09-01,750,n,0.61,SNPP,0.54,300.05,SNPP,D,2.0NRT,3.49,340.35
8.8961,80.42565,2026-09-01,750,n,0.39,SNPP,0.44,303.43,SNPP,D,2.0NRT,12.27,343.18
8.89549,80.42211,2026-09-01,750,n,0.39,SNPP,0.44,301.45,SNPP,D,2.0NRT,12.27,338.63
8.91162,80.4194,2026-09-01,750,n,0.39,SNPP,0.44,301.46,SNPP,D,2.0NRT,5.7,340.85
8.92028,80.4216,2026-09-01,750,l,0.39,SNPP,0.44,303.85,SNPP,D,2.0NRT,8.63,332.13
9.77143,78.21916,2026-09-01,750,n,0.52,SNPP,0.5,302.84,SNPP,D,2.0NRT,3.49,333.13
9.57735,78.58523,2026-09-01,750,n,0.5,SNPP,0.49,305.45,SNPP,D,2.0NRT,8.92,342.46
9.6828,79.86526,2026-09-01,750,l,0.41000000000000003,SNPP,0.45,302.61,SNPP,D,2.0NRT,2.81,331.06
9.60892,79.98938,2026-09-01,750,n,0.41000000000000003,SNPP,0.45,302.98,SNPP,D,2.0NRT,4.83,345.28
9.63981,80.21948,2026-09-01,750,n,0.39,SNPP,0.44,300.71,SNPP,D,2.0NRT,2.34,335.9
9.64288,80.3102,2026-09-01,750,n,0.39,SNPP,0.44,302.49,SNPP,D,2.0NRT,4.14,333.48
9.53506,80.38695,2026-09-01,750,n,0.38,SNPP,0.44,304.4,SNPP,D,2.0NRT,25.84,342.55
9.44431,80.39148,2026-09-01,750,n,0.39,SNPP,0.44,303.64,SNPP,D,2.0NRT,3.35,340.36
9.4283,80.39423,2026-09-01,750,l,0.39,SNPP,0.44,304.04,SNPP,D,2.0NRT,2.36,333.51
9.4273,80.41241,2026-09-01,750,h,0.38,SNPP,0.44,305.8,SNPP,D,2.0NRT,10.51,367.0
9.41424,80.36042,2026-09-01,750,l,0.39,SNPP,0.44,302.67,SNPP,D,2.0NRT,3.02,332.41
9.4227,80.40959,2026-09-01,750,n,0.38,SNPP,0.44,303.37,SNPP,D,2.0NRT,4.15,343.88
9.4233,80.41309,2026-09-01,750,n,0.38,SNPP,0.44,304.67,SNPP,D,2.0NRT,4.15,349.88
9.41568,80.39275,2026-09-01,750,l,0.39,SNPP,0.44,302.54,SNPP,D,2.0NRT,1.94,330.74
9.41628,80.39626,2026-09-01,750,n,0.39,SNPP,0.44,303.93,SNPP,D,2.0NRT,3.96,342.87
9.41689,80.39977,2026-09-01,750,n,0.39,SNPP,0.44,305.49,SNPP,D,2.0NRT,3.96,342.6
9.41749,80.40327,2026-09-01,750,n,0.39,SNPP,0.44,305.15,SNPP,D,2.0NRT,4.57,338.11
9.41327,80.36134,2026-09-01,750,n,0.39,SNPP,0.44,302.94,SNPP,D,2.0NRT,3.55,342.93
9.41908,80.39658,2026-09-01,750,l,0.39,SNPP,0.44,303.87,SNPP,D,2.0NRT,4.54,330.1
9.42139,80.41061,2026-09-01,750,n,0.39,SNPP,0.44,303.28,SNPP,D,2.0NRT,2.16,337.98
9.42197,80.41412,2026-09-01,750,n,0.38,SNPP,0.44,303.32,SNPP,D,2.0NRT,2.16,333.99
9.41566,80.40079,2026-09-01,750,n,0.39,SNPP,0.44,305.36,SNPP,D,2.0NRT,4.54,347.73
9.40603,80.44202,2026-09-01,750,n,0.38,SNPP,0.43,302.84,SNPP,D,2.0NRT,1.33,334.62
9.39688,80.43639,2026-09-01,750,n,0.38,SNPP,0.43,303.23,SNPP,D,2.0NRT,6.2,348.3
9.39346,80.44057,2026-09-01,750,n,0.38,SNPP,0.43,304.09,SNPP,D,2.0NRT,11.04,343.24
9.39288,80.43707,2026-09-01,750,h,0.38,SNPP,0.43,305.78,SNPP,D,2.0NRT,11.04,367.0
9.25795,80.27505,2026-09-01,750,l,0.39,SNPP,0.44,304.59,SNPP,D,2.0NRT,6.8100000000000005,330.46
9.24176,80.27779,2026-09-01,750,n,0.39,SNPP,0.44,305.64,SNPP,D,2.0NRT,7.03,338.33
9.08716,79.74696,2026-09-01,750,n,0.43,SNPP,0.46,302.9,SNPP,D,2.0NRT,6.52,339.59
9.08676,79.74698,2026-09-01,750,n,0.43,SNPP,0.46,302.37,SNPP,D,2.0NRT,2.14,335.52
9.08741,79.75088,2026-09-01,750,l,0.43,SNPP,0.46,301.39,SNPP,D,2.0NRT,2.14,330.38
9.11247,80.27811,2026-09-01,750,n,0.4,SNPP,0.44,306.35,SNPP,D,2.0NRT,6.48,336.96
9.10153,80.28739,2026-09-01,750,n,0.4,SNPP,0.44,304.88,SNPP,D,2.0NRT,3.67,338.19
9.10582,80.31257,2026-09-01,750,l,0.39,SNPP,0.44,304.01,SNPP,D,2.0NRT,2.27,333.64
8.69322,78.05519,2026-09-01,750,n,0.56,SNPP,0.52,301.94,SNPP,D,2.0NRT,6.31,347.78
9.05558,80.14168,2026-09-01,750,n,0.4,SNPP,0.45,302.26,SNPP,D,2.0NRT,4.72,337.68
9.05315,80.14268,2026-09-01,750,n,0.4,SNPP,0.45,302.74,SNPP,D,2.0NRT,6.08,340.69
8.69272,78.05309,2026-09-01,750,n,0.56,SNPP,0.52,301.29,SNPP,D,2.0NRT,4.6,339.6
8.69359,78.05819,2026-09-01,750,n,0.56,SNPP,0.52,300.81,SNPP,D,2.0NRT,4.74,331.91
9.02756,80.16605,2026-09-01,750,n,0.4,SNPP,0.45,300.17,SNPP,D,2.0NRT,2.26,334.03
9.02817,80.16972,2026-09-01,750,n,0.4,SNPP,0.44,300.5,SNPP,D,2.0NRT,2.67,332.18
8.9195,80.3924,2026-09-01,750,l,0.39,SNPP,0.44,304.48,SNPP,D,2.0NRT,5.41,332.26
14.49206,77.77126,2026-09-01,750,n,0.47000000000000003,SNPP,0.48,298.34,SNPP,D,2.0NRT,8.52,343.95
14.43501,77.70506,2026-09-01,750,n,0.47000000000000003,SNPP,0.48,296.7,SNPP,D,2.0NRT,5.22,330.81
14.43581,77.70943,2026-09-01,750,n,0.47000000000000003,SNPP,0.48,298.18,SNPP,D,2.0NRT,11.47,343.02
14.54064,79.68484,2026-09-01,750,n,0.54,SNPP,0.42,297.25,SNPP,D,2.0NRT,9.29,344.26
13.86103,79.33105,2026-09-01,750,n,0.38,SNPP,0.43,296.24,SNPP,D,2.0NRT,4.74,334.63
13.85649,79.3286,2026-09-01,750,n,0.38,SNPP,0.43,296.39,SNPP,D,2.0NRT,4.74,340.87
13.85709,79.33201,2026-09-01,750,n,0.38,SNPP,0.43,298.61,SNPP,D,2.0NRT,4.74,344.02
13.20734,79.73056,2026-09-01,750,l,0.56,SNPP,0.43,301.37,SNPP,D,2.0NRT,3.71,330.12
12.88371,78.21547,2026-09-01,750,n,0.47000000000000003,SNPP,0.47000000000000003,302.7,SNPP,D,2.0NRT,3.46,333.65
12.82455,79.10368,2026-09-01,750,l,0.41000000000000003,SNPP,0.45,304.02,SNPP,D,2.0NRT,5.9,332.39
12.82044,79.10441,2026-09-01,750,n,0.41000000000000003,SNPP,0.45,303.67,SNPP,D,2.0NRT,5.45,338.59
12.8083,79.95654,2026-09-01,750,l,0.55,SNPP,0.43,302.28,SNPP,D,2.0NRT,3.64,331.11
12.65554,79.40025,2026-09-01,750,n,0.4,SNPP,0.44,302.28,SNPP,D,2.0NRT,2.19,336.68
12.6515,79.40098,2026-09-01,750,n,0.4,SNPP,0.44,301.46,SNPP,D,2.0NRT,2.19,337.49
12.63548,79.86098,2026-09-01,750,n,0.56,SNPP,0.43,302.52,SNPP,D,2.0NRT,5.87,334.7
12.55496,79.97733,2026-09-01,750,n,0.55,SNPP,0.43,303.72,SNPP,D,2.0NRT,6.59,343.27
12.38799,79.56133,2026-09-01,750,n,0.39,SNPP,0.44,303.14,SNPP,D,2.0NRT,2.06,332.27
12.13102,78.14007,2026-09-01,750,n,0.49,SNPP,0.48,299.71,SNPP,D,2.0NRT,8.28,332.63
12.09304,79.56533,2026-09-01,750,n,0.39,SNPP,0.44,303.39,SNPP,D,2.0NRT,2.38,342.44
12.09285,79.56569,2026-09-01,750,n,0.39,SNPP,0.44,303.15,SNPP,D,2.0NRT,4.53,341.02
12.05853,79.84698,2026-09-01,750,n,0.5700000000000001,SNPP,0.43,299.32,SNPP,D,2.0NRT,3.58,331.63
11.83094,79.66526,2026-09-01,750,l,0.39,SNPP,0.44,303.93,SNPP,D,2.0NRT,1.8599999999999999,331.46
11.69813,79.12595,2026-09-01,750,n,0.43,SNPP,0.46,304.79,SNPP,D,2.0NRT,5.89,355.18
11.69394,79.12669,2026-09-01,750,l,0.43,SNPP,0.46,305.59,SNPP,D,2.0NRT,5.89,334.62
11.69378,79.12559,2026-09-01,750,n,0.43,SNPP,0.46,304.65,SNPP,D,2.0NRT,3.94,336.91
11.14795,78.03258,2026-09-01,750,n,0.51,SNPP,0.49,300.6,SNPP,D,2.0NRT,4.53,336.34
11.00781,77.43622,2026-09-01,750,n,0.56,SNPP,0.52,299.6,SNPP,D,2.0NRT,7.15,332.41
11.01218,79.41254,2026-09-01,750,n,0.42,SNPP,0.45,302.36,SNPP,D,2.0NRT,1.56,334.72
11.01958,79.83994,2026-09-01,750,n,0.39,SNPP,0.44,303.87,SNPP,D,2.0NRT,2.22,336.41
10.77378,78.65028,2026-09-01,750,l,0.47000000000000003,SNPP,0.48,307.67,SNPP,D,2.0NRT,5.62,335.4
10.74769,78.83463,2026-09-01,750,n,0.46,SNPP,0.47000000000000003,306.06,SNPP,D,2.0NRT,6.13,344.12
10.86091,79.81236,2026-09-01,750,n,0.4,SNPP,0.44,298.78,SNPP,D,2.0NRT,0.93,332.03
10.67588,78.80834,2026-09-01,750,l,0.46,SNPP,0.47000000000000003,305.76,SNPP,D,2.0NRT,4.1,334.64
10.44559,78.8073,2026-09-01,750,n,0.47000000000000003,SNPP,0.48,301.71,SNPP,D,2.0NRT,5.72,332.18
10.44507,78.80642,2026-09-01,750,l,0.47000000000000003,SNPP,0.48,302.64,SNPP,D,2.0NRT,3.98,332.13
10.38719,79.27933,2026-09-01,750,n,0.44,SNPP,0.46,305.99,SNPP,D,2.0NRT,11.34,343.55
9.99667,77.52258,2026-09-01,750,n,0.58,SNPP,0.52,303.41,SNPP,D,2.0NRT,8.15,334.74
9.99659,77.51824,2026-09-01,750,n,0.58,SNPP,0.52,303.84,SNPP,D,2.0NRT,3.0,343.88
10.015,78.08784,2026-09-01,750,n,0.53,SNPP,0.5,304.53,SNPP,D,2.0NRT,8.15,345.21
9.96654,77.89884,2026-09-01,750,n,0.55,SNPP,0.51,305.78,SNPP,D,2.0NRT,6.17,339.99
9.95914,77.88472,2026-09-01,750,n,0.55,SNPP,0.51,305.78,SNPP,D,2.0NRT,11.36,337.66
9.96955,77.89621,2026-09-01,750,n,0.55,SNPP,0.51,306.5,SNPP,D,2.0NRT,13.59,343.87
17.95781,80.79736,2026-09-01,752,n,0.43,SNPP,0.38,292.25,SNPP,D,2.0NRT,5.73,336.54
14.953990000000001,79.63455,2026-09-01,752,n,0.53,SNPP,0.42,299.32,SNPP,D,2.0NRT,5.79,333.95
14.95313,79.62963,2026-09-01,752,n,0.53,SNPP,0.42,300.36,SNPP,D,2.0NRT,5.79,338.9
14.86462,77.31979,2026-09-01,752,n,0.49,SNPP,0.49,292.46,SNPP,D,2.0NRT,2.62,335.31
15.18663,76.75148,2026-09-01,752,n,0.53,SNPP,0.5,289.96,SNPP,D,2.0NRT,3.7800000000000002,337.67
15.88618,79.82315,2026-09-01,752,l,0.5,SNPP,0.41000000000000003,301.09,SNPP,D,2.0NRT,7.0,338.82
15.88993,79.82246,2026-09-01,752,n,0.5,SNPP,0.41000000000000003,299.72,SNPP,D,2.0NRT,7.0,339.55
32.2988,73.30443,2026-09-01,756,n,0.41000000000000003,SNPP,0.45,294.81,SNPP,D,2.0NRT,2.61,331.8
27.52273,68.33573,2026-09-01,756,n,0.5,SNPP,0.65,298.29,SNPP,D,2.0NRT,7.3,353.91
30.67169,73.90612,2026-09-01,756,n,0.41000000000000003,SNPP,0.45,294.93,SNPP,D,2.0NRT,3.03,334.61
36.37709,94.95622,2026-09-01,1836,n,0.75,SNPP,0.77,281.86,SNPP,N,2.0NRT,9.76,339.49
36.37725,94.94768,2026-09-01,1836,n,0.75,SNPP,0.77,284.02,SNPP,N,2.0NRT,12.29,331.48
36.38441,94.94778,2026-09-01,1836,n,0.75,SNPP,0.77,283.38,SNPP,N,2.0NRT,12.29,318.16
36.38425,94.95636,2026-09-01,1836,n,0.75,SNPP,0.77,282.75,SNPP,N,2.0NRT,9.76,324.64
36.38021,94.94536,2026-09-01,1836,n,0.75,SNPP,0.77,284.41,SNPP,N,2.0NRT,15.02,308.02
36.3801,94.95391,2026-09-01,1836,h,0.75,SNPP,0.77,285.94,SNPP,N,2.0NRT,15.02,367.0
35.99104,94.83133,2026-09-01,2017,n,0.52,SNPP,0.5,282.25,SNPP,N,2.0NRT,0.99,295.22
36.38047,94.95726,2026-09-01,2017,n,0.52,SNPP,0.5,286.92,SNPP,N,2.0NRT,12.33,350.53
36.38214,94.95275,2026-09-01,2017,n,0.52,SNPP,0.5,285.04,SNPP,N,2.0NRT,5.15,297.27
36.38081,94.95837,2026-09-01,2017,n,0.52,SNPP,0.5,285.97,SNPP,N,2.0NRT,8.04,338.25
37.34801,97.40966,2026-09-01,2017,n,0.33,SNPP,0.55,285.02,SNPP,N,2.0NRT,0.78,301.6
34.42354,73.96882,2026-09-01,2017,n,0.41000000000000003,SNPP,0.61,283.6,SNPP,N,2.0NRT,1.5,306.24
22.473770000000002,91.73272,2026-09-01,2019,n,0.33,SNPP,0.56,285.81,SNPP,N,2.0NRT,1.25,306.67
29.78695,91.60675,2026-09-01,2019,n,0.47000000000000003,SNPP,0.48,279.0,SNPP,N,2.0NRT,1.44,297.7
37.30261,77.7204,2026-09-01,2019,n,0.54,SNPP,0.51,284.0,SNPP,N,2.0NRT,1.98,304.82
18.73882,74.40549,2026-09-01,2021,n,0.51,SNPP,0.49,284.89,SNPP,N,2.0NRT,0.54,299.3
21.10112,72.63706,2026-09-01,2021,n,0.36,SNPP,0.5700000000000001,282.05,SNPP,N,2.0NRT,1.18,308.66
21.10147,72.63356,2026-09-01,2021,n,0.36,SNPP,0.5700000000000001,282.25,SNPP,N,2.0NRT,1.18,308.84
21.10537,72.64811,2026-09-01,2021,n,0.35000000000000003,SNPP,0.5700000000000001,284.27,SNPP,N,2.0NRT,2.9,310.93
21.10572,72.64465,2026-09-01,2021,n,0.36,SNPP,0.5700000000000001,285.01,SNPP,N,2.0NRT,4.16,331.23
12.29417,79.93931,2026-09-01,2023,n,0.38,SNPP,0.36,291.53,SNPP,N,2.0NRT,1.98,325.11
12.74743,77.61809,2026-09-01,2023,n,0.43,SNPP,0.38,288.9,SNPP,N,2.0NRT,0.43,300.42
13.89658,76.56571,2026-09-01,2023,n,0.49,SNPP,0.41000000000000003,285.29,SNPP,N,2.0NRT,0.51,300.57
14.5171,75.64188,2026-09-01,2023,n,0.5700000000000001,SNPP,0.43,286.89,SNPP,N,2.0NRT,0.9400000000000001,300.76
14.51576,75.63882,2026-09-01,2023,n,0.5700000000000001,SNPP,0.43,286.6,SNPP,N,2.0NRT,0.9400000000000001,301.84
15.18782,76.65921,2026-09-01,2023,n,0.51,SNPP,0.41000000000000003,285.67,SNPP,N,2.0NRT,2.8200000000000003,310.47
15.18272,76.66805,2026-09-01,2023,n,0.5,SNPP,0.41000000000000003,282.34,SNPP,N,2.0NRT,3.48,312.13
15.18291,76.63927,2026-09-01,2023,n,0.51,SNPP,0.41000000000000003,285.55,SNPP,N,2.0NRT,2.14,319.2
11.43151,77.16531,2026-09-01,2023,n,0.44,SNPP,0.38,293.07,SNPP,N,2.0NRT,1.7000000000000002,308.64
11.59257,77.26982,2026-09-01,2023,n,0.43,SNPP,0.38,287.86,SNPP,N,2.0NRT,1.3,304.87
10.99278,79.23927,2026-09-01,2023,n,0.39,SNPP,0.36,291.83,SNPP,N,2.0NRT,2.33,318.53
10.92252,78.51923,2026-09-01,2023,n,0.39,SNPP,0.37,293.57,SNPP,N,2.0NRT,1.96,325.57
10.94335,76.3877,2026-09-01,2023,n,0.47000000000000003,SNPP,0.4,291.59,SNPP,N,2.0NRT,0.5700000000000001,303.97
11.10827,79.43034,2026-09-01,2023,n,0.38,SNPP,0.36,291.65,SNPP,N,2.0NRT,1.26,306.12
11.58526,77.26942,2026-09-01,2023,n,0.43,SNPP,0.38,289.46,SNPP,N,2.0NRT,0.63,302.45
11.58561,77.26827,2026-09-01,2023,n,0.43,SNPP,0.38,289.36,SNPP,N,2.0NRT,0.71,302.6
11.58907,77.26917,2026-09-01,2023,n,0.43,SNPP,0.38,288.53,SNPP,N,2.0NRT,1.3,316.85
11.58795,77.27676,2026-09-01,2023,n,0.43,SNPP,0.38,290.39,SNPP,N,2.0NRT,2.54,328.51
15.33235,76.28368,2026-09-01,2023,n,0.53,SNPP,0.42,286.1,SNPP,N,2.0NRT,1.69,306.58
15.17715,76.65287000000001,2026-09-01,2023,n,0.51,SNPP,0.41000000000000003,285.0,SNPP,N,2.0NRT,2.24,304.64
15.17649,76.65758,2026-09-01,2023,n,0.51,SNPP,0.41000000000000003,285.28,SNPP,N,2.0NRT,2.24,318.85
15.17009,76.38125,2026-09-01,2023,n,0.52,SNPP,0.42,285.05,SNPP,N,2.0NRT,1.63,302.75
15.00385,77.61399,2026-09-01,2023,n,0.45,SNPP,0.39,281.69,SNPP,N,2.0NRT,0.86,301.52
10.99333,79.23576,2026-09-01,2023,n,0.39,SNPP,0.36,291.5,SNPP,N,2.0NRT,2.35,307.67
11.592,77.27362,2026-09-01,2023,n,0.43,SNPP,0.38,290.18,SNPP,N,2.0NRT,2.54,325.47
11.2683,80.00274,2026-09-01,2023,n,0.38,SNPP,0.36,292.83,SNPP,N,2.0NRT,2.74,312.46
11.81017,77.92106,2026-09-01,2023,n,0.41000000000000003,SNPP,0.37,292.19,SNPP,N,2.0NRT,2.41,307.2
11.80976,77.92097,2026-09-01,2023,n,0.41000000000000003,SNPP,0.37,292.26,SNPP,N,2.0NRT,2.29,306.97
12.07241,79.15073,2026-09-01,2023,n,0.39,SNPP,0.36,290.91,SNPP,N,2.0NRT,1.83,306.96
13.00275,74.8494,2026-09-01,2023,n,0.4,SNPP,0.44,289.72,SNPP,N,2.0NRT,0.85,305.21
12.29086,79.93877,2026-09-01,2023,n,0.38,SNPP,0.36,291.14,SNPP,N,2.0NRT,1.98,311.05
8.5307,80.74348,2026-09-01,2025,n,0.4,SNPP,0.37,293.43,SNPP,N,2.0NRT,2.89,311.93
10.19173,77.64243,2026-09-01,2025,n,0.41000000000000003,SNPP,0.37,291.74,SNPP,N,2.0NRT,0.42,304.01
9.58141,77.54852,2026-09-01,2025,n,0.41000000000000003,SNPP,0.37,272.37,SNPP,N,2.0NRT,1.01,311.48
9.57284,77.53609,2026-09-01,2025,n,0.41000000000000003,SNPP,0.37,268.13,SNPP,N,2.0NRT,1.24,305.91
9.5723,77.53960000000001,2026-09-01,2025,n,0.41000000000000003,SNPP,0.37,269.85,SNPP,N,2.0NRT,0.85,299.71
9.56999,77.5319,2026-09-01,2025,n,0.41000000000000003,SNPP,0.37,267.28,SNPP,N,2.0NRT,1.35,304.75
9.56943,77.53551,2026-09-01,2025,n,0.41000000000000003,SNPP,0.37,268.79,SNPP,N,2.0NRT,1.35,308.38
9.2637,77.50169,2026-09-01,2025,n,0.41000000000000003,SNPP,0.37,293.16,SNPP,N,2.0NRT,1.3599999999999999,313.85
8.53409,80.74403,2026-09-01,2025,n,0.4,SNPP,0.37,293.83,SNPP,N,2.0NRT,2.89,308.51
6.36316,80.74545,2026-09-01,2025,n,0.42,SNPP,0.38,293.57,SNPP,N,2.0NRT,0.88,307.21
6.57419,81.11971,2026-09-01,2025,n,0.43,SNPP,0.38,295.1,SNPP,N,2.0NRT,0.86,306.48
6.71948,81.22217,2026-09-01,2025,n,0.43,SNPP,0.38,294.52,SNPP,N,2.0NRT,2.15,316.18
6.77234,81.00491,2026-09-01,2025,n,0.42,SNPP,0.38,289.6,SNPP,N,2.0NRT,0.77,304.33
6.77437,81.00439,2026-09-01,2025,n,0.42,SNPP,0.38,289.38,SNPP,N,2.0NRT,1.11,302.99
6.95969,79.95614,2026-09-01,2025,n,0.39,SNPP,0.37,294.24,SNPP,N,2.0NRT,2.43,310.87
6.85561,81.53905,2026-09-01,2025,n,0.44,SNPP,0.39,294.39,SNPP,N,2.0NRT,2.17,317.94
6.93451,81.20994,2026-09-01,2025,n,0.43,SNPP,0.38,292.42,SNPP,N,2.0NRT,0.33,303.41
7.0813,80.82124,2026-09-01,2025,n,0.42,SNPP,0.37,289.75,SNPP,N,2.0NRT,1.38,312.46
6.96968,81.59444,2026-09-01,2025,n,0.45,SNPP,0.39,293.54,SNPP,N,2.0NRT,2.66,312.2
6.97034,81.59041,2026-09-01,2025,n,0.45,SNPP,0.39,293.96,SNPP,N,2.0NRT,2.66,322.48
6.97323,81.59503,2026-09-01,2025,n,0.45,SNPP,0.39,294.57,SNPP,N,2.0NRT,2.66,329.71
6.97389,81.591,2026-09-01,2025,n,0.45,SNPP,0.39,294.85,SNPP,N,2.0NRT,2.66,329.61
7.21528,81.04633,2026-09-01,2025,n,0.42,SNPP,0.38,295.49,SNPP,N,2.0NRT,2.04,308.04
7.24225,80.88264,2026-09-01,2025,n,0.42,SNPP,0.37,292.79,SNPP,N,2.0NRT,1.3,312.7
7.24854,80.88733,2026-09-01,2025,n,0.42,SNPP,0.37,292.73,SNPP,N,2.0NRT,1.49,313.49
7.38553,80.94897,2026-09-01,2025,n,0.42,SNPP,0.37,297.33,SNPP,N,2.0NRT,3.2800000000000002,314.0
7.37611,81.18176,2026-09-01,2025,n,0.43,SNPP,0.38,295.23,SNPP,N,2.0NRT,1.63,312.1
7.37958,81.18234,2026-09-01,2025,n,0.43,SNPP,0.38,295.83,SNPP,N,2.0NRT,1.63,323.11
7.43566,81.24219,2026-09-01,2025,n,0.43,SNPP,0.38,295.11,SNPP,N,2.0NRT,1.5899999999999999,311.68
7.88871,81.18806,2026-09-01,2025,n,0.42,SNPP,0.38,294.17,SNPP,N,2.0NRT,1.97,311.67
8.07564,80.76885,2026-09-01,2025,n,0.41000000000000003,SNPP,0.37,294.42,SNPP,N,2.0NRT,1.15,312.96
8.23957,80.5554,2026-09-01,2025,n,0.4,SNPP,0.37,293.97,SNPP,N,2.0NRT,1.7000000000000002,310.82
8.6686,77.99117,2026-09-01,2025,n,0.39,SNPP,0.37,278.27,SNPP,N,2.0NRT,0.36,299.21
8.44806,80.39248,2026-09-01,2025,n,0.4,SNPP,0.37,282.87,SNPP,N,2.0NRT,0.65,312.37
8.49787,80.81718,2026-09-01,2025,n,0.41000000000000003,SNPP,0.37,294.25,SNPP,N,2.0NRT,1.67,311.65
28.42366,69.70154,2026-09-01,2159,n,0.4,SNPP,0.6000000000000001,294.27,SNPP,N,2.0NRT,1.44,308.92
32.88779,71.6153,2026-09-01,2159,n,0.4,SNPP,0.6000000000000001,289.73,SNPP,N,2.0NRT,1.85,305.61
33.29609,71.18719,2026-09-01,2159,n,0.37,SNPP,0.58,289.63,SNPP,N,2.0NRT,0.6000000000000001,305.76
23.43164,68.71332,2026-09-01,2201,n,0.45,SNPP,0.63,289.63,SNPP,N,2.0NRT,0.77,303.25
25.38806,68.58345,2026-09-01,2201,n,0.4,SNPP,0.6000000000000001,291.12,SNPP,N,2.0NRT,1.13,316.75
7.48,80.90331,2026-09-02,729,n,0.4,SNPP,0.6000000000000001,297.76,SNPP,D,2.0NRT,9.56,337.82
6.74808,81.52004,2026-09-02,729,n,0.37,SNPP,0.58,300.2,SNPP,D,2.0NRT,3.27,330.74
6.69094,81.32561,2026-09-02,729,n,0.38,SNPP,0.59,299.29,SNPP,D,2.0NRT,3.63,332.43
6.59253,80.92814,2026-09-02,729,n,0.41000000000000003,SNPP,0.61,297.81,SNPP,D,2.0NRT,4.39,335.25
6.56966,81.1199,2026-09-02,729,n,0.4,SNPP,0.6000000000000001,299.08,SNPP,D,2.0NRT,3.48,335.08
6.5513200000000005,81.14516,2026-09-02,729,n,0.4,SNPP,0.6000000000000001,297.91,SNPP,D,2.0NRT,1.69,332.0
6.45157,81.09538,2026-09-02,729,n,0.4,SNPP,0.6000000000000001,292.73,SNPP,D,2.0NRT,3.54,331.57
6.29037,80.85827,2026-09-02,729,n,0.42,SNPP,0.61,295.14,SNPP,D,2.0NRT,5.02,335.56
9.43638,80.39525,2026-09-02,729,n,0.4,SNPP,0.6000000000000001,295.72,SNPP,D,2.0NRT,3.24,330.96
9.43089,80.39628,2026-09-02,729,n,0.4,SNPP,0.6000000000000001,295.53,SNPP,D,2.0NRT,3.24,332.16
9.41724,80.38377,2026-09-02,729,n,0.4,SNPP,0.6000000000000001,295.68,SNPP,D,2.0NRT,4.93,337.57
8.85165,80.32201,2026-09-02,729,n,0.41000000000000003,SNPP,0.61,294.93,SNPP,D,2.0NRT,5.21,333.34
8.43109,80.65472,2026-09-02,729,n,0.4,SNPP,0.6000000000000001,296.5,SNPP,D,2.0NRT,4.76,337.46
8.41492,80.56696,2026-09-02,729,n,0.4,SNPP,0.6000000000000001,292.68,SNPP,D,2.0NRT,4.19,346.91
8.69176,80.35313,2026-09-02,729,n,0.41000000000000003,SNPP,0.61,293.08,SNPP,D,2.0NRT,4.47,349.2
8.6888,80.35437,2026-09-02,729,n,0.41000000000000003,SNPP,0.61,293.89,SNPP,D,2.0NRT,3.92,340.54
8.76981,80.87205,2026-09-02,729,n,0.38,SNPP,0.59,296.83,SNPP,D,2.0NRT,3.67,336.94
8.63886,80.4912,2026-09-02,729,n,0.4,SNPP,0.6000000000000001,294.32,SNPP,D,2.0NRT,5.31,330.18
7.6996,81.24136,2026-09-02,729,l,0.37,SNPP,0.58,302.61,SNPP,D,2.0NRT,4.47,331.83
7.69899,81.23794,2026-09-02,729,n,0.37,SNPP,0.58,301.87,SNPP,D,2.0NRT,4.47,339.41
7.71905,80.52895,2026-09-02,729,n,0.42,SNPP,0.61,292.6,SNPP,D,2.0NRT,4.94,336.52
7.90335,81.47719,2026-09-02,729,n,0.36,SNPP,0.5700000000000001,302.94,SNPP,D,2.0NRT,3.85,353.32
8.63953,80.49488,2026-09-02,729,n,0.4,SNPP,0.6000000000000001,295.01,SNPP,D,2.0NRT,7.96,339.61
8.49191,80.80196,2026-09-02,729,n,0.39,SNPP,0.59,294.9,SNPP,D,2.0NRT,1.9500000000000002,339.61
8.49255,80.8055,2026-09-02,729,n,0.39,SNPP,0.59,296.2,SNPP,D,2.0NRT,3.02,332.88
8.47878,80.82249,2026-09-02,729,n,0.39,SNPP,0.59,296.26,SNPP,D,2.0NRT,6.74,346.96
8.47463,80.83051,2026-09-02,729,h,0.38,SNPP,0.59,298.18,SNPP,D,2.0NRT,9.47,367.0
8.47942,80.826,2026-09-02,729,n,0.39,SNPP,0.59,295.75,SNPP,D,2.0NRT,6.74,334.44
8.47271,80.81999,2026-09-02,729,n,0.39,SNPP,0.59,297.33,SNPP,D,2.0NRT,5.79,343.04
8.47527,80.83401,2026-09-02,729,n,0.38,SNPP,0.59,295.19,SNPP,D,2.0NRT,9.47,335.16
7.47632,81.74171,2026-09-02,729,n,0.35000000000000003,SNPP,0.5700000000000001,299.83,SNPP,D,2.0NRT,2.49,331.6
7.35963,81.1146,2026-09-02,729,l,0.38,SNPP,0.59,302.31,SNPP,D,2.0NRT,2.52,331.95
7.37772,81.37109,2026-09-02,729,n,0.37,SNPP,0.58,300.29,SNPP,D,2.0NRT,4.19,345.05
7.33017,81.13794,2026-09-02,729,l,0.38,SNPP,0.59,303.45,SNPP,D,2.0NRT,2.69,330.77
7.34089,81.19734,2026-09-02,729,n,0.38,SNPP,0.59,304.02,SNPP,D,2.0NRT,4.46,344.8
7.33735,81.20861,2026-09-02,729,l,0.38,SNPP,0.59,305.63,SNPP,D,2.0NRT,4.7,333.25
7.33164,81.2386,2026-09-02,729,h,0.38,SNPP,0.59,302.17,SNPP,D,2.0NRT,7.5600000000000005,367.0
7.33598,81.23946,2026-09-02,729,n,0.38,SNPP,0.59,299.85,SNPP,D,2.0NRT,6.2,345.38
7.33055,81.24025,2026-09-02,729,n,0.38,SNPP,0.59,300.03,SNPP,D,2.0NRT,5.25,337.45
8.63386,80.52625,2026-09-02,729,n,0.4,SNPP,0.6000000000000001,293.82,SNPP,D,2.0NRT,6.05,333.95
7.5525,81.30016,2026-09-02,729,n,0.37,SNPP,0.58,297.08,SNPP,D,2.0NRT,12.95,333.64
8.44558,80.73347,2026-09-02,729,h,0.39,SNPP,0.59,294.79,SNPP,D,2.0NRT,9.66,367.0
8.43836,80.78616,2026-09-02,729,n,0.39,SNPP,0.59,296.53,SNPP,D,2.0NRT,5.6,346.04
8.38044,80.47367,2026-09-02,729,h,0.41000000000000003,SNPP,0.6000000000000001,295.7,SNPP,D,2.0NRT,15.26,367.0
8.38162,80.47205,2026-09-02,729,n,0.41000000000000003,SNPP,0.61,294.79,SNPP,D,2.0NRT,7.16,348.29
8.38229,80.47581,2026-09-02,729,n,0.41000000000000003,SNPP,0.61,294.48,SNPP,D,2.0NRT,7.16,349.91
8.43729,80.78544,2026-09-02,729,n,0.39,SNPP,0.59,296.67,SNPP,D,2.0NRT,7.09,346.61
8.46852,81.11768000000001,2026-09-02,729,n,0.37,SNPP,0.58,297.23,SNPP,D,2.0NRT,6.59,354.33
8.38728,80.82038,2026-09-02,729,h,0.39,SNPP,0.59,298.53,SNPP,D,2.0NRT,10.5,367.0
7.90861,81.47627,2026-09-02,729,n,0.36,SNPP,0.5700000000000001,302.12,SNPP,D,2.0NRT,3.85,344.69
7.9084,81.47823,2026-09-02,729,n,0.36,SNPP,0.5700000000000001,301.8,SNPP,D,2.0NRT,7.3,337.97
7.9078100000000004,81.475,2026-09-02,729,n,0.36,SNPP,0.5700000000000001,301.76,SNPP,D,2.0NRT,5.98,345.59
7.8105,80.81985,2026-09-02,729,n,0.4,SNPP,0.6000000000000001,296.79,SNPP,D,2.0NRT,4.91,331.91
7.93935,81.31718,2026-09-02,729,n,0.36,SNPP,0.58,299.61,SNPP,D,2.0NRT,10.06,348.87
7.94348,81.30961,2026-09-02,729,n,0.36,SNPP,0.58,300.85,SNPP,D,2.0NRT,7.38,331.33
7.94051,81.29297,2026-09-02,729,n,0.37,SNPP,0.58,299.64,SNPP,D,2.0NRT,2.9699999999999998,341.44
7.86967,80.6083,2026-09-02,729,h,0.41000000000000003,SNPP,0.61,297.28,SNPP,D,2.0NRT,10.48,367.0
7.0563,81.45523,2026-09-02,729,n,0.37,SNPP,0.58,297.06,SNPP,D,2.0NRT,4.42,351.52
7.09891,81.70583,2026-09-02,729,h,0.35000000000000003,SNPP,0.5700000000000001,297.65,SNPP,D,2.0NRT,3.48,367.0
7.05386,81.45487,2026-09-02,729,n,0.37,SNPP,0.58,297.38,SNPP,D,2.0NRT,4.91,346.6
7.05969,81.45664,2026-09-02,729,n,0.37,SNPP,0.58,298.1,SNPP,D,2.0NRT,7.77,351.02
7.11475,81.67311,2026-09-02,729,n,0.36,SNPP,0.5700000000000001,299.55,SNPP,D,2.0NRT,3.7800000000000002,337.01
7.17839,81.81988,2026-09-02,729,n,0.35000000000000003,SNPP,0.5700000000000001,299.41,SNPP,D,2.0NRT,2.86,330.11
7.21071,81.82072,2026-09-02,729,n,0.35000000000000003,SNPP,0.56,300.9,SNPP,D,2.0NRT,4.08,344.85
7.2106200000000005,81.82043,2026-09-02,729,n,0.35000000000000003,SNPP,0.56,300.66,SNPP,D,2.0NRT,3.5300000000000002,345.56
7.25519,81.708,2026-09-02,729,n,0.35000000000000003,SNPP,0.5700000000000001,299.97,SNPP,D,2.0NRT,7.73,342.33
7.2765,81.73724,2026-09-02,729,n,0.35000000000000003,SNPP,0.5700000000000001,296.67,SNPP,D,2.0NRT,1.3599999999999999,330.59
7.87323,80.60886,2026-09-02,729,n,0.41000000000000003,SNPP,0.6000000000000001,296.09,SNPP,D,2.0NRT,6.15,356.53
7.87255,80.60516,2026-09-02,729,n,0.41000000000000003,SNPP,0.6000000000000001,296.04,SNPP,D,2.0NRT,6.15,331.94
7.89672,80.64297,2026-09-02,729,n,0.41000000000000003,SNPP,0.6000000000000001,296.87,SNPP,D,2.0NRT,6.12,346.26
7.9031,80.61494,2026-09-02,729,n,0.41000000000000003,SNPP,0.6000000000000001,296.18,SNPP,D,2.0NRT,6.45,333.33
8.1841,81.33057,2026-09-02,729,n,0.36,SNPP,0.5700000000000001,299.63,SNPP,D,2.0NRT,3.51,330.49
8.09333,80.78801,2026-09-02,729,n,0.39,SNPP,0.6000000000000001,296.52,SNPP,D,2.0NRT,3.14,334.83
8.08167,80.59393,2026-09-02,729,n,0.41000000000000003,SNPP,0.6000000000000001,296.46,SNPP,D,2.0NRT,4.24,343.59
7.29333,81.80293,2026-09-02,729,n,0.35000000000000003,SNPP,0.56,298.71,SNPP,D,2.0NRT,1.98,330.0
7.30922,81.77083,2026-09-02,729,h,0.35000000000000003,SNPP,0.5700000000000001,300.63,SNPP,D,2.0NRT,9.2,367.0
7.30948,81.76926,2026-09-02,729,h,0.35000000000000003,SNPP,0.5700000000000001,300.2,SNPP,D,2.0NRT,4.54,367.0
7.3208400000000005,81.83221,2026-09-02,729,n,0.34,SNPP,0.56,298.75,SNPP,D,2.0NRT,1.16,332.08
7.31005,81.77242,2026-09-02,729,n,0.35000000000000003,SNPP,0.5700000000000001,299.4,SNPP,D,2.0NRT,4.54,333.94
7.34386,81.72089,2026-09-02,729,n,0.35000000000000003,SNPP,0.5700000000000001,299.2,SNPP,D,2.0NRT,2.01,335.09
7.37055,81.71949,2026-09-02,729,n,0.35000000000000003,SNPP,0.5700000000000001,299.49,SNPP,D,2.0NRT,3.16,342.46
7.25258,80.891,2026-09-02,729,n,0.4,SNPP,0.6000000000000001,297.9,SNPP,D,2.0NRT,6.92,351.23
9.43242,80.37336,2026-09-02,729,n,0.4,SNPP,0.6000000000000001,295.23,SNPP,D,2.0NRT,6.5,341.55
9.43142,80.39938,2026-09-02,729,n,0.4,SNPP,0.6000000000000001,295.24,SNPP,D,2.0NRT,3.58,330.56
9.4328,80.37656,2026-09-02,729,n,0.4,SNPP,0.6000000000000001,295.64,SNPP,D,2.0NRT,10.97,354.0
9.43211,80.3729,2026-09-02,729,n,0.4,SNPP,0.6000000000000001,295.31,SNPP,D,2.0NRT,6.05,335.15
9.643,80.31789,2026-09-02,729,h,0.4,SNPP,0.6000000000000001,295.82,SNPP,D,2.0NRT,8.95,367.0
8.07954,80.59356,2026-09-02,729,n,0.41000000000000003,SNPP,0.6000000000000001,297.24,SNPP,D,2.0NRT,4.34,347.93
8.16905,80.58099,2026-09-02,729,n,0.41000000000000003,SNPP,0.6000000000000001,294.71,SNPP,D,2.0NRT,3.37,334.55
8.16788,80.58058,2026-09-02,729,n,0.4,SNPP,0.6000000000000001,294.82,SNPP,D,2.0NRT,5.0,333.46
8.28928,81.02506,2026-09-02,729,n,0.38,SNPP,0.58,297.62,SNPP,D,2.0NRT,3.87,346.97
8.34616,81.03253,2026-09-02,729,n,0.38,SNPP,0.58,297.25,SNPP,D,2.0NRT,2.38,332.66
8.35486,80.79696,2026-09-02,729,n,0.39,SNPP,0.59,298.19,SNPP,D,2.0NRT,5.46,332.79
8.36511,80.79137,2026-09-02,729,n,0.39,SNPP,0.59,296.26,SNPP,D,2.0NRT,4.83,339.09
7.05682,81.45827,2026-09-02,729,n,0.37,SNPP,0.58,297.05,SNPP,D,2.0NRT,4.42,330.89
7.09954,81.70715,2026-09-02,729,n,0.35000000000000003,SNPP,0.5700000000000001,297.84,SNPP,D,2.0NRT,6.61,349.97
7.05835,81.59419,2026-09-02,729,n,0.36,SNPP,0.5700000000000001,299.05,SNPP,D,2.0NRT,3.42,338.1
7.06316,81.80867,2026-09-02,729,n,0.35000000000000003,SNPP,0.5700000000000001,297.59,SNPP,D,2.0NRT,3.02,331.94
8.38184,80.82143,2026-09-02,729,n,0.39,SNPP,0.59,297.03,SNPP,D,2.0NRT,3.93,333.79
8.37057,80.79036,2026-09-02,729,n,0.39,SNPP,0.59,296.31,SNPP,D,2.0NRT,3.42,340.53
8.3484,80.66866,2026-09-02,729,h,0.4,SNPP,0.6000000000000001,296.76,SNPP,D,2.0NRT,10.6,367.0
8.417,80.32652,2026-09-02,729,n,0.42,SNPP,0.61,293.64,SNPP,D,2.0NRT,11.58,338.39
8.41631,80.3227,2026-09-02,729,n,0.42,SNPP,0.61,293.83,SNPP,D,2.0NRT,8.01,350.19
8.52835,80.81718,2026-09-02,729,n,0.39,SNPP,0.59,295.5,SNPP,D,2.0NRT,3.41,337.48
8.53549,80.7943,2026-09-02,729,h,0.39,SNPP,0.59,296.16,SNPP,D,2.0NRT,6.76,367.0
9.64366,80.32153,2026-09-02,729,n,0.4,SNPP,0.6000000000000001,294.88,SNPP,D,2.0NRT,8.44,345.81
9.64335,80.32085,2026-09-02,729,n,0.4,SNPP,0.6000000000000001,295.09,SNPP,D,2.0NRT,11.93,353.27
9.64267,80.31721,2026-09-02,729,n,0.4,SNPP,0.6000000000000001,295.12,SNPP,D,2.0NRT,9.47,354.25
7.5465,81.29754,2026-09-02,729,h,0.37,SNPP,0.58,299.5,SNPP,D,2.0NRT,10.43,367.0
7.33388,80.93858,2026-09-02,729,n,0.4,SNPP,0.6000000000000001,299.41,SNPP,D,2.0NRT,6.69,337.02
7.37863,81.15845,2026-09-02,729,n,0.38,SNPP,0.59,301.45,SNPP,D,2.0NRT,3.32,337.06
7.39372,81.18061,2026-09-02,729,l,0.38,SNPP,0.59,303.02,SNPP,D,2.0NRT,1.87,330.66
7.38031,81.00896,2026-09-02,729,n,0.39,SNPP,0.59,301.73,SNPP,D,2.0NRT,4.13,335.97
7.4081,81.06524,2026-09-02,729,l,0.39,SNPP,0.59,301.43,SNPP,D,2.0NRT,2.34,330.17
7.55483,81.72664,2026-09-02,729,n,0.35000000000000003,SNPP,0.56,300.23,SNPP,D,2.0NRT,2.19,332.58
8.53487,80.79079,2026-09-02,729,n,0.39,SNPP,0.59,295.2,SNPP,D,2.0NRT,6.76,333.26
8.52491,80.67143,2026-09-02,729,n,0.39,SNPP,0.6000000000000001,294.27,SNPP,D,2.0NRT,3.08,347.72
8.51043,80.68813,2026-09-02,729,n,0.39,SNPP,0.6000000000000001,295.6,SNPP,D,2.0NRT,3.76,333.16
8.53568,80.79343,2026-09-02,729,h,0.39,SNPP,0.59,296.67,SNPP,D,2.0NRT,11.89,367.0
8.52422,80.67086,2026-09-02,729,n,0.39,SNPP,0.6000000000000001,294.34,SNPP,D,2.0NRT,3.47,344.89
8.553560000000001,80.76841,2026-09-02,729,n,0.39,SNPP,0.59,295.74,SNPP,D,2.0NRT,2.86,336.61
7.0117,81.60833,2026-09-02,729,n,0.36,SNPP,0.5700000000000001,302.21,SNPP,D,2.0NRT,5.27,345.12
7.01405,81.62167,2026-09-02,729,n,0.36,SNPP,0.5700000000000001,299.88,SNPP,D,2.0NRT,6.13,333.68
8.54068,80.66792,2026-09-02,729,n,0.39,SNPP,0.6000000000000001,291.88,SNPP,D,2.0NRT,1.52,336.61
8.55561,80.68747,2026-09-02,729,n,0.39,SNPP,0.59,296.0,SNPP,D,2.0NRT,4.1,330.74
8.54718,80.61058,2026-09-02,729,n,0.4,SNPP,0.6000000000000001,294.44,SNPP,D,2.0NRT,4.57,333.05
8.58795,80.74087,2026-09-02,729,n,0.39,SNPP,0.59,294.08,SNPP,D,2.0NRT,2.65,337.58
8.57646,80.64652,2026-09-02,729,n,0.39,SNPP,0.6000000000000001,294.33,SNPP,D,2.0NRT,4.88,330.72
8.5813,80.64192,2026-09-02,729,n,0.39,SNPP,0.6000000000000001,295.02,SNPP,D,2.0NRT,5.5,331.96
8.4979,80.15121,2026-09-02,729,n,0.43,SNPP,0.62,294.23,SNPP,D,2.0NRT,3.34,330.36
8.59681,80.66502,2026-09-02,729,n,0.39,SNPP,0.6000000000000001,294.7,SNPP,D,2.0NRT,3.05,332.41
8.61355,80.69516,2026-09-02,729,n,0.39,SNPP,0.59,293.63,SNPP,D,2.0NRT,6.82,330.01
8.61902,80.69415,2026-09-02,729,n,0.39,SNPP,0.59,294.17,SNPP,D,2.0NRT,6.82,356.1
8.63088,80.72893,2026-09-02,729,n,0.39,SNPP,0.59,293.45,SNPP,D,2.0NRT,2.95,334.37
8.57462,80.41475,2026-09-02,729,n,0.41000000000000003,SNPP,0.61,295.38,SNPP,D,2.0NRT,7.07,334.48
8.62972,80.6591,2026-09-02,729,n,0.39,SNPP,0.6000000000000001,294.26,SNPP,D,2.0NRT,6.08,341.84
8.61938,80.69332,2026-09-02,729,n,0.39,SNPP,0.59,292.77,SNPP,D,2.0NRT,4.64,336.36
8.72707,81.12466,2026-09-02,729,n,0.36,SNPP,0.58,291.57,SNPP,D,2.0NRT,5.77,334.56
8.72116,81.12231,2026-09-02,729,n,0.36,SNPP,0.58,297.45,SNPP,D,2.0NRT,5.77,349.27
8.62986,80.65842,2026-09-02,729,n,0.39,SNPP,0.6000000000000001,293.71,SNPP,D,2.0NRT,5.23,353.41
8.57298,80.41463,2026-09-02,729,n,0.41000000000000003,SNPP,0.61,294.45,SNPP,D,2.0NRT,3.36,332.67
8.6315,80.72802,2026-09-02,729,n,0.39,SNPP,0.59,293.66,SNPP,D,2.0NRT,3.7800000000000002,340.11
6.8621300000000005,81.46165,2026-09-02,729,n,0.37,SNPP,0.58,298.78,SNPP,D,2.0NRT,3.86,340.55
6.85732,81.46571,2026-09-02,729,n,0.37,SNPP,0.58,299.73,SNPP,D,2.0NRT,3.86,335.27
6.80013,81.59657,2026-09-02,729,n,0.36,SNPP,0.58,302.59,SNPP,D,2.0NRT,2.88,332.93
6.80072,81.59989,2026-09-02,729,n,0.36,SNPP,0.58,303.49,SNPP,D,2.0NRT,2.88,353.05
6.79481,81.59746,2026-09-02,729,l,0.36,SNPP,0.58,302.94,SNPP,D,2.0NRT,2.88,331.5
6.7207,81.24134,2026-09-02,729,n,0.39,SNPP,0.59,298.04,SNPP,D,2.0NRT,2.3,335.85
6.18732,80.72151,2026-09-02,729,n,0.43,SNPP,0.62,290.31,SNPP,D,2.0NRT,1.55,330.17
6.26317,81.08282,2026-09-02,729,n,0.4,SNPP,0.6000000000000001,294.58,SNPP,D,2.0NRT,1.77,332.7
7.55034,81.30028,2026-09-02,729,n,0.37,SNPP,0.58,297.4,SNPP,D,2.0NRT,10.62,339.76
7.47581,80.9069,2026-09-02,729,n,0.4,SNPP,0.6000000000000001,298.42,SNPP,D,2.0NRT,5.28,343.34
7.4839,81.20641,2026-09-02,729,n,0.38,SNPP,0.59,300.93,SNPP,D,2.0NRT,4.16,348.72
9.43506,80.38796,2026-09-02,729,n,0.4,SNPP,0.6000000000000001,295.41,SNPP,D,2.0NRT,3.54,330.6
9.43308,80.37701,2026-09-02,729,n,0.4,SNPP,0.6000000000000001,295.69,SNPP,D,2.0NRT,8.7,347.25
6.15852,80.93163,2026-09-02,731,n,0.42,SNPP,0.61,292.94,SNPP,D,2.0NRT,4.42,340.74
9.99482,79.18996,2026-09-02,731,n,0.47000000000000003,SNPP,0.64,287.05,SNPP,D,2.0NRT,4.89,341.62
9.94405,78.17075,2026-09-02,731,n,0.55,SNPP,0.68,292.36,SNPP,D,2.0NRT,8.81,330.98
12.1557,79.81212,2026-09-02,731,n,0.39,SNPP,0.59,288.02,SNPP,D,2.0NRT,2.65,330.94
15.95654,79.91642,2026-09-02,731,n,0.32,SNPP,0.55,293.08,SNPP,D,2.0NRT,4.66,341.23
14.888490000000001,79.31078,2026-09-02,731,n,0.37,SNPP,0.58,273.26,SNPP,D,2.0NRT,2.5,332.39
20.96492,85.17074,2026-09-02,733,l,0.42,SNPP,0.38,284.61,SNPP,D,2.0NRT,7.94,326.69
17.67918,75.30824,2026-09-02,733,n,0.6000000000000001,SNPP,0.7000000000000001,286.29,SNPP,D,2.0NRT,6.74,332.06
30.44718,73.801,2026-09-02,735,n,0.39,SNPP,0.59,294.92,SNPP,D,2.0NRT,2.56,331.74
31.09262,74.68887,2026-09-02,737,n,0.33,SNPP,0.55,293.1,SNPP,D,2.0NRT,3.98,340.43
9.92334,78.1786,2026-09-02,911,n,0.72,SNPP,0.75,287.09,SNPP,D,2.0NRT,8.28,333.46
11.34867,77.58162,2026-09-02,911,n,0.68,SNPP,0.74,291.66,SNPP,D,2.0NRT,6.73,343.48
18.573900000000002,72.24182,2026-09-02,913,n,0.37,SNPP,0.58,284.0,SNPP,D,2.0NRT,4.18,327.45
27.85456,72.35793,2026-09-02,915,n,0.48,SNPP,0.65,295.85,SNPP,D,2.0NRT,6.23,335.36
27.37742,95.33333,2026-09-02,2000,n,0.46,SNPP,0.47000000000000003,277.24,SNPP,N,2.0NRT,1.17,296.12
23.75969,86.40069,2026-09-02,2002,n,0.39,SNPP,0.36,289.41,SNPP,N,2.0NRT,1.45,312.71
20.94987,86.04974,2026-09-02,2002,n,0.39,SNPP,0.36,278.53,SNPP,N,2.0NRT,1.99,317.46
20.95044,86.04603,2026-09-02,2002,n,0.39,SNPP,0.36,277.16,SNPP,N,2.0NRT,2.41,320.77
20.96373,86.04834,2026-09-02,2002,n,0.39,SNPP,0.36,279.16,SNPP,N,2.0NRT,0.85,300.88
20.97057,86.0037,2026-09-02,2002,n,0.39,SNPP,0.36,279.33,SNPP,N,2.0NRT,1.07,307.75
20.97389,86.00428,2026-09-02,2002,n,0.39,SNPP,0.36,279.75,SNPP,N,2.0NRT,0.75,303.42
22.24434,87.38933,2026-09-02,2002,n,0.38,SNPP,0.36,284.82,SNPP,N,2.0NRT,1.69,307.58
23.69712,85.35915,2026-09-02,2002,n,0.42,SNPP,0.37,282.2,SNPP,N,2.0NRT,0.72,298.21
23.66686,86.09244,2026-09-02,2002,n,0.4,SNPP,0.37,287.9,SNPP,N,2.0NRT,2.0,303.59
23.76929,86.01326,2026-09-02,2002,n,0.4,SNPP,0.37,289.14,SNPP,N,2.0NRT,1.06,303.69
23.77496,85.99825,2026-09-02,2002,n,0.4,SNPP,0.37,289.68,SNPP,N,2.0NRT,0.93,304.92
23.77554,85.99434,2026-09-02,2002,n,0.4,SNPP,0.37,289.35,SNPP,N,2.0NRT,0.93,303.22
23.75301,86.3995,2026-09-02,2002,n,0.39,SNPP,0.36,290.05,SNPP,N,2.0NRT,1.79,306.1
23.75577,86.40394,2026-09-02,2002,n,0.39,SNPP,0.36,289.59,SNPP,N,2.0NRT,1.05,306.39
23.75693,86.39625,2026-09-02,2002,n,0.39,SNPP,0.36,290.21,SNPP,N,2.0NRT,1.45,306.5
23.75911,86.40453,2026-09-02,2002,n,0.39,SNPP,0.36,288.73,SNPP,N,2.0NRT,1.05,307.12
23.80136,86.32924,2026-09-02,2002,n,0.39,SNPP,0.36,288.9,SNPP,N,2.0NRT,0.85,302.76
23.80471,86.32983,2026-09-02,2002,n,0.39,SNPP,0.36,289.63,SNPP,N,2.0NRT,0.85,311.61
23.80529,86.32597,2026-09-02,2002,n,0.39,SNPP,0.36,288.61,SNPP,N,2.0NRT,0.85,299.68
23.76244,86.40514,2026-09-02,2002,n,0.39,SNPP,0.36,288.11,SNPP,N,2.0NRT,1.07,302.54
23.78102,86.37297,2026-09-02,2002,n,0.39,SNPP,0.36,289.08,SNPP,N,2.0NRT,1.4100000000000001,301.83
23.7787,86.38834,2026-09-02,2002,n,0.39,SNPP,0.36,289.49,SNPP,N,2.0NRT,1.75,311.58
23.77812,86.39218,2026-09-02,2002,n,0.39,SNPP,0.36,289.43,SNPP,N,2.0NRT,1.06,303.48
23.77536,86.38774,2026-09-02,2002,n,0.39,SNPP,0.36,289.53,SNPP,N,2.0NRT,2.1,305.74
23.76637,86.40189,2026-09-02,2002,n,0.39,SNPP,0.36,288.02,SNPP,N,2.0NRT,0.98,301.52
23.7665,86.37826,2026-09-02,2002,n,0.39,SNPP,0.36,288.33,SNPP,N,2.0NRT,1.13,303.1
23.76419,86.39362,2026-09-02,2002,n,0.39,SNPP,0.36,289.46,SNPP,N,2.0NRT,1.77,305.69
23.76303,86.40129,2026-09-02,2002,n,0.39,SNPP,0.36,288.44,SNPP,N,2.0NRT,0.98,306.39
20.94712,86.04544,2026-09-02,2002,n,0.39,SNPP,0.36,275.89,SNPP,N,2.0NRT,2.41,299.71
20.94769,86.04173,2026-09-02,2002,n,0.39,SNPP,0.36,276.62,SNPP,N,2.0NRT,2.41,329.92
15.17838,76.65782,2026-09-02,2004,n,0.34,SNPP,0.56,284.25,SNPP,N,2.0NRT,1.94,304.14
15.17876,76.65467,2026-09-02,2004,n,0.34,SNPP,0.56,283.83,SNPP,N,2.0NRT,1.51,303.64
15.18241,76.66785,2026-09-02,2004,n,0.33,SNPP,0.56,283.02,SNPP,N,2.0NRT,2.21,303.1
15.17321,76.65722,2026-09-02,2004,n,0.34,SNPP,0.56,283.72,SNPP,N,2.0NRT,1.52,298.31
15.16884,76.38137,2026-09-02,2004,n,0.35000000000000003,SNPP,0.5700000000000001,285.17,SNPP,N,2.0NRT,1.08,303.55
21.16249,72.6673,2026-09-02,2004,n,0.71,SNPP,0.75,284.74,SNPP,N,2.0NRT,1.98,304.69
15.17359,76.65408,2026-09-02,2004,n,0.34,SNPP,0.56,281.77,SNPP,N,2.0NRT,1.23,300.96
15.78634,80.24809,2026-09-02,2004,n,0.4,SNPP,0.44,283.42,SNPP,N,2.0NRT,1.63,304.51
18.68321,73.04121,2026-09-02,2004,n,0.64,SNPP,0.72,283.02,SNPP,N,2.0NRT,3.91,301.76
18.68376,73.03494,2026-09-02,2004,n,0.64,SNPP,0.72,282.78,SNPP,N,2.0NRT,2.69,307.43
18.6843,73.02866,2026-09-02,2004,n,0.64,SNPP,0.72,282.8,SNPP,N,2.0NRT,2.69,303.48
17.60491,83.19991,2026-09-02,2004,n,0.44,SNPP,0.38,268.04,SNPP,N,2.0NRT,1.1400000000000001,295.25
17.60785,83.20464,2026-09-02,2004,n,0.44,SNPP,0.38,270.69,SNPP,N,2.0NRT,0.8200000000000001,298.93
17.61139,83.20518,2026-09-02,2004,n,0.44,SNPP,0.38,271.87,SNPP,N,2.0NRT,1.06,299.79
21.1658,72.66228,2026-09-02,2004,n,0.71,SNPP,0.75,284.7,SNPP,N,2.0NRT,1.54,301.64
7.76356,80.32153,2026-09-02,2006,n,0.48,SNPP,0.4,292.35,SNPP,N,2.0NRT,1.7000000000000002,306.91
9.56267,77.52,2026-09-02,2006,n,0.49,SNPP,0.49,278.52,SNPP,N,2.0NRT,2.11,312.46
11.17563,79.08776,2026-09-02,2006,n,0.41000000000000003,SNPP,0.45,286.18,SNPP,N,2.0NRT,0.63,304.65
11.59482,77.264,2026-09-02,2006,n,0.55,SNPP,0.51,271.1,SNPP,N,2.0NRT,1.73,308.29
11.59569,77.25757,2026-09-02,2006,n,0.55,SNPP,0.51,268.93,SNPP,N,2.0NRT,1.73,301.79
11.80807,77.92142,2026-09-02,2006,n,0.5,SNPP,0.49,284.21,SNPP,N,2.0NRT,2.3,313.58
12.84852,79.90374,2026-09-02,2006,n,0.38,SNPP,0.44,288.54,SNPP,N,2.0NRT,4.0,334.6
12.85253,79.90434,2026-09-02,2006,n,0.38,SNPP,0.44,289.45,SNPP,N,2.0NRT,5.36,343.13
13.09088,79.98233,2026-09-02,2006,n,0.38,SNPP,0.43,285.15,SNPP,N,2.0NRT,0.52,304.44
7.47998,81.08479,2026-09-02,2006,n,0.44,SNPP,0.38,296.02,SNPP,N,2.0NRT,2.11,311.65
7.5548,81.30308,2026-09-02,2006,n,0.43,SNPP,0.38,293.48,SNPP,N,2.0NRT,3.47,323.29
7.55889,81.2997,2026-09-02,2006,n,0.43,SNPP,0.38,293.76,SNPP,N,2.0NRT,1.3,309.37
7.96894,79.79425,2026-09-02,2006,n,0.51,SNPP,0.41000000000000003,293.45,SNPP,N,2.0NRT,3.02,308.78
7.97252,80.73882,2026-09-02,2006,n,0.46,SNPP,0.39,293.5,SNPP,N,2.0NRT,2.91,321.51
8.08357,80.79222,2026-09-02,2006,n,0.45,SNPP,0.39,294.23,SNPP,N,2.0NRT,6.49,328.17
8.08421,80.78805,2026-09-02,2006,n,0.45,SNPP,0.39,295.53,SNPP,N,2.0NRT,6.49,330.49
8.01085,81.28994,2026-09-02,2006,n,0.43,SNPP,0.38,294.86,SNPP,N,2.0NRT,1.23,306.92
8.35069,80.99633,2026-09-02,2006,n,0.45,SNPP,0.39,293.57,SNPP,N,2.0NRT,0.44,308.39
9.55174,77.51925,2026-09-02,2006,n,0.49,SNPP,0.49,280.12,SNPP,N,2.0NRT,0.75,300.72
9.55481,77.51051,2026-09-02,2006,n,0.49,SNPP,0.49,277.36,SNPP,N,2.0NRT,0.75,305.7
9.55315,77.52262,2026-09-02,2006,n,0.49,SNPP,0.49,280.86,SNPP,N,2.0NRT,2.59,321.0
9.55874,77.51527,2026-09-02,2006,n,0.49,SNPP,0.49,278.95,SNPP,N,2.0NRT,2.55,299.36
9.55933,77.5109,2026-09-02,2006,n,0.49,SNPP,0.49,278.15,SNPP,N,2.0NRT,0.75,299.08
9.56071,77.53418,2026-09-02,2006,n,0.49,SNPP,0.49,281.53,SNPP,N,2.0NRT,2.32,314.02
6.35938,80.89688,2026-09-02,2008,n,0.43,SNPP,0.38,291.83,SNPP,N,2.0NRT,1.33,309.14
6.60946,81.25787,2026-09-02,2008,n,0.42,SNPP,0.38,294.0,SNPP,N,2.0NRT,4.13,336.98
6.73874,80.70068,2026-09-02,2008,n,0.45,SNPP,0.39,289.69,SNPP,N,2.0NRT,0.37,300.53
6.7725100000000005,80.99814,2026-09-02,2008,n,0.43,SNPP,0.38,289.94,SNPP,N,2.0NRT,1.18,303.55
6.85798,80.95795,2026-09-02,2008,n,0.44,SNPP,0.38,289.29,SNPP,N,2.0NRT,0.78,299.78
6.79936,81.55991,2026-09-02,2008,n,0.41000000000000003,SNPP,0.37,293.68,SNPP,N,2.0NRT,0.61,306.69
6.97714,80.86381,2026-09-02,2008,n,0.44,SNPP,0.38,288.28,SNPP,N,2.0NRT,0.61,302.77
6.3556,80.89746,2026-09-02,2008,n,0.43,SNPP,0.38,291.74,SNPP,N,2.0NRT,2.06,304.67
6.35586,80.89634,2026-09-02,2008,n,0.43,SNPP,0.38,291.65,SNPP,N,2.0NRT,1.69,309.53
35.70838,73.66257,2026-09-02,2140,n,0.49,SNPP,0.49,283.17,SNPP,N,2.0NRT,0.87,297.97
33.29733,71.18526,2026-09-02,2140,n,0.41000000000000003,SNPP,0.45,293.15,SNPP,N,2.0NRT,0.66,306.32
33.29454,71.18691,2026-09-02,2140,n,0.41000000000000003,SNPP,0.45,292.93,SNPP,N,2.0NRT,1.12,307.08
31.3686,76.35826,2026-09-02,2140,n,0.44,SNPP,0.62,289.07,SNPP,N,2.0NRT,0.62,302.36
27.28717,73.83898,2026-09-02,2142,n,0.39,SNPP,0.59,290.51,SNPP,N,2.0NRT,0.55,303.91
25.38928,68.58535,2026-09-02,2142,n,0.41000000000000003,SNPP,0.45,294.4,SNPP,N,2.0NRT,1.52,314.02
25.38768,68.58337,2026-09-02,2142,n,0.41000000000000003,SNPP,0.45,294.84,SNPP,N,2.0NRT,2.03,321.46
24.82198,73.09294,2026-09-02,2142,n,0.4,SNPP,0.6000000000000001,290.78,SNPP,N,2.0NRT,0.64,304.11
28.42361,69.70264,2026-09-02,2142,n,0.42,SNPP,0.45,296.15,SNPP,N,2.0NRT,1.7000000000000002,310.88
21.1071,72.64617,2026-09-02,2144,n,0.44,SNPP,0.63,288.32,SNPP,N,2.0NRT,7.05,347.86
21.10903,72.63763,2026-09-02,2144,n,0.44,SNPP,0.63,288.01,SNPP,N,2.0NRT,2.25,307.73
21.10334,72.63613,2026-09-02,2144,n,0.44,SNPP,0.63,287.95,SNPP,N,2.0NRT,2.34,318.44
21.10142,72.64466,2026-09-02,2144,n,0.44,SNPP,0.63,287.46,SNPP,N,2.0NRT,2.25,307.16
8.94969,80.79314,2026-09-03,712,n,0.78,SNPP,0.78,288.87,SNPP,D,2.0NRT,11.49,336.01
6.82737,81.47894,2026-09-03,712,n,0.77,SNPP,0.77,291.07,SNPP,D,2.0NRT,4.66,330.42
6.8225999999999996,81.4782,2026-09-03,712,n,0.77,SNPP,0.77,291.99,SNPP,D,2.0NRT,8.35,340.95
8.94729,80.78709,2026-09-03,712,n,0.79,SNPP,0.78,288.83,SNPP,D,2.0NRT,6.04,333.81
28.4979,97.02413,2026-09-03,716,n,0.45,SNPP,0.47000000000000003,292.52,SNPP,D,2.0NRT,6.62,337.33
27.99035,95.94063,2026-09-03,716,n,0.39,SNPP,0.44,294.12,SNPP,D,2.0NRT,6.05,340.52
27.98586,95.93726,2026-09-03,716,n,0.39,SNPP,0.44,295.68,SNPP,D,2.0NRT,5.03,334.3
26.80206,90.32026,2026-09-03,716,n,0.38,SNPP,0.36,295.86,SNPP,D,2.0NRT,4.05,331.09
27.37946,95.33263,2026-09-03,716,n,0.53,SNPP,0.42,293.87,SNPP,D,2.0NRT,1.57,333.29
26.88079,92.32764,2026-09-03,716,n,0.4,SNPP,0.37,295.78,SNPP,D,2.0NRT,6.54,335.88
26.52341,90.53152,2026-09-03,716,n,0.38,SNPP,0.36,295.1,SNPP,D,2.0NRT,3.17,337.85
27.44875,97.90619,2026-09-03,716,n,0.5,SNPP,0.49,292.37,SNPP,D,2.0NRT,2.94,335.84
23.80334,86.3283,2026-09-03,716,n,0.56,SNPP,0.43,292.97,SNPP,D,2.0NRT,4.25,329.9
28.181,95.66731,2026-09-03,716,n,0.5700000000000001,SNPP,0.43,294.3,SNPP,D,2.0NRT,5.65,333.32
37.98243,94.34124,2026-09-03,720,n,0.42,SNPP,0.45,309.68,SNPP,D,2.0NRT,2.46,340.44
7.55712,80.94936,2026-09-03,852,n,0.49,SNPP,0.65,294.15,SNPP,D,2.0NRT,4.55,331.3
7.72298,81.26734,2026-09-03,852,n,0.52,SNPP,0.67,293.0,SNPP,D,2.0NRT,5.61,336.62
7.55661,80.95155,2026-09-03,852,n,0.49,SNPP,0.65,294.03,SNPP,D,2.0NRT,5.75,334.53
7.52924,81.65376,2026-09-03,852,n,0.55,SNPP,0.68,292.58,SNPP,D,2.0NRT,4.86,337.63
7.36605,81.10909,2026-09-03,852,n,0.5,SNPP,0.66,296.35,SNPP,D,2.0NRT,4.69,331.16
7.36618,81.10924,2026-09-03,852,n,0.5,SNPP,0.66,296.75,SNPP,D,2.0NRT,4.5,330.55
7.32894,81.20289,2026-09-03,852,n,0.51,SNPP,0.66,297.37,SNPP,D,2.0NRT,9.62,339.3
7.36543,81.77074,2026-09-03,852,n,0.55,SNPP,0.68,292.3,SNPP,D,2.0NRT,4.8100000000000005,334.51
7.22432,80.83115,2026-09-03,852,n,0.48,SNPP,0.64,291.1,SNPP,D,2.0NRT,3.9699999999999998,333.28
7.22182,80.83134,2026-09-03,852,n,0.48,SNPP,0.64,291.89,SNPP,D,2.0NRT,4.3,334.52
7.13617,80.9217,2026-09-03,852,n,0.48,SNPP,0.65,293.8,SNPP,D,2.0NRT,10.53,341.43
6.82773,81.55322,2026-09-03,852,n,0.53,SNPP,0.67,291.54,SNPP,D,2.0NRT,4.08,330.62
6.82839,81.55818,2026-09-03,852,n,0.53,SNPP,0.67,291.68,SNPP,D,2.0NRT,4.08,337.28
6.74363,81.52365,2026-09-03,852,n,0.52,SNPP,0.67,293.86,SNPP,D,2.0NRT,4.18,330.37
6.44193,81.0908,2026-09-03,852,n,0.48,SNPP,0.65,291.57,SNPP,D,2.0NRT,6.84,348.26
11.5078,79.52651,2026-09-03,852,n,0.45,SNPP,0.63,294.32,SNPP,D,2.0NRT,4.34,346.56
11.50817,79.52599,2026-09-03,852,n,0.44,SNPP,0.63,294.04,SNPP,D,2.0NRT,2.7,344.98
10.9525,78.43614,2026-09-03,852,n,0.37,SNPP,0.58,273.55,SNPP,D,2.0NRT,2.9,334.3
10.23653,79.19613,2026-09-03,852,h,0.41000000000000003,SNPP,0.6000000000000001,294.56,SNPP,D,2.0NRT,11.42,367.0
9.40996,78.80921,2026-09-03,852,n,0.37,SNPP,0.58,292.88,SNPP,D,2.0NRT,0.73,341.22
7.75647,81.23419,2026-09-03,852,n,0.52,SNPP,0.66,293.04,SNPP,D,2.0NRT,4.19,331.0
7.92578,81.39906,2026-09-03,852,n,0.53,SNPP,0.67,293.08,SNPP,D,2.0NRT,7.19,335.63
7.9395,81.25786,2026-09-03,852,n,0.52,SNPP,0.67,293.41,SNPP,D,2.0NRT,3.46,336.74
9.396090000000001,80.43563,2026-09-03,852,n,0.48,SNPP,0.65,292.43,SNPP,D,2.0NRT,6.93,331.09
9.3942,80.43369,2026-09-03,852,n,0.48,SNPP,0.65,292.71,SNPP,D,2.0NRT,7.95,335.74
8.99572,78.11298,2026-09-03,852,n,0.33,SNPP,0.55,296.58,SNPP,D,2.0NRT,1.58,337.77
8.99612,78.11604,2026-09-03,852,n,0.33,SNPP,0.55,296.73,SNPP,D,2.0NRT,1.58,340.09
9.20827,80.67661,2026-09-03,852,n,0.5,SNPP,0.65,292.0,SNPP,D,2.0NRT,6.18,333.84
8.86421,78.08301,2026-09-03,852,n,0.33,SNPP,0.55,296.67,SNPP,D,2.0NRT,2.55,337.52
8.86688,78.08226,2026-09-03,852,n,0.33,SNPP,0.55,296.85,SNPP,D,2.0NRT,1.34,334.12
9.09281,79.79891,2026-09-03,852,n,0.43,SNPP,0.62,291.7,SNPP,D,2.0NRT,4.75,331.83
8.05081,81.30357,2026-09-03,852,n,0.53,SNPP,0.67,293.14,SNPP,D,2.0NRT,7.7,337.97
9.2081,80.67667,2026-09-03,852,n,0.49,SNPP,0.65,292.05,SNPP,D,2.0NRT,4.85,332.64
8.81097,78.0528,2026-09-03,852,n,0.32,SNPP,0.55,298.05,SNPP,D,2.0NRT,0.97,333.07
8.8697,80.70795,2026-09-03,852,n,0.49,SNPP,0.65,289.83,SNPP,D,2.0NRT,2.61,331.08
8.82872,80.53358,2026-09-03,852,n,0.48,SNPP,0.65,291.51,SNPP,D,2.0NRT,7.51,335.37
8.65861,80.50542,2026-09-03,852,n,0.47000000000000003,SNPP,0.64,293.32,SNPP,D,2.0NRT,11.33,356.68
8.62868,80.4115,2026-09-03,852,n,0.47000000000000003,SNPP,0.64,293.13,SNPP,D,2.0NRT,4.52,334.84
8.62922,80.41586,2026-09-03,852,n,0.47000000000000003,SNPP,0.64,293.02,SNPP,D,2.0NRT,4.52,339.61
8.66189,80.50454,2026-09-03,852,n,0.47000000000000003,SNPP,0.64,291.88,SNPP,D,2.0NRT,5.5600000000000005,333.14
8.6559,80.50523,2026-09-03,852,n,0.47000000000000003,SNPP,0.64,293.52,SNPP,D,2.0NRT,8.48,349.78
8.63185,80.41512,2026-09-03,852,n,0.47000000000000003,SNPP,0.64,291.81,SNPP,D,2.0NRT,7.79,342.85
8.60062,80.454,2026-09-03,852,n,0.47000000000000003,SNPP,0.64,290.31,SNPP,D,2.0NRT,2.76,335.49
8.60401,80.48016,2026-09-03,852,n,0.47000000000000003,SNPP,0.64,292.18,SNPP,D,2.0NRT,6.33,334.16
8.60457,80.48453,2026-09-03,852,n,0.47000000000000003,SNPP,0.64,291.37,SNPP,D,2.0NRT,5.78,331.25
8.55929,80.3675,2026-09-03,852,h,0.46,SNPP,0.64,294.02,SNPP,D,2.0NRT,17.44,367.0
8.56422,80.79527,2026-09-03,852,n,0.49,SNPP,0.65,291.38,SNPP,D,2.0NRT,3.8,332.99
8.564,80.79541,2026-09-03,852,n,0.49,SNPP,0.65,291.79,SNPP,D,2.0NRT,6.69,333.78
8.39178,80.16251,2026-09-03,852,n,0.45,SNPP,0.63,295.25,SNPP,D,2.0NRT,46.39,340.35
8.3923,80.16667,2026-09-03,852,n,0.45,SNPP,0.63,292.93,SNPP,D,2.0NRT,41.89,351.18
8.43132,80.52473,2026-09-03,852,n,0.47000000000000003,SNPP,0.64,292.96,SNPP,D,2.0NRT,7.77,346.03
8.39199,80.16026,2026-09-03,852,n,0.45,SNPP,0.63,292.82,SNPP,D,2.0NRT,23.58,334.57
8.39254,80.16441,2026-09-03,852,h,0.45,SNPP,0.63,296.13,SNPP,D,2.0NRT,62.8,367.0
8.4287,80.5266,2026-09-03,852,n,0.47000000000000003,SNPP,0.64,292.89,SNPP,D,2.0NRT,6.28,330.2
8.4028,80.65507,2026-09-03,852,n,0.48,SNPP,0.65,293.37,SNPP,D,2.0NRT,5.58,332.44
8.28842,80.23164,2026-09-03,852,n,0.45,SNPP,0.63,293.27,SNPP,D,2.0NRT,7.83,331.07
8.284,80.23323,2026-09-03,852,n,0.45,SNPP,0.63,292.92,SNPP,D,2.0NRT,8.64,330.92
8.21999,80.57515,2026-09-03,852,n,0.47000000000000003,SNPP,0.64,292.01,SNPP,D,2.0NRT,1.81,330.34
8.20337,80.99162,2026-09-03,852,n,0.5,SNPP,0.66,292.96,SNPP,D,2.0NRT,5.13,336.41
8.20065,81.06894,2026-09-03,852,n,0.51,SNPP,0.66,292.24,SNPP,D,2.0NRT,3.11,330.69
8.20392,80.99172,2026-09-03,852,n,0.5,SNPP,0.66,292.88,SNPP,D,2.0NRT,6.22,332.07
8.1625,81.34946,2026-09-03,852,h,0.53,SNPP,0.67,293.1,SNPP,D,2.0NRT,19.64,367.0
8.05333,80.59547,2026-09-03,852,n,0.47000000000000003,SNPP,0.64,293.4,SNPP,D,2.0NRT,3.63,333.4
8.14806,81.33616,2026-09-03,852,h,0.53,SNPP,0.67,293.0,SNPP,D,2.0NRT,11.6,367.0
8.05642,81.2979,2026-09-03,852,n,0.53,SNPP,0.67,293.12,SNPP,D,2.0NRT,6.6,338.69
8.05706,81.30285,2026-09-03,852,n,0.53,SNPP,0.67,292.73,SNPP,D,2.0NRT,6.6,344.06
21.10661,72.64839,2026-09-03,856,n,0.42,SNPP,0.45,296.01,SNPP,D,2.0NRT,4.4,332.65
22.4173,69.04085,2026-09-03,856,n,0.43,SNPP,0.38,302.56,SNPP,D,2.0NRT,5.33,340.77
22.92752,70.11013,2026-09-03,856,n,0.48,SNPP,0.4,293.5,SNPP,D,2.0NRT,3.07,330.19
18.56307,74.36423,2026-09-03,856,n,0.5,SNPP,0.49,297.39,SNPP,D,2.0NRT,7.46,332.55
22.93244,69.69634,2026-09-03,856,l,0.46,SNPP,0.39,302.24,SNPP,D,2.0NRT,4.13,330.89
18.51911,74.35187,2026-09-03,856,n,0.5,SNPP,0.49,296.04,SNPP,D,2.0NRT,4.86,330.29
18.69169,73.04173,2026-09-03,856,n,0.42,SNPP,0.45,295.45,SNPP,D,2.0NRT,5.14,334.81
18.51854,74.3471,2026-09-03,856,n,0.5,SNPP,0.49,296.41,SNPP,D,2.0NRT,4.86,334.46
25.3869,68.5815,2026-09-03,858,l,0.44,SNPP,0.38,304.2,SNPP,D,2.0NRT,2.61,331.52
29.88983,73.90404,2026-09-03,858,n,0.32,SNPP,0.55,296.63,SNPP,D,2.0NRT,1.81,333.23
35.99179,94.82908,2026-09-03,1940,n,0.39,SNPP,0.36,280.74,SNPP,N,2.0NRT,0.74,299.89
32.513419999999996,82.42087,2026-09-03,1940,n,0.46,SNPP,0.63,277.11,SNPP,N,2.0NRT,0.12,311.6
37.34675,97.40954,2026-09-03,1940,n,0.39,SNPP,0.36,283.38,SNPP,N,2.0NRT,0.8,298.59
26.75918,83.19909,2026-09-03,1942,n,0.35000000000000003,SNPP,0.5700000000000001,285.78,SNPP,N,2.0NRT,1.16,306.85
23.75436,85.85263,2026-09-03,1945,n,0.45,SNPP,0.47000000000000003,284.88,SNPP,N,2.0NRT,1.3,310.98
23.75731,85.85121,2026-09-03,1945,n,0.45,SNPP,0.47000000000000003,284.59,SNPP,N,2.0NRT,1.56,303.97
23.75678,85.85565,2026-09-03,1945,n,0.45,SNPP,0.47000000000000003,285.22,SNPP,N,2.0NRT,1.56,310.42
23.78801,85.55334,2026-09-03,1945,n,0.47000000000000003,SNPP,0.48,282.0,SNPP,N,2.0NRT,0.87,308.69
23.63301,86.83422,2026-09-03,1945,n,0.39,SNPP,0.44,288.53,SNPP,N,2.0NRT,0.84,306.94
23.61394,86.78859,2026-09-03,1945,n,0.39,SNPP,0.44,289.21,SNPP,N,2.0NRT,1.7000000000000002,309.63
23.56118,87.08237,2026-09-03,1945,n,0.5700000000000001,SNPP,0.43,282.82,SNPP,N,2.0NRT,2.48,307.04
23.58044,86.72423,2026-09-03,1945,n,0.4,SNPP,0.44,288.21,SNPP,N,2.0NRT,1.24,309.01
23.7255,86.43961,2026-09-03,1945,n,0.41000000000000003,SNPP,0.45,287.88,SNPP,N,2.0NRT,2.79,312.66
23.66999,86.93584,2026-09-03,1945,n,0.39,SNPP,0.44,286.93,SNPP,N,2.0NRT,0.5,305.31
23.73892,86.43327,2026-09-03,1945,n,0.41000000000000003,SNPP,0.45,289.42,SNPP,N,2.0NRT,4.27,332.15
23.66326,87.15506,2026-09-03,1945,n,0.56,SNPP,0.43,286.04,SNPP,N,2.0NRT,2.7199999999999998,315.58
23.75333,86.41881,2026-09-03,1945,n,0.41000000000000003,SNPP,0.45,285.49,SNPP,N,2.0NRT,2.21,306.57
23.77853,86.20712,2026-09-03,1945,n,0.43,SNPP,0.46,284.37,SNPP,N,2.0NRT,1.4,305.87
23.75945,86.403,2026-09-03,1945,n,0.42,SNPP,0.45,281.99,SNPP,N,2.0NRT,1.9,311.53
23.75995,86.39886,2026-09-03,1945,n,0.42,SNPP,0.45,278.33,SNPP,N,2.0NRT,1.13,303.16
23.76361,86.40362,2026-09-03,1945,n,0.42,SNPP,0.45,279.65,SNPP,N,2.0NRT,1.9,319.57
23.76411,86.39948,2026-09-03,1945,n,0.42,SNPP,0.45,276.62,SNPP,N,2.0NRT,1.13,301.48
23.76827,86.40009,2026-09-03,1945,n,0.42,SNPP,0.45,276.21,SNPP,N,2.0NRT,1.42,301.49
23.77272,86.36308,2026-09-03,1945,n,0.42,SNPP,0.45,279.79,SNPP,N,2.0NRT,1.88,311.0
23.76777,86.40421,2026-09-03,1945,n,0.42,SNPP,0.45,277.99,SNPP,N,2.0NRT,2.0,320.79
23.68263,87.12968,2026-09-03,1945,n,0.5700000000000001,SNPP,0.43,286.13,SNPP,N,2.0NRT,1.02,304.46
23.7769,86.36366,2026-09-03,1945,n,0.42,SNPP,0.45,278.5,SNPP,N,2.0NRT,1.88,309.48
23.68801,87.11914,2026-09-03,1945,n,0.5700000000000001,SNPP,0.43,285.56,SNPP,N,2.0NRT,1.9300000000000002,310.76
23.77807,86.38908,2026-09-03,1945,n,0.42,SNPP,0.45,274.17,SNPP,N,2.0NRT,1.38,317.93
23.79659,86.2353,2026-09-03,1945,n,0.43,SNPP,0.46,279.57,SNPP,N,2.0NRT,0.51,298.0
23.69199,87.11974,2026-09-03,1945,n,0.5700000000000001,SNPP,0.43,285.93,SNPP,N,2.0NRT,1.9300000000000002,307.04
23.69338,87.10863,2026-09-03,1945,n,0.5700000000000001,SNPP,0.43,285.59,SNPP,N,2.0NRT,1.71,305.36
23.78174,86.39377,2026-09-03,1945,n,0.42,SNPP,0.45,278.02,SNPP,N,2.0NRT,1.38,300.97
23.78223,86.3897,2026-09-03,1945,n,0.42,SNPP,0.45,275.26,SNPP,N,2.0NRT,1.38,305.21
23.79508,86.35372,2026-09-03,1945,n,0.42,SNPP,0.45,275.18,SNPP,N,2.0NRT,0.8300000000000001,302.73
23.79559,86.34954,2026-09-03,1945,n,0.42,SNPP,0.45,273.2,SNPP,N,2.0NRT,0.8300000000000001,297.82
23.79976,86.35018,2026-09-03,1945,n,0.42,SNPP,0.45,272.56,SNPP,N,2.0NRT,0.74,300.15
23.80228,86.32954,2026-09-03,1945,n,0.42,SNPP,0.45,273.05,SNPP,N,2.0NRT,1.77,314.47
23.80646,86.33013,2026-09-03,1945,n,0.42,SNPP,0.45,276.81,SNPP,N,2.0NRT,1.77,307.16
23.80754,86.32885,2026-09-03,1945,n,0.42,SNPP,0.45,279.15,SNPP,N,2.0NRT,0.61,303.74
24.11606,86.86103,2026-09-03,1945,n,0.39,SNPP,0.44,287.24,SNPP,N,2.0NRT,2.21,316.46
24.11965,86.86556,2026-09-03,1945,n,0.39,SNPP,0.44,287.3,SNPP,N,2.0NRT,0.4,305.15
23.73955,85.01097,2026-09-03,1945,n,0.5,SNPP,0.49,285.74,SNPP,N,2.0NRT,1.92,308.09
23.7117,85.28757,2026-09-03,1945,n,0.48,SNPP,0.48,284.85,SNPP,N,2.0NRT,0.73,301.95
23.73894,85.0092,2026-09-03,1945,n,0.5,SNPP,0.49,285.68,SNPP,N,2.0NRT,1.6800000000000002,308.95
23.69792,85.36774,2026-09-03,1945,n,0.48,SNPP,0.48,285.21,SNPP,N,2.0NRT,0.93,302.62
23.69777,85.2904,2026-09-03,1945,n,0.48,SNPP,0.48,285.73,SNPP,N,2.0NRT,1.48,303.8
23.67558,85.32627,2026-09-03,1945,n,0.48,SNPP,0.48,285.85,SNPP,N,2.0NRT,0.87,302.56
23.64893,85.44199,2026-09-03,1945,n,0.47000000000000003,SNPP,0.48,285.44,SNPP,N,2.0NRT,1.15,304.53
23.64945,85.43736,2026-09-03,1945,n,0.47000000000000003,SNPP,0.48,285.76,SNPP,N,2.0NRT,4.0,328.16
23.6091,85.67449,2026-09-03,1945,n,0.46,SNPP,0.47000000000000003,287.95,SNPP,N,2.0NRT,0.98,308.9
23.67128,84.99492,2026-09-03,1945,n,0.5,SNPP,0.49,285.16,SNPP,N,2.0NRT,0.81,302.0
23.6662,84.99924,2026-09-03,1945,n,0.5,SNPP,0.49,284.33,SNPP,N,2.0NRT,1.6400000000000001,305.61
23.72328,86.4226,2026-09-03,1945,n,0.41000000000000003,SNPP,0.45,287.66,SNPP,N,2.0NRT,2.1,307.96
23.71913,86.422,2026-09-03,1945,n,0.41000000000000003,SNPP,0.45,287.6,SNPP,N,2.0NRT,1.6099999999999999,311.36
23.71672,86.44246,2026-09-03,1945,n,0.41000000000000003,SNPP,0.45,287.65,SNPP,N,2.0NRT,0.91,305.75
23.71576,86.45063,2026-09-03,1945,n,0.41000000000000003,SNPP,0.45,288.46,SNPP,N,2.0NRT,1.5899999999999999,309.84
23.71498,86.42139,2026-09-03,1945,n,0.41000000000000003,SNPP,0.45,287.58,SNPP,N,2.0NRT,1.6099999999999999,307.53
23.71161,86.45001,2026-09-03,1945,n,0.41000000000000003,SNPP,0.45,288.58,SNPP,N,2.0NRT,1.5899999999999999,317.27
23.71034,86.42485,2026-09-03,1945,n,0.41000000000000003,SNPP,0.45,285.13,SNPP,N,2.0NRT,1.8,309.97
23.70747,86.44939,2026-09-03,1945,n,0.41000000000000003,SNPP,0.45,288.22,SNPP,N,2.0NRT,0.9400000000000001,305.52
23.75867,85.85327,2026-09-03,1945,n,0.45,SNPP,0.47000000000000003,284.84,SNPP,N,2.0NRT,1.3,305.82
23.78732,85.55491,2026-09-03,1945,n,0.47000000000000003,SNPP,0.48,281.18,SNPP,N,2.0NRT,1.46,301.71
17.3574,76.87903,2026-09-03,1947,n,0.71,SNPP,0.75,274.37,SNPP,N,2.0NRT,0.63,295.01
7.38557,80.83266,2026-09-03,1947,n,0.5700000000000001,SNPP,0.52,289.68,SNPP,N,2.0NRT,1.6800000000000002,304.7
7.38579,80.83545,2026-09-03,1947,n,0.5700000000000001,SNPP,0.52,289.95,SNPP,N,2.0NRT,1.2,301.64
6.81469,81.61859,2026-09-03,1947,n,0.5,SNPP,0.49,291.0,SNPP,N,2.0NRT,2.04,319.84
6.81018,81.6179,2026-09-03,1947,n,0.5,SNPP,0.49,290.78,SNPP,N,2.0NRT,2.04,309.69
6.83187,81.33813,2026-09-03,1947,n,0.52,SNPP,0.5,290.28,SNPP,N,2.0NRT,2.09,315.79
6.96157,79.96043,2026-09-03,1947,n,0.32,SNPP,0.55,290.14,SNPP,N,2.0NRT,0.88,307.13
15.02242,78.01557,2026-09-03,1947,n,0.56,SNPP,0.6900000000000001,278.54,SNPP,N,2.0NRT,2.54,301.82
15.18106,76.67557,2026-09-03,1947,n,0.6900000000000001,SNPP,0.74,278.37,SNPP,N,2.0NRT,1.25,302.03
15.18172,76.66895,2026-09-03,1947,n,0.6900000000000001,SNPP,0.74,274.25,SNPP,N,2.0NRT,1.25,299.3
15.18083,76.6638,2026-09-03,1947,n,0.6900000000000001,SNPP,0.74,269.99,SNPP,N,2.0NRT,2.73,298.03
8.57317,80.40264,2026-09-03,1949,n,0.32,SNPP,0.54,290.11,SNPP,N,2.0NRT,1.6800000000000002,311.9
9.54608,77.51984,2026-09-03,1949,n,0.52,SNPP,0.66,279.89,SNPP,N,2.0NRT,1.5899999999999999,305.2
9.54534,77.51893,2026-09-03,1949,n,0.52,SNPP,0.67,279.69,SNPP,N,2.0NRT,2.19,301.06
22.931350000000002,69.70153,2026-09-03,2123,n,0.44,SNPP,0.39,293.25,SNPP,N,2.0NRT,1.43,306.91
22.93212,69.69724,2026-09-03,2123,n,0.44,SNPP,0.39,293.81,SNPP,N,2.0NRT,1.43,321.98
22.93487,69.70225,2026-09-03,2123,n,0.44,SNPP,0.39,293.42,SNPP,N,2.0NRT,1.43,311.79
22.93564,69.69796,2026-09-03,2123,n,0.44,SNPP,0.39,293.47,SNPP,N,2.0NRT,1.43,316.67
22.92733,69.82601,2026-09-03,2123,n,0.45,SNPP,0.39,294.43,SNPP,N,2.0NRT,2.2,305.45
22.38261,73.12849,2026-09-03,2123,n,0.45,SNPP,0.47000000000000003,289.72,SNPP,N,2.0NRT,0.81,303.37
23.4967,68.57797,2026-09-03,2123,n,0.4,SNPP,0.37,293.71,SNPP,N,2.0NRT,1.65,310.58
23.12061,70.08583,2026-09-03,2123,n,0.46,SNPP,0.39,293.82,SNPP,N,2.0NRT,3.65,325.11
22.33898,69.85583,2026-09-03,2123,n,0.46,SNPP,0.39,294.92,SNPP,N,2.0NRT,2.56,307.29
22.97782,72.56509,2026-09-03,2123,n,0.41000000000000003,SNPP,0.45,291.96,SNPP,N,2.0NRT,1.43,308.61
33.90302,71.91702,2026-09-03,2123,n,0.41000000000000003,SNPP,0.37,293.33,SNPP,N,2.0NRT,3.14,306.15
33.54525,71.54886,2026-09-03,2123,n,0.4,SNPP,0.37,294.6,SNPP,N,2.0NRT,1.19,307.45
33.40643,71.93991,2026-09-03,2123,n,0.42,SNPP,0.37,294.73,SNPP,N,2.0NRT,0.6000000000000001,307.17
33.2953,71.1847,2026-09-03,2123,n,0.4,SNPP,0.37,292.61,SNPP,N,2.0NRT,1.2,313.43
32.72092,72.92194,2026-09-03,2123,n,0.45,SNPP,0.39,293.78,SNPP,N,2.0NRT,1.17,304.86
32.88893,71.61838,2026-09-03,2123,n,0.41000000000000003,SNPP,0.37,295.39,SNPP,N,2.0NRT,2.91,314.87
31.26022,76.92496,2026-09-03,2123,n,0.51,SNPP,0.49,288.42,SNPP,N,2.0NRT,2.04,303.07
31.42277,72.99947,2026-09-03,2123,n,0.48,SNPP,0.4,295.47,SNPP,N,2.0NRT,0.81,312.39
29.47491,76.86111,2026-09-03,2123,n,0.55,SNPP,0.51,291.09,SNPP,N,2.0NRT,4.53,321.58
29.47618,76.85554,2026-09-03,2123,n,0.55,SNPP,0.51,290.99,SNPP,N,2.0NRT,4.41,311.96
29.4779,76.85962,2026-09-03,2123,n,0.55,SNPP,0.51,291.14,SNPP,N,2.0NRT,5.5,322.24
29.47329,76.85825,2026-09-03,2123,n,0.55,SNPP,0.51,290.76,SNPP,N,2.0NRT,5.35,320.78
28.42567,69.70049,2026-09-03,2123,n,0.4,SNPP,0.37,297.79,SNPP,N,2.0NRT,1.5899999999999999,319.9
24.68892,73.00289,2026-09-03,2123,n,0.41000000000000003,SNPP,0.45,286.47,SNPP,N,2.0NRT,2.05,302.62
20.35693,72.94828,2026-09-03,2125,n,0.48,SNPP,0.48,283.84,SNPP,N,2.0NRT,1.12,312.62
20.35351,72.95026,2026-09-03,2125,n,0.48,SNPP,0.48,283.56,SNPP,N,2.0NRT,0.44,295.9
15.19921,76.37984,2026-09-03,2125,n,0.5,SNPP,0.66,276.11,SNPP,N,2.0NRT,1.48,298.37
19.67624,71.67017,2026-09-03,2125,n,0.41000000000000003,SNPP,0.45,288.96,SNPP,N,2.0NRT,2.7,324.65
18.687170000000002,73.03136,2026-09-03,2125,n,0.52,SNPP,0.5,286.82,SNPP,N,2.0NRT,3.48,303.75
18.68517,73.04121,2026-09-03,2125,n,0.52,SNPP,0.5,286.86,SNPP,N,2.0NRT,2.63,303.66
18.69051,73.04059,2026-09-03,2125,n,0.52,SNPP,0.5,286.61,SNPP,N,2.0NRT,2.42,303.23
18.68594,73.03958,2026-09-03,2125,n,0.52,SNPP,0.5,286.88,SNPP,N,2.0NRT,1.63,303.16
18.68331,73.0287,2026-09-03,2125,n,0.52,SNPP,0.5,286.49,SNPP,N,2.0NRT,2.7199999999999998,301.11
18.68235,73.03365,2026-09-03,2125,n,0.52,SNPP,0.5,286.6,SNPP,N,2.0NRT,1.63,304.96
18.68138,73.03857,2026-09-03,2125,n,0.52,SNPP,0.5,286.54,SNPP,N,2.0NRT,1.63,306.06
15.18179,76.66799,2026-09-03,2125,n,0.53,SNPP,0.67,281.19,SNPP,N,2.0NRT,2.6,306.52
21.10058,72.63622,2026-09-03,2125,n,0.45,SNPP,0.47000000000000003,290.82,SNPP,N,2.0NRT,1.6,307.03
21.10314,72.64573,2026-09-03,2125,n,0.45,SNPP,0.47000000000000003,291.0,SNPP,N,2.0NRT,2.61,307.67
21.10483,72.63718,2026-09-03,2125,n,0.45,SNPP,0.47000000000000003,291.05,SNPP,N,2.0NRT,1.6,307.78
21.10739,72.64669,2026-09-03,2125,n,0.45,SNPP,0.47000000000000003,292.6,SNPP,N,2.0NRT,7.8100000000000005,342.3
21.1644,72.67298,2026-09-03,2125,n,0.45,SNPP,0.47000000000000003,291.46,SNPP,N,2.0NRT,4.37,336.65
21.16523,72.66869,2026-09-03,2125,n,0.45,SNPP,0.47000000000000003,291.15,SNPP,N,2.0NRT,4.37,321.34
21.16286,72.67182,2026-09-03,2125,n,0.45,SNPP,0.47000000000000003,291.11,SNPP,N,2.0NRT,4.97,331.87
21.16711,72.67277,2026-09-03,2125,n,0.45,SNPP,0.47000000000000003,291.7,SNPP,N,2.0NRT,7.63,339.36
16.18728,78.91104,2026-09-03,2125,n,0.7000000000000001,SNPP,0.75,282.64,SNPP,N,2.0NRT,6.01,307.9
16.18613,78.91606,2026-09-03,2125,n,0.7000000000000001,SNPP,0.75,282.21,SNPP,N,2.0NRT,3.56,303.5
15.17637,77.09987,2026-09-03,2125,n,0.56,SNPP,0.6900000000000001,285.39,SNPP,N,2.0NRT,1.6800000000000002,300.85
15.01009,77.61835,2026-09-03,2125,n,0.61,SNPP,0.71,283.74,SNPP,N,2.0NRT,0.98,303.55
15.07013,76.86538,2026-09-03,2125,n,0.54,SNPP,0.68,284.27,SNPP,N,2.0NRT,1.56,303.5
15.19833,76.37807,2026-09-03,2125,n,0.5,SNPP,0.66,276.75,SNPP,N,2.0NRT,1.1400000000000001,297.68
15.177810000000001,76.65665,2026-09-03,2125,n,0.52,SNPP,0.67,281.26,SNPP,N,2.0NRT,3.05,313.84
27.28717,73.83929,2026-09-03,2125,n,0.41000000000000003,SNPP,0.45,293.71,SNPP,N,2.0NRT,0.98,306.83
27.081,73.81882,2026-09-03,2125,n,0.41000000000000003,SNPP,0.45,294.29,SNPP,N,2.0NRT,0.77,306.77
26.87735,73.51431,2026-09-03,2125,n,0.4,SNPP,0.44,293.66,SNPP,N,2.0NRT,1.4,305.85
25.94198,72.19152,2026-09-03,2125,n,0.53,SNPP,0.42,295.09,SNPP,N,2.0NRT,4.61,328.97
25.94437,72.19054,2026-09-03,2125,n,0.53,SNPP,0.42,294.81,SNPP,N,2.0NRT,2.7,317.01
25.94338,72.19575,2026-09-03,2125,n,0.53,SNPP,0.42,294.72,SNPP,N,2.0NRT,2.18,311.07
20.91002,71.45757,2026-09-03,2125,n,0.38,SNPP,0.44,291.59,SNPP,N,2.0NRT,0.89,304.58
20.90932,71.46124,2026-09-03,2125,n,0.38,SNPP,0.44,291.99,SNPP,N,2.0NRT,0.99,307.63
20.86657,70.56716,2026-09-03,2125,n,0.52,SNPP,0.41000000000000003,291.77,SNPP,N,2.0NRT,1.43,305.32
12.75382,92.88086,2026-09-04,654,n,0.44,SNPP,0.46,284.25,SNPP,D,2.0NRT,2.49,332.85
23.90077,97.88943,2026-09-04,657,n,0.4,SNPP,0.37,295.02,SNPP,D,2.0NRT,2.14,332.03
24.00891,96.12032,2026-09-04,657,n,0.38,SNPP,0.36,294.47,SNPP,D,2.0NRT,2.33,332.91
24.25894,96.54393,2026-09-04,657,n,0.39,SNPP,0.36,296.6,SNPP,D,2.0NRT,9.92,347.19
24.64905,97.89011,2026-09-04,657,n,0.41000000000000003,SNPP,0.37,293.5,SNPP,D,2.0NRT,3.67,332.12
24.71857,96.31367,2026-09-04,657,n,0.38,SNPP,0.36,294.78,SNPP,D,2.0NRT,1.73,334.03
36.3825,95.11243,2026-09-04,659,n,0.41000000000000003,SNPP,0.37,316.06,SNPP,D,2.0NRT,12.39,353.38
28.48777,97.02752,2026-09-04,659,n,0.41000000000000003,SNPP,0.37,295.07,SNPP,D,2.0NRT,4.09,336.61
28.49797,97.02557,2026-09-04,659,n,0.41000000000000003,SNPP,0.37,299.23,SNPP,D,2.0NRT,4.68,333.53
28.49742,97.02155,2026-09-04,659,n,0.41000000000000003,SNPP,0.37,298.42,SNPP,D,2.0NRT,4.7,333.49
28.50761,97.01961,2026-09-04,659,n,0.41000000000000003,SNPP,0.37,295.9,SNPP,D,2.0NRT,4.5600000000000005,334.19
28.57115,96.95303,2026-09-04,659,l,0.41000000000000003,SNPP,0.37,298.89,SNPP,D,2.0NRT,3.32,325.85
29.24429,91.86042,2026-09-04,659,l,0.43,SNPP,0.38,302.07,SNPP,D,2.0NRT,3.18,330.81
29.2485,91.86387,2026-09-04,659,l,0.43,SNPP,0.38,302.51,SNPP,D,2.0NRT,2.42,328.58
29.18748,88.53117,2026-09-04,659,n,0.42,SNPP,0.45,296.03,SNPP,D,2.0NRT,2.61,326.49
29.29299,88.90841,2026-09-04,659,n,0.4,SNPP,0.44,291.36,SNPP,D,2.0NRT,2.5,325.44
36.35387,95.23476,2026-09-04,701,n,0.42,SNPP,0.37,315.2,SNPP,D,2.0NRT,7.5,345.86
36.35792,95.2387,2026-09-04,701,n,0.42,SNPP,0.37,314.77,SNPP,D,2.0NRT,8.53,348.36
36.3573,95.23409,2026-09-04,701,n,0.42,SNPP,0.37,314.56,SNPP,D,2.0NRT,4.67,348.6
36.36073,95.23341,2026-09-04,701,l,0.42,SNPP,0.37,315.63,SNPP,D,2.0NRT,4.67,344.01
36.35168,95.24467,2026-09-04,701,l,0.42,SNPP,0.37,315.12,SNPP,D,2.0NRT,8.54,341.05
6.34224,81.12547,2026-09-04,833,n,0.46,SNPP,0.47000000000000003,295.21,SNPP,D,2.0NRT,3.7,337.03
6.83144,81.47736,2026-09-04,833,n,0.49,SNPP,0.49,297.76,SNPP,D,2.0NRT,2.68,335.68
6.82874,81.33171,2026-09-04,833,n,0.48,SNPP,0.48,294.95,SNPP,D,2.0NRT,6.6,343.08
6.82711,81.33308,2026-09-04,833,n,0.48,SNPP,0.48,295.5,SNPP,D,2.0NRT,7.18,341.55
6.90904,81.66004,2026-09-04,833,n,0.51,SNPP,0.49,299.85,SNPP,D,2.0NRT,8.05,336.95
6.97485,81.5989,2026-09-04,833,n,0.51,SNPP,0.49,295.51,SNPP,D,2.0NRT,9.27,342.62
7.20339,81.01457,2026-09-04,833,n,0.47000000000000003,SNPP,0.47000000000000003,299.99,SNPP,D,2.0NRT,6.32,333.96
7.30575,81.13636,2026-09-04,833,n,0.48,SNPP,0.48,300.21,SNPP,D,2.0NRT,5.23,334.07
7.36553,81.29984,2026-09-04,833,n,0.49,SNPP,0.49,300.73,SNPP,D,2.0NRT,6.37,340.27
7.3628,81.3008,2026-09-04,833,n,0.49,SNPP,0.49,301.41,SNPP,D,2.0NRT,7.25,344.12
7.38853,81.28822,2026-09-04,833,n,0.49,SNPP,0.49,299.87,SNPP,D,2.0NRT,5.15,331.69
7.38789,81.28361,2026-09-04,833,n,0.49,SNPP,0.49,299.24,SNPP,D,2.0NRT,2.35,332.09
7.39301,81.28756,2026-09-04,833,n,0.49,SNPP,0.49,298.42,SNPP,D,2.0NRT,5.67,330.06
7.39238,81.28298,2026-09-04,833,n,0.49,SNPP,0.49,301.27,SNPP,D,2.0NRT,5.24,336.26
7.4431,81.25359,2026-09-04,833,n,0.49,SNPP,0.48,300.47,SNPP,D,2.0NRT,11.29,339.75
7.44182,81.24464,2026-09-04,833,n,0.49,SNPP,0.48,299.69,SNPP,D,2.0NRT,10.35,339.51
7.44629,81.24397,2026-09-04,833,n,0.49,SNPP,0.48,299.79,SNPP,D,2.0NRT,10.35,349.63
7.44566,81.23956,2026-09-04,833,n,0.49,SNPP,0.48,298.32,SNPP,D,2.0NRT,7.04,342.28
7.51962,81.10014,2026-09-04,833,l,0.48,SNPP,0.48,307.4,SNPP,D,2.0NRT,13.33,336.58
6.42538,81.01639,2026-09-04,833,n,0.45,SNPP,0.47000000000000003,296.99,SNPP,D,2.0NRT,5.43,342.32
6.42972,81.01575,2026-09-04,833,n,0.45,SNPP,0.47000000000000003,295.81,SNPP,D,2.0NRT,5.43,342.18
6.47065,81.08218,2026-09-04,833,n,0.46,SNPP,0.47000000000000003,296.32,SNPP,D,2.0NRT,3.7199999999999998,333.3
6.5269,80.76523,2026-09-04,833,n,0.44,SNPP,0.46,296.05,SNPP,D,2.0NRT,4.39,332.45
6.73734,81.53592,2026-09-04,833,n,0.5,SNPP,0.49,298.8,SNPP,D,2.0NRT,6.5600000000000005,331.56
6.71661,81.32898,2026-09-04,833,n,0.48,SNPP,0.48,297.83,SNPP,D,2.0NRT,2.4,331.0
6.6698900000000005,80.91605,2026-09-04,833,n,0.45,SNPP,0.47000000000000003,292.44,SNPP,D,2.0NRT,0.71,331.85
6.75082,81.39299,2026-09-04,833,n,0.49,SNPP,0.48,300.3,SNPP,D,2.0NRT,6.91,339.34
6.79404,81.53845,2026-09-04,833,n,0.5,SNPP,0.49,298.5,SNPP,D,2.0NRT,7.82,348.92
6.79797,81.46822,2026-09-04,833,n,0.49,SNPP,0.49,299.97,SNPP,D,2.0NRT,4.24,337.38
7.38462,79.87064,2026-09-04,833,n,0.4,SNPP,0.44,294.39,SNPP,D,2.0NRT,2.9,333.64
7.61087,80.83186,2026-09-04,833,n,0.46,SNPP,0.47000000000000003,297.87,SNPP,D,2.0NRT,3.4,332.6
7.6572700000000005,80.49637,2026-09-04,833,n,0.44,SNPP,0.46,293.6,SNPP,D,2.0NRT,1.9100000000000001,331.97
12.80993,77.7602,2026-09-04,835,n,0.52,SNPP,0.42,298.05,SNPP,D,2.0NRT,3.52,332.58
7.66027,79.91571,2026-09-04,835,n,0.4,SNPP,0.44,294.01,SNPP,D,2.0NRT,4.3,330.12
7.69514,80.13086,2026-09-04,835,n,0.42,SNPP,0.45,297.8,SNPP,D,2.0NRT,5.45,343.92
7.71052,79.86343,2026-09-04,835,n,0.4,SNPP,0.44,296.07,SNPP,D,2.0NRT,3.6,340.21
7.96289,81.33191,2026-09-04,835,n,0.5,SNPP,0.49,299.96,SNPP,D,2.0NRT,8.43,344.81
7.99599,81.46941,2026-09-04,835,n,0.51,SNPP,0.5,298.29,SNPP,D,2.0NRT,5.83,337.55
7.81069,79.92027,2026-09-04,835,n,0.4,SNPP,0.45,295.29,SNPP,D,2.0NRT,3.19,342.74
7.81016,79.9166,2026-09-04,835,n,0.4,SNPP,0.45,295.79,SNPP,D,2.0NRT,1.78,332.62
7.91191,80.55957,2026-09-04,835,n,0.45,SNPP,0.47000000000000003,297.71,SNPP,D,2.0NRT,7.48,342.84
7.91133,80.55552,2026-09-04,835,n,0.45,SNPP,0.47000000000000003,297.49,SNPP,D,2.0NRT,7.07,335.04
7.81293,79.91923,2026-09-04,835,n,0.4,SNPP,0.45,296.55,SNPP,D,2.0NRT,6.83,345.57
7.9137900000000005,80.5593,2026-09-04,835,n,0.45,SNPP,0.47000000000000003,297.88,SNPP,D,2.0NRT,10.66,342.55
7.91323,80.55524,2026-09-04,835,n,0.45,SNPP,0.47000000000000003,298.03,SNPP,D,2.0NRT,8.63,342.53
7.94493,80.62585,2026-09-04,835,n,0.45,SNPP,0.47000000000000003,295.73,SNPP,D,2.0NRT,3.01,332.78
7.87908,80.031,2026-09-04,835,n,0.41000000000000003,SNPP,0.45,295.46,SNPP,D,2.0NRT,3.08,338.52
7.87883,79.93985,2026-09-04,835,n,0.41000000000000003,SNPP,0.45,295.96,SNPP,D,2.0NRT,2.7199999999999998,335.54
8.00805,80.60468,2026-09-04,835,n,0.45,SNPP,0.47000000000000003,294.71,SNPP,D,2.0NRT,1.6099999999999999,330.09
7.94419,80.13013,2026-09-04,835,n,0.42,SNPP,0.45,298.15,SNPP,D,2.0NRT,7.55,341.27
7.94364,80.12633,2026-09-04,835,n,0.42,SNPP,0.45,297.3,SNPP,D,2.0NRT,5.19,338.53
8.01845,80.61577,2026-09-04,835,n,0.45,SNPP,0.47000000000000003,296.47,SNPP,D,2.0NRT,2.8,330.07
7.94837,80.12955,2026-09-04,835,n,0.42,SNPP,0.45,297.84,SNPP,D,2.0NRT,7.55,345.31
7.94782,80.12575,2026-09-04,835,n,0.42,SNPP,0.45,297.71,SNPP,D,2.0NRT,5.19,342.94
8.02395,80.62332,2026-09-04,835,n,0.45,SNPP,0.47000000000000003,298.45,SNPP,D,2.0NRT,9.3,343.11
7.9936,80.4128,2026-09-04,835,n,0.44,SNPP,0.46,296.86,SNPP,D,2.0NRT,3.91,334.52
7.94517,80.04884,2026-09-04,835,n,0.41000000000000003,SNPP,0.45,297.75,SNPP,D,2.0NRT,4.21,338.79
7.99274,80.41392,2026-09-04,835,n,0.44,SNPP,0.46,296.14,SNPP,D,2.0NRT,6.58,330.55
8.02528,80.62028,2026-09-04,835,n,0.45,SNPP,0.47000000000000003,298.2,SNPP,D,2.0NRT,6.82,342.88
7.94696,80.04915,2026-09-04,835,n,0.41000000000000003,SNPP,0.45,297.29,SNPP,D,2.0NRT,2.16,331.12
7.9495000000000005,79.85543,2026-09-04,835,n,0.4,SNPP,0.44,294.86,SNPP,D,2.0NRT,3.96,339.74
8.02105,80.30539,2026-09-04,835,n,0.43,SNPP,0.46,297.65,SNPP,D,2.0NRT,3.0,335.51
8.17443,81.31121,2026-09-04,835,n,0.5,SNPP,0.49,300.89,SNPP,D,2.0NRT,14.58,351.92
8.05665,80.10335,2026-09-04,835,n,0.42,SNPP,0.45,297.08,SNPP,D,2.0NRT,2.21,334.82
8.12243,80.51514,2026-09-04,835,n,0.45,SNPP,0.47000000000000003,295.56,SNPP,D,2.0NRT,6.02,334.58
8.22253,81.08371,2026-09-04,835,n,0.49,SNPP,0.48,298.69,SNPP,D,2.0NRT,5.88,336.55
8.20822,80.68834,2026-09-04,835,n,0.46,SNPP,0.47000000000000003,298.38,SNPP,D,2.0NRT,4.09,330.26
8.14543,80.06309,2026-09-04,835,n,0.42,SNPP,0.45,290.64,SNPP,D,2.0NRT,2.4,331.23
8.25259,80.78128,2026-09-04,835,n,0.47000000000000003,SNPP,0.47000000000000003,298.25,SNPP,D,2.0NRT,5.12,338.93
8.23714,80.64191,2026-09-04,835,n,0.46,SNPP,0.47000000000000003,298.18,SNPP,D,2.0NRT,2.94,331.67
8.24209,80.64552,2026-09-04,835,n,0.46,SNPP,0.47000000000000003,298.69,SNPP,D,2.0NRT,6.02,337.12
8.25285,80.78179,2026-09-04,835,n,0.47000000000000003,SNPP,0.47000000000000003,297.88,SNPP,D,2.0NRT,6.36,331.85
8.23842,80.64211,2026-09-04,835,n,0.46,SNPP,0.47000000000000003,298.6,SNPP,D,2.0NRT,7.04,339.6
8.33193,80.77122,2026-09-04,835,n,0.47000000000000003,SNPP,0.47000000000000003,294.04,SNPP,D,2.0NRT,1.65,333.02
8.27044,80.33495,2026-09-04,835,n,0.44,SNPP,0.46,298.82,SNPP,D,2.0NRT,3.03,332.14
8.31202,80.59825,2026-09-04,835,n,0.45,SNPP,0.47000000000000003,295.22,SNPP,D,2.0NRT,5.69,332.09
8.2431,80.11183,2026-09-04,835,n,0.42,SNPP,0.45,297.73,SNPP,D,2.0NRT,1.97,330.25
8.25512,80.10616,2026-09-04,835,n,0.42,SNPP,0.45,297.74,SNPP,D,2.0NRT,4.31,343.26
8.35087,80.747,2026-09-04,835,n,0.46,SNPP,0.47000000000000003,298.9,SNPP,D,2.0NRT,19.72,343.16
8.35027,80.74276,2026-09-04,835,n,0.46,SNPP,0.47000000000000003,298.0,SNPP,D,2.0NRT,14.51,336.8
8.35526,80.7464,2026-09-04,835,n,0.46,SNPP,0.47000000000000003,295.91,SNPP,D,2.0NRT,5.61,333.87
8.35466,80.74216,2026-09-04,835,n,0.46,SNPP,0.47000000000000003,297.85,SNPP,D,2.0NRT,8.59,336.97
8.40438,81.05991,2026-09-04,835,n,0.49,SNPP,0.48,298.07,SNPP,D,2.0NRT,4.67,341.87
8.40374,81.05544,2026-09-04,835,n,0.49,SNPP,0.48,298.29,SNPP,D,2.0NRT,8.74,341.59
8.35448,80.74238,2026-09-04,835,n,0.47000000000000003,SNPP,0.47000000000000003,297.7,SNPP,D,2.0NRT,7.01,340.73
8.40626,81.06018,2026-09-04,835,n,0.49,SNPP,0.48,298.29,SNPP,D,2.0NRT,8.49,334.05
8.40566,81.0557,2026-09-04,835,n,0.49,SNPP,0.48,298.34,SNPP,D,2.0NRT,9.69,342.53
8.38778,80.78993,2026-09-04,835,n,0.47000000000000003,SNPP,0.48,297.13,SNPP,D,2.0NRT,6.16,330.12
8.31947,80.29152,2026-09-04,835,n,0.43,SNPP,0.46,298.99,SNPP,D,2.0NRT,8.9,342.47
8.324,80.23045,2026-09-04,835,n,0.43,SNPP,0.46,300.71,SNPP,D,2.0NRT,7.54,345.94
8.45281,81.09965,2026-09-04,835,n,0.49,SNPP,0.49,298.89,SNPP,D,2.0NRT,5.03,333.83
8.40441,80.68349,2026-09-04,835,n,0.46,SNPP,0.47000000000000003,294.1,SNPP,D,2.0NRT,1.6400000000000001,332.62
8.38549,80.29862,2026-09-04,835,n,0.44,SNPP,0.46,299.96,SNPP,D,2.0NRT,2.31,330.45
8.41519,80.446,2026-09-04,835,n,0.45,SNPP,0.47000000000000003,294.71,SNPP,D,2.0NRT,2.86,331.74
8.42824,80.5067,2026-09-04,835,n,0.45,SNPP,0.47000000000000003,297.13,SNPP,D,2.0NRT,6.04,341.31
8.41545,80.41713,2026-09-04,835,n,0.44,SNPP,0.46,299.34,SNPP,D,2.0NRT,4.37,330.78
8.43315,80.51025,2026-09-04,835,n,0.45,SNPP,0.47000000000000003,297.55,SNPP,D,2.0NRT,6.04,342.96
8.43256,80.50612,2026-09-04,835,n,0.45,SNPP,0.47000000000000003,297.86,SNPP,D,2.0NRT,6.04,336.22
8.43036,80.50778,2026-09-04,835,n,0.45,SNPP,0.47000000000000003,299.74,SNPP,D,2.0NRT,22.75,350.84
8.43084,80.35042,2026-09-04,835,n,0.44,SNPP,0.46,297.18,SNPP,D,2.0NRT,5.74,335.17
8.46493,80.50307,2026-09-04,835,n,0.45,SNPP,0.47000000000000003,295.46,SNPP,D,2.0NRT,2.89,331.6
8.45517,80.40042,2026-09-04,835,n,0.44,SNPP,0.46,297.53,SNPP,D,2.0NRT,5.47,333.89
8.47596,80.45562,2026-09-04,835,n,0.45,SNPP,0.47000000000000003,296.9,SNPP,D,2.0NRT,6.49,355.15
8.4458,80.23885,2026-09-04,835,n,0.43,SNPP,0.46,295.82,SNPP,D,2.0NRT,2.9,339.02
8.53881,80.8772,2026-09-04,835,n,0.48,SNPP,0.48,299.8,SNPP,D,2.0NRT,6.79,345.24
8.48686,80.47081,2026-09-04,835,n,0.45,SNPP,0.47000000000000003,299.07,SNPP,D,2.0NRT,10.21,346.93
8.55657,80.87483,2026-09-04,835,n,0.48,SNPP,0.48,298.06,SNPP,D,2.0NRT,4.01,343.54
8.56527,80.90474,2026-09-04,835,n,0.48,SNPP,0.48,299.04,SNPP,D,2.0NRT,10.76,343.07
8.56465,80.90033,2026-09-04,835,n,0.48,SNPP,0.48,297.09,SNPP,D,2.0NRT,4.82,337.52
8.52532,80.4322,2026-09-04,835,n,0.45,SNPP,0.47000000000000003,299.19,SNPP,D,2.0NRT,3.64,333.29
8.52962,80.43159,2026-09-04,835,n,0.45,SNPP,0.47000000000000003,298.69,SNPP,D,2.0NRT,3.64,335.64
8.52704,80.43185,2026-09-04,835,n,0.45,SNPP,0.47000000000000003,300.25,SNPP,D,2.0NRT,6.58,345.61
8.57884,80.78347,2026-09-04,835,n,0.47000000000000003,SNPP,0.48,296.85,SNPP,D,2.0NRT,4.34,330.04
8.51423,80.24119,2026-09-04,835,n,0.43,SNPP,0.46,298.56,SNPP,D,2.0NRT,3.23,332.7
8.63193,81.00928,2026-09-04,835,n,0.49,SNPP,0.48,297.39,SNPP,D,2.0NRT,5.65,332.22
8.63132,81.00479,2026-09-04,835,n,0.49,SNPP,0.48,297.24,SNPP,D,2.0NRT,5.65,333.42
8.63581,81.0042,2026-09-04,835,n,0.49,SNPP,0.48,297.53,SNPP,D,2.0NRT,5.65,349.95
8.6409,81.00806,2026-09-04,835,n,0.49,SNPP,0.48,298.64,SNPP,D,2.0NRT,5.52,344.56
8.64029,81.00357,2026-09-04,835,n,0.49,SNPP,0.48,298.03,SNPP,D,2.0NRT,5.52,335.44
8.55367,80.37032,2026-09-04,835,n,0.44,SNPP,0.46,299.65,SNPP,D,2.0NRT,4.39,338.51
8.64538,81.00743,2026-09-04,835,n,0.49,SNPP,0.48,298.22,SNPP,D,2.0NRT,5.52,330.4
8.56671,80.40142,2026-09-04,835,n,0.44,SNPP,0.46,298.67,SNPP,D,2.0NRT,6.06,342.2
8.56614,80.39735,2026-09-04,835,n,0.44,SNPP,0.46,298.57,SNPP,D,2.0NRT,6.06,330.59
8.62594,80.79905,2026-09-04,835,n,0.47000000000000003,SNPP,0.48,298.89,SNPP,D,2.0NRT,4.93,332.59
8.62053,80.69478,2026-09-04,835,n,0.47000000000000003,SNPP,0.47000000000000003,298.6,SNPP,D,2.0NRT,7.09,342.6
8.66234,80.83396,2026-09-04,835,n,0.48,SNPP,0.48,296.36,SNPP,D,2.0NRT,10.8,339.9
8.63077,80.51368,2026-09-04,835,n,0.45,SNPP,0.47000000000000003,298.18,SNPP,D,2.0NRT,2.23,330.62
8.62115,80.41457,2026-09-04,835,n,0.45,SNPP,0.47000000000000003,299.92,SNPP,D,2.0NRT,6.37,337.09
8.63034,80.41752,2026-09-04,835,n,0.45,SNPP,0.47000000000000003,300.01,SNPP,D,2.0NRT,2.87,330.56
8.62399,80.37293,2026-09-04,835,n,0.44,SNPP,0.46,297.95,SNPP,D,2.0NRT,4.39,336.9
8.698360000000001,80.86498,2026-09-04,835,n,0.48,SNPP,0.48,300.12,SNPP,D,2.0NRT,7.89,342.87
8.62652,80.37279,2026-09-04,835,n,0.44,SNPP,0.46,298.39,SNPP,D,2.0NRT,2.77,330.42
8.69724,80.86597,2026-09-04,835,n,0.48,SNPP,0.48,299.35,SNPP,D,2.0NRT,7.55,338.31
8.75154,80.99869,2026-09-04,835,n,0.49,SNPP,0.49,298.07,SNPP,D,2.0NRT,4.67,334.21
8.72472,80.76887,2026-09-04,835,n,0.47000000000000003,SNPP,0.48,297.64,SNPP,D,2.0NRT,4.75,330.69
8.66727,80.25673,2026-09-04,835,n,0.44,SNPP,0.46,299.3,SNPP,D,2.0NRT,4.23,332.11
8.69263,80.37619,2026-09-04,835,n,0.44,SNPP,0.46,299.88,SNPP,D,2.0NRT,4.7,337.9
8.79438,80.59402,2026-09-04,835,n,0.46,SNPP,0.47000000000000003,297.94,SNPP,D,2.0NRT,5.05,331.67
8.80461,80.57121,2026-09-04,835,n,0.46,SNPP,0.47000000000000003,298.35,SNPP,D,2.0NRT,4.76,336.59
8.80897,80.57063,2026-09-04,835,n,0.46,SNPP,0.47000000000000003,298.49,SNPP,D,2.0NRT,4.76,343.08
8.78999,80.3377,2026-09-04,835,n,0.44,SNPP,0.46,298.4,SNPP,D,2.0NRT,4.95,330.83
8.78943,80.33366,2026-09-04,835,n,0.44,SNPP,0.46,299.39,SNPP,D,2.0NRT,4.95,334.56
8.92698,80.77954,2026-09-04,835,n,0.48,SNPP,0.48,298.2,SNPP,D,2.0NRT,6.77,349.29
8.97923,80.83057,2026-09-04,835,n,0.48,SNPP,0.48,297.96,SNPP,D,2.0NRT,7.59,337.07
8.98429,80.83439,2026-09-04,835,n,0.48,SNPP,0.48,296.66,SNPP,D,2.0NRT,4.21,340.3
8.9637,80.59013,2026-09-04,835,n,0.46,SNPP,0.47000000000000003,295.02,SNPP,D,2.0NRT,4.33,342.29
8.973040000000001,80.59312,2026-09-04,835,n,0.46,SNPP,0.47000000000000003,297.98,SNPP,D,2.0NRT,7.85,331.35
8.97742,80.59255,2026-09-04,835,n,0.46,SNPP,0.47000000000000003,297.32,SNPP,D,2.0NRT,9.41,346.17
8.61746,77.98914,2026-09-04,835,n,0.48,SNPP,0.4,299.73,SNPP,D,2.0NRT,3.29,342.96
8.97735,80.59259,2026-09-04,835,n,0.46,SNPP,0.47000000000000003,296.95,SNPP,D,2.0NRT,12.24,347.79
8.96668,80.38145,2026-09-04,835,n,0.45,SNPP,0.47000000000000003,299.16,SNPP,D,2.0NRT,3.75,336.94
8.73204,77.86298,2026-09-04,835,n,0.48,SNPP,0.4,304.0,SNPP,D,2.0NRT,16.91,347.6
8.66597,77.40293,2026-09-04,835,l,0.45,SNPP,0.39,304.58,SNPP,D,2.0NRT,6.07,332.62
9.10274,80.49466,2026-09-04,835,n,0.46,SNPP,0.47000000000000003,296.92,SNPP,D,2.0NRT,4.45,331.95
9.20664,80.63229,2026-09-04,835,n,0.47000000000000003,SNPP,0.48,297.42,SNPP,D,2.0NRT,2.25,330.65
8.81464,77.83777,2026-09-04,835,n,0.48,SNPP,0.4,304.59,SNPP,D,2.0NRT,11.75,342.22
8.84638,77.70205,2026-09-04,835,n,0.47000000000000003,SNPP,0.4,310.41,SNPP,D,2.0NRT,22.48,345.51
8.93915,77.83005,2026-09-04,835,n,0.48,SNPP,0.4,301.79,SNPP,D,2.0NRT,7.77,339.25
8.88569,77.40527,2026-09-04,835,n,0.45,SNPP,0.39,306.78,SNPP,D,2.0NRT,5.49,339.72
8.92773,77.46704,2026-09-04,835,n,0.46,SNPP,0.39,305.16,SNPP,D,2.0NRT,2.9699999999999998,336.21
9.41437,80.58335,2026-09-04,835,n,0.47000000000000003,SNPP,0.48,295.97,SNPP,D,2.0NRT,3.4,335.1
9.39517,80.44724,2026-09-04,835,n,0.46,SNPP,0.47000000000000003,294.65,SNPP,D,2.0NRT,5.48,332.52
9.414,80.58482,2026-09-04,835,n,0.47000000000000003,SNPP,0.48,294.94,SNPP,D,2.0NRT,2.71,330.15
9.39581,80.44839,2026-09-04,835,n,0.46,SNPP,0.47000000000000003,295.04,SNPP,D,2.0NRT,4.86,338.41
9.45137,80.49699,2026-09-04,835,n,0.46,SNPP,0.47000000000000003,296.5,SNPP,D,2.0NRT,9.87,348.6
9.4578,80.47879,2026-09-04,835,n,0.46,SNPP,0.47000000000000003,295.38,SNPP,D,2.0NRT,3.36,336.28
9.17593,78.22559,2026-09-04,835,n,0.5,SNPP,0.41000000000000003,304.11,SNPP,D,2.0NRT,10.26,337.95
9.1797,78.22505,2026-09-04,835,n,0.5,SNPP,0.41000000000000003,304.13,SNPP,D,2.0NRT,10.26,341.55
9.20293,77.64448,2026-09-04,835,n,0.47000000000000003,SNPP,0.4,309.68,SNPP,D,2.0NRT,19.15,345.47
9.33688,76.59934,2026-09-04,835,n,0.43,SNPP,0.38,299.27,SNPP,D,2.0NRT,2.02,331.72
9.62262,78.11741,2026-09-04,835,n,0.5,SNPP,0.41000000000000003,306.67,SNPP,D,2.0NRT,10.24,340.95
9.95692,79.105,2026-09-04,835,n,0.38,SNPP,0.44,298.7,SNPP,D,2.0NRT,2.64,336.23
9.95849,79.1076,2026-09-04,835,n,0.39,SNPP,0.44,298.57,SNPP,D,2.0NRT,2.39,342.39
10.16814,78.80172,2026-09-04,835,n,0.56,SNPP,0.43,300.33,SNPP,D,2.0NRT,6.42,335.48
10.16672,78.79148,2026-09-04,835,n,0.56,SNPP,0.43,300.74,SNPP,D,2.0NRT,8.56,331.56
10.31339,79.34061,2026-09-04,835,n,0.4,SNPP,0.44,296.16,SNPP,D,2.0NRT,2.09,330.68
10.28257,78.88253,2026-09-04,835,n,0.5700000000000001,SNPP,0.43,298.75,SNPP,D,2.0NRT,2.52,334.67
12.0522,78.36801,2026-09-04,835,n,0.56,SNPP,0.43,298.13,SNPP,D,2.0NRT,4.2,333.87
13.93385,78.31989,2026-09-04,835,n,0.39,SNPP,0.44,300.15,SNPP,D,2.0NRT,5.9,344.3
13.90749,78.06878,2026-09-04,835,n,0.56,SNPP,0.43,301.05,SNPP,D,2.0NRT,1.75,335.38
13.93448,78.31924,2026-09-04,835,n,0.39,SNPP,0.44,300.78,SNPP,D,2.0NRT,5.51,342.27
14.5526,77.48568,2026-09-04,835,n,0.53,SNPP,0.42,293.53,SNPP,D,2.0NRT,2.5,330.23
15.17642,76.65735,2026-09-04,837,n,0.49,SNPP,0.4,297.04,SNPP,D,2.0NRT,5.16,335.25
14.9584,75.91736,2026-09-04,837,n,0.45,SNPP,0.39,296.21,SNPP,D,2.0NRT,2.59,334.21
25.9841,73.41638,2026-09-04,837,n,0.45,SNPP,0.39,290.2,SNPP,D,2.0NRT,5.6,340.25
24.0682,72.24971,2026-09-04,837,n,0.4,SNPP,0.37,300.13,SNPP,D,2.0NRT,1.4,330.15
22.93431,69.69743,2026-09-04,837,n,0.4,SNPP,0.37,304.23,SNPP,D,2.0NRT,3.12,334.99
22.92779,70.1069,2026-09-04,837,n,0.39,SNPP,0.36,306.81,SNPP,D,2.0NRT,5.54,338.61
22.41645,69.03945,2026-09-04,837,l,0.41000000000000003,SNPP,0.37,301.9,SNPP,D,2.0NRT,5.64,333.49
21.10636,72.64542,2026-09-04,837,n,0.39,SNPP,0.36,299.55,SNPP,D,2.0NRT,8.1,344.24
21.10135,72.63466,2026-09-04,837,n,0.39,SNPP,0.36,295.09,SNPP,D,2.0NRT,7.03,332.85
21.10191,72.63843,2026-09-04,837,n,0.39,SNPP,0.36,293.93,SNPP,D,2.0NRT,7.03,334.26
17.6268,82.57391,2026-09-04,837,n,0.41000000000000003,SNPP,0.61,288.86,SNPP,D,2.0NRT,4.48,330.76
15.52757,73.99412,2026-09-04,837,n,0.39,SNPP,0.36,297.41,SNPP,D,2.0NRT,3.12,332.48
15.18196,76.64268,2026-09-04,837,n,0.49,SNPP,0.4,295.73,SNPP,D,2.0NRT,3.59,333.96
27.14095,72.44164,2026-09-04,837,l,0.42,SNPP,0.38,305.47,SNPP,D,2.0NRT,1.99,335.03
32.43256,71.36949,2026-09-04,839,n,0.43,SNPP,0.38,297.08,SNPP,D,2.0NRT,6.24,345.57
32.24791,73.92658,2026-09-04,839,n,0.55,SNPP,0.43,295.3,SNPP,D,2.0NRT,3.62,332.01
31.68232,72.20583,2026-09-04,839,n,0.45,SNPP,0.39,295.47,SNPP,D,2.0NRT,4.36,336.61
31.5778,72.37859,2026-09-04,839,n,0.46,SNPP,0.39,297.62,SNPP,D,2.0NRT,5.83,337.86
31.31773,72.16481,2026-09-04,839,n,0.45,SNPP,0.39,300.09,SNPP,D,2.0NRT,3.46,335.37
30.47343,71.74202,2026-09-04,839,l,0.43,SNPP,0.38,304.84,SNPP,D,2.0NRT,3.21,331.0
29.94049,69.95213,2026-09-04,839,n,0.39,SNPP,0.36,306.64,SNPP,D,2.0NRT,3.81,337.32
29.33473,69.01346,2026-09-04,839,n,0.38,SNPP,0.36,311.99,SNPP,D,2.0NRT,3.84,344.38
29.33534,69.01741,2026-09-04,839,l,0.38,SNPP,0.36,310.75,SNPP,D,2.0NRT,5.51,338.2
29.80486,72.78429,2026-09-04,839,n,0.46,SNPP,0.39,299.65,SNPP,D,2.0NRT,4.92,337.49
29.911,74.95192,2026-09-04,839,n,0.39,SNPP,0.44,299.43,SNPP,D,2.0NRT,5.47,341.22
28.45174,68.14686,2026-09-04,839,n,0.4,SNPP,0.37,303.04,SNPP,D,2.0NRT,24.53,334.81
28.42405,69.7006,2026-09-04,839,l,0.38,SNPP,0.36,306.54,SNPP,D,2.0NRT,3.8200000000000003,335.37
27.31744,95.26737,2026-09-04,1921,n,0.43,SNPP,0.38,290.45,SNPP,N,2.0NRT,3.22,327.06
28.57174,96.95198,2026-09-04,1921,n,0.4,SNPP,0.37,284.24,SNPP,N,2.0NRT,0.85,295.41
23.83774,85.46945,2026-09-04,1923,n,0.47000000000000003,SNPP,0.64,285.37,SNPP,N,2.0NRT,1.6,301.33
23.66637,85.00024,2026-09-04,1923,n,0.5,SNPP,0.66,284.07,SNPP,N,2.0NRT,1.49,299.89
23.66712,85.00002,2026-09-04,1923,n,0.5,SNPP,0.66,284.04,SNPP,N,2.0NRT,2.86,299.7
22.22516,84.75098,2026-09-04,1923,n,0.5,SNPP,0.66,286.63,SNPP,N,2.0NRT,1.2,301.08
22.05509,85.46492,2026-09-04,1923,n,0.45,SNPP,0.63,286.52,SNPP,N,2.0NRT,0.66,302.15
23.76381,86.40175,2026-09-04,1923,n,0.41000000000000003,SNPP,0.61,282.63,SNPP,N,2.0NRT,3.31,305.79
23.76345,86.40598,2026-09-04,1923,n,0.41000000000000003,SNPP,0.61,279.21,SNPP,N,2.0NRT,3.69,299.36
23.75817,86.40104,2026-09-04,1923,n,0.41000000000000003,SNPP,0.61,284.47,SNPP,N,2.0NRT,3.31,303.52
23.7797,86.3896,2026-09-04,1923,n,0.41000000000000003,SNPP,0.61,278.49,SNPP,N,2.0NRT,2.79,302.64
23.77635,86.36388,2026-09-04,1923,n,0.41000000000000003,SNPP,0.61,285.94,SNPP,N,2.0NRT,2.96,318.15
23.77596,86.36807,2026-09-04,1923,n,0.41000000000000003,SNPP,0.61,285.7,SNPP,N,2.0NRT,1.85,306.29
23.76689,86.40472,2026-09-04,1923,n,0.41000000000000003,SNPP,0.61,279.25,SNPP,N,2.0NRT,3.54,305.75
23.77907,86.2077,2026-09-04,1923,n,0.42,SNPP,0.61,286.07,SNPP,N,2.0NRT,1.31,310.15
23.77868,86.21198,2026-09-04,1923,n,0.42,SNPP,0.61,285.94,SNPP,N,2.0NRT,1.31,304.15
23.76239,86.39155,2026-09-04,1923,n,0.41000000000000003,SNPP,0.61,285.44,SNPP,N,2.0NRT,3.52,304.11
23.76163,86.39988,2026-09-04,1923,n,0.41000000000000003,SNPP,0.61,285.21,SNPP,N,2.0NRT,2.07,311.81
23.76124,86.4041,2026-09-04,1923,n,0.41000000000000003,SNPP,0.61,282.59,SNPP,N,2.0NRT,2.07,303.71
23.82338,85.49656,2026-09-04,1923,n,0.47000000000000003,SNPP,0.64,285.66,SNPP,N,2.0NRT,1.6,302.05
23.73572,86.43427,2026-09-04,1923,n,0.41000000000000003,SNPP,0.61,281.7,SNPP,N,2.0NRT,2.56,307.61
23.71992,86.41992,2026-09-04,1923,n,0.41000000000000003,SNPP,0.61,284.78,SNPP,N,2.0NRT,1.6800000000000002,304.33
23.71392,86.42335,2026-09-04,1923,n,0.41000000000000003,SNPP,0.61,285.94,SNPP,N,2.0NRT,1.96,307.48
23.71136,86.45217,2026-09-04,1923,n,0.41000000000000003,SNPP,0.6000000000000001,285.88,SNPP,N,2.0NRT,1.74,311.04
23.757460000000002,85.85387,2026-09-04,1923,n,0.45,SNPP,0.63,285.95,SNPP,N,2.0NRT,1.79,309.71
23.68826,86.39115,2026-09-04,1923,n,0.41000000000000003,SNPP,0.61,285.4,SNPP,N,2.0NRT,0.91,303.86
23.68225,86.3947,2026-09-04,1923,n,0.41000000000000003,SNPP,0.61,285.55,SNPP,N,2.0NRT,2.7800000000000002,307.39
23.67626,86.39803,2026-09-04,1923,n,0.41000000000000003,SNPP,0.61,285.7,SNPP,N,2.0NRT,1.3599999999999999,315.53
23.675910000000002,86.40213,2026-09-04,1923,n,0.41000000000000003,SNPP,0.61,285.43,SNPP,N,2.0NRT,1.3599999999999999,303.59
23.779980000000002,86.20918,2026-09-04,1923,n,0.42,SNPP,0.61,286.39,SNPP,N,2.0NRT,1.53,310.75
23.78033,86.20491,2026-09-04,1923,n,0.42,SNPP,0.61,285.92,SNPP,N,2.0NRT,1.53,303.18
23.77262,86.36506,2026-09-04,1923,n,0.41000000000000003,SNPP,0.61,285.55,SNPP,N,2.0NRT,4.47,321.88
23.79671,86.35096,2026-09-04,1923,n,0.42,SNPP,0.61,283.86,SNPP,N,2.0NRT,4.1,319.39
23.80416,86.3309,2026-09-04,1923,n,0.42,SNPP,0.61,283.03,SNPP,N,2.0NRT,3.17,312.49
24.31163,85.42353,2026-09-04,1923,n,0.48,SNPP,0.65,285.26,SNPP,N,2.0NRT,0.75,303.75
22.32409,82.59403,2026-09-04,1923,n,0.6900000000000001,SNPP,0.74,284.75,SNPP,N,2.0NRT,1.56,303.05
22.31921,82.56583,2026-09-04,1923,n,0.6900000000000001,SNPP,0.74,284.52,SNPP,N,2.0NRT,1.65,303.93
22.05641,85.46532,2026-09-04,1923,n,0.45,SNPP,0.63,286.36,SNPP,N,2.0NRT,0.8200000000000001,301.04
23.68471,86.09391,2026-09-04,1923,n,0.43,SNPP,0.62,283.95,SNPP,N,2.0NRT,1.17,302.91
23.67966,86.08476,2026-09-04,1923,n,0.43,SNPP,0.62,285.66,SNPP,N,2.0NRT,1.67,304.85
23.6793,86.08908,2026-09-04,1923,n,0.43,SNPP,0.62,285.15,SNPP,N,2.0NRT,1.67,305.54
23.67895,86.09338,2026-09-04,1923,n,0.43,SNPP,0.62,283.32,SNPP,N,2.0NRT,1.17,303.36
23.67909,86.396,2026-09-04,1923,n,0.41000000000000003,SNPP,0.61,285.43,SNPP,N,2.0NRT,2.56,305.97
23.67871,86.40009,2026-09-04,1923,n,0.41000000000000003,SNPP,0.61,285.8,SNPP,N,2.0NRT,2.46,311.2
23.82546,84.57072,2026-09-04,1923,n,0.54,SNPP,0.68,283.26,SNPP,N,2.0NRT,1.88,305.89
23.68351,86.09599,2026-09-04,1923,n,0.43,SNPP,0.62,283.11,SNPP,N,2.0NRT,1.25,305.12
23.67852,86.08686,2026-09-04,1923,n,0.43,SNPP,0.62,285.83,SNPP,N,2.0NRT,3.15,305.34
23.58107,86.72517,2026-09-04,1923,n,0.39,SNPP,0.59,285.24,SNPP,N,2.0NRT,0.65,301.92
23.67289,84.9959,2026-09-04,1923,n,0.5,SNPP,0.66,283.89,SNPP,N,2.0NRT,2.91,296.21
23.66674,84.99536,2026-09-04,1923,n,0.5,SNPP,0.66,283.69,SNPP,N,2.0NRT,1.49,296.08
21.67499,82.07859,2026-09-04,1925,n,0.73,SNPP,0.76,284.48,SNPP,N,2.0NRT,1.32,301.52
21.67952,84.03887,2026-09-04,1925,n,0.55,SNPP,0.68,285.77,SNPP,N,2.0NRT,1.8900000000000001,306.32
22.00621,82.67161,2026-09-04,1925,n,0.68,SNPP,0.74,284.77,SNPP,N,2.0NRT,2.21,300.84
22.00575,82.67023,2026-09-04,1925,n,0.68,SNPP,0.74,284.9,SNPP,N,2.0NRT,1.03,304.37
20.96156,86.00327,2026-09-04,1925,n,0.41000000000000003,SNPP,0.6000000000000001,287.47,SNPP,N,2.0NRT,0.79,307.14
20.95159,86.0461,2026-09-04,1925,n,0.4,SNPP,0.6000000000000001,288.09,SNPP,N,2.0NRT,2.23,327.1
20.95199,86.04217,2026-09-04,1925,n,0.4,SNPP,0.6000000000000001,287.64,SNPP,N,2.0NRT,2.7,313.92
20.9512,86.04997,2026-09-04,1925,n,0.4,SNPP,0.6000000000000001,287.85,SNPP,N,2.0NRT,2.23,310.23
20.97126,85.17391,2026-09-04,1925,n,0.46,SNPP,0.63,286.74,SNPP,N,2.0NRT,1.35,305.19
20.97084,85.17846,2026-09-04,1925,n,0.46,SNPP,0.63,286.43,SNPP,N,2.0NRT,2.67,307.71
20.96576,85.16875,2026-09-04,1925,n,0.46,SNPP,0.63,286.82,SNPP,N,2.0NRT,1.35,309.08
20.96534,85.1733,2026-09-04,1925,n,0.46,SNPP,0.63,286.79,SNPP,N,2.0NRT,1.35,306.0
20.96411,85.18684,2026-09-04,1925,n,0.46,SNPP,0.63,286.71,SNPP,N,2.0NRT,1.57,307.86
20.89002,84.98002,2026-09-04,1925,n,0.47000000000000003,SNPP,0.64,286.43,SNPP,N,2.0NRT,1.53,311.47
20.86526,84.98695,2026-09-04,1925,n,0.47000000000000003,SNPP,0.64,286.26,SNPP,N,2.0NRT,3.63,321.87
20.80561,85.25348,2026-09-04,1925,n,0.45,SNPP,0.63,287.35,SNPP,N,2.0NRT,1.78,304.62
20.86249,84.98462,2026-09-04,1925,n,0.47000000000000003,SNPP,0.64,286.31,SNPP,N,2.0NRT,2.17,316.08
20.86205,84.98914,2026-09-04,1925,n,0.47000000000000003,SNPP,0.64,286.24,SNPP,N,2.0NRT,1.72,309.94
20.80653,85.256,2026-09-04,1925,n,0.45,SNPP,0.63,287.45,SNPP,N,2.0NRT,1.63,313.31
20.79477,85.25492,2026-09-04,1925,n,0.45,SNPP,0.63,286.91,SNPP,N,2.0NRT,2.9,316.12
20.78849,85.25857,2026-09-04,1925,n,0.45,SNPP,0.63,287.45,SNPP,N,2.0NRT,2.84,306.91
20.76171,85.29136,2026-09-04,1925,n,0.45,SNPP,0.63,287.15,SNPP,N,2.0NRT,2.2,305.86
21.92587,85.22215,2026-09-04,1925,n,0.47000000000000003,SNPP,0.64,287.75,SNPP,N,2.0NRT,2.18,315.27
20.7613,85.29581,2026-09-04,1925,n,0.45,SNPP,0.63,287.42,SNPP,N,2.0NRT,2.27,313.55
19.09592,82.16854,2026-09-04,1925,n,0.68,SNPP,0.74,285.1,SNPP,N,2.0NRT,2.29,300.28
19.08846,82.17459,2026-09-04,1925,n,0.68,SNPP,0.74,285.65,SNPP,N,2.0NRT,1.21,301.41
19.09711,82.16754,2026-09-04,1925,n,0.68,SNPP,0.74,285.33,SNPP,N,2.0NRT,1.56,303.66
19.0896,82.17361,2026-09-04,1925,n,0.68,SNPP,0.74,285.82,SNPP,N,2.0NRT,1.22,300.24
20.99819,86.01408,2026-09-04,1925,n,0.41000000000000003,SNPP,0.6000000000000001,288.26,SNPP,N,2.0NRT,0.72,304.21
20.99857,86.01012,2026-09-04,1925,n,0.41000000000000003,SNPP,0.6000000000000001,288.25,SNPP,N,2.0NRT,0.72,305.85
20.95,86.04442,2026-09-04,1925,n,0.4,SNPP,0.6000000000000001,288.01,SNPP,N,2.0NRT,2.27,323.28
20.94963,86.04832,2026-09-04,1925,n,0.4,SNPP,0.6000000000000001,288.03,SNPP,N,2.0NRT,2.27,323.89
20.96638,86.01173,2026-09-04,1925,n,0.41000000000000003,SNPP,0.6000000000000001,288.16,SNPP,N,2.0NRT,2.9699999999999998,310.73
20.95558,86.04523,2026-09-04,1925,n,0.4,SNPP,0.6000000000000001,287.63,SNPP,N,2.0NRT,1.4,305.01
20.9649,86.00615,2026-09-04,1925,n,0.41000000000000003,SNPP,0.6000000000000001,287.92,SNPP,N,2.0NRT,2.12,315.28
20.96528,86.00221,2026-09-04,1925,n,0.41000000000000003,SNPP,0.6000000000000001,288.08,SNPP,N,2.0NRT,1.79,306.29
21.80354,82.03689,2026-09-04,1925,n,0.74,SNPP,0.76,282.65,SNPP,N,2.0NRT,1.26,300.24
21.67781,84.03859,2026-09-04,1925,n,0.55,SNPP,0.68,286.12,SNPP,N,2.0NRT,2.34,305.65
20.97015,86.01069,2026-09-04,1925,n,0.41000000000000003,SNPP,0.6000000000000001,288.37,SNPP,N,2.0NRT,2.21,307.09
20.97089,86.00281,2026-09-04,1925,n,0.41000000000000003,SNPP,0.6000000000000001,288.42,SNPP,N,2.0NRT,1.7000000000000002,306.17
21.07634,85.04405,2026-09-04,1925,n,0.47000000000000003,SNPP,0.64,286.81,SNPP,N,2.0NRT,1.4100000000000001,307.57
21.07676,85.03937,2026-09-04,1925,n,0.47000000000000003,SNPP,0.64,287.05,SNPP,N,2.0NRT,1.4100000000000001,304.32
21.07717,85.03472,2026-09-04,1925,n,0.47000000000000003,SNPP,0.64,287.19,SNPP,N,2.0NRT,2.04,303.73
13.1608,80.27946,2026-09-04,1928,n,0.77,SNPP,0.78,285.03,SNPP,N,2.0NRT,1.92,307.93
13.15911,80.28068,2026-09-04,1928,n,0.77,SNPP,0.78,285.02,SNPP,N,2.0NRT,1.63,306.72
7.12493,81.54601,2026-09-04,1930,n,0.53,SNPP,0.67,285.71,SNPP,N,2.0NRT,2.74,295.77
35.97013,68.68588,2026-09-04,2101,n,0.4,SNPP,0.44,288.3,SNPP,N,2.0NRT,0.79,299.08
35.96602,68.68536,2026-09-04,2101,n,0.4,SNPP,0.44,288.18,SNPP,N,2.0NRT,0.6900000000000001,298.35
35.96709,68.68774,2026-09-04,2101,n,0.4,SNPP,0.44,288.15,SNPP,N,2.0NRT,1.28,299.05
33.68994,72.7104,2026-09-04,2101,n,0.4,SNPP,0.37,292.06,SNPP,N,2.0NRT,0.92,307.47
33.54585,71.55032,2026-09-04,2101,n,0.43,SNPP,0.38,290.83,SNPP,N,2.0NRT,1.04,305.69
33.29619,71.18684,2026-09-04,2101,n,0.44,SNPP,0.38,287.32,SNPP,N,2.0NRT,1.13,298.59
32.72226,72.92528,2026-09-04,2101,n,0.39,SNPP,0.36,291.48,SNPP,N,2.0NRT,0.68,304.4
23.69545,85.36923,2026-09-04,2104,n,0.61,SNPP,0.71,284.1,SNPP,N,2.0NRT,2.54,311.51
23.67414,85.32425,2026-09-04,2104,n,0.61,SNPP,0.71,284.11,SNPP,N,2.0NRT,2.29,296.63
24.16024,82.56169,2026-09-04,2104,n,0.41000000000000003,SNPP,0.6000000000000001,273.66,SNPP,N,2.0NRT,0.96,300.91
24.15935,82.56554,2026-09-04,2104,n,0.41000000000000003,SNPP,0.6000000000000001,274.26,SNPP,N,2.0NRT,0.96,302.1
22.57313,85.89704,2026-09-04,2104,n,0.7000000000000001,SNPP,0.75,283.34,SNPP,N,2.0NRT,3.39,313.33
25.5242,68.55288,2026-09-04,2104,n,0.47000000000000003,SNPP,0.4,295.1,SNPP,N,2.0NRT,0.55,309.65
24.82128,73.0907,2026-09-04,2104,n,0.39,SNPP,0.36,293.89,SNPP,N,2.0NRT,0.74,306.03
24.82064,73.09454,2026-09-04,2104,n,0.39,SNPP,0.36,293.39,SNPP,N,2.0NRT,0.74,306.69
32.28888,70.7403,2026-09-04,2104,n,0.44,SNPP,0.39,294.04,SNPP,N,2.0NRT,1.54,307.51
32.5767,72.56184,2026-09-04,2104,n,0.4,SNPP,0.37,294.62,SNPP,N,2.0NRT,2.15,311.11
23.78611,85.55335,2026-09-04,2104,n,0.63,SNPP,0.72,282.32,SNPP,N,2.0NRT,1.22,301.45
23.67849,86.08708,2026-09-04,2104,n,0.68,SNPP,0.74,283.36,SNPP,N,2.0NRT,3.56,301.87
23.79008,85.55405,2026-09-04,2104,n,0.63,SNPP,0.72,282.49,SNPP,N,2.0NRT,2.74,297.1
23.67941,86.08627,2026-09-04,2104,n,0.68,SNPP,0.74,283.28,SNPP,N,2.0NRT,2.58,301.55
23.67768,86.3978,2026-09-04,2104,n,0.71,SNPP,0.75,279.73,SNPP,N,2.0NRT,6.8,298.43
27.93788,69.72433,2026-09-04,2104,n,0.44,SNPP,0.39,296.46,SNPP,N,2.0NRT,0.66,309.45
28.4265,69.70227,2026-09-04,2104,n,0.45,SNPP,0.39,297.34,SNPP,N,2.0NRT,1.2,313.48
20.86599,84.99335,2026-09-04,2106,n,0.67,SNPP,0.74,285.86,SNPP,N,2.0NRT,2.49,309.5
22.93078,69.69768,2026-09-04,2106,n,0.41000000000000003,SNPP,0.37,294.83,SNPP,N,2.0NRT,2.23,309.29
22.93359,69.7022,2026-09-04,2106,n,0.41000000000000003,SNPP,0.37,295.17,SNPP,N,2.0NRT,2.85,309.39
22.93417,69.69827,2026-09-04,2106,n,0.41000000000000003,SNPP,0.37,295.59,SNPP,N,2.0NRT,2.85,336.76
22.92655,69.82481,2026-09-04,2106,n,0.4,SNPP,0.37,295.48,SNPP,N,2.0NRT,1.98,306.95
21.18306,81.38803,2026-09-04,2106,n,0.4,SNPP,0.6000000000000001,284.53,SNPP,N,2.0NRT,1.44,301.41
21.18765,81.39323,2026-09-04,2106,n,0.4,SNPP,0.6000000000000001,286.34,SNPP,N,2.0NRT,1.74,302.69
21.18848,81.38943,2026-09-04,2106,n,0.4,SNPP,0.6000000000000001,285.96,SNPP,N,2.0NRT,1.44,302.2
23.26578,70.25954,2026-09-04,2106,n,0.4,SNPP,0.37,294.82,SNPP,N,2.0NRT,1.02,305.99
23.30355,70.4779,2026-09-04,2106,n,0.39,SNPP,0.36,294.44,SNPP,N,2.0NRT,1.17,305.59
23.31575,70.48792,2026-09-04,2106,n,0.39,SNPP,0.36,295.34,SNPP,N,2.0NRT,1.37,310.46
21.30924,81.59233,2026-09-04,2106,n,0.41000000000000003,SNPP,0.6000000000000001,285.53,SNPP,N,2.0NRT,0.77,302.07
23.40848,72.41589,2026-09-04,2106,n,0.39,SNPP,0.36,293.57,SNPP,N,2.0NRT,1.43,318.21
20.76145,85.29849,2026-09-04,2106,n,0.7000000000000001,SNPP,0.75,284.98,SNPP,N,2.0NRT,2.11,309.4
20.76308,85.292,2026-09-04,2106,n,0.7000000000000001,SNPP,0.75,284.99,SNPP,N,2.0NRT,2.48,301.75
18.2715,74.19861,2026-09-04,2106,n,0.49,SNPP,0.4,290.01,SNPP,N,2.0NRT,0.84,304.38
18.68064,73.03526,2026-09-04,2106,n,0.43,SNPP,0.38,291.57,SNPP,N,2.0NRT,0.89,304.1
18.6904,73.04131,2026-09-04,2106,n,0.43,SNPP,0.38,292.88,SNPP,N,2.0NRT,2.13,317.38
18.69389,73.04198,2026-09-04,2106,n,0.43,SNPP,0.38,293.84,SNPP,N,2.0NRT,2.13,319.91
19.2791,71.42653,2026-09-04,2106,n,0.39,SNPP,0.36,293.9,SNPP,N,2.0NRT,0.66,307.88
17.95682,80.79215,2026-09-04,2106,n,0.42,SNPP,0.61,278.73,SNPP,N,2.0NRT,1.17,300.9
17.95858,80.79491,2026-09-04,2106,n,0.42,SNPP,0.61,278.98,SNPP,N,2.0NRT,0.84,300.72
17.95946,80.79095,2026-09-04,2106,n,0.42,SNPP,0.61,280.44,SNPP,N,2.0NRT,0.79,298.26
17.60933,83.20343,2026-09-04,2106,n,0.61,SNPP,0.71,286.93,SNPP,N,2.0NRT,5.27,316.08
18.71995,79.53621,2026-09-04,2106,n,0.34,SNPP,0.56,284.54,SNPP,N,2.0NRT,0.99,303.8
20.91163,71.45867,2026-09-04,2106,n,0.39,SNPP,0.36,293.47,SNPP,N,2.0NRT,1.38,308.37
19.09743,82.16936,2026-09-04,2106,n,0.49,SNPP,0.65,287.64,SNPP,N,2.0NRT,1.77,307.92
19.10059,82.1667,2026-09-04,2106,n,0.49,SNPP,0.65,287.57,SNPP,N,2.0NRT,1.71,304.42
21.10271,72.64404,2026-09-04,2106,n,0.4,SNPP,0.37,287.6,SNPP,N,2.0NRT,1.38,302.63
21.10401,72.63636,2026-09-04,2106,n,0.4,SNPP,0.37,290.83,SNPP,N,2.0NRT,4.0,332.65
21.10544,72.64854,2026-09-04,2106,n,0.4,SNPP,0.37,290.81,SNPP,N,2.0NRT,2.05,317.25
21.10738,72.637,2026-09-04,2106,n,0.4,SNPP,0.37,290.68,SNPP,N,2.0NRT,2.25,305.46
21.10608,72.6447,2026-09-04,2106,n,0.4,SNPP,0.37,292.63,SNPP,N,2.0NRT,7.31,333.02
21.10881,72.64918,2026-09-04,2106,n,0.4,SNPP,0.37,291.28,SNPP,N,2.0NRT,2.05,305.26
21.43225,72.97722,2026-09-04,2106,n,0.41000000000000003,SNPP,0.37,290.99,SNPP,N,2.0NRT,1.2,304.92
22.33719,69.86794,2026-09-04,2106,n,0.4,SNPP,0.37,296.38,SNPP,N,2.0NRT,3.19,308.4
22.33891,69.85638,2026-09-04,2106,n,0.4,SNPP,0.37,296.41,SNPP,N,2.0NRT,2.92,308.84
20.79352,85.25729,2026-09-04,2106,n,0.7000000000000001,SNPP,0.75,285.35,SNPP,N,2.0NRT,2.9,305.82
20.7952,85.2505,2026-09-04,2106,n,0.7000000000000001,SNPP,0.75,284.74,SNPP,N,2.0NRT,2.9,317.2
20.86771,84.98637,2026-09-04,2106,n,0.67,SNPP,0.74,285.46,SNPP,N,2.0NRT,2.49,305.94
21.62011,81.79417,2026-09-04,2106,n,0.41000000000000003,SNPP,0.61,286.39,SNPP,N,2.0NRT,0.52,304.05
20.80867,85.25465,2026-09-04,2106,n,0.7000000000000001,SNPP,0.75,284.93,SNPP,N,2.0NRT,1.74,303.12
20.95502,85.0124,2026-09-04,2106,n,0.67,SNPP,0.74,285.18,SNPP,N,2.0NRT,1.52,301.65
21.67574,82.08032,2026-09-04,2106,n,0.43,SNPP,0.62,286.74,SNPP,N,2.0NRT,1.19,301.97
20.96312,85.18304,2026-09-04,2106,n,0.6900000000000001,SNPP,0.74,282.97,SNPP,N,2.0NRT,5.19,307.59
20.96635,85.16991,2026-09-04,2106,n,0.6900000000000001,SNPP,0.74,282.86,SNPP,N,2.0NRT,3.32,306.46
20.97304,85.17196,2026-09-04,2106,n,0.6900000000000001,SNPP,0.74,282.27,SNPP,N,2.0NRT,3.32,312.5
20.96267,85.18922,2026-09-04,2106,n,0.6900000000000001,SNPP,0.74,281.62,SNPP,N,2.0NRT,1.3,299.1
20.96438,85.18245,2026-09-04,2106,n,0.6900000000000001,SNPP,0.74,282.57,SNPP,N,2.0NRT,1.3,306.42
20.96604,85.17587,2026-09-04,2106,n,0.6900000000000001,SNPP,0.74,283.85,SNPP,N,2.0NRT,3.15,302.79
20.96767,85.16939,2026-09-04,2106,n,0.68,SNPP,0.74,282.73,SNPP,N,2.0NRT,3.15,310.81
20.97437,85.1714,2026-09-04,2106,n,0.68,SNPP,0.74,281.55,SNPP,N,2.0NRT,1.9500000000000002,306.0
20.96696,86.00981,2026-09-04,2106,n,0.77,SNPP,0.77,280.35,SNPP,N,2.0NRT,1.45,303.19
21.93913,81.98277,2026-09-04,2106,n,0.42,SNPP,0.61,286.54,SNPP,N,2.0NRT,1.05,302.44
20.95286,86.04846,2026-09-04,2106,n,0.77,SNPP,0.78,284.19,SNPP,N,2.0NRT,2.74,304.94
22.01587,82.17987,2026-09-04,2106,n,0.43,SNPP,0.62,286.43,SNPP,N,2.0NRT,0.65,301.54
22.00088,82.67083,2026-09-04,2106,n,0.46,SNPP,0.63,286.92,SNPP,N,2.0NRT,1.43,305.77
22.00664,82.6723,2026-09-04,2106,n,0.46,SNPP,0.63,286.69,SNPP,N,2.0NRT,1.03,305.81
21.74119,83.84169,2026-09-04,2106,n,0.55,SNPP,0.68,286.55,SNPP,N,2.0NRT,3.34,321.01
21.74858,83.83821,2026-09-04,2106,n,0.55,SNPP,0.68,285.55,SNPP,N,2.0NRT,4.01,303.2
21.74731,83.8436,2026-09-04,2106,n,0.55,SNPP,0.68,286.9,SNPP,N,2.0NRT,4.01,348.71
21.75344,83.84547,2026-09-04,2106,n,0.55,SNPP,0.68,286.47,SNPP,N,2.0NRT,4.01,319.43
21.75471,83.84011,2026-09-04,2106,n,0.55,SNPP,0.68,286.16,SNPP,N,2.0NRT,4.01,303.53
21.67763,84.03689,2026-09-04,2106,n,0.56,SNPP,0.6900000000000001,285.83,SNPP,N,2.0NRT,3.55,301.22
22.00665,82.66977,2026-09-04,2106,n,0.46,SNPP,0.63,286.71,SNPP,N,2.0NRT,1.3599999999999999,306.25
21.7385,83.84195,2026-09-04,2106,n,0.55,SNPP,0.68,285.84,SNPP,N,2.0NRT,3.35,301.88
21.74593,83.83846,2026-09-04,2106,n,0.55,SNPP,0.68,285.9,SNPP,N,2.0NRT,6.72,317.19
21.74463,83.84384,2026-09-04,2106,n,0.55,SNPP,0.68,286.65,SNPP,N,2.0NRT,3.35,332.64
21.75076,83.8457,2026-09-04,2106,n,0.55,SNPP,0.68,285.99,SNPP,N,2.0NRT,2.94,314.42
21.75206,83.84034,2026-09-04,2106,n,0.55,SNPP,0.68,286.27,SNPP,N,2.0NRT,4.25,323.03
21.75692,83.84747,2026-09-04,2106,n,0.55,SNPP,0.68,285.81,SNPP,N,2.0NRT,2.94,303.92
21.7582,83.84217,2026-09-04,2106,n,0.55,SNPP,0.68,286.06,SNPP,N,2.0NRT,4.25,315.0
21.76307,83.84924,2026-09-04,2106,n,0.55,SNPP,0.68,285.94,SNPP,N,2.0NRT,2.87,309.57
21.87359,83.4966,2026-09-04,2106,n,0.52,SNPP,0.67,286.42,SNPP,N,2.0NRT,0.84,302.93
21.92071,83.35161,2026-09-04,2106,n,0.51,SNPP,0.66,287.11,SNPP,N,2.0NRT,3.02,317.63
21.87868,83.55658,2026-09-04,2106,n,0.52,SNPP,0.67,286.18,SNPP,N,2.0NRT,1.8599999999999999,307.68
22.0317,83.36752,2026-09-04,2106,n,0.5,SNPP,0.66,286.54,SNPP,N,2.0NRT,1.32,303.54
22.03287,83.36258,2026-09-04,2106,n,0.5,SNPP,0.66,286.6,SNPP,N,2.0NRT,1.97,301.81
22.0352,83.35267,2026-09-04,2106,n,0.5,SNPP,0.66,286.05,SNPP,N,2.0NRT,1.18,301.68
22.1076,83.12428,2026-09-04,2106,n,0.49,SNPP,0.65,286.66,SNPP,N,2.0NRT,0.81,302.56
22.01755,83.75123,2026-09-04,2106,n,0.53,SNPP,0.67,284.85,SNPP,N,2.0NRT,1.06,300.6
22.3592,82.29978,2026-09-04,2106,n,0.43,SNPP,0.62,285.65,SNPP,N,2.0NRT,3.99,311.54
22.35826,82.30389,2026-09-04,2106,n,0.43,SNPP,0.62,286.53,SNPP,N,2.0NRT,3.98,331.05
21.92364,85.2219,2026-09-04,2106,n,0.66,SNPP,0.73,285.39,SNPP,N,2.0NRT,2.13,307.46
21.92594,85.22113,2026-09-04,2106,n,0.66,SNPP,0.73,285.28,SNPP,N,2.0NRT,2.86,305.9
22.22193,84.75527,2026-09-04,2106,n,0.61,SNPP,0.71,283.98,SNPP,N,2.0NRT,1.82,297.0
24.69059,73.00319,2026-09-04,2106,n,0.39,SNPP,0.36,294.49,SNPP,N,2.0NRT,1.28,312.77
25.38672,68.58044,2026-09-04,2106,n,0.47000000000000003,SNPP,0.39,295.45,SNPP,N,2.0NRT,0.86,310.55
25.39035,68.58104,2026-09-04,2106,n,0.47000000000000003,SNPP,0.39,295.13,SNPP,N,2.0NRT,0.86,311.57
11.48045,77.62241,2026-09-04,2108,n,0.35000000000000003,SNPP,0.56,264.84,SNPP,N,2.0NRT,0.77,298.62
9.94102,77.48679,2026-09-04,2108,n,0.36,SNPP,0.5700000000000001,289.38,SNPP,N,2.0NRT,0.6000000000000001,308.54
16.36108,81.2864,2026-09-04,2108,n,0.49,SNPP,0.65,287.53,SNPP,N,2.0NRT,0.5700000000000001,304.31
17.05184,75.64252,2026-09-04,2108,n,0.41000000000000003,SNPP,0.45,290.04,SNPP,N,2.0NRT,0.6000000000000001,302.08
17.0538,75.64399,2026-09-04,2108,n,0.41000000000000003,SNPP,0.45,290.02,SNPP,N,2.0NRT,0.7000000000000001,303.85
15.33428,76.28631,2026-09-04,2108,n,0.48,SNPP,0.48,290.03,SNPP,N,2.0NRT,1.07,304.46
15.1777,77.10036,2026-09-04,2108,n,0.55,SNPP,0.51,290.97,SNPP,N,2.0NRT,2.43,305.68
15.30146,76.22165,2026-09-04,2108,n,0.48,SNPP,0.48,289.8,SNPP,N,2.0NRT,0.52,304.93
15.18121,76.66469,2026-09-04,2108,n,0.51,SNPP,0.5,291.83,SNPP,N,2.0NRT,1.54,311.06
15.1803,76.66946,2026-09-04,2108,n,0.51,SNPP,0.5,291.72,SNPP,N,2.0NRT,1.54,304.37
15.1785,76.65421,2026-09-04,2108,n,0.51,SNPP,0.5,292.46,SNPP,N,2.0NRT,2.02,311.15
15.17759,76.65895,2026-09-04,2108,n,0.51,SNPP,0.5,292.36,SNPP,N,2.0NRT,2.02,316.42
14.87653,78.05255,2026-09-04,2108,n,0.32,SNPP,0.55,287.23,SNPP,N,2.0NRT,1.34,303.35
14.87154,78.05151,2026-09-04,2108,n,0.32,SNPP,0.55,289.54,SNPP,N,2.0NRT,2.49,313.86
15.17019,76.38186,2026-09-04,2108,n,0.49,SNPP,0.49,290.39,SNPP,N,2.0NRT,1.27,305.67
15.07176,76.86304,2026-09-04,2108,n,0.53,SNPP,0.5,291.41,SNPP,N,2.0NRT,1.9100000000000001,303.44
15.1687,76.37943,2026-09-04,2108,n,0.49,SNPP,0.49,290.3,SNPP,N,2.0NRT,1.6,305.66
15.07287,76.86671,2026-09-04,2108,n,0.53,SNPP,0.5,291.87,SNPP,N,2.0NRT,1.6099999999999999,304.0
13.7111,79.6208,2026-09-04,2108,n,0.43,SNPP,0.62,288.3,SNPP,N,2.0NRT,0.66,304.94
13.89855,76.56493,2026-09-04,2108,n,0.53,SNPP,0.5,290.36,SNPP,N,2.0NRT,0.62,302.15
12.74499,77.61853,2026-09-04,2108,n,0.33,SNPP,0.55,286.93,SNPP,N,2.0NRT,0.33,301.04
9.94628,77.48783,2026-09-04,2108,n,0.36,SNPP,0.5700000000000001,289.26,SNPP,N,2.0NRT,0.47000000000000003,305.53
10.61668,77.42152,2026-09-04,2108,n,0.35000000000000003,SNPP,0.56,289.3,SNPP,N,2.0NRT,0.28,304.1
10.61797,77.50148,2026-09-04,2108,n,0.35000000000000003,SNPP,0.5700000000000001,287.83,SNPP,N,2.0NRT,0.8200000000000001,308.59
11.56157,77.70795,2026-09-04,2108,n,0.35000000000000003,SNPP,0.5700000000000001,285.11,SNPP,N,2.0NRT,0.52,302.5
11.42084,77.48328,2026-09-04,2108,n,0.34,SNPP,0.56,284.16,SNPP,N,2.0NRT,0.8200000000000001,312.92
11.48001,77.62247,2026-09-04,2108,n,0.35000000000000003,SNPP,0.56,266.67,SNPP,N,2.0NRT,0.59,300.66
6.55286,80.77038,2026-09-04,2110,n,0.68,SNPP,0.74,284.71,SNPP,N,2.0NRT,0.75,300.78
6.55308,80.77031,2026-09-04,2110,n,0.68,SNPP,0.74,284.51,SNPP,N,2.0NRT,1.0,302.25
27.95755,96.95478,2026-09-05,637,n,0.44,SNPP,0.38,285.13,SNPP,D,2.0NRT,5.26,334.77
27.95821,96.95849,2026-09-05,637,n,0.44,SNPP,0.38,284.71,SNPP,D,2.0NRT,5.26,328.12
7.86428,79.87926,2026-09-05,813,n,0.39,SNPP,0.36,301.47,SNPP,D,2.0NRT,1.22,332.91
8.08893,81.36685,2026-09-05,813,n,0.42,SNPP,0.37,298.07,SNPP,D,2.0NRT,5.64,339.77
8.02535,80.63208,2026-09-05,813,n,0.4,SNPP,0.37,304.09,SNPP,D,2.0NRT,4.24,335.73
7.99265,80.41412,2026-09-05,813,n,0.39,SNPP,0.36,298.97,SNPP,D,2.0NRT,5.65,333.28
8.10234,81.10136,2026-09-05,813,l,0.41000000000000003,SNPP,0.37,303.58,SNPP,D,2.0NRT,2.29,332.41
7.99843,80.38423,2026-09-05,813,n,0.39,SNPP,0.36,301.43,SNPP,D,2.0NRT,6.15,336.68
7.9979,80.38068,2026-09-05,813,n,0.39,SNPP,0.36,304.11,SNPP,D,2.0NRT,6.15,343.39
7.97869,80.25325,2026-09-05,813,n,0.39,SNPP,0.36,302.49,SNPP,D,2.0NRT,8.31,349.71
8.0395,80.61161,2026-09-05,813,n,0.4,SNPP,0.37,302.2,SNPP,D,2.0NRT,8.79,348.35
8.05838,80.6455,2026-09-05,813,n,0.4,SNPP,0.37,297.02,SNPP,D,2.0NRT,2.0,332.93
7.984360000000001,80.06512,2026-09-05,813,n,0.39,SNPP,0.36,300.99,SNPP,D,2.0NRT,8.79,346.88
7.9497800000000005,79.83763,2026-09-05,813,n,0.39,SNPP,0.36,299.94,SNPP,D,2.0NRT,3.3,336.12
8.12266,80.8163,2026-09-05,813,n,0.4,SNPP,0.37,303.51,SNPP,D,2.0NRT,6.85,338.16
8.12212,80.81266,2026-09-05,813,n,0.4,SNPP,0.37,306.15,SNPP,D,2.0NRT,7.76,356.8
8.12158,80.80904,2026-09-05,813,n,0.4,SNPP,0.37,304.96,SNPP,D,2.0NRT,7.76,340.0
8.12604,80.81579,2026-09-05,813,n,0.4,SNPP,0.37,300.59,SNPP,D,2.0NRT,4.16,337.75
8.1255,80.81214,2026-09-05,813,n,0.4,SNPP,0.37,302.29,SNPP,D,2.0NRT,5.69,352.75
8.12496,80.80852,2026-09-05,813,n,0.4,SNPP,0.37,302.17,SNPP,D,2.0NRT,5.69,340.1
8.17138,81.07531,2026-09-05,813,n,0.41000000000000003,SNPP,0.37,302.89,SNPP,D,2.0NRT,2.5300000000000002,337.03
8.05222,80.25206,2026-09-05,813,n,0.39,SNPP,0.36,303.25,SNPP,D,2.0NRT,5.49,340.8
8.05503,80.24802,2026-09-05,813,n,0.39,SNPP,0.36,303.99,SNPP,D,2.0NRT,3.89,338.37
8.05383,80.10401,2026-09-05,813,n,0.39,SNPP,0.36,302.11,SNPP,D,2.0NRT,7.27,344.98
8.12778,80.54986,2026-09-05,813,n,0.4,SNPP,0.37,298.87,SNPP,D,2.0NRT,2.47,333.36
8.16176,80.68446,2026-09-05,813,n,0.4,SNPP,0.37,303.25,SNPP,D,2.0NRT,6.66,337.97
8.16122,80.68085,2026-09-05,813,n,0.4,SNPP,0.37,304.9,SNPP,D,2.0NRT,5.52,340.74
8.22299,80.97707,2026-09-05,813,l,0.41000000000000003,SNPP,0.37,301.75,SNPP,D,2.0NRT,2.02,331.74
8.17441,80.63096,2026-09-05,813,n,0.4,SNPP,0.37,302.61,SNPP,D,2.0NRT,2.95,333.18
8.05978,79.87353,2026-09-05,813,n,0.39,SNPP,0.36,300.6,SNPP,D,2.0NRT,4.55,343.64
8.17748,80.58276,2026-09-05,813,n,0.4,SNPP,0.37,300.32,SNPP,D,2.0NRT,9.25,348.04
8.11574,80.15222,2026-09-05,813,n,0.39,SNPP,0.36,301.11,SNPP,D,2.0NRT,4.77,338.84
8.09138,79.92904,2026-09-05,813,n,0.39,SNPP,0.36,301.53,SNPP,D,2.0NRT,14.3,344.56
8.20892,80.69186,2026-09-05,813,n,0.4,SNPP,0.37,302.3,SNPP,D,2.0NRT,2.02,336.14
8.21024,80.58482,2026-09-05,813,n,0.4,SNPP,0.37,302.97,SNPP,D,2.0NRT,8.22,345.91
8.2587,80.32465,2026-09-05,813,n,0.39,SNPP,0.36,304.4,SNPP,D,2.0NRT,5.93,348.78
8.38724,81.02727,2026-09-05,813,n,0.41000000000000003,SNPP,0.37,303.11,SNPP,D,2.0NRT,6.44,340.75
8.3856,81.01615,2026-09-05,813,n,0.41000000000000003,SNPP,0.37,303.06,SNPP,D,2.0NRT,6.27,337.54
8.39956,81.06335,2026-09-05,813,n,0.41000000000000003,SNPP,0.37,305.24,SNPP,D,2.0NRT,4.22,337.71
8.39913,81.03686,2026-09-05,813,n,0.41000000000000003,SNPP,0.37,301.82,SNPP,D,2.0NRT,6.8100000000000005,337.34
8.36094,80.59453,2026-09-05,813,n,0.4,SNPP,0.37,299.3,SNPP,D,2.0NRT,1.9300000000000002,333.82
8.35447,80.55137,2026-09-05,813,n,0.4,SNPP,0.37,301.68,SNPP,D,2.0NRT,3.7199999999999998,339.14
8.44327,81.09863,2026-09-05,813,n,0.41000000000000003,SNPP,0.37,302.78,SNPP,D,2.0NRT,7.92,348.69
8.44271,81.0949,2026-09-05,813,n,0.41000000000000003,SNPP,0.37,301.34,SNPP,D,2.0NRT,3.43,337.25
8.46437,81.0993,2026-09-05,813,n,0.41000000000000003,SNPP,0.37,303.22,SNPP,D,2.0NRT,7.32,345.65
8.42615,80.84453,2026-09-05,813,n,0.4,SNPP,0.37,298.15,SNPP,D,2.0NRT,7.49,338.86
8.4001,80.62553,2026-09-05,813,n,0.4,SNPP,0.37,302.28,SNPP,D,2.0NRT,3.19,333.85
8.35222,80.17999,2026-09-05,813,n,0.39,SNPP,0.36,300.46,SNPP,D,2.0NRT,1.9100000000000001,330.97
8.43594,80.67204,2026-09-05,813,n,0.4,SNPP,0.37,306.12,SNPP,D,2.0NRT,11.39,349.64
8.40004,80.43096,2026-09-05,813,n,0.39,SNPP,0.37,304.88,SNPP,D,2.0NRT,3.92,341.79
8.36862,80.22093,2026-09-05,813,n,0.39,SNPP,0.36,302.87,SNPP,D,2.0NRT,3.3,342.21
8.3665,80.20679,2026-09-05,813,n,0.39,SNPP,0.36,303.26,SNPP,D,2.0NRT,6.99,336.98
8.4034,80.43046,2026-09-05,813,n,0.39,SNPP,0.37,301.29,SNPP,D,2.0NRT,3.92,335.43
8.46325,80.80936,2026-09-05,813,n,0.4,SNPP,0.37,301.59,SNPP,D,2.0NRT,10.92,343.07
8.46393,80.79059,2026-09-05,813,n,0.4,SNPP,0.37,303.0,SNPP,D,2.0NRT,6.6,335.48
8.42995,80.56219,2026-09-05,813,n,0.4,SNPP,0.37,301.89,SNPP,D,2.0NRT,2.51,336.8
8.47329,80.8303,2026-09-05,813,n,0.4,SNPP,0.37,303.19,SNPP,D,2.0NRT,6.05,340.45
8.39266,80.28991,2026-09-05,813,n,0.39,SNPP,0.36,302.91,SNPP,D,2.0NRT,7.05,336.13
8.37896,80.17594,2026-09-05,813,n,0.39,SNPP,0.36,306.7,SNPP,D,2.0NRT,22.11,350.32
8.48063,80.83294,2026-09-05,813,n,0.4,SNPP,0.37,302.32,SNPP,D,2.0NRT,3.04,337.24
8.480080000000001,80.82928,2026-09-05,813,n,0.4,SNPP,0.37,302.33,SNPP,D,2.0NRT,3.04,333.44
8.4546,80.6581,2026-09-05,813,n,0.4,SNPP,0.37,302.7,SNPP,D,2.0NRT,5.8,340.29
8.42556,80.46367,2026-09-05,813,n,0.4,SNPP,0.37,299.03,SNPP,D,2.0NRT,7.39,334.67
8.47913,80.79951,2026-09-05,813,n,0.4,SNPP,0.37,302.95,SNPP,D,2.0NRT,3.7,338.11
8.42892,80.46317,2026-09-05,813,n,0.4,SNPP,0.37,299.11,SNPP,D,2.0NRT,7.39,345.61
8.47708,80.76251,2026-09-05,813,n,0.4,SNPP,0.37,302.42,SNPP,D,2.0NRT,4.67,336.0
8.48918,80.82043,2026-09-05,813,n,0.4,SNPP,0.37,301.21,SNPP,D,2.0NRT,6.89,342.09
8.48482,80.79119,2026-09-05,813,n,0.4,SNPP,0.37,303.73,SNPP,D,2.0NRT,4.38,339.67
8.42385,80.38354,2026-09-05,813,n,0.39,SNPP,0.36,298.5,SNPP,D,2.0NRT,2.61,336.19
8.47204,80.65918,2026-09-05,813,n,0.4,SNPP,0.37,300.54,SNPP,D,2.0NRT,3.54,335.56
8.49118,80.76411,2026-09-05,813,l,0.4,SNPP,0.37,305.63,SNPP,D,2.0NRT,5.13,334.93
8.49523,80.74486,2026-09-05,813,n,0.4,SNPP,0.37,304.75,SNPP,D,2.0NRT,12.18,353.16
8.49469,80.74122,2026-09-05,813,n,0.4,SNPP,0.37,304.19,SNPP,D,2.0NRT,8.76,343.3
8.46284,80.50578,2026-09-05,813,l,0.4,SNPP,0.37,303.84,SNPP,D,2.0NRT,3.0,333.56
8.51689,80.82001,2026-09-05,813,n,0.4,SNPP,0.37,305.62,SNPP,D,2.0NRT,5.01,336.92
8.50867,80.7652,2026-09-05,813,n,0.4,SNPP,0.37,304.22,SNPP,D,2.0NRT,3.84,341.02
8.51206,80.76469,2026-09-05,813,n,0.4,SNPP,0.37,301.96,SNPP,D,2.0NRT,3.0,338.72
8.47132,80.49349,2026-09-05,813,n,0.4,SNPP,0.37,299.93,SNPP,D,2.0NRT,1.5899999999999999,330.69
8.47522,80.49657,2026-09-05,813,n,0.4,SNPP,0.37,298.53,SNPP,D,2.0NRT,2.37,336.32
8.47468,80.49299,2026-09-05,813,n,0.4,SNPP,0.37,297.98,SNPP,D,2.0NRT,1.5899999999999999,331.38
8.50354,80.66186,2026-09-05,813,n,0.4,SNPP,0.37,299.62,SNPP,D,2.0NRT,4.53,336.63
8.53882,80.85044,2026-09-05,813,n,0.4,SNPP,0.37,303.78,SNPP,D,2.0NRT,4.79,338.61
8.50431,80.62106,2026-09-05,813,n,0.4,SNPP,0.37,304.53,SNPP,D,2.0NRT,2.91,337.01
8.53777,80.77148,2026-09-05,813,n,0.4,SNPP,0.37,302.82,SNPP,D,2.0NRT,3.59,334.33
8.44974,80.17898,2026-09-05,813,n,0.39,SNPP,0.36,303.2,SNPP,D,2.0NRT,4.47,334.5
8.54917,80.75482,2026-09-05,813,n,0.4,SNPP,0.37,306.18,SNPP,D,2.0NRT,10.97,349.24
8.565010000000001,80.8385,2026-09-05,813,n,0.4,SNPP,0.37,303.22,SNPP,D,2.0NRT,4.76,334.37
8.55556,80.72779,2026-09-05,813,n,0.4,SNPP,0.37,304.43,SNPP,D,2.0NRT,4.63,340.95
8.55502,80.72415,2026-09-05,813,n,0.4,SNPP,0.37,304.07,SNPP,D,2.0NRT,5.26,342.86
8.56992,80.77787000000001,2026-09-05,813,n,0.4,SNPP,0.37,305.56,SNPP,D,2.0NRT,7.86,339.49
8.54884,80.63599,2026-09-05,813,n,0.4,SNPP,0.37,302.05,SNPP,D,2.0NRT,2.2,332.68
8.60616,80.9755,2026-09-05,813,l,0.41000000000000003,SNPP,0.37,301.46,SNPP,D,2.0NRT,3.01,330.57
8.52282,80.41543,2026-09-05,813,n,0.39,SNPP,0.37,303.8,SNPP,D,2.0NRT,15.94,345.24
8.60958,80.975,2026-09-05,813,n,0.41000000000000003,SNPP,0.37,301.49,SNPP,D,2.0NRT,5.7,336.34
8.56221,80.65617,2026-09-05,813,n,0.4,SNPP,0.37,300.93,SNPP,D,2.0NRT,6.85,333.48
8.49961,80.21492,2026-09-05,813,l,0.39,SNPP,0.36,303.29,SNPP,D,2.0NRT,3.06,333.2
8.62532,81.01054,2026-09-05,813,n,0.41000000000000003,SNPP,0.37,302.51,SNPP,D,2.0NRT,5.17,338.0
8.62985,81.01746,2026-09-05,813,n,0.41000000000000003,SNPP,0.37,302.48,SNPP,D,2.0NRT,4.34,337.55
8.6293,81.01375,2026-09-05,813,n,0.41000000000000003,SNPP,0.37,304.13,SNPP,D,2.0NRT,4.46,341.11
8.566,80.589,2026-09-05,813,l,0.4,SNPP,0.37,303.65,SNPP,D,2.0NRT,5.11,332.44
8.63327,81.01696,2026-09-05,813,n,0.41000000000000003,SNPP,0.37,303.36,SNPP,D,2.0NRT,4.34,336.19
8.63271,81.01324,2026-09-05,813,n,0.41000000000000003,SNPP,0.37,302.05,SNPP,D,2.0NRT,4.46,339.57
8.63106,81.0021,2026-09-05,813,n,0.41000000000000003,SNPP,0.37,299.94,SNPP,D,2.0NRT,2.32,331.86
8.6294,80.99097,2026-09-05,813,n,0.41000000000000003,SNPP,0.37,301.39,SNPP,D,2.0NRT,6.7,343.53
8.6058,80.83237,2026-09-05,813,n,0.4,SNPP,0.37,303.81,SNPP,D,2.0NRT,7.64,342.45
8.52262,80.27681,2026-09-05,813,n,0.39,SNPP,0.36,303.9,SNPP,D,2.0NRT,4.82,343.17
8.63503,81.0053,2026-09-05,813,n,0.41000000000000003,SNPP,0.37,302.69,SNPP,D,2.0NRT,4.32,342.41
8.65415,81.06326,2026-09-05,813,n,0.41000000000000003,SNPP,0.37,299.93,SNPP,D,2.0NRT,2.47,332.61
8.59385,80.63658,2026-09-05,813,l,0.4,SNPP,0.37,303.04,SNPP,D,2.0NRT,3.56,331.01
8.59053,80.52262,2026-09-05,813,n,0.4,SNPP,0.37,298.77,SNPP,D,2.0NRT,3.17,336.86
8.65036,80.87457,2026-09-05,813,n,0.41000000000000003,SNPP,0.37,302.33,SNPP,D,2.0NRT,4.64,337.34
8.65376,80.87405,2026-09-05,813,n,0.41000000000000003,SNPP,0.37,302.59,SNPP,D,2.0NRT,4.64,337.87
8.65211,80.86302,2026-09-05,813,n,0.4,SNPP,0.37,302.27,SNPP,D,2.0NRT,7.2,338.41
8.58073,80.36644,2026-09-05,813,n,0.39,SNPP,0.36,303.15,SNPP,D,2.0NRT,3.71,349.09
8.58409,80.36593,2026-09-05,813,n,0.39,SNPP,0.36,302.31,SNPP,D,2.0NRT,3.71,337.15
8.58355,80.36236,2026-09-05,813,n,0.39,SNPP,0.36,304.31,SNPP,D,2.0NRT,3.71,345.95
8.70245,81.13233,2026-09-05,813,n,0.41000000000000003,SNPP,0.37,303.9,SNPP,D,2.0NRT,3.03,335.37
8.6112,80.48957,2026-09-05,813,n,0.4,SNPP,0.37,301.13,SNPP,D,2.0NRT,14.4,343.23
8.61067,80.48598,2026-09-05,813,n,0.4,SNPP,0.37,301.77,SNPP,D,2.0NRT,3.91,338.4
8.69343,81.02293,2026-09-05,813,n,0.41000000000000003,SNPP,0.37,302.62,SNPP,D,2.0NRT,8.56,353.24
8.69288,81.01921,2026-09-05,813,n,0.41000000000000003,SNPP,0.37,303.52,SNPP,D,2.0NRT,6.12,343.85
8.69685,81.02242,2026-09-05,813,n,0.41000000000000003,SNPP,0.37,305.6,SNPP,D,2.0NRT,34.68,341.25
8.6963,81.01871,2026-09-05,813,n,0.41000000000000003,SNPP,0.37,304.43,SNPP,D,2.0NRT,14.61,348.54
8.67071,80.84486,2026-09-05,813,n,0.4,SNPP,0.37,309.23,SNPP,D,2.0NRT,22.92,344.37
8.67016,80.84117,2026-09-05,813,n,0.4,SNPP,0.37,304.42,SNPP,D,2.0NRT,8.18,344.29
8.67411,80.84435,2026-09-05,813,n,0.4,SNPP,0.37,301.73,SNPP,D,2.0NRT,22.92,337.37
8.6295,80.51996,2026-09-05,813,n,0.4,SNPP,0.37,302.06,SNPP,D,2.0NRT,4.29,338.94
8.62896,80.51635,2026-09-05,813,n,0.4,SNPP,0.37,301.47,SNPP,D,2.0NRT,4.29,337.33
8.67725,80.70167000000001,2026-09-05,813,n,0.4,SNPP,0.37,298.98,SNPP,D,2.0NRT,3.66,330.89
8.70406,80.85869,2026-09-05,813,n,0.41000000000000003,SNPP,0.37,302.59,SNPP,D,2.0NRT,6.71,337.27
8.70351,80.85501,2026-09-05,813,n,0.41000000000000003,SNPP,0.37,304.44,SNPP,D,2.0NRT,6.71,342.1
8.69478,80.7962,2026-09-05,813,n,0.4,SNPP,0.37,301.47,SNPP,D,2.0NRT,6.67,344.17
8.72964,80.96056,2026-09-05,813,n,0.41000000000000003,SNPP,0.37,298.84,SNPP,D,2.0NRT,3.93,332.41
8.6632,80.51487,2026-09-05,813,n,0.4,SNPP,0.37,304.31,SNPP,D,2.0NRT,17.0,341.21
8.66455,80.47787,2026-09-05,813,n,0.4,SNPP,0.37,302.74,SNPP,D,2.0NRT,4.69,336.72
8.64641,80.33406,2026-09-05,813,n,0.39,SNPP,0.36,304.27,SNPP,D,2.0NRT,3.67,337.54
8.68765,80.35707,2026-09-05,813,n,0.39,SNPP,0.36,306.49,SNPP,D,2.0NRT,14.63,352.26
8.69101,80.35657,2026-09-05,813,n,0.39,SNPP,0.36,302.46,SNPP,D,2.0NRT,14.63,347.26
8.69047,80.353,2026-09-05,813,n,0.39,SNPP,0.36,303.33,SNPP,D,2.0NRT,14.63,335.52
8.69899,80.28534,2026-09-05,813,l,0.39,SNPP,0.36,301.1,SNPP,D,2.0NRT,2.41,330.9
8.8086,81.00157,2026-09-05,813,h,0.41000000000000003,SNPP,0.37,306.04,SNPP,D,2.0NRT,9.27,367.0
8.80806,80.99785,2026-09-05,813,n,0.41000000000000003,SNPP,0.37,303.68,SNPP,D,2.0NRT,9.27,340.45
8.81203,81.00107,2026-09-05,813,n,0.41000000000000003,SNPP,0.37,302.67,SNPP,D,2.0NRT,9.27,350.11
8.75096,80.54166,2026-09-05,813,n,0.4,SNPP,0.37,301.44,SNPP,D,2.0NRT,4.52,334.99
8.75043,80.53805,2026-09-05,813,n,0.4,SNPP,0.37,301.87,SNPP,D,2.0NRT,4.26,338.35
8.74935,80.53083,2026-09-05,813,n,0.4,SNPP,0.37,302.01,SNPP,D,2.0NRT,7.94,352.09
8.8223,80.99955,2026-09-05,813,n,0.41000000000000003,SNPP,0.37,302.17,SNPP,D,2.0NRT,5.32,343.31
8.75273,80.53033,2026-09-05,813,n,0.4,SNPP,0.37,300.96,SNPP,D,2.0NRT,1.71,335.04
8.75219,80.52672,2026-09-05,813,n,0.4,SNPP,0.37,294.41,SNPP,D,2.0NRT,1.71,336.61
8.83201,80.99429,2026-09-05,813,n,0.41000000000000003,SNPP,0.37,300.99,SNPP,D,2.0NRT,3.73,334.29
8.811160000000001,80.85354,2026-09-05,813,n,0.41000000000000003,SNPP,0.37,301.96,SNPP,D,2.0NRT,4.45,343.29
8.83324,80.86153,2026-09-05,813,l,0.41000000000000003,SNPP,0.37,303.95,SNPP,D,2.0NRT,3.26,333.62
8.79525,80.56088,2026-09-05,813,n,0.4,SNPP,0.37,302.86,SNPP,D,2.0NRT,4.55,338.1
8.81148,80.57696,2026-09-05,813,n,0.4,SNPP,0.37,302.34,SNPP,D,2.0NRT,6.13,336.95
8.85021,80.74253,2026-09-05,813,n,0.4,SNPP,0.37,296.95,SNPP,D,2.0NRT,7.86,342.85
8.79784,80.39472,2026-09-05,813,n,0.4,SNPP,0.37,303.53,SNPP,D,2.0NRT,6.19,338.65
8.7973,80.39112,2026-09-05,813,n,0.4,SNPP,0.37,301.83,SNPP,D,2.0NRT,5.15,336.46
8.85361,80.74201,2026-09-05,813,n,0.4,SNPP,0.37,302.32,SNPP,D,2.0NRT,14.2,341.82
8.8651,80.74441,2026-09-05,813,n,0.4,SNPP,0.37,304.68,SNPP,D,2.0NRT,2.9699999999999998,338.98
8.76995,80.10387,2026-09-05,813,n,0.39,SNPP,0.36,303.09,SNPP,D,2.0NRT,4.48,337.67
8.88978,80.86481,2026-09-05,813,n,0.41000000000000003,SNPP,0.37,304.13,SNPP,D,2.0NRT,4.77,335.51
8.83489,80.47026,2026-09-05,813,n,0.4,SNPP,0.37,296.82,SNPP,D,2.0NRT,5.31,342.51
8.83842,80.44763,2026-09-05,813,n,0.4,SNPP,0.37,301.57,SNPP,D,2.0NRT,4.07,336.37
8.91352,80.88396,2026-09-05,813,n,0.41000000000000003,SNPP,0.37,300.59,SNPP,D,2.0NRT,10.26,338.46
8.912980000000001,80.88026,2026-09-05,813,n,0.41000000000000003,SNPP,0.37,304.44,SNPP,D,2.0NRT,19.97,351.7
8.88087,80.66352,2026-09-05,813,l,0.4,SNPP,0.37,302.42,SNPP,D,2.0NRT,6.01,330.16
10.54381,79.22341,2026-09-05,813,n,0.39,SNPP,0.36,303.01,SNPP,D,2.0NRT,5.35,346.01
9.621220000000001,77.4757,2026-09-05,813,n,0.4,SNPP,0.37,297.29,SNPP,D,2.0NRT,5.38,330.24
9.76186,79.01588,2026-09-05,813,n,0.38,SNPP,0.36,301.89,SNPP,D,2.0NRT,1.74,333.28
9.77927,80.18752,2026-09-05,813,n,0.4,SNPP,0.37,299.6,SNPP,D,2.0NRT,3.52,340.77
9.76191,80.18646,2026-09-05,813,n,0.4,SNPP,0.37,297.91,SNPP,D,2.0NRT,4.1,341.75
9.33446,77.69536,2026-09-05,813,n,0.4,SNPP,0.37,307.87,SNPP,D,2.0NRT,7.2,346.22
9.62942,80.3325,2026-09-05,813,n,0.4,SNPP,0.37,299.9,SNPP,D,2.0NRT,2.0,332.14
9.39375,78.88885,2026-09-05,813,n,0.38,SNPP,0.36,303.67,SNPP,D,2.0NRT,4.57,340.06
9.30931,78.79927,2026-09-05,813,n,0.38,SNPP,0.36,302.17,SNPP,D,2.0NRT,4.62,340.57
9.41381,80.42905,2026-09-05,813,n,0.4,SNPP,0.37,302.15,SNPP,D,2.0NRT,1.79,340.91
9.41815,80.45808,2026-09-05,813,n,0.4,SNPP,0.37,302.01,SNPP,D,2.0NRT,1.08,334.11
9.41869,80.46172,2026-09-05,813,n,0.4,SNPP,0.37,301.23,SNPP,D,2.0NRT,1.47,333.34
9.41477,80.45859,2026-09-05,813,n,0.4,SNPP,0.37,301.82,SNPP,D,2.0NRT,1.4,333.53
9.4007,80.457,2026-09-05,813,n,0.4,SNPP,0.37,302.17,SNPP,D,2.0NRT,3.23,345.83
9.39164,80.4658,2026-09-05,813,n,0.4,SNPP,0.37,301.81,SNPP,D,2.0NRT,3.04,337.53
9.38173,80.51563,2026-09-05,813,n,0.4,SNPP,0.37,301.01,SNPP,D,2.0NRT,3.37,339.27
9.21617,80.32276,2026-09-05,813,n,0.4,SNPP,0.37,300.66,SNPP,D,2.0NRT,2.46,331.28
9.22275,80.66697,2026-09-05,813,n,0.4,SNPP,0.37,302.88,SNPP,D,2.0NRT,3.32,336.31
8.76241,78.10452,2026-09-05,813,l,0.39,SNPP,0.36,302.74,SNPP,D,2.0NRT,2.68,333.26
9.07612,80.40704,2026-09-05,813,n,0.4,SNPP,0.37,302.41,SNPP,D,2.0NRT,2.15,336.87
9.07853,80.46942,2026-09-05,813,n,0.4,SNPP,0.37,299.85,SNPP,D,2.0NRT,3.71,342.27
9.04103,80.44921,2026-09-05,813,l,0.4,SNPP,0.37,305.66,SNPP,D,2.0NRT,5.52,332.04
8.99586,80.6644,2026-09-05,813,n,0.4,SNPP,0.37,297.92,SNPP,D,2.0NRT,10.73,339.29
8.94314,80.37978,2026-09-05,813,n,0.4,SNPP,0.37,302.05,SNPP,D,2.0NRT,5.8100000000000005,346.45
9.00062,80.81387,2026-09-05,813,n,0.41000000000000003,SNPP,0.37,302.17,SNPP,D,2.0NRT,5.24,350.01
8.95918,80.58051,2026-09-05,813,n,0.4,SNPP,0.37,304.91,SNPP,D,2.0NRT,20.83,345.88
8.95551,80.76838,2026-09-05,813,n,0.4,SNPP,0.37,303.36,SNPP,D,2.0NRT,4.13,340.4
8.96636,80.88741,2026-09-05,813,n,0.41000000000000003,SNPP,0.37,301.33,SNPP,D,2.0NRT,4.8100000000000005,340.97
8.96129,80.87682,2026-09-05,813,n,0.41000000000000003,SNPP,0.37,303.6,SNPP,D,2.0NRT,4.8,335.18
8.943,80.77776,2026-09-05,813,n,0.4,SNPP,0.37,304.13,SNPP,D,2.0NRT,5.79,341.99
8.94355,80.78143,2026-09-05,813,n,0.4,SNPP,0.37,304.16,SNPP,D,2.0NRT,6.32,354.27
8.94015,80.78194,2026-09-05,813,n,0.4,SNPP,0.37,303.37,SNPP,D,2.0NRT,6.32,338.48
8.91912,80.68765,2026-09-05,813,n,0.4,SNPP,0.37,301.96,SNPP,D,2.0NRT,9.06,344.67
8.92709,80.78766,2026-09-05,813,n,0.4,SNPP,0.37,300.72,SNPP,D,2.0NRT,4.77,336.19
8.94302,80.8947,2026-09-05,813,n,0.41000000000000003,SNPP,0.37,303.37,SNPP,D,2.0NRT,5.07,339.6
8.92369,80.78816,2026-09-05,813,n,0.4,SNPP,0.37,299.7,SNPP,D,2.0NRT,1.96,330.56
8.85206,80.33175,2026-09-05,813,n,0.39,SNPP,0.37,301.04,SNPP,D,2.0NRT,13.35,342.91
8.91925,80.87554,2026-09-05,813,n,0.41000000000000003,SNPP,0.37,295.98,SNPP,D,2.0NRT,4.03,348.17
6.1825,81.15936,2026-09-05,813,n,0.4,SNPP,0.37,302.46,SNPP,D,2.0NRT,3.84,336.9
6.1805,81.00926,2026-09-05,813,n,0.4,SNPP,0.37,301.79,SNPP,D,2.0NRT,2.48,337.19
6.17996,81.00569,2026-09-05,813,n,0.4,SNPP,0.37,302.13,SNPP,D,2.0NRT,2.48,341.03
6.18441,81.01233,2026-09-05,813,n,0.4,SNPP,0.37,301.1,SNPP,D,2.0NRT,4.5,343.12
6.18386,81.00876,2026-09-05,813,n,0.4,SNPP,0.37,302.69,SNPP,D,2.0NRT,5.49,348.29
6.18886,81.01897,2026-09-05,813,n,0.4,SNPP,0.37,300.97,SNPP,D,2.0NRT,2.74,336.55
6.18832,81.01539,2026-09-05,813,n,0.4,SNPP,0.37,301.64,SNPP,D,2.0NRT,4.5,346.67
6.19222,81.01846,2026-09-05,813,n,0.4,SNPP,0.37,303.31,SNPP,D,2.0NRT,17.44,347.43
6.19168,81.01488,2026-09-05,813,n,0.4,SNPP,0.37,303.42,SNPP,D,2.0NRT,18.42,352.21
6.21498,80.86486,2026-09-05,813,l,0.39,SNPP,0.36,300.8,SNPP,D,2.0NRT,2.55,330.59
6.35271,80.94569,2026-09-05,813,l,0.4,SNPP,0.37,303.22,SNPP,D,2.0NRT,3.24,332.07
6.33726,80.82056,2026-09-05,813,n,0.39,SNPP,0.36,301.81,SNPP,D,2.0NRT,3.01,335.6
6.35661,80.85766,2026-09-05,813,n,0.39,SNPP,0.36,302.19,SNPP,D,2.0NRT,5.09,341.92
6.39684,81.07821,2026-09-05,813,n,0.4,SNPP,0.37,303.69,SNPP,D,2.0NRT,8.98,347.64
6.35751,80.79565,2026-09-05,813,n,0.39,SNPP,0.36,300.59,SNPP,D,2.0NRT,2.77,331.18
6.40697,81.07669,2026-09-05,813,n,0.4,SNPP,0.37,301.63,SNPP,D,2.0NRT,5.8100000000000005,338.35
6.40642,81.07309,2026-09-05,813,n,0.4,SNPP,0.37,302.46,SNPP,D,2.0NRT,5.8100000000000005,336.83
6.47917,80.77299,2026-09-05,813,n,0.39,SNPP,0.36,303.06,SNPP,D,2.0NRT,3.1,333.8
6.57916,81.3848,2026-09-05,813,n,0.41000000000000003,SNPP,0.37,300.07,SNPP,D,2.0NRT,5.71,342.68
6.59315,81.12927,2026-09-05,813,n,0.4,SNPP,0.37,300.78,SNPP,D,2.0NRT,6.74,338.07
6.66843,81.51497,2026-09-05,813,n,0.41000000000000003,SNPP,0.37,303.91,SNPP,D,2.0NRT,6.85,343.89
6.69977,81.40025,2026-09-05,813,n,0.41000000000000003,SNPP,0.37,305.35,SNPP,D,2.0NRT,7.83,337.6
6.70425,81.31312,2026-09-05,813,n,0.41000000000000003,SNPP,0.37,301.08,SNPP,D,2.0NRT,4.82,331.44
6.72359,81.30273,2026-09-05,813,n,0.41000000000000003,SNPP,0.37,303.37,SNPP,D,2.0NRT,11.06,342.56
6.73964,81.38676,2026-09-05,813,n,0.41000000000000003,SNPP,0.37,303.58,SNPP,D,2.0NRT,8.34,336.25
6.76475,81.50785,2026-09-05,813,n,0.41000000000000003,SNPP,0.37,301.34,SNPP,D,2.0NRT,6.0,340.81
6.7338000000000005,81.30119,2026-09-05,813,n,0.41000000000000003,SNPP,0.37,301.22,SNPP,D,2.0NRT,5.13,333.75
6.76149,81.46268,2026-09-05,813,n,0.41000000000000003,SNPP,0.37,303.99,SNPP,D,2.0NRT,5.14,339.98
6.75762,81.43685,2026-09-05,813,n,0.41000000000000003,SNPP,0.37,299.44,SNPP,D,2.0NRT,5.12,337.47
6.7533900000000004,81.36208,2026-09-05,813,n,0.41000000000000003,SNPP,0.37,303.21,SNPP,D,2.0NRT,9.95,345.28
6.78665,81.44385,2026-09-05,813,n,0.41000000000000003,SNPP,0.37,303.8,SNPP,D,2.0NRT,4.9,335.04
7.1755,81.82485,2026-09-05,813,n,0.42,SNPP,0.38,299.01,SNPP,D,2.0NRT,5.01,334.72
7.15843,81.65216,2026-09-05,813,n,0.42,SNPP,0.38,301.13,SNPP,D,2.0NRT,3.68,336.75
7.21239,81.70628,2026-09-05,813,n,0.42,SNPP,0.38,300.15,SNPP,D,2.0NRT,3.92,336.38
7.01089,79.91428,2026-09-05,813,n,0.38,SNPP,0.36,298.12,SNPP,D,2.0NRT,11.03,337.79
7.01036,79.9108,2026-09-05,813,n,0.38,SNPP,0.36,299.06,SNPP,D,2.0NRT,11.03,341.95
7.30447,81.83759,2026-09-05,813,n,0.43,SNPP,0.38,302.27,SNPP,D,2.0NRT,7.65,340.49
7.30221,81.82216,2026-09-05,813,n,0.43,SNPP,0.38,302.17,SNPP,D,2.0NRT,3.74,335.62
7.30165,81.81831,2026-09-05,813,n,0.43,SNPP,0.38,300.45,SNPP,D,2.0NRT,3.74,335.41
7.30683,81.82935,2026-09-05,813,n,0.43,SNPP,0.38,302.89,SNPP,D,2.0NRT,10.23,340.67
7.304,81.81009,2026-09-05,813,n,0.43,SNPP,0.38,299.42,SNPP,D,2.0NRT,4.77,338.65
7.29734,81.74046,2026-09-05,813,n,0.42,SNPP,0.38,301.45,SNPP,D,2.0NRT,8.52,338.69
7.19413,80.99595,2026-09-05,813,n,0.4,SNPP,0.37,295.73,SNPP,D,2.0NRT,6.1,333.09
7.19752,80.99545,2026-09-05,813,n,0.4,SNPP,0.37,303.7,SNPP,D,2.0NRT,6.1,349.7
7.20091,80.99495,2026-09-05,813,n,0.4,SNPP,0.37,301.01,SNPP,D,2.0NRT,6.99,340.49
7.3220600000000005,81.78776,2026-09-05,813,n,0.42,SNPP,0.38,300.27,SNPP,D,2.0NRT,2.29,337.67
7.30746,81.66486,2026-09-05,813,n,0.42,SNPP,0.38,296.28,SNPP,D,2.0NRT,6.26,337.07
7.3626000000000005,81.82111,2026-09-05,813,n,0.43,SNPP,0.38,300.7,SNPP,D,2.0NRT,5.16,340.73
7.2737300000000005,81.22643,2026-09-05,813,n,0.41000000000000003,SNPP,0.37,298.99,SNPP,D,2.0NRT,3.5300000000000002,341.48
7.44445,81.74203,2026-09-05,813,n,0.42,SNPP,0.38,301.8,SNPP,D,2.0NRT,8.4,348.12
7.4885,81.72768,2026-09-05,813,n,0.42,SNPP,0.38,302.23,SNPP,D,2.0NRT,7.0,336.75
7.56126,81.77585,2026-09-05,813,n,0.43,SNPP,0.38,298.87,SNPP,D,2.0NRT,1.25,336.95
7.50149,81.07175,2026-09-05,813,n,0.4,SNPP,0.37,302.05,SNPP,D,2.0NRT,5.05,336.52
7.50166,81.0718,2026-09-05,813,n,0.4,SNPP,0.37,303.09,SNPP,D,2.0NRT,7.47,336.67
7.39973,79.91376,2026-09-05,813,n,0.39,SNPP,0.36,301.4,SNPP,D,2.0NRT,4.26,342.18
7.60592,81.04877,2026-09-05,813,n,0.4,SNPP,0.37,301.46,SNPP,D,2.0NRT,3.35,334.47
7.60654,81.04838,2026-09-05,813,n,0.4,SNPP,0.37,301.64,SNPP,D,2.0NRT,4.32,334.99
7.6148,81.08079,2026-09-05,813,n,0.4,SNPP,0.37,305.95,SNPP,D,2.0NRT,9.58,348.93
7.60346,81.00407,2026-09-05,813,n,0.4,SNPP,0.37,298.77,SNPP,D,2.0NRT,4.52,340.52
7.61821,81.08028,2026-09-05,813,n,0.4,SNPP,0.37,303.13,SNPP,D,2.0NRT,3.58,335.16
7.69191,81.5574,2026-09-05,813,n,0.42,SNPP,0.38,302.72,SNPP,D,2.0NRT,4.11,336.61
7.70151,81.59878,2026-09-05,813,n,0.42,SNPP,0.38,303.41,SNPP,D,2.0NRT,4.64,342.51
7.6953700000000005,81.55688,2026-09-05,813,n,0.42,SNPP,0.38,302.19,SNPP,D,2.0NRT,2.44,337.86
7.62678,81.06778,2026-09-05,813,l,0.4,SNPP,0.37,303.23,SNPP,D,2.0NRT,2.51,332.79
7.59167,80.83134,2026-09-05,813,n,0.4,SNPP,0.37,302.46,SNPP,D,2.0NRT,2.41,333.62
7.65567,81.16868,2026-09-05,813,n,0.41000000000000003,SNPP,0.37,303.89,SNPP,D,2.0NRT,9.04,340.63
7.6709700000000005,81.17771,2026-09-05,813,n,0.41000000000000003,SNPP,0.37,305.33,SNPP,D,2.0NRT,4.4,345.72
7.62369,80.83762,2026-09-05,813,l,0.4,SNPP,0.37,303.41,SNPP,D,2.0NRT,1.63,330.26
7.62707,80.83712,2026-09-05,813,l,0.4,SNPP,0.37,305.17,SNPP,D,2.0NRT,1.63,334.79
7.51144,80.02458,2026-09-05,813,l,0.39,SNPP,0.36,301.28,SNPP,D,2.0NRT,2.7800000000000002,330.9
7.6407,80.81288,2026-09-05,813,n,0.4,SNPP,0.37,303.38,SNPP,D,2.0NRT,2.77,336.79
7.64571,80.82323,2026-09-05,813,n,0.4,SNPP,0.37,302.55,SNPP,D,2.0NRT,2.22,337.66
7.64909,80.82273,2026-09-05,813,n,0.4,SNPP,0.37,301.94,SNPP,D,2.0NRT,2.95,336.79
7.70464,81.14626,2026-09-05,813,n,0.41000000000000003,SNPP,0.37,305.74,SNPP,D,2.0NRT,6.9,340.32
7.63089,80.6562,2026-09-05,813,n,0.4,SNPP,0.37,300.94,SNPP,D,2.0NRT,3.24,334.1
7.6854700000000005,80.99552,2026-09-05,813,n,0.4,SNPP,0.37,303.93,SNPP,D,2.0NRT,6.88,340.84
7.68887,80.99501,2026-09-05,813,n,0.4,SNPP,0.37,303.14,SNPP,D,2.0NRT,6.83,340.46
7.78416,81.55927,2026-09-05,813,n,0.42,SNPP,0.38,301.7,SNPP,D,2.0NRT,4.22,341.74
7.7223500000000005,81.0792,2026-09-05,813,n,0.41000000000000003,SNPP,0.37,303.14,SNPP,D,2.0NRT,4.54,338.32
7.75451,81.20256,2026-09-05,813,n,0.41000000000000003,SNPP,0.37,303.73,SNPP,D,2.0NRT,4.12,337.42
7.75396,81.19886,2026-09-05,813,n,0.41000000000000003,SNPP,0.37,303.49,SNPP,D,2.0NRT,3.34,336.97
7.7608,81.19785,2026-09-05,813,l,0.41000000000000003,SNPP,0.37,306.38,SNPP,D,2.0NRT,5.36,334.86
7.76915,81.23071,2026-09-05,813,n,0.41000000000000003,SNPP,0.37,304.8,SNPP,D,2.0NRT,10.17,338.68
7.76861,81.227,2026-09-05,813,n,0.41000000000000003,SNPP,0.37,305.73,SNPP,D,2.0NRT,14.43,344.4
7.7832,81.0439,2026-09-05,813,n,0.4,SNPP,0.37,303.54,SNPP,D,2.0NRT,12.3,339.26
7.7866,81.04339,2026-09-05,813,n,0.4,SNPP,0.37,307.32,SNPP,D,2.0NRT,12.3,346.02
7.79055,81.04655,2026-09-05,813,n,0.4,SNPP,0.37,302.86,SNPP,D,2.0NRT,2.31,338.06
7.81826,81.20822,2026-09-05,813,n,0.41000000000000003,SNPP,0.37,299.23,SNPP,D,2.0NRT,2.92,336.18
7.84795,81.38319,2026-09-05,813,n,0.41000000000000003,SNPP,0.37,300.45,SNPP,D,2.0NRT,7.65,337.55
7.79956,81.0602,2026-09-05,813,n,0.41000000000000003,SNPP,0.37,304.4,SNPP,D,2.0NRT,4.39,340.85
7.66933,80.1969,2026-09-05,813,n,0.39,SNPP,0.36,300.96,SNPP,D,2.0NRT,6.27,348.02
7.86098,81.44675,2026-09-05,813,n,0.42,SNPP,0.37,302.27,SNPP,D,2.0NRT,4.2,336.87
7.86041,81.44298,2026-09-05,813,n,0.42,SNPP,0.37,302.71,SNPP,D,2.0NRT,9.35,347.35
7.75209,80.72167,2026-09-05,813,n,0.4,SNPP,0.37,304.44,SNPP,D,2.0NRT,2.58,336.84
7.88299,81.43579,2026-09-05,813,n,0.42,SNPP,0.37,300.51,SNPP,D,2.0NRT,2.79,336.35
7.8882200000000005,81.42342,2026-09-05,813,n,0.42,SNPP,0.37,302.54,SNPP,D,2.0NRT,10.85,338.6
7.82964,81.0255,2026-09-05,813,n,0.4,SNPP,0.37,303.53,SNPP,D,2.0NRT,1.79,337.07
7.89167,81.42291,2026-09-05,813,n,0.42,SNPP,0.37,300.65,SNPP,D,2.0NRT,8.01,338.42
7.94364,81.34592,2026-09-05,813,n,0.41000000000000003,SNPP,0.37,307.97,SNPP,D,2.0NRT,38.02,347.98
7.9465900000000005,81.31863,2026-09-05,813,n,0.41000000000000003,SNPP,0.37,305.5,SNPP,D,2.0NRT,8.62,341.88
7.94947,81.31438,2026-09-05,813,n,0.41000000000000003,SNPP,0.37,305.5,SNPP,D,2.0NRT,14.73,343.14
7.9614,81.34711,2026-09-05,813,n,0.41000000000000003,SNPP,0.37,302.04,SNPP,D,2.0NRT,11.76,343.54
7.96084,81.34336,2026-09-05,813,n,0.41000000000000003,SNPP,0.37,307.04,SNPP,D,2.0NRT,15.93,341.45
7.93732,81.18658,2026-09-05,813,n,0.41000000000000003,SNPP,0.37,303.74,SNPP,D,2.0NRT,2.04,333.77
7.79189,80.17778,2026-09-05,813,n,0.39,SNPP,0.36,300.25,SNPP,D,2.0NRT,1.97,336.17
7.97633,81.33685,2026-09-05,813,n,0.41000000000000003,SNPP,0.37,304.54,SNPP,D,2.0NRT,9.96,339.61
7.93822,81.05383,2026-09-05,813,l,0.41000000000000003,SNPP,0.37,304.28,SNPP,D,2.0NRT,3.19,331.29
7.87753,80.62115,2026-09-05,813,n,0.4,SNPP,0.37,301.93,SNPP,D,2.0NRT,3.3,333.05
7.8793,80.6099,2026-09-05,813,n,0.4,SNPP,0.37,302.97,SNPP,D,2.0NRT,3.66,334.81
7.97576,81.23741,2026-09-05,813,n,0.41000000000000003,SNPP,0.37,304.5,SNPP,D,2.0NRT,4.69,340.57
7.975210000000001,81.23369,2026-09-05,813,n,0.41000000000000003,SNPP,0.37,302.93,SNPP,D,2.0NRT,3.2,337.12
7.88961,80.65601,2026-09-05,813,n,0.4,SNPP,0.37,302.13,SNPP,D,2.0NRT,3.5,336.44
7.89688,80.65858,2026-09-05,813,n,0.4,SNPP,0.37,301.94,SNPP,D,2.0NRT,3.76,341.0
8.01719,81.42326,2026-09-05,813,n,0.42,SNPP,0.37,304.06,SNPP,D,2.0NRT,5.04,343.16
8.02232,81.4341,2026-09-05,813,n,0.42,SNPP,0.37,301.67,SNPP,D,2.0NRT,2.79,335.75
8.02176,81.43032,2026-09-05,813,n,0.42,SNPP,0.37,303.12,SNPP,D,2.0NRT,2.79,335.27
7.93095,80.77126,2026-09-05,813,n,0.4,SNPP,0.37,300.21,SNPP,D,2.0NRT,3.26,334.27
7.81358,79.99068,2026-09-05,813,n,0.39,SNPP,0.36,300.8,SNPP,D,2.0NRT,4.53,338.55
8.02988,81.41364,2026-09-05,813,n,0.42,SNPP,0.37,303.45,SNPP,D,2.0NRT,3.89,338.73
7.91173,80.61968,2026-09-05,813,n,0.4,SNPP,0.37,302.88,SNPP,D,2.0NRT,7.52,349.29
7.91509,80.61917,2026-09-05,813,n,0.4,SNPP,0.37,303.6,SNPP,D,2.0NRT,5.79,341.56
7.91833,80.54915,2026-09-05,813,n,0.39,SNPP,0.37,297.12,SNPP,D,2.0NRT,2.18,331.46
7.93164,80.56907,2026-09-05,813,l,0.39,SNPP,0.37,300.92,SNPP,D,2.0NRT,2.75,330.31
8.02516,81.16928,2026-09-05,813,n,0.41000000000000003,SNPP,0.37,306.14,SNPP,D,2.0NRT,7.9,344.87
7.93501,80.56857,2026-09-05,813,n,0.39,SNPP,0.37,300.85,SNPP,D,2.0NRT,2.95,331.66
7.85643,80.04865,2026-09-05,813,n,0.39,SNPP,0.36,296.16,SNPP,D,2.0NRT,3.86,341.25
8.02858,81.16877,2026-09-05,813,n,0.41000000000000003,SNPP,0.37,304.24,SNPP,D,2.0NRT,7.9,348.57
7.82949,79.84887,2026-09-05,813,n,0.39,SNPP,0.36,299.93,SNPP,D,2.0NRT,2.42,330.76
7.82896,79.84538,2026-09-05,813,n,0.39,SNPP,0.36,301.1,SNPP,D,2.0NRT,2.42,336.42
7.986,80.79264,2026-09-05,813,n,0.4,SNPP,0.37,302.91,SNPP,D,2.0NRT,6.93,342.84
7.91204,80.30305,2026-09-05,813,n,0.39,SNPP,0.36,302.09,SNPP,D,2.0NRT,6.46,337.0
7.96221,80.61208,2026-09-05,813,n,0.4,SNPP,0.37,302.42,SNPP,D,2.0NRT,3.86,340.15
7.96167,80.60851,2026-09-05,813,n,0.4,SNPP,0.37,302.76,SNPP,D,2.0NRT,3.27,336.87
7.96558,80.61158,2026-09-05,813,n,0.4,SNPP,0.37,300.83,SNPP,D,2.0NRT,3.86,333.98
7.96504,80.60799,2026-09-05,813,n,0.4,SNPP,0.37,300.51,SNPP,D,2.0NRT,3.27,331.5
8.08628,81.38984,2026-09-05,813,n,0.42,SNPP,0.37,301.1,SNPP,D,2.0NRT,3.25,337.45
8.08633,81.36668,2026-09-05,813,n,0.42,SNPP,0.37,299.72,SNPP,D,2.0NRT,5.79,336.74
16.18071,75.15405,2026-09-05,816,n,0.42,SNPP,0.38,303.1,SNPP,D,2.0NRT,7.59,337.87
10.71104,79.432,2026-09-05,816,n,0.39,SNPP,0.36,306.21,SNPP,D,2.0NRT,6.82,341.49
10.79202,79.03259,2026-09-05,816,n,0.38,SNPP,0.36,304.36,SNPP,D,2.0NRT,10.43,340.12
10.82872,79.18511,2026-09-05,816,n,0.39,SNPP,0.36,300.54,SNPP,D,2.0NRT,2.98,346.57
10.83204,79.18459,2026-09-05,816,n,0.39,SNPP,0.36,301.85,SNPP,D,2.0NRT,2.98,332.25
10.87647,79.25341,2026-09-05,816,n,0.39,SNPP,0.36,304.22,SNPP,D,2.0NRT,2.99,338.54
10.85818,78.95408,2026-09-05,816,n,0.38,SNPP,0.36,304.07,SNPP,D,2.0NRT,4.71,341.88
10.98545,78.22152,2026-09-05,816,n,0.39,SNPP,0.36,307.93,SNPP,D,2.0NRT,4.83,341.16
10.92989,77.06577,2026-09-05,816,l,0.4,SNPP,0.37,308.06,SNPP,D,2.0NRT,3.75,339.03
11.00525,77.1251,2026-09-05,816,l,0.4,SNPP,0.37,309.27,SNPP,D,2.0NRT,7.94,345.45
11.57037,79.64236,2026-09-05,816,n,0.39,SNPP,0.36,290.73,SNPP,D,2.0NRT,1.4100000000000001,335.47
11.48627,78.88146,2026-09-05,816,n,0.38,SNPP,0.36,304.46,SNPP,D,2.0NRT,4.68,338.67
11.81176,79.62698,2026-09-05,816,n,0.39,SNPP,0.36,301.35,SNPP,D,2.0NRT,3.95,335.58
11.85545,78.73141,2026-09-05,816,n,0.38,SNPP,0.36,299.24,SNPP,D,2.0NRT,2.96,330.2
11.89135,78.72217,2026-09-05,816,n,0.38,SNPP,0.36,303.29,SNPP,D,2.0NRT,1.26,333.36
11.96101,78.80475,2026-09-05,816,n,0.38,SNPP,0.36,303.7,SNPP,D,2.0NRT,7.02,336.43
11.96047,78.80122,2026-09-05,816,n,0.38,SNPP,0.36,301.09,SNPP,D,2.0NRT,4.31,331.4
12.09322,79.02973,2026-09-05,816,n,0.39,SNPP,0.36,300.9,SNPP,D,2.0NRT,3.38,338.07
12.80918,79.95596,2026-09-05,816,l,0.41000000000000003,SNPP,0.37,304.04,SNPP,D,2.0NRT,4.06,332.32
12.83815,79.94009,2026-09-05,816,l,0.41000000000000003,SNPP,0.37,305.24,SNPP,D,2.0NRT,5.26,334.31
12.87172,80.07278,2026-09-05,816,n,0.41000000000000003,SNPP,0.37,298.93,SNPP,D,2.0NRT,1.57,330.58
12.85665,79.94463,2026-09-05,816,l,0.41000000000000003,SNPP,0.37,302.97,SNPP,D,2.0NRT,4.58,332.34
12.86005,79.94411,2026-09-05,816,l,0.41000000000000003,SNPP,0.37,302.1,SNPP,D,2.0NRT,2.67,330.17
13.14227,79.26152,2026-09-05,816,n,0.39,SNPP,0.36,301.2,SNPP,D,2.0NRT,1.48,336.42
13.29621,80.06625,2026-09-05,816,l,0.41000000000000003,SNPP,0.37,302.74,SNPP,D,2.0NRT,2.46,330.97
13.29584,80.0663,2026-09-05,816,l,0.41000000000000003,SNPP,0.37,302.64,SNPP,D,2.0NRT,4.15,331.23
12.93002,76.32658,2026-09-05,816,n,0.41000000000000003,SNPP,0.37,305.77,SNPP,D,2.0NRT,4.73,335.18
13.66856,78.35713,2026-09-05,816,l,0.38,SNPP,0.36,306.22,SNPP,D,2.0NRT,3.12,333.98
13.98457,78.95074,2026-09-05,816,n,0.39,SNPP,0.36,307.45,SNPP,D,2.0NRT,7.01,345.01
14.07302,79.44398,2026-09-05,816,n,0.4,SNPP,0.37,302.05,SNPP,D,2.0NRT,5.39,339.09
13.9938,78.45014,2026-09-05,816,l,0.39,SNPP,0.36,310.21,SNPP,D,2.0NRT,5.97,339.2
13.88681,77.37984,2026-09-05,816,n,0.39,SNPP,0.36,311.54,SNPP,D,2.0NRT,8.42,347.76
14.21456,79.22671,2026-09-05,816,n,0.4,SNPP,0.37,307.57,SNPP,D,2.0NRT,9.3,348.93
14.2971,79.05283,2026-09-05,816,n,0.39,SNPP,0.36,305.22,SNPP,D,2.0NRT,9.37,351.03
14.573830000000001,79.93979,2026-09-05,816,n,0.42,SNPP,0.37,299.73,SNPP,D,2.0NRT,6.63,334.23
14.57326,79.93592,2026-09-05,816,n,0.42,SNPP,0.37,299.7,SNPP,D,2.0NRT,6.63,332.81
14.57245,79.93675,2026-09-05,816,n,0.42,SNPP,0.37,302.56,SNPP,D,2.0NRT,12.86,342.49
14.52509,79.062,2026-09-05,816,n,0.39,SNPP,0.37,307.25,SNPP,D,2.0NRT,4.51,341.72
14.66624,79.76509,2026-09-05,816,n,0.41000000000000003,SNPP,0.37,305.53,SNPP,D,2.0NRT,3.1,337.69
14.68695,79.73852,2026-09-05,816,n,0.41000000000000003,SNPP,0.37,309.32,SNPP,D,2.0NRT,6.04,349.33
14.69037,79.738,2026-09-05,816,n,0.41000000000000003,SNPP,0.37,306.41,SNPP,D,2.0NRT,6.04,337.92
14.77525,79.79544,2026-09-05,816,n,0.41000000000000003,SNPP,0.37,310.85,SNPP,D,2.0NRT,25.68,353.09
14.66658,78.99778,2026-09-05,816,n,0.39,SNPP,0.37,306.16,SNPP,D,2.0NRT,3.54,341.44
14.46633,77.33766,2026-09-05,816,n,0.39,SNPP,0.36,307.13,SNPP,D,2.0NRT,5.5600000000000005,338.22
14.89181,79.23329,2026-09-05,816,n,0.4,SNPP,0.37,308.74,SNPP,D,2.0NRT,9.19,349.38
14.59007,76.56956,2026-09-05,816,l,0.4,SNPP,0.37,301.11,SNPP,D,2.0NRT,2.2800000000000002,333.14
15.16295,78.87427,2026-09-05,816,l,0.39,SNPP,0.36,307.74,SNPP,D,2.0NRT,3.6,337.1
15.4074,80.12518,2026-09-05,816,n,0.43,SNPP,0.38,298.97,SNPP,D,2.0NRT,6.1,340.46
15.08564,77.31834,2026-09-05,816,n,0.39,SNPP,0.36,303.89,SNPP,D,2.0NRT,7.62,337.72
15.05285,77.10738,2026-09-05,816,n,0.39,SNPP,0.36,305.06,SNPP,D,2.0NRT,3.63,337.92
15.45176,79.12704,2026-09-05,816,n,0.4,SNPP,0.37,305.39,SNPP,D,2.0NRT,5.98,342.13
15.60291,79.61507,2026-09-05,816,n,0.41000000000000003,SNPP,0.37,302.66,SNPP,D,2.0NRT,6.08,338.85
15.17266,76.66496,2026-09-05,816,l,0.39,SNPP,0.36,305.84,SNPP,D,2.0NRT,5.73,335.32
15.17484,76.65714,2026-09-05,816,l,0.39,SNPP,0.36,306.58,SNPP,D,2.0NRT,3.25,335.27
15.17818,76.65657,2026-09-05,816,l,0.39,SNPP,0.36,301.98,SNPP,D,2.0NRT,3.25,333.69
14.95491,75.19309,2026-09-05,816,n,0.43,SNPP,0.38,295.4,SNPP,D,2.0NRT,2.89,333.16
15.22651,76.76752,2026-09-05,816,n,0.39,SNPP,0.36,306.89,SNPP,D,2.0NRT,8.29,338.75
15.16875,76.38062,2026-09-05,816,l,0.4,SNPP,0.37,304.76,SNPP,D,2.0NRT,5.59,330.07
15.57417,78.94083,2026-09-05,816,l,0.4,SNPP,0.37,303.61,SNPP,D,2.0NRT,3.19,332.99
15.18627,76.31717,2026-09-05,816,l,0.4,SNPP,0.37,305.6,SNPP,D,2.0NRT,5.01,331.27
15.54765,78.12994,2026-09-05,816,n,0.39,SNPP,0.36,303.03,SNPP,D,2.0NRT,3.47,338.43
15.82935,79.52122,2026-09-05,816,n,0.41000000000000003,SNPP,0.37,305.37,SNPP,D,2.0NRT,9.8,340.2
15.9341,78.1999,2026-09-05,816,n,0.39,SNPP,0.36,297.99,SNPP,D,2.0NRT,2.24,330.62
15.9781,78.4109,2026-09-05,816,n,0.39,SNPP,0.36,302.36,SNPP,D,2.0NRT,3.85,334.76
16.27654,80.32413,2026-09-05,816,n,0.45,SNPP,0.39,300.38,SNPP,D,2.0NRT,4.93,337.8
16.49307,79.94553,2026-09-05,816,n,0.43,SNPP,0.38,303.86,SNPP,D,2.0NRT,5.38,334.64
16.27423,78.39685,2026-09-05,816,n,0.39,SNPP,0.36,302.22,SNPP,D,2.0NRT,2.49,339.27
16.46479,79.59985,2026-09-05,816,n,0.42,SNPP,0.38,303.58,SNPP,D,2.0NRT,3.25,337.28
16.51543,78.36472,2026-09-05,816,n,0.39,SNPP,0.36,299.48,SNPP,D,2.0NRT,3.19,334.28
16.8774,79.9932,2026-09-05,816,n,0.44,SNPP,0.38,301.37,SNPP,D,2.0NRT,3.15,332.78
16.59789,77.40491,2026-09-05,816,n,0.38,SNPP,0.36,302.15,SNPP,D,2.0NRT,7.02,342.06
17.07409,78.59189,2026-09-05,816,n,0.4,SNPP,0.37,300.67,SNPP,D,2.0NRT,3.91,334.67
17.75859,75.82333,2026-09-05,816,l,0.4,SNPP,0.37,307.83,SNPP,D,2.0NRT,6.23,339.69
23.78617,85.55293,2026-09-05,818,n,0.37,SNPP,0.58,292.06,SNPP,D,2.0NRT,4.76,333.73
23.75978,86.40414,2026-09-05,818,n,0.42,SNPP,0.61,289.56,SNPP,D,2.0NRT,4.93,328.16
23.75821,86.40292,2026-09-05,818,n,0.42,SNPP,0.61,290.06,SNPP,D,2.0NRT,4.62,331.56
20.97448,85.17305,2026-09-05,818,n,0.33,SNPP,0.55,294.32,SNPP,D,2.0NRT,3.48,333.03
23.73798,86.4348,2026-09-05,818,n,0.42,SNPP,0.61,290.42,SNPP,D,2.0NRT,3.33,333.13
23.71049,86.45036,2026-09-05,818,n,0.42,SNPP,0.61,290.43,SNPP,D,2.0NRT,5.0,328.02
23.68271,86.39385,2026-09-05,818,n,0.42,SNPP,0.61,291.17,SNPP,D,2.0NRT,8.81,331.16
19.09782,82.1674,2026-09-05,818,n,0.4,SNPP,0.44,295.4,SNPP,D,2.0NRT,6.04,334.75
21.10671,72.64536,2026-09-05,818,n,0.47000000000000003,SNPP,0.4,281.68,SNPP,D,2.0NRT,7.04,336.44
22.3772,87.27846,2026-09-05,818,n,0.46,SNPP,0.64,290.72,SNPP,D,2.0NRT,6.49,333.8
21.92067,83.35186,2026-09-05,818,n,0.51,SNPP,0.49,294.02,SNPP,D,2.0NRT,7.73,334.17
19.10191,82.16685,2026-09-05,818,n,0.4,SNPP,0.44,295.65,SNPP,D,2.0NRT,4.75,333.53
21.74623,83.83998,2026-09-05,818,n,0.55,SNPP,0.51,294.07,SNPP,D,2.0NRT,5.4,341.98
21.74681,83.84541,2026-09-05,818,n,0.55,SNPP,0.51,293.86,SNPP,D,2.0NRT,13.65,343.02
21.7415,83.84051,2026-09-05,818,n,0.55,SNPP,0.51,293.72,SNPP,D,2.0NRT,5.4,331.26
20.96741,85.15464,2026-09-05,818,n,0.32,SNPP,0.55,295.34,SNPP,D,2.0NRT,4.32,333.4
20.96937,85.17357,2026-09-05,818,n,0.33,SNPP,0.55,295.24,SNPP,D,2.0NRT,4.26,345.88
20.9697,85.17672,2026-09-05,818,n,0.33,SNPP,0.55,294.23,SNPP,D,2.0NRT,4.26,330.55
20.9636,85.16774,2026-09-05,818,n,0.32,SNPP,0.55,295.36,SNPP,D,2.0NRT,6.38,331.63
20.96047,85.18738,2026-09-05,818,n,0.33,SNPP,0.55,295.0,SNPP,D,2.0NRT,3.52,333.23
20.86472,84.9909,2026-09-05,818,n,0.63,SNPP,0.54,293.37,SNPP,D,2.0NRT,6.34,330.54
19.02065,72.89297,2026-09-05,818,l,0.49,SNPP,0.4,298.09,SNPP,D,2.0NRT,4.9,332.56
21.75626,83.84433,2026-09-05,818,n,0.55,SNPP,0.51,294.06,SNPP,D,2.0NRT,11.19,336.65
22.831,69.52864,2026-09-05,818,n,0.44,SNPP,0.46,298.65,SNPP,D,2.0NRT,2.4,338.61
31.23082,75.08361,2026-09-05,820,n,0.4,SNPP,0.37,295.18,SNPP,D,2.0NRT,4.59,335.64
30.60174,73.64675,2026-09-05,820,n,0.38,SNPP,0.36,301.07,SNPP,D,2.0NRT,2.55,335.72
31.21054,73.72984,2026-09-05,820,l,0.38,SNPP,0.36,300.9,SNPP,D,2.0NRT,5.02,330.49
31.20992,73.72583,2026-09-05,820,l,0.38,SNPP,0.36,305.13,SNPP,D,2.0NRT,8.31,332.22
31.21322,73.72516,2026-09-05,820,l,0.38,SNPP,0.36,303.89,SNPP,D,2.0NRT,4.89,330.57
27.65105,68.4608,2026-09-05,820,n,0.41000000000000003,SNPP,0.45,300.17,SNPP,D,2.0NRT,4.34,345.47
34.09602,72.00973,2026-09-05,822,n,0.39,SNPP,0.36,296.12,SNPP,D,2.0NRT,3.05,339.02
34.09272,72.01049,2026-09-05,822,n,0.39,SNPP,0.36,297.0,SNPP,D,2.0NRT,3.05,335.65
31.73204,74.48511,2026-09-05,822,n,0.39,SNPP,0.36,298.88,SNPP,D,2.0NRT,4.36,340.17
27.37908,95.33517,2026-09-05,1904,n,0.5,SNPP,0.49,280.23,SNPP,N,2.0NRT,0.85,307.45
23.6887,87.11978,2026-09-05,1906,n,0.73,SNPP,0.76,285.17,SNPP,N,2.0NRT,2.7,306.73
22.3653,87.01733,2026-09-05,1906,n,0.73,SNPP,0.76,285.76,SNPP,N,2.0NRT,3.35,311.4
22.37548,87.27741,2026-09-05,1906,n,0.7000000000000001,SNPP,0.75,285.35,SNPP,N,2.0NRT,4.57,315.33
22.38052,87.27566,2026-09-05,1906,n,0.7000000000000001,SNPP,0.75,285.85,SNPP,N,2.0NRT,3.5300000000000002,312.79
23.55509,87.23924,2026-09-05,1906,n,0.72,SNPP,0.76,285.16,SNPP,N,2.0NRT,4.18,305.77
23.61425,86.7878,2026-09-05,1906,n,0.77,SNPP,0.77,285.37,SNPP,N,2.0NRT,1.33,303.11
23.55211,87.24216,2026-09-05,1906,n,0.72,SNPP,0.76,285.12,SNPP,N,2.0NRT,3.8200000000000003,311.64
23.6648,87.15537,2026-09-05,1906,n,0.73,SNPP,0.76,285.59,SNPP,N,2.0NRT,1.48,306.2
23.69583,87.12045,2026-09-05,1906,n,0.73,SNPP,0.76,285.22,SNPP,N,2.0NRT,2.7,308.23
23.69684,87.10555,2026-09-05,1906,n,0.74,SNPP,0.76,285.1,SNPP,N,2.0NRT,4.09,302.82
23.69161,87.117,2026-09-05,1906,n,0.74,SNPP,0.76,285.14,SNPP,N,2.0NRT,4.15,309.44
20.86821,96.38884,2026-09-05,1906,n,0.54,SNPP,0.42,288.7,SNPP,N,2.0NRT,1.12,301.43
15.12367,94.78321,2026-09-05,1908,n,0.5700000000000001,SNPP,0.43,289.41,SNPP,N,2.0NRT,2.34,307.5
15.1244,94.77791,2026-09-05,1908,n,0.5700000000000001,SNPP,0.43,289.6,SNPP,N,2.0NRT,2.34,308.39
15.12766,94.78379,2026-09-05,1908,n,0.5700000000000001,SNPP,0.43,289.54,SNPP,N,2.0NRT,2.13,306.04
15.12839,94.77849,2026-09-05,1908,n,0.5700000000000001,SNPP,0.43,289.73,SNPP,N,2.0NRT,2.13,308.77
29.47524,76.8587,2026-09-05,2044,n,0.39,SNPP,0.36,292.14,SNPP,N,2.0NRT,0.88,312.67
31.25029,76.9273,2026-09-05,2044,n,0.4,SNPP,0.37,290.29,SNPP,N,2.0NRT,0.5700000000000001,306.11
33.80225,72.09641,2026-09-05,2044,n,0.45,SNPP,0.47000000000000003,291.08,SNPP,N,2.0NRT,0.66,303.68
35.96627,68.68471,2026-09-05,2044,n,0.37,SNPP,0.58,290.62,SNPP,N,2.0NRT,1.37,303.76
32.08572,74.16138,2026-09-05,2044,n,0.5,SNPP,0.41000000000000003,293.28,SNPP,N,2.0NRT,1.04,308.97
32.10323,74.17525,2026-09-05,2044,n,0.5,SNPP,0.41000000000000003,293.36,SNPP,N,2.0NRT,0.92,307.41
33.29705,71.18685,2026-09-05,2044,n,0.5,SNPP,0.49,289.53,SNPP,N,2.0NRT,0.8,305.9
21.33674,78.97054,2026-09-05,2046,n,0.45,SNPP,0.39,287.46,SNPP,N,2.0NRT,1.04,306.77
20.75956,85.29154,2026-09-05,2046,n,0.36,SNPP,0.5700000000000001,276.32,SNPP,N,2.0NRT,1.38,300.22
20.79357,85.26019,2026-09-05,2046,n,0.35000000000000003,SNPP,0.5700000000000001,287.49,SNPP,N,2.0NRT,2.35,308.35
20.79505,85.25336,2026-09-05,2046,n,0.35000000000000003,SNPP,0.5700000000000001,287.79,SNPP,N,2.0NRT,4.69,334.7
20.80538,85.25605,2026-09-05,2046,n,0.35000000000000003,SNPP,0.5700000000000001,288.14,SNPP,N,2.0NRT,2.3,310.73
20.86363,84.98669,2026-09-05,2046,n,0.34,SNPP,0.56,288.39,SNPP,N,2.0NRT,2.9699999999999998,316.71
20.86291,84.98999,2026-09-05,2046,n,0.34,SNPP,0.56,288.66,SNPP,N,2.0NRT,1.56,332.66
20.8673,84.99452,2026-09-05,2046,n,0.34,SNPP,0.56,288.98,SNPP,N,2.0NRT,1.56,308.75
20.86803,84.99112,2026-09-05,2046,n,0.34,SNPP,0.56,288.57,SNPP,N,2.0NRT,1.56,305.14
22.80193,86.09046,2026-09-05,2046,n,0.36,SNPP,0.58,289.31,SNPP,N,2.0NRT,2.09,314.38
22.37973,87.27766,2026-09-05,2046,n,0.44,SNPP,0.62,284.46,SNPP,N,2.0NRT,1.08,308.18
22.37874,87.28191,2026-09-05,2046,n,0.44,SNPP,0.62,284.97,SNPP,N,2.0NRT,1.08,307.02
22.36908,87.2974,2026-09-05,2046,n,0.44,SNPP,0.62,284.39,SNPP,N,2.0NRT,0.53,304.62
22.36808,87.30167,2026-09-05,2046,n,0.44,SNPP,0.62,288.1,SNPP,N,2.0NRT,2.1,310.24
22.36242,87.30013,2026-09-05,2046,n,0.44,SNPP,0.62,288.63,SNPP,N,2.0NRT,1.3900000000000001,305.66
22.37881,87.27996,2026-09-05,2046,n,0.44,SNPP,0.62,285.4,SNPP,N,2.0NRT,2.47,318.15
22.368290000000002,87.29976,2026-09-05,2046,n,0.44,SNPP,0.62,286.86,SNPP,N,2.0NRT,1.67,309.34
22.36731,87.30403,2026-09-05,2046,n,0.44,SNPP,0.62,288.63,SNPP,N,2.0NRT,2.06,309.19
22.36706,87.01907,2026-09-05,2046,n,0.42,SNPP,0.61,289.89,SNPP,N,2.0NRT,1.12,313.72
22.61234,85.91286,2026-09-05,2046,n,0.36,SNPP,0.5700000000000001,288.86,SNPP,N,2.0NRT,0.63,304.85
22.36147,87.01765,2026-09-05,2046,n,0.42,SNPP,0.61,289.41,SNPP,N,2.0NRT,1.12,309.38
22.59233,85.90408,2026-09-05,2046,n,0.36,SNPP,0.5700000000000001,288.9,SNPP,N,2.0NRT,0.78,305.92
22.24478,87.38964,2026-09-05,2046,n,0.45,SNPP,0.63,288.62,SNPP,N,2.0NRT,0.71,305.49
25.38985,68.5817,2026-09-05,2046,n,0.5700000000000001,SNPP,0.52,294.74,SNPP,N,2.0NRT,1.8599999999999999,309.94
22.05721,88.12426,2026-09-05,2046,n,0.5,SNPP,0.66,287.52,SNPP,N,2.0NRT,1.99,307.72
22.57314,85.89168,2026-09-05,2046,n,0.36,SNPP,0.5700000000000001,289.17,SNPP,N,2.0NRT,1.6,307.27
22.57237,85.89508000000001,2026-09-05,2046,n,0.36,SNPP,0.5700000000000001,288.9,SNPP,N,2.0NRT,1.3900000000000001,312.43
22.57162,85.89843,2026-09-05,2046,n,0.36,SNPP,0.5700000000000001,288.88,SNPP,N,2.0NRT,1.3900000000000001,310.28
22.05124,88.12263,2026-09-05,2046,n,0.5,SNPP,0.66,287.53,SNPP,N,2.0NRT,1.99,306.46
25.38617,68.58049,2026-09-05,2046,n,0.5700000000000001,SNPP,0.52,294.73,SNPP,N,2.0NRT,1.8900000000000001,306.42
22.57335,85.89222,2026-09-05,2046,n,0.36,SNPP,0.5700000000000001,289.03,SNPP,N,2.0NRT,1.6400000000000001,307.09
22.5726,85.89563,2026-09-05,2046,n,0.36,SNPP,0.5700000000000001,289.31,SNPP,N,2.0NRT,1.32,315.04
22.57186,85.89901,2026-09-05,2046,n,0.36,SNPP,0.5700000000000001,288.97,SNPP,N,2.0NRT,1.32,307.13
22.05639,88.1225,2026-09-05,2046,n,0.5,SNPP,0.66,287.22,SNPP,N,2.0NRT,1.6,304.22
22.05524,88.12738,2026-09-05,2046,n,0.5,SNPP,0.66,287.38,SNPP,N,2.0NRT,1.6,308.96
22.20868,84.86357,2026-09-05,2046,n,0.63,SNPP,0.54,288.58,SNPP,N,2.0NRT,3.01,304.19
21.96996,85.3136,2026-09-05,2046,n,0.34,SNPP,0.56,286.98,SNPP,N,2.0NRT,1.69,301.33
21.00243,86.02597,2026-09-05,2046,n,0.39,SNPP,0.59,288.82,SNPP,N,2.0NRT,3.58,306.67
20.97081,86.01405,2026-09-05,2046,n,0.39,SNPP,0.59,289.02,SNPP,N,2.0NRT,2.55,327.75
20.97332,86.00273,2026-09-05,2046,n,0.39,SNPP,0.59,288.82,SNPP,N,2.0NRT,5.04,307.13
20.97165,86.01027,2026-09-05,2046,n,0.39,SNPP,0.59,289.26,SNPP,N,2.0NRT,2.55,305.74
20.96543,86.01258,2026-09-05,2046,n,0.39,SNPP,0.59,288.87,SNPP,N,2.0NRT,2.55,329.65
20.96626,86.00883,2026-09-05,2046,n,0.39,SNPP,0.59,288.78,SNPP,N,2.0NRT,2.55,319.76
20.96087,86.00738,2026-09-05,2046,n,0.39,SNPP,0.59,288.37,SNPP,N,2.0NRT,3.85,327.32
20.9525,86.045,2026-09-05,2046,n,0.39,SNPP,0.6000000000000001,288.64,SNPP,N,2.0NRT,4.04,320.13
20.95163,86.04891,2026-09-05,2046,n,0.39,SNPP,0.6000000000000001,289.05,SNPP,N,2.0NRT,4.04,315.49
20.98341,85.13425,2026-09-05,2046,n,0.35000000000000003,SNPP,0.56,287.74,SNPP,N,2.0NRT,1.44,304.37
20.97636,85.1673,2026-09-05,2046,n,0.35000000000000003,SNPP,0.56,287.84,SNPP,N,2.0NRT,1.8599999999999999,307.05
20.97565,85.17059,2026-09-05,2046,n,0.35000000000000003,SNPP,0.56,287.42,SNPP,N,2.0NRT,1.44,311.04
20.97495,85.17385,2026-09-05,2046,n,0.35000000000000003,SNPP,0.5700000000000001,287.89,SNPP,N,2.0NRT,1.44,310.9
20.96983,85.17253,2026-09-05,2046,n,0.35000000000000003,SNPP,0.5700000000000001,288.32,SNPP,N,2.0NRT,2.04,335.81
20.97829,85.13296,2026-09-05,2046,n,0.35000000000000003,SNPP,0.56,288.96,SNPP,N,2.0NRT,2.12,306.72
20.97758,85.13626,2026-09-05,2046,n,0.35000000000000003,SNPP,0.56,288.32,SNPP,N,2.0NRT,1.6800000000000002,310.46
20.96912,85.1758,2026-09-05,2046,n,0.35000000000000003,SNPP,0.5700000000000001,288.11,SNPP,N,2.0NRT,4.27,318.77
20.96627,85.18915,2026-09-05,2046,n,0.35000000000000003,SNPP,0.5700000000000001,288.0,SNPP,N,2.0NRT,1.67,309.58
20.96894,85.15144,2026-09-05,2046,n,0.35000000000000003,SNPP,0.56,288.69,SNPP,N,2.0NRT,5.08,339.81
20.96822,85.15479,2026-09-05,2046,n,0.35000000000000003,SNPP,0.56,288.01,SNPP,N,2.0NRT,2.87,307.93
20.96611,85.16463,2026-09-05,2046,n,0.35000000000000003,SNPP,0.56,287.47,SNPP,N,2.0NRT,1.9300000000000002,307.29
20.9654,85.16793,2026-09-05,2046,n,0.35000000000000003,SNPP,0.56,286.58,SNPP,N,2.0NRT,2.04,305.85
20.9647,85.1712,2026-09-05,2046,n,0.35000000000000003,SNPP,0.5700000000000001,285.55,SNPP,N,2.0NRT,2.04,303.06
20.96185,85.18448,2026-09-05,2046,n,0.35000000000000003,SNPP,0.5700000000000001,287.37,SNPP,N,2.0NRT,4.52,315.38
20.96112,85.18789,2026-09-05,2046,n,0.35000000000000003,SNPP,0.5700000000000001,287.6,SNPP,N,2.0NRT,1.67,314.48
21.57817,82.02279,2026-09-05,2046,n,0.43,SNPP,0.46,285.6,SNPP,N,2.0NRT,1.82,298.05
20.95634,85.01005,2026-09-05,2046,n,0.34,SNPP,0.56,288.16,SNPP,N,2.0NRT,1.6099999999999999,303.16
20.95564,85.01325,2026-09-05,2046,n,0.34,SNPP,0.56,288.22,SNPP,N,2.0NRT,1.33,305.69
20.88604,84.98206,2026-09-05,2046,n,0.34,SNPP,0.56,288.97,SNPP,N,2.0NRT,1.67,325.41
20.88534,84.98534,2026-09-05,2046,n,0.34,SNPP,0.56,288.63,SNPP,N,2.0NRT,1.67,305.67
26.75865,83.20107,2026-09-05,2046,n,0.41000000000000003,SNPP,0.45,284.8,SNPP,N,2.0NRT,1.1,303.4
23.66354,87.15416,2026-09-05,2046,n,0.41000000000000003,SNPP,0.6000000000000001,280.21,SNPP,N,2.0NRT,2.85,309.16
23.66264,87.15807,2026-09-05,2046,n,0.41000000000000003,SNPP,0.6000000000000001,280.27,SNPP,N,2.0NRT,2.21,305.04
23.75916,86.40092,2026-09-05,2046,n,0.36,SNPP,0.58,258.38,SNPP,N,2.0NRT,1.87,297.2
23.74075,86.43363,2026-09-05,2046,n,0.37,SNPP,0.58,278.08,SNPP,N,2.0NRT,1.4100000000000001,304.09
23.73551,86.43227,2026-09-05,2046,n,0.37,SNPP,0.58,276.83,SNPP,N,2.0NRT,1.6800000000000002,309.67
24.44885,83.0391,2026-09-05,2046,n,0.44,SNPP,0.46,280.08,SNPP,N,2.0NRT,0.66,300.77
23.71498,86.44942,2026-09-05,2046,n,0.37,SNPP,0.58,284.92,SNPP,N,2.0NRT,2.22,307.91
23.70973,86.44808,2026-09-05,2046,n,0.37,SNPP,0.58,285.54,SNPP,N,2.0NRT,2.15,315.23
23.69034,86.43555,2026-09-05,2046,n,0.37,SNPP,0.58,281.46,SNPP,N,2.0NRT,0.77,303.17
23.68354,86.3924,2026-09-05,2046,n,0.36,SNPP,0.58,287.63,SNPP,N,2.0NRT,4.39,317.36
23.67989,86.39262,2026-09-05,2046,n,0.36,SNPP,0.58,287.59,SNPP,N,2.0NRT,1.9,310.41
23.67911,86.39612,2026-09-05,2046,n,0.36,SNPP,0.58,288.37,SNPP,N,2.0NRT,1.9,308.56
23.67832,86.39969,2026-09-05,2046,n,0.36,SNPP,0.58,288.74,SNPP,N,2.0NRT,3.47,311.12
23.75568,85.85284,2026-09-05,2046,n,0.34,SNPP,0.56,277.94,SNPP,N,2.0NRT,0.97,304.07
23.70117,86.07451,2026-09-05,2046,n,0.35000000000000003,SNPP,0.5700000000000001,266.21,SNPP,N,2.0NRT,0.77,298.32
23.69453,86.07994,2026-09-05,2046,n,0.35000000000000003,SNPP,0.5700000000000001,272.29,SNPP,N,2.0NRT,0.75,302.22
23.68052,86.094,2026-09-05,2046,n,0.35000000000000003,SNPP,0.5700000000000001,274.43,SNPP,N,2.0NRT,0.93,301.32
23.67692,86.08581,2026-09-05,2046,n,0.35000000000000003,SNPP,0.5700000000000001,277.3,SNPP,N,2.0NRT,1.1,305.12
23.79019,85.55246,2026-09-05,2046,n,0.32,SNPP,0.55,282.49,SNPP,N,2.0NRT,0.87,308.47
23.78521,85.55125,2026-09-05,2046,n,0.32,SNPP,0.55,282.31,SNPP,N,2.0NRT,0.87,307.79
23.5474,86.53539,2026-09-05,2046,n,0.37,SNPP,0.58,280.35,SNPP,N,2.0NRT,0.53,301.35
23.69439,85.372,2026-09-05,2046,n,0.63,SNPP,0.54,279.18,SNPP,N,2.0NRT,3.4,308.29
23.65894,85.50828,2026-09-05,2046,n,0.32,SNPP,0.55,285.19,SNPP,N,2.0NRT,1.23,303.09
23.6945,85.37199,2026-09-05,2046,n,0.63,SNPP,0.54,281.38,SNPP,N,2.0NRT,3.98,309.93
23.65503,85.5074,2026-09-05,2046,n,0.32,SNPP,0.55,283.93,SNPP,N,2.0NRT,1.06,307.41
23.64934,85.43687,2026-09-05,2046,n,0.32,SNPP,0.54,271.74,SNPP,N,2.0NRT,0.32,299.05
23.64866,85.44,2026-09-05,2046,n,0.32,SNPP,0.54,274.08,SNPP,N,2.0NRT,0.32,299.87
22.87299,86.06194,2026-09-05,2046,n,0.36,SNPP,0.5700000000000001,289.02,SNPP,N,2.0NRT,1.62,318.0
22.87465,86.06137,2026-09-05,2046,n,0.36,SNPP,0.5700000000000001,288.82,SNPP,N,2.0NRT,0.9,308.9
22.87387,86.06493,2026-09-05,2046,n,0.36,SNPP,0.5700000000000001,288.81,SNPP,N,2.0NRT,0.9,304.88
22.79832,86.20602,2026-09-05,2046,n,0.37,SNPP,0.58,288.96,SNPP,N,2.0NRT,1.44,319.84
22.7975,86.20966,2026-09-05,2046,n,0.37,SNPP,0.58,288.97,SNPP,N,2.0NRT,1.44,308.81
22.78704,86.20657,2026-09-05,2046,n,0.37,SNPP,0.58,289.55,SNPP,N,2.0NRT,2.71,336.36
22.78942,86.19597,2026-09-05,2046,n,0.37,SNPP,0.58,289.55,SNPP,N,2.0NRT,1.26,308.1
22.78863,86.19949,2026-09-05,2046,n,0.37,SNPP,0.58,289.8,SNPP,N,2.0NRT,1.26,306.0
22.78784,86.20303,2026-09-05,2046,n,0.37,SNPP,0.58,289.34,SNPP,N,2.0NRT,2.71,309.19
17.61234,83.206,2026-09-05,2046,n,0.6000000000000001,SNPP,0.53,289.95,SNPP,N,2.0NRT,2.84,310.53
17.60749,83.20487,2026-09-05,2046,n,0.6000000000000001,SNPP,0.53,289.69,SNPP,N,2.0NRT,2.84,311.25
17.95661,80.79498,2026-09-05,2046,n,0.42,SNPP,0.45,285.82,SNPP,N,2.0NRT,1.26,302.11
18.04078,74.8643,2026-09-05,2046,n,0.38,SNPP,0.36,290.71,SNPP,N,2.0NRT,0.8300000000000001,310.8
17.14167,77.18513,2026-09-05,2046,n,0.42,SNPP,0.38,292.92,SNPP,N,2.0NRT,1.6800000000000002,308.39
17.13956,77.17656,2026-09-05,2046,n,0.42,SNPP,0.38,293.0,SNPP,N,2.0NRT,1.56,306.26
15.3352,76.28614,2026-09-05,2046,n,0.41000000000000003,SNPP,0.37,291.87,SNPP,N,2.0NRT,0.84,312.29
15.33179,76.28551,2026-09-05,2046,n,0.41000000000000003,SNPP,0.37,291.01,SNPP,N,2.0NRT,0.84,303.39
15.02384,78.01737,2026-09-05,2046,n,0.49,SNPP,0.4,294.41,SNPP,N,2.0NRT,2.21,309.76
15.17896,77.10342,2026-09-05,2046,n,0.44,SNPP,0.38,291.83,SNPP,N,2.0NRT,1.47,307.02
15.17545,77.10278,2026-09-05,2046,n,0.44,SNPP,0.38,292.02,SNPP,N,2.0NRT,1.48,306.89
15.22675,76.76101,2026-09-05,2046,n,0.43,SNPP,0.38,291.57,SNPP,N,2.0NRT,1.06,305.38
15.22608,76.76495,2026-09-05,2046,n,0.43,SNPP,0.38,291.56,SNPP,N,2.0NRT,1.06,308.86
15.309,76.2541,2026-09-05,2046,n,0.41000000000000003,SNPP,0.37,290.92,SNPP,N,2.0NRT,0.61,302.96
15.3005,76.22136,2026-09-05,2046,n,0.41000000000000003,SNPP,0.37,291.33,SNPP,N,2.0NRT,0.72,303.55
15.65914,73.98743,2026-09-05,2046,n,0.39,SNPP,0.36,290.25,SNPP,N,2.0NRT,0.59,304.12
15.65858,73.99101,2026-09-05,2046,n,0.39,SNPP,0.36,289.16,SNPP,N,2.0NRT,0.59,308.41
15.17463,76.78519,2026-09-05,2046,n,0.43,SNPP,0.38,291.85,SNPP,N,2.0NRT,2.58,305.64
15.18671,76.64958,2026-09-05,2046,n,0.42,SNPP,0.38,292.46,SNPP,N,2.0NRT,1.58,306.13
15.18408,76.66525,2026-09-05,2046,n,0.42,SNPP,0.38,291.73,SNPP,N,2.0NRT,1.48,309.32
15.18342,76.66917,2026-09-05,2046,n,0.42,SNPP,0.38,292.33,SNPP,N,2.0NRT,1.48,318.33
15.18062,76.66463,2026-09-05,2046,n,0.42,SNPP,0.38,292.43,SNPP,N,2.0NRT,1.48,307.28
15.17865,76.67638,2026-09-05,2046,n,0.42,SNPP,0.38,293.14,SNPP,N,2.0NRT,2.25,308.7
15.17849,76.65616,2026-09-05,2046,n,0.42,SNPP,0.38,293.73,SNPP,N,2.0NRT,1.51,318.32
15.17783,76.66007,2026-09-05,2046,n,0.42,SNPP,0.38,292.41,SNPP,N,2.0NRT,1.51,308.24
15.17519,76.67574,2026-09-05,2046,n,0.42,SNPP,0.38,291.78,SNPP,N,2.0NRT,1.16,306.33
15.17453,76.67966,2026-09-05,2046,n,0.42,SNPP,0.38,292.15,SNPP,N,2.0NRT,1.17,305.76
15.17255,76.69141,2026-09-05,2046,n,0.42,SNPP,0.38,292.3,SNPP,N,2.0NRT,2.3,319.54
15.17504,76.65553,2026-09-05,2046,n,0.42,SNPP,0.38,293.05,SNPP,N,2.0NRT,1.51,312.27
15.16894,76.67054,2026-09-05,2046,n,0.42,SNPP,0.38,292.39,SNPP,N,2.0NRT,0.73,306.65
15.16829,76.67445,2026-09-05,2046,n,0.42,SNPP,0.38,292.09,SNPP,N,2.0NRT,0.73,305.39
15.13741,76.7094,2026-09-05,2046,n,0.43,SNPP,0.38,291.66,SNPP,N,2.0NRT,1.1400000000000001,307.17
15.18638,76.31535,2026-09-05,2046,n,0.41000000000000003,SNPP,0.37,292.18,SNPP,N,2.0NRT,1.3900000000000001,313.8
15.17135,76.38354,2026-09-05,2046,n,0.41000000000000003,SNPP,0.37,291.53,SNPP,N,2.0NRT,0.76,305.11
15.16858,76.3791,2026-09-05,2046,n,0.41000000000000003,SNPP,0.37,292.21,SNPP,N,2.0NRT,1.6400000000000001,314.2
15.07068,76.86605,2026-09-05,2046,n,0.43,SNPP,0.38,292.31,SNPP,N,2.0NRT,2.19,305.47
14.15012,77.59451,2026-09-05,2049,n,0.48,SNPP,0.4,293.27,SNPP,N,2.0NRT,1.16,305.37
14.15089,77.59003,2026-09-05,2049,n,0.48,SNPP,0.4,293.75,SNPP,N,2.0NRT,2.02,320.11
11.6361,77.65678,2026-09-05,2049,n,0.52,SNPP,0.41000000000000003,290.59,SNPP,N,2.0NRT,2.4,327.2
12.62502,79.78784,2026-09-05,2049,n,0.44,SNPP,0.46,289.72,SNPP,N,2.0NRT,1.63,308.38
17.60913,83.20568,2026-09-05,2049,n,0.6000000000000001,SNPP,0.53,290.33,SNPP,N,2.0NRT,6.72,317.89
17.6949,83.24507,2026-09-05,2049,n,0.6000000000000001,SNPP,0.53,290.69,SNPP,N,2.0NRT,3.38,309.35
18.71578,79.54022,2026-09-05,2049,n,0.52,SNPP,0.41000000000000003,290.52,SNPP,N,2.0NRT,1.46,308.94
18.72045,79.53607,2026-09-05,2049,n,0.52,SNPP,0.41000000000000003,290.76,SNPP,N,2.0NRT,1.46,307.44
19.09932,82.16781,2026-09-05,2049,n,0.49,SNPP,0.48,288.78,SNPP,N,2.0NRT,3.2,317.65
19.10373,82.16882,2026-09-05,2049,n,0.49,SNPP,0.48,289.24,SNPP,N,2.0NRT,1.32,307.37
8.12086,80.55772,2026-09-05,2049,n,0.6000000000000001,SNPP,0.53,284.69,SNPP,N,2.0NRT,1.13,304.17
13.41842,75.98045,2026-09-05,2049,n,0.42,SNPP,0.37,291.32,SNPP,N,2.0NRT,0.73,306.9
13.16123,80.28672,2026-09-05,2049,n,0.47000000000000003,SNPP,0.48,289.72,SNPP,N,2.0NRT,2.49,323.74
20.90938,71.45822,2026-09-05,2049,n,0.51,SNPP,0.41000000000000003,293.48,SNPP,N,2.0NRT,1.45,311.03
21.1028,72.63883,2026-09-05,2049,n,0.45,SNPP,0.39,292.33,SNPP,N,2.0NRT,4.18,305.88
21.10341,72.63448,2026-09-05,2049,n,0.45,SNPP,0.39,292.52,SNPP,N,2.0NRT,5.41,327.06
21.10517,72.6481,2026-09-05,2049,n,0.45,SNPP,0.39,294.04,SNPP,N,2.0NRT,6.41,316.64
21.10577,72.64375,2026-09-05,2049,n,0.45,SNPP,0.39,294.54,SNPP,N,2.0NRT,8.99,331.2
21.11057,72.63561,2026-09-05,2049,n,0.45,SNPP,0.39,293.99,SNPP,N,2.0NRT,4.62,313.66
20.65857,78.49527,2026-09-05,2049,n,0.44,SNPP,0.38,289.97,SNPP,N,2.0NRT,0.7000000000000001,304.78
13.16061,80.2888,2026-09-05,2049,n,0.47000000000000003,SNPP,0.48,289.67,SNPP,N,2.0NRT,1.1,315.1
13.16142,80.28448,2026-09-05,2049,n,0.47000000000000003,SNPP,0.48,289.81,SNPP,N,2.0NRT,1.99,309.21
13.89843,76.56497,2026-09-05,2049,n,0.43,SNPP,0.38,293.28,SNPP,N,2.0NRT,1.25,313.55
13.71024,79.61983,2026-09-05,2049,n,0.42,SNPP,0.45,293.37,SNPP,N,2.0NRT,1.7000000000000002,308.48
28.49895,97.02425,2026-09-06,620,n,0.49,SNPP,0.49,290.41,SNPP,D,2.0NRT,5.06,334.33
27.85909,95.18375,2026-09-06,620,n,0.32,SNPP,0.55,289.01,SNPP,D,2.0NRT,2.18,328.42
27.85981,95.18361,2026-09-06,620,n,0.32,SNPP,0.55,289.13,SNPP,D,2.0NRT,1.57,327.99
27.88107,96.92548,2026-09-06,620,n,0.51,SNPP,0.49,292.87,SNPP,D,2.0NRT,5.9,340.0
27.87505,96.91943,2026-09-06,620,n,0.51,SNPP,0.49,293.34,SNPP,D,2.0NRT,5.64,330.24
27.87594,96.92361,2026-09-06,620,n,0.51,SNPP,0.49,292.76,SNPP,D,2.0NRT,13.81,352.66
27.87185,96.92667,2026-09-06,620,n,0.51,SNPP,0.49,293.57,SNPP,D,2.0NRT,13.81,355.9
8.74934,80.53089,2026-09-06,756,l,0.48,SNPP,0.4,301.56,SNPP,D,2.0NRT,11.42,339.58
8.7964,80.58931,2026-09-06,756,n,0.47000000000000003,SNPP,0.4,298.48,SNPP,D,2.0NRT,7.92,345.2
8.89856,80.87868,2026-09-06,756,n,0.46,SNPP,0.39,298.42,SNPP,D,2.0NRT,4.45,333.91
8.89988,80.87962,2026-09-06,756,l,0.46,SNPP,0.39,297.62,SNPP,D,2.0NRT,5.99,330.52
8.89297,80.58804,2026-09-06,756,l,0.47000000000000003,SNPP,0.4,300.99,SNPP,D,2.0NRT,11.58,339.2
8.953710000000001,80.87083,2026-09-06,756,n,0.46,SNPP,0.39,296.18,SNPP,D,2.0NRT,4.19,333.82
8.94726,80.80805,2026-09-06,756,l,0.46,SNPP,0.39,296.71,SNPP,D,2.0NRT,4.8100000000000005,330.28
8.92181,80.53501,2026-09-06,756,l,0.47000000000000003,SNPP,0.4,294.82,SNPP,D,2.0NRT,7.21,334.74
8.91521,80.44745,2026-09-06,756,n,0.48,SNPP,0.4,296.84,SNPP,D,2.0NRT,6.67,345.28
8.97766,80.79027,2026-09-06,756,l,0.46,SNPP,0.39,299.52,SNPP,D,2.0NRT,10.07,330.64
8.99992,80.78308,2026-09-06,756,n,0.46,SNPP,0.39,295.46,SNPP,D,2.0NRT,7.0,342.03
8.64496,78.06096,2026-09-06,756,n,0.44,SNPP,0.46,298.39,SNPP,D,2.0NRT,3.84,334.28
8.64313,78.06151,2026-09-06,756,n,0.44,SNPP,0.46,298.2,SNPP,D,2.0NRT,3.63,334.8
8.69569,77.7998,2026-09-06,756,n,0.46,SNPP,0.47000000000000003,299.54,SNPP,D,2.0NRT,12.9,344.6
9.21651,80.32494,2026-09-06,756,l,0.48,SNPP,0.4,297.82,SNPP,D,2.0NRT,8.53,334.09
8.751290000000001,77.44485,2026-09-06,756,n,0.48,SNPP,0.48,299.3,SNPP,D,2.0NRT,6.9,343.06
9.38268,80.52093,2026-09-06,756,l,0.47000000000000003,SNPP,0.4,294.06,SNPP,D,2.0NRT,7.72,330.96
9.379950000000001,80.32283,2026-09-06,756,n,0.48,SNPP,0.4,298.09,SNPP,D,2.0NRT,8.4,337.54
9.23311,78.75137,2026-09-06,756,n,0.39,SNPP,0.44,297.91,SNPP,D,2.0NRT,2.59,337.36
9.69221,77.82102,2026-09-06,756,n,0.44,SNPP,0.46,294.22,SNPP,D,2.0NRT,4.64,340.85
9.78295,77.51691,2026-09-06,756,n,0.46,SNPP,0.47000000000000003,289.11,SNPP,D,2.0NRT,10.03,340.9
11.19149,79.82079,2026-09-06,756,n,0.48,SNPP,0.4,293.68,SNPP,D,2.0NRT,6.32,338.01
11.73491,76.77407,2026-09-06,756,n,0.48,SNPP,0.48,295.97,SNPP,D,2.0NRT,6.41,338.02
6.41315,81.08602,2026-09-06,756,l,0.48,SNPP,0.4,300.91,SNPP,D,2.0NRT,21.13,334.96
6.38152,81.02921,2026-09-06,756,n,0.48,SNPP,0.4,299.39,SNPP,D,2.0NRT,3.96,337.57
6.22826,80.84173,2026-09-06,756,n,0.49,SNPP,0.4,303.5,SNPP,D,2.0NRT,6.27,335.94
6.14477,81.02021,2026-09-06,756,n,0.48,SNPP,0.4,299.55,SNPP,D,2.0NRT,6.65,334.72
6.13792,81.04801,2026-09-06,756,l,0.48,SNPP,0.4,298.08,SNPP,D,2.0NRT,4.6,333.95
7.89036,80.43704,2026-09-06,756,l,0.49,SNPP,0.4,297.47,SNPP,D,2.0NRT,13.18,342.62
8.61943,80.69527,2026-09-06,756,l,0.47000000000000003,SNPP,0.4,299.75,SNPP,D,2.0NRT,7.65,333.64
8.60105,80.55779,2026-09-06,756,l,0.48,SNPP,0.4,299.55,SNPP,D,2.0NRT,17.5,345.36
8.62829,80.68075,2026-09-06,756,l,0.47000000000000003,SNPP,0.4,300.46,SNPP,D,2.0NRT,8.73,330.67
8.63741,80.64435,2026-09-06,756,l,0.47000000000000003,SNPP,0.4,300.41,SNPP,D,2.0NRT,4.35,330.11
8.63712,80.64507,2026-09-06,756,l,0.47000000000000003,SNPP,0.4,300.83,SNPP,D,2.0NRT,5.86,330.48
8.23612,80.1665,2026-09-06,756,l,0.5,SNPP,0.41000000000000003,299.55,SNPP,D,2.0NRT,6.0,338.29
8.25071,80.2575,2026-09-06,756,l,0.5,SNPP,0.41000000000000003,299.64,SNPP,D,2.0NRT,4.58,331.3
8.29433,80.57742,2026-09-06,756,l,0.48,SNPP,0.4,296.58,SNPP,D,2.0NRT,15.45,331.23
8.23099,80.32535,2026-09-06,756,n,0.49,SNPP,0.41000000000000003,296.16,SNPP,D,2.0NRT,2.74,335.4
8.22726,80.32596,2026-09-06,756,n,0.49,SNPP,0.41000000000000003,296.89,SNPP,D,2.0NRT,2.74,334.35
8.30794,81.00919,2026-09-06,756,n,0.46,SNPP,0.39,296.67,SNPP,D,2.0NRT,5.61,332.94
8.22669,80.60183,2026-09-06,756,l,0.48,SNPP,0.4,299.46,SNPP,D,2.0NRT,4.55,335.12
8.27718,81.00146,2026-09-06,756,l,0.46,SNPP,0.39,297.76,SNPP,D,2.0NRT,8.12,331.91
8.15541,80.45531,2026-09-06,756,n,0.49,SNPP,0.4,299.82,SNPP,D,2.0NRT,7.45,335.29
8.08336,80.1761,2026-09-06,756,n,0.51,SNPP,0.41000000000000003,298.36,SNPP,D,2.0NRT,8.84,336.55
8.12533,80.55049,2026-09-06,756,l,0.48,SNPP,0.4,302.12,SNPP,D,2.0NRT,5.23,332.17
8.11108,80.60191,2026-09-06,756,l,0.48,SNPP,0.4,300.27,SNPP,D,2.0NRT,4.13,333.84
8.03835,80.35418,2026-09-06,756,n,0.5,SNPP,0.41000000000000003,296.93,SNPP,D,2.0NRT,7.63,341.72
7.95103,80.12518,2026-09-06,756,n,0.51,SNPP,0.41000000000000003,298.53,SNPP,D,2.0NRT,8.13,336.62
8.02274,80.63313,2026-09-06,756,l,0.48,SNPP,0.4,300.64,SNPP,D,2.0NRT,11.54,340.91
7.91617,80.31277,2026-09-06,756,l,0.5,SNPP,0.41000000000000003,298.42,SNPP,D,2.0NRT,13.18,333.74
7.87201,80.30141,2026-09-06,756,n,0.5,SNPP,0.41000000000000003,299.8,SNPP,D,2.0NRT,7.11,344.8
7.77909,81.10803,2026-09-06,756,n,0.46,SNPP,0.39,294.64,SNPP,D,2.0NRT,4.55,332.78
7.95897,81.18918,2026-09-06,756,l,0.45,SNPP,0.39,301.56,SNPP,D,2.0NRT,5.46,332.46
8.00894,81.30312,2026-09-06,756,n,0.45,SNPP,0.39,297.93,SNPP,D,2.0NRT,2.9699999999999998,331.75
8.01671,81.30602,2026-09-06,756,l,0.45,SNPP,0.39,299.87,SNPP,D,2.0NRT,9.02,337.18
7.84201,80.23619,2026-09-06,756,l,0.51,SNPP,0.41000000000000003,298.92,SNPP,D,2.0NRT,4.13,331.24
7.8412500000000005,80.23163,2026-09-06,756,l,0.51,SNPP,0.41000000000000003,298.44,SNPP,D,2.0NRT,6.36,331.08
7.84577,80.23558,2026-09-06,756,n,0.51,SNPP,0.41000000000000003,298.88,SNPP,D,2.0NRT,4.13,336.04
7.69491,80.81984,2026-09-06,756,n,0.47000000000000003,SNPP,0.4,300.54,SNPP,D,2.0NRT,7.2,335.43
7.6956500000000005,80.82321,2026-09-06,756,l,0.47000000000000003,SNPP,0.4,301.46,SNPP,D,2.0NRT,5.79,335.67
7.60936,80.93732,2026-09-06,756,l,0.47000000000000003,SNPP,0.4,301.95,SNPP,D,2.0NRT,7.12,335.7
7.61005,80.94154,2026-09-06,756,l,0.47000000000000003,SNPP,0.4,301.28,SNPP,D,2.0NRT,7.12,332.01
7.61,80.94065,2026-09-06,756,l,0.47000000000000003,SNPP,0.4,303.6,SNPP,D,2.0NRT,13.52,342.03
7.42859,81.66696,2026-09-06,756,l,0.44,SNPP,0.38,299.72,SNPP,D,2.0NRT,4.84,333.37
7.41811,81.62414,2026-09-06,756,n,0.44,SNPP,0.38,296.76,SNPP,D,2.0NRT,4.13,335.55
7.42337,81.72427,2026-09-06,756,l,0.43,SNPP,0.38,301.47,SNPP,D,2.0NRT,3.38,335.7
7.3712,81.71616,2026-09-06,756,l,0.44,SNPP,0.38,301.78,SNPP,D,2.0NRT,5.74,339.08
7.33192,81.83062,2026-09-06,756,l,0.43,SNPP,0.38,303.51,SNPP,D,2.0NRT,7.0,340.22
7.22925,81.54749,2026-09-06,756,n,0.44,SNPP,0.39,303.72,SNPP,D,2.0NRT,12.05,348.48
7.10436,81.25865,2026-09-06,756,l,0.46,SNPP,0.39,299.99,SNPP,D,2.0NRT,10.5,337.91
6.99438,81.5918,2026-09-06,756,l,0.44,SNPP,0.39,303.3,SNPP,D,2.0NRT,6.7,337.1
6.99694,81.60781,2026-09-06,756,n,0.44,SNPP,0.39,305.41,SNPP,D,2.0NRT,6.84,336.99
6.986,81.5849,2026-09-06,756,n,0.44,SNPP,0.39,305.94,SNPP,D,2.0NRT,12.33,348.85
6.98664,81.5889,2026-09-06,756,n,0.44,SNPP,0.39,304.69,SNPP,D,2.0NRT,13.38,342.62
6.98437,81.59746,2026-09-06,756,n,0.44,SNPP,0.39,305.09,SNPP,D,2.0NRT,10.62,342.97
6.85239,81.03367,2026-09-06,756,n,0.47000000000000003,SNPP,0.4,294.64,SNPP,D,2.0NRT,3.41,332.47
6.86452,81.32029,2026-09-06,756,n,0.46,SNPP,0.39,300.65,SNPP,D,2.0NRT,6.07,338.43
6.8483,81.40302,2026-09-06,756,l,0.45,SNPP,0.39,301.76,SNPP,D,2.0NRT,3.42,337.34
6.8797,81.66669,2026-09-06,756,l,0.44,SNPP,0.38,304.13,SNPP,D,2.0NRT,5.67,332.17
6.88034,81.67067,2026-09-06,756,n,0.44,SNPP,0.38,306.22,SNPP,D,2.0NRT,19.23,353.84
6.88098,81.67465,2026-09-06,756,n,0.44,SNPP,0.38,309.71,SNPP,D,2.0NRT,19.23,353.37
6.8768,81.67124,2026-09-06,756,n,0.44,SNPP,0.38,305.84,SNPP,D,2.0NRT,19.23,355.75
6.87744,81.67522,2026-09-06,756,n,0.44,SNPP,0.38,305.46,SNPP,D,2.0NRT,19.23,347.51
6.84022,81.46677,2026-09-06,756,n,0.45,SNPP,0.39,308.37,SNPP,D,2.0NRT,10.8,355.22
6.82884,81.46439,2026-09-06,756,l,0.45,SNPP,0.39,304.77,SNPP,D,2.0NRT,2.93,331.15
6.814,81.52053,2026-09-06,756,l,0.45,SNPP,0.39,304.51,SNPP,D,2.0NRT,6.31,341.56
6.78676,81.53317,2026-09-06,756,l,0.45,SNPP,0.39,305.84,SNPP,D,2.0NRT,6.74,340.98
6.75454,81.35403,2026-09-06,756,n,0.46,SNPP,0.39,305.88,SNPP,D,2.0NRT,11.62,349.67
6.61357,80.78343,2026-09-06,756,n,0.49,SNPP,0.4,298.05,SNPP,D,2.0NRT,4.7,338.79
6.70751,81.38259,2026-09-06,756,l,0.46,SNPP,0.39,304.87,SNPP,D,2.0NRT,11.19,337.54
6.61155,80.78236,2026-09-06,756,n,0.49,SNPP,0.4,297.81,SNPP,D,2.0NRT,2.15,330.68
6.59875,80.79769,2026-09-06,756,l,0.49,SNPP,0.4,297.39,SNPP,D,2.0NRT,6.85,332.09
6.60208,80.96151,2026-09-06,756,l,0.48,SNPP,0.4,305.28,SNPP,D,2.0NRT,6.43,332.27
6.52079,80.76308,2026-09-06,756,n,0.49,SNPP,0.4,299.43,SNPP,D,2.0NRT,3.7,332.35
6.51854,80.91232,2026-09-06,756,l,0.48,SNPP,0.4,301.07,SNPP,D,2.0NRT,4.88,333.81
6.52024,80.91105,2026-09-06,756,l,0.48,SNPP,0.4,302.82,SNPP,D,2.0NRT,5.9,335.82
6.45064,81.04218,2026-09-06,756,l,0.48,SNPP,0.4,299.3,SNPP,D,2.0NRT,4.44,335.99
6.3734,80.78799,2026-09-06,756,n,0.49,SNPP,0.4,302.26,SNPP,D,2.0NRT,8.95,347.93
8.25819,80.25628,2026-09-06,756,l,0.5,SNPP,0.41000000000000003,299.47,SNPP,D,2.0NRT,8.63,337.49
8.2361,80.16422,2026-09-06,756,l,0.5,SNPP,0.41000000000000003,300.06,SNPP,D,2.0NRT,5.42,336.92
8.255,80.25446,2026-09-06,756,l,0.5,SNPP,0.41000000000000003,299.29,SNPP,D,2.0NRT,4.7,334.57
8.26466,80.15013,2026-09-06,756,l,0.5,SNPP,0.41000000000000003,295.15,SNPP,D,2.0NRT,1.55,332.6
8.26842,80.14952,2026-09-06,756,n,0.5,SNPP,0.41000000000000003,297.91,SNPP,D,2.0NRT,10.91,346.01
8.29321,80.18297,2026-09-06,756,n,0.5,SNPP,0.41000000000000003,298.89,SNPP,D,2.0NRT,9.1,340.21
8.40032,80.43282,2026-09-06,756,l,0.49,SNPP,0.4,301.27,SNPP,D,2.0NRT,14.49,349.45
8.36934,80.17639,2026-09-06,756,l,0.5,SNPP,0.41000000000000003,294.62,SNPP,D,2.0NRT,12.84,338.25
8.48052,80.82955,2026-09-06,756,l,0.46,SNPP,0.39,302.42,SNPP,D,2.0NRT,12.26,340.74
8.4589,80.62856,2026-09-06,756,l,0.47000000000000003,SNPP,0.4,298.1,SNPP,D,2.0NRT,6.95,335.02
8.48561,80.74661,2026-09-06,756,l,0.47000000000000003,SNPP,0.4,302.15,SNPP,D,2.0NRT,6.65,333.16
8.42356,80.34282,2026-09-06,756,n,0.49,SNPP,0.4,297.82,SNPP,D,2.0NRT,4.74,332.46
8.50583,80.82543,2026-09-06,756,l,0.46,SNPP,0.39,303.37,SNPP,D,2.0NRT,15.74,345.18
8.51488,80.78951,2026-09-06,756,l,0.46,SNPP,0.39,299.95,SNPP,D,2.0NRT,7.49,340.7
8.53316,80.83387,2026-09-06,756,n,0.46,SNPP,0.39,298.66,SNPP,D,2.0NRT,10.43,343.15
8.47988,80.45582,2026-09-06,756,l,0.48,SNPP,0.4,298.07,SNPP,D,2.0NRT,5.17,333.2
8.51461,80.60179,2026-09-06,756,n,0.47000000000000003,SNPP,0.4,301.69,SNPP,D,2.0NRT,13.37,354.81
8.51827,80.60117,2026-09-06,756,h,0.47000000000000003,SNPP,0.4,301.36,SNPP,D,2.0NRT,18.88,367.0
8.51295,80.54437,2026-09-06,756,n,0.48,SNPP,0.4,295.51,SNPP,D,2.0NRT,3.69,332.69
8.51251,80.54554,2026-09-06,756,l,0.48,SNPP,0.4,296.75,SNPP,D,2.0NRT,3.9,331.71
8.5646,80.74776,2026-09-06,756,l,0.47000000000000003,SNPP,0.39,300.17,SNPP,D,2.0NRT,40.67,343.58
8.4977,80.24945,2026-09-06,756,n,0.49,SNPP,0.41000000000000003,300.89,SNPP,D,2.0NRT,15.55,349.04
8.56329,80.62575,2026-09-06,756,l,0.47000000000000003,SNPP,0.4,301.67,SNPP,D,2.0NRT,11.53,340.26
8.50974,80.18266,2026-09-06,756,l,0.5,SNPP,0.41000000000000003,294.4,SNPP,D,2.0NRT,23.97,335.74
8.64888,80.62563,2026-09-06,756,l,0.47000000000000003,SNPP,0.4,298.56,SNPP,D,2.0NRT,6.18,335.0
8.65905,80.50457,2026-09-06,756,n,0.48,SNPP,0.4,297.52,SNPP,D,2.0NRT,10.58,345.93
8.69938,80.40393,2026-09-06,756,n,0.48,SNPP,0.4,298.17,SNPP,D,2.0NRT,6.06,335.76
8.75005,80.53522,2026-09-06,756,l,0.48,SNPP,0.4,300.56,SNPP,D,2.0NRT,16.54,338.42
8.78857,80.56424,2026-09-06,756,n,0.47000000000000003,SNPP,0.4,295.9,SNPP,D,2.0NRT,5.45,331.8
18.31238,82.37919,2026-09-06,758,n,0.39,SNPP,0.36,298.13,SNPP,D,2.0NRT,2.64,333.51
17.24984,78.81324,2026-09-06,758,n,0.46,SNPP,0.39,299.0,SNPP,D,2.0NRT,4.69,332.6
17.6088,83.20451,2026-09-06,758,n,0.4,SNPP,0.37,297.88,SNPP,D,2.0NRT,4.73,330.67
17.31903,82.25283,2026-09-06,758,n,0.38,SNPP,0.36,297.73,SNPP,D,2.0NRT,3.74,335.47
15.18268,76.66901,2026-09-06,758,n,0.43,SNPP,0.46,301.2,SNPP,D,2.0NRT,4.48,335.64
15.17639,76.65804,2026-09-06,758,l,0.43,SNPP,0.46,301.52,SNPP,D,2.0NRT,4.8100000000000005,330.31
15.08584,77.31924,2026-09-06,758,n,0.39,SNPP,0.44,300.95,SNPP,D,2.0NRT,7.01,341.72
14.64825,75.44234,2026-09-06,758,n,0.52,SNPP,0.5,296.4,SNPP,D,2.0NRT,4.6,340.81
14.76573,77.04627,2026-09-06,758,n,0.41000000000000003,SNPP,0.45,304.13,SNPP,D,2.0NRT,5.72,346.38
14.90104,77.50089,2026-09-06,758,n,0.38,SNPP,0.43,298.4,SNPP,D,2.0NRT,7.0,342.54
20.96956,86.01638,2026-09-06,758,n,0.56,SNPP,0.43,296.57,SNPP,D,2.0NRT,7.92,333.55
18.70286,72.34399,2026-09-06,758,n,0.35000000000000003,SNPP,0.56,290.85,SNPP,D,2.0NRT,1.7000000000000002,327.4
20.53382,85.9104,2026-09-06,758,n,0.54,SNPP,0.42,292.52,SNPP,D,2.0NRT,7.0,336.89
19.33445,83.43093,2026-09-06,758,n,0.41000000000000003,SNPP,0.37,302.13,SNPP,D,2.0NRT,3.33,334.55
23.63325,70.43996,2026-09-06,801,n,0.36,SNPP,0.58,295.9,SNPP,D,2.0NRT,4.13,335.41
25.70847,73.58088,2026-09-06,801,n,0.43,SNPP,0.46,298.37,SNPP,D,2.0NRT,2.5,331.75
24.1597,82.56544,2026-09-06,801,n,0.42,SNPP,0.38,294.03,SNPP,D,2.0NRT,3.44,335.99
21.10245,72.63563,2026-09-06,801,n,0.6000000000000001,SNPP,0.53,291.91,SNPP,D,2.0NRT,7.51,335.21
21.10482,72.64702,2026-09-06,801,n,0.6000000000000001,SNPP,0.53,294.61,SNPP,D,2.0NRT,6.89,334.96
22.36074,82.30308,2026-09-06,801,n,0.4,SNPP,0.37,297.5,SNPP,D,2.0NRT,4.18,335.18
22.35737,82.30364,2026-09-06,801,n,0.4,SNPP,0.37,298.83,SNPP,D,2.0NRT,7.02,340.16
22.78975,86.19833,2026-09-06,801,n,0.4,SNPP,0.44,295.19,SNPP,D,2.0NRT,4.84,330.22
26.63973,72.26364,2026-09-06,803,n,0.49,SNPP,0.49,302.25,SNPP,D,2.0NRT,3.86,339.78
31.20359,72.1606,2026-09-06,803,l,0.41000000000000003,SNPP,0.45,301.76,SNPP,D,2.0NRT,1.24,330.81
27.64392,69.48135,2026-09-06,803,n,0.34,SNPP,0.56,302.18,SNPP,D,2.0NRT,2.23,340.12
27.92614,69.84824,2026-09-06,803,n,0.32,SNPP,0.55,302.05,SNPP,D,2.0NRT,2.71,342.67
27.9254,69.84502,2026-09-06,803,n,0.32,SNPP,0.55,302.92,SNPP,D,2.0NRT,2.71,347.18
30.8377,72.16951,2026-09-06,803,n,0.41000000000000003,SNPP,0.45,298.45,SNPP,D,2.0NRT,2.38,331.87
37.05942,80.25857,2026-09-06,805,n,0.45,SNPP,0.39,296.74,SNPP,D,2.0NRT,1.9300000000000002,330.23
