{
"type": "FeatureCollection",
"name": "industries",
"crs": { "type": "name", "properties": { "name": "urn:ogc:def:crs:OGC:1.3:CRS84" } },
"features": [
{ "type": "Feature", "properties": { "element": "node", "id": 7244134446, "addr:city": "Vanasthalipuram hyderabad", "addr:postcode": "500070", "addr:street": "Kamalnagar", "industrial": "slaughterhouse", "landuse": "industrial", "name": "Fresh Meat", "opening_hours": "Mo-Su 09:00-21:00", "addr:housenumber": null, "office": null, "name:en": null, "name:te": null, "barrier": null, "man_made": null, "product": null, "building": null, "operator": null, "natural": null, "old_name": null, "website": null, "type": null }, "geometry": { "type": "Point", "coordinates": [ 78.5801517, 17.3295781 ] } },
{ "type": "Feature", "properties": { "element": "node", "id": 7244134467, "addr:city": "Vanasthaslipuram,Hyderabad", "addr:postcode": null, "addr:street": "Raithu bazar", "industrial": "slaughterhouse", "landuse": "industrial", "name": "fresh mutton shop", "opening_hours": null, "addr:housenumber": "8HJG+769, Vanasthalipuram Rd, near Rythu Bazaar - Market, Huda Sai Nagar Colony, Vanasthalipuram, Telangana 500070", "office": null, "name:en": null, "name:te": null, "barrier": null, "man_made": null, "product": null, "building": null, "operator": null, "natural": null, "old_name": null, "website": null, "type": null }, "geometry": { "type": "Point", "coordinates": [ 78.5757683, 17.3301268 ] } },
{ "type": "Feature", "properties": { "element": "node", "id": 9627168424, "addr:city": null, "addr:postcode": null, "addr:street": null, "industrial": "slaughterhouse", "landuse": "industrial", "name": "Nirmal farms", "opening_hours": null, "addr:housenumber": null, "office": null, "name:en": null, "name:te": null, "barrier": null, "man_made": null, "product": null, "building": null, "operator": null, "natural": null, "old_name": null, "website": null, "type": null }, "geometry": { "type": "Point", "coordinates": [ 78.5200539, 17.3884523 ] } },
{ "type": "Feature", "properties": { "element": "relation", "id": 11901694, "addr:city": null, "addr:postcode": null, "addr:street": null, "industrial": null, "landuse": "industrial", "name": "ALEAP Industrial Area", "opening_hours": null, "addr:housenumber": null, "office": null, "name:en": null, "name:te": null, "barrier": null, "man_made": null, "product": null, "building": null, "operator": null, "natural": null, "old_name": null, "website": null, "type": "multipolygon" }, "geometry": { "type": "Polygon", "coordinates": [ [ [ 78.3963628, 17.5320714 ], [ 78.3976744, 17.5324346 ], [ 78.3989418, 17.5327121 ], [ 78.3989739, 17.5323093 ], [ 78.3989899, 17.5321494 ], [ 78.3990464, 17.5315842 ], [ 78.3991308, 17.5307901 ], [ 78.3992703, 17.5293204 ], [ 78.3992878, 17.5291314 ], [ 78.3993508, 17.5284703 ], [ 78.3984161, 17.5282675 ], [ 78.3983074, 17.5282439 ], [ 78.3968506, 17.5280147 ], [ 78.396758, 17.5290026 ], [ 78.3967149, 17.529288 ], [ 78.3966666, 17.529696 ], [ 78.3963712, 17.5320055 ], [ 78.3963628, 17.5320714 ] ] ] } },
{ "type": "Feature", "properties": { "element": "way", "id": 122444388, "addr:city": null, "addr:postcode": null, "addr:street": null, "industrial": null, "landuse": "industrial", "name": null, "opening_hours": null, "addr:housenumber": null, "office": null, "name:en": null, "name:te": null, "barrier": null, "man_made": null, "product": null, "building": null, "operator": null, "natural": null, "old_name": null, "website": null, "type": null }, "geometry": { "type": "Polygon", "coordinates": [ [ [ 78.4339725, 17.4569203 ], [ 78.4346629, 17.4565005 ], [ 78.4357031, 17.4580459 ], [ 78.4362682, 17.458211 ], [ 78.4363969, 17.4593563 ], [ 78.4364868, 17.4605248 ], [ 78.4360944, 17.4605649 ], [ 78.4353645, 17.4599983 ], [ 78.4337218, 17.457394 ], [ 78.4339725, 17.4569203 ] ] ] } },
{ "type": "Feature", "properties": { "element": "way", "id": 122451975, "addr:city": null, "addr:postcode": null, "addr:street": null, "industrial": null, "landuse": "industrial", "name": null, "opening_hours": null, "addr:housenumber": null, "office": null, "name:en": null, "name:te": null, "barrier": null, "man_made": null, "product": null, "building": null, "operator": null, "natural": null, "old_name": null, "website": null, "type": null }, "geometry": { "type": "Polygon", "coordinates": [ [ [ 78.4210792, 17.4656498 ], [ 78.4231393, 17.4661857 ], [ 78.4231861, 17.4667535 ], [ 78.4225774, 17.4670279 ], [ 78.4227513, 17.4673915 ], [ 78.4220223, 17.4675574 ], [ 78.4218818, 17.4673788 ], [ 78.4214805, 17.4674872 ], [ 78.4212732, 17.4674553 ], [ 78.4210391, 17.4673469 ], [ 78.4207515, 17.4673341 ], [ 78.4200492, 17.466862 ], [ 78.4208258, 17.4663909 ], [ 78.4210382, 17.4659368 ], [ 78.4210792, 17.4656498 ] ] ] } },
{ "type": "Feature", "properties": { "element": "way", "id": 122451977, "addr:city": null, "addr:postcode": null, "addr:street": null, "industrial": null, "landuse": "industrial", "name": null, "opening_hours": null, "addr:housenumber": null, "office": null, "name:en": null, "name:te": null, "barrier": null, "man_made": null, "product": null, "building": null, "operator": null, "natural": null, "old_name": null, "website": null, "type": null }, "geometry": { "type": "Polygon", "coordinates": [ [ [ 78.4166429, 17.4663995 ], [ 78.4171847, 17.4649831 ], [ 78.4178201, 17.4648874 ], [ 78.4179551, 17.4645082 ], [ 78.4182316, 17.4644756 ], [ 78.4188233, 17.4643445 ], [ 78.4193327, 17.4642691 ], [ 78.4199134, 17.4640913 ], [ 78.4206696, 17.4644279 ], [ 78.420921, 17.4654235 ], [ 78.4209455, 17.4657205 ], [ 78.4207446, 17.466301 ], [ 78.4201594, 17.4664232 ], [ 78.4197064, 17.4667017 ], [ 78.4195437, 17.4666966 ], [ 78.4194431, 17.4664747 ], [ 78.4190836, 17.4663826 ], [ 78.4190622, 17.4662504 ], [ 78.4186538, 17.4662119 ], [ 78.4182971, 17.466212 ], [ 78.4176355, 17.4664098 ], [ 78.4175724, 17.4661832 ], [ 78.4166429, 17.4663995 ] ] ] } },
{ "type": "Feature", "properties": { "element": "way", "id": 176772112, "addr:city": null, "addr:postcode": null, "addr:street": null, "industrial": null, "landuse": "industrial", "name": "IDPL", "opening_hours": null, "addr:housenumber": null, "office": null, "name:en": null, "name:te": null, "barrier": null, "man_made": null, "product": null, "building": null, "operator": null, "natural": null, "old_name": null, "website": null, "type": null }, "geometry": { "type": "Polygon", "coordinates": [ [ [ 78.4312774, 17.4789053 ], [ 78.4348028, 17.4778527 ], [ 78.4380735, 17.4768553 ], [ 78.4421278, 17.4756655 ], [ 78.4410292, 17.4720914 ], [ 78.4404797, 17.470304 ], [ 78.4401802, 17.4693295 ], [ 78.4319998, 17.4720002 ], [ 78.4294093, 17.4728459 ], [ 78.4302468, 17.4756161 ], [ 78.4304771, 17.4763094 ], [ 78.4305695, 17.4766092 ], [ 78.4312774, 17.4789053 ] ] ] } },
{ "type": "Feature", "properties": { "element": "way", "id": 177889961, "addr:city": null, "addr:postcode": null, "addr:street": null, "industrial": null, "landuse": "industrial", "name": null, "opening_hours": null, "addr:housenumber": null, "office": null, "name:en": null, "name:te": null, "barrier": null, "man_made": null, "product": null, "building": null, "operator": null, "natural": null, "old_name": null, "website": null, "type": null }, "geometry": { "type": "Polygon", "coordinates": [ [ [ 78.2702737, 17.5357326 ], [ 78.2706405, 17.5357858 ], [ 78.2713433, 17.5358877 ], [ 78.2723417, 17.536029 ], [ 78.2726432, 17.5360891 ], [ 78.27323, 17.5361613 ], [ 78.2763959, 17.5357232 ], [ 78.2767041, 17.5356806 ], [ 78.2790066, 17.5350441 ], [ 78.2791439, 17.5331791 ], [ 78.2782164, 17.5330565 ], [ 78.2781662, 17.5327854 ], [ 78.278012, 17.5319522 ], [ 78.2774807, 17.5321709 ], [ 78.2752622, 17.5329488 ], [ 78.2747287, 17.5333033 ], [ 78.2748104, 17.5336541 ], [ 78.2743328, 17.5337802 ], [ 78.2702328, 17.5353039 ], [ 78.2702737, 17.5357326 ] ] ] } },
{ "type": "Feature", "properties": { "element": "way", "id": 177889972, "addr:city": null, "addr:postcode": null, "addr:street": null, "industrial": null, "landuse": "industrial", "name": null, "opening_hours": null, "addr:housenumber": null, "office": null, "name:en": null, "name:te": null, "barrier": null, "man_made": null, "product": null, "building": null, "operator": null, "natural": null, "old_name": null, "website": null, "type": null }, "geometry": { "type": "Polygon", "coordinates": [ [ [ 78.2833437, 17.4837546 ], [ 78.2853704, 17.4827301 ], [ 78.289508, 17.4803871 ], [ 78.2898461, 17.4814058 ], [ 78.2894867, 17.4823626 ], [ 78.2894384, 17.4840664 ], [ 78.2915305, 17.4840869 ], [ 78.292503, 17.4841147 ], [ 78.2921457, 17.4867765 ], [ 78.2951713, 17.4870426 ], [ 78.2950854, 17.4887617 ], [ 78.2922315, 17.4886389 ], [ 78.292132, 17.4902621 ], [ 78.2920825, 17.491979 ], [ 78.2942458, 17.492062 ], [ 78.2942322, 17.494115 ], [ 78.2919161, 17.494011 ], [ 78.2915091, 17.5023297 ], [ 78.2830955, 17.5020312 ], [ 78.2831147, 17.5001385 ], [ 78.2824211, 17.5000834 ], [ 78.2831533, 17.484335 ], [ 78.2833437, 17.4837546 ] ] ] } },
{ "type": "Feature", "properties": { "element": "way", "id": 177889984, "addr:city": null, "addr:postcode": null, "addr:street": null, "industrial": null, "landuse": "industrial", "name": null, "opening_hours": null, "addr:housenumber": null, "office": null, "name:en": null, "name:te": null, "barrier": null, "man_made": null, "product": null, "building": null, "operator": null, "natural": null, "old_name": null, "website": null, "type": null }, "geometry": { "type": "Polygon", "coordinates": [ [ [ 78.2428626, 17.5375369 ], [ 78.2481608, 17.5351968 ], [ 78.2500629, 17.5343567 ], [ 78.2520501, 17.5335866 ], [ 78.255222, 17.5320781 ], [ 78.2555725, 17.5334848 ], [ 78.2568196, 17.538489 ], [ 78.2527811, 17.5394411 ], [ 78.2483655, 17.5389544 ], [ 78.2456799, 17.5393932 ], [ 78.2442652, 17.5395053 ], [ 78.2433286, 17.5396315 ], [ 78.2428626, 17.5375369 ] ] ] } },
{ "type": "Feature", "properties": { "element": "way", "id": 178237956, "addr:city": null, "addr:postcode": null, "addr:street": null, "industrial": null, "landuse": "industrial", "name": null, "opening_hours": null, "addr:housenumber": null, "office": null, "name:en": null, "name:te": null, "barrier": null, "man_made": null, "product": null, "building": null, "operator": null, "natural": null, "old_name": null, "website": null, "type": null }, "geometry": { "type": "Polygon", "coordinates": [ [ [ 78.4281347, 17.4574209 ], [ 78.4279272, 17.4589087 ], [ 78.4279008, 17.4593869 ], [ 78.4280576, 17.4597989 ], [ 78.4297084, 17.4599495 ], [ 78.4317745, 17.4603256 ], [ 78.4324037, 17.4591284 ], [ 78.4311439, 17.4586147 ], [ 78.4281347, 17.4574209 ] ] ] } },
{ "type": "Feature", "properties": { "element": "way", "id": 183531581, "addr:city": null, "addr:postcode": null, "addr:street": null, "industrial": null, "landuse": "industrial", "name": "VIjaya Dairy", "opening_hours": null, "addr:housenumber": null, "office": null, "name:en": null, "name:te": null, "barrier": null, "man_made": null, "product": null, "building": null, "operator": null, "natural": null, "old_name": null, "website": null, "type": null }, "geometry": { "type": "Polygon", "coordinates": [ [ [ 78.5380461, 17.4330953 ], [ 78.5384041, 17.4332031 ], [ 78.5398854, 17.4334875 ], [ 78.5419876, 17.4338311 ], [ 78.5425142, 17.4338519 ], [ 78.5413419, 17.4312675 ], [ 78.5407566, 17.4315047 ], [ 78.5403192, 17.4318945 ], [ 78.5401705, 17.4318816 ], [ 78.5399632, 17.4314742 ], [ 78.5373507, 17.4327624 ], [ 78.5376921, 17.4329875 ], [ 78.5380461, 17.4330953 ] ] ] } },
{ "type": "Feature", "properties": { "element": "way", "id": 236037100, "addr:city": null, "addr:postcode": null, "addr:street": null, "industrial": null, "landuse": "industrial", "name": "Katedan Industrial Area", "opening_hours": null, "addr:housenumber": null, "office": null, "name:en": null, "name:te": null, "barrier": null, "man_made": null, "product": null, "building": null, "operator": null, "natural": null, "old_name": null, "website": null, "type": null }, "geometry": { "type": "Polygon", "coordinates": [ [ [ 78.4289836, 17.3067721 ], [ 78.4286821, 17.3066649 ], [ 78.4277111, 17.3061937 ], [ 78.4267348, 17.3056611 ], [ 78.4240687, 17.303889 ], [ 78.4245883, 17.3071069 ], [ 78.4247191, 17.30793 ], [ 78.4247729, 17.308202 ], [ 78.4248377, 17.308481 ], [ 78.4249478, 17.3088721 ], [ 78.4250664, 17.3092585 ], [ 78.4251897, 17.3096092 ], [ 78.4253232, 17.309924 ], [ 78.4254699, 17.3102369 ], [ 78.4254858, 17.310231 ], [ 78.4256692, 17.3105801 ], [ 78.4257769, 17.3107587 ], [ 78.426203, 17.3115096 ], [ 78.4330448, 17.3203322 ], [ 78.4332116, 17.3205473 ], [ 78.4354214, 17.3188372 ], [ 78.4435675, 17.3144307 ], [ 78.4435283, 17.3142434 ], [ 78.4419331, 17.3137691 ], [ 78.4400746, 17.3129706 ], [ 78.4382719, 17.3121962 ], [ 78.4356175, 17.3099991 ], [ 78.4333293, 17.3086259 ], [ 78.4298773, 17.307003 ], [ 78.4289836, 17.3067721 ] ] ] } },
{ "type": "Feature", "properties": { "element": "way", "id": 236037101, "addr:city": null, "addr:postcode": null, "addr:street": null, "industrial": null, "landuse": "industrial", "name": "Katedan Industrial Area", "opening_hours": null, "addr:housenumber": null, "office": null, "name:en": null, "name:te": null, "barrier": null, "man_made": null, "product": null, "building": null, "operator": null, "natural": null, "old_name": null, "website": null, "type": null }, "geometry": { "type": "Polygon", "coordinates": [ [ [ 78.4237578, 17.3018722 ], [ 78.4240721, 17.3036044 ], [ 78.427419, 17.3057047 ], [ 78.4290797, 17.3063539 ], [ 78.4306226, 17.3069032 ], [ 78.4349339, 17.3092199 ], [ 78.434966, 17.3092439 ], [ 78.4374016, 17.3110676 ], [ 78.4384811, 17.3117592 ], [ 78.4389649, 17.3109104 ], [ 78.4408086, 17.3083263 ], [ 78.4358516, 17.3055849 ], [ 78.4349245, 17.3050805 ], [ 78.4348722, 17.3014352 ], [ 78.4303349, 17.2994752 ], [ 78.4292938, 17.3015064 ], [ 78.4283137, 17.3014121 ], [ 78.4260211, 17.3013035 ], [ 78.4253531, 17.3017348 ], [ 78.4237578, 17.3018722 ] ] ] } },
{ "type": "Feature", "properties": { "element": "way", "id": 253556691, "addr:city": null, "addr:postcode": null, "addr:street": null, "industrial": null, "landuse": "industrial", "name": "Gold Stone Engineering", "opening_hours": null, "addr:housenumber": null, "office": null, "name:en": null, "name:te": null, "barrier": null, "man_made": null, "product": null, "building": null, "operator": null, "natural": null, "old_name": null, "website": null, "type": null }, "geometry": { "type": "Polygon", "coordinates": [ [ [ 78.5894107, 17.4714631 ], [ 78.5893716, 17.4701415 ], [ 78.5913921, 17.4700842 ], [ 78.5914075, 17.4711804 ], [ 78.5901905, 17.471204 ], [ 78.5900995, 17.4714542 ], [ 78.5894107, 17.4714631 ] ] ] } },
{ "type": "Feature", "properties": { "element": "way", "id": 265365148, "addr:city": "Hyderabad", "addr:postcode": "500049", "addr:street": "Miyapur", "industrial": null, "landuse": "industrial", "name": "Bus Body Building Unit", "opening_hours": null, "addr:housenumber": null, "office": "government", "name:en": null, "name:te": null, "barrier": null, "man_made": null, "product": null, "building": null, "operator": null, "natural": null, "old_name": null, "website": null, "type": null }, "geometry": { "type": "Polygon", "coordinates": [ [ [ 78.3616858, 17.510156 ], [ 78.3610126, 17.5121337 ], [ 78.3598727, 17.5118293 ], [ 78.359862, 17.5109289 ], [ 78.3602294, 17.5097191 ], [ 78.3616858, 17.510156 ] ] ] } },
{ "type": "Feature", "properties": { "element": "way", "id": 265428182, "addr:city": null, "addr:postcode": null, "addr:street": null, "industrial": null, "landuse": "industrial", "name": "DBR mill", "opening_hours": null, "addr:housenumber": null, "office": null, "name:en": "DBR (Diwan Bahadur Ramgopal) mill", "name:te": null, "barrier": null, "man_made": null, "product": null, "building": null, "operator": null, "natural": null, "old_name": null, "website": null, "type": null }, "geometry": { "type": "Polygon", "coordinates": [ [ [ 78.4855268, 17.4221182 ], [ 78.4849535, 17.4204935 ], [ 78.4848138, 17.4197773 ], [ 78.484312, 17.4189451 ], [ 78.4841898, 17.4185822 ], [ 78.4846916, 17.4184615 ], [ 78.4849229, 17.418245 ], [ 78.4862802, 17.4178744 ], [ 78.4865407, 17.4181093 ], [ 78.4869261, 17.4187113 ], [ 78.4874634, 17.4199178 ], [ 78.4858961, 17.4222507 ], [ 78.4855268, 17.4221182 ] ] ] } },
{ "type": "Feature", "properties": { "element": "way", "id": 265607992, "addr:city": null, "addr:postcode": null, "addr:street": null, "industrial": null, "landuse": "industrial", "name": "Mint Compound, Government of India", "opening_hours": null, "addr:housenumber": null, "office": null, "name:en": null, "name:te": "మింట్ కంపౌండ్, భారత ప్రభుత్వం", "barrier": null, "man_made": null, "product": null, "building": null, "operator": null, "natural": null, "old_name": null, "website": null, "type": null }, "geometry": { "type": "Polygon", "coordinates": [ [ [ 78.4676406, 17.4102403 ], [ 78.4671901, 17.4103723 ], [ 78.465819, 17.4103764 ], [ 78.4650117, 17.4104508 ], [ 78.4645842, 17.410475 ], [ 78.4646373, 17.4101998 ], [ 78.4648043, 17.4102046 ], [ 78.4648169, 17.410055 ], [ 78.4648826, 17.4100552 ], [ 78.4650598, 17.409956 ], [ 78.4650823, 17.4098646 ], [ 78.4652318, 17.409256 ], [ 78.465252, 17.4090484 ], [ 78.4658103, 17.409057 ], [ 78.4664377, 17.4090594 ], [ 78.4664208, 17.4085536 ], [ 78.4670001, 17.408556 ], [ 78.4673694, 17.4087129 ], [ 78.467253, 17.4088746 ], [ 78.4672438, 17.4090572 ], [ 78.4676406, 17.4102403 ] ] ] } },
{ "type": "Feature", "properties": { "element": "way", "id": 281502062, "addr:city": null, "addr:postcode": null, "addr:street": null, "industrial": null, "landuse": "industrial", "name": "maruti suzuki service center", "opening_hours": null, "addr:housenumber": null, "office": null, "name:en": null, "name:te": null, "barrier": null, "man_made": null, "product": null, "building": null, "operator": null, "natural": null, "old_name": null, "website": null, "type": null }, "geometry": { "type": "Polygon", "coordinates": [ [ [ 78.4992869, 17.4056796 ], [ 78.5010837, 17.4050463 ], [ 78.5009226, 17.4045611 ], [ 78.5006036, 17.4040337 ], [ 78.5004426, 17.4039011 ], [ 78.498775, 17.4044646 ], [ 78.4990309, 17.4051186 ], [ 78.4992869, 17.4056796 ] ] ] } },
{ "type": "Feature", "properties": { "element": "way", "id": 301612044, "addr:city": null, "addr:postcode": null, "addr:street": null, "industrial": null, "landuse": "industrial", "name": null, "opening_hours": null, "addr:housenumber": null, "office": null, "name:en": null, "name:te": null, "barrier": null, "man_made": null, "product": null, "building": null, "operator": null, "natural": null, "old_name": null, "website": null, "type": null }, "geometry": { "type": "Polygon", "coordinates": [ [ [ 78.5336395, 17.3467367 ], [ 78.5337629, 17.3471771 ], [ 78.5339211, 17.3471643 ], [ 78.5342805, 17.3470516 ], [ 78.5346212, 17.3469543 ], [ 78.5345085, 17.3465498 ], [ 78.5344279, 17.3465195 ], [ 78.5336805, 17.3467067 ], [ 78.5336395, 17.3467367 ] ] ] } },
{ "type": "Feature", "properties": { "element": "way", "id": 318613172, "addr:city": null, "addr:postcode": null, "addr:street": null, "industrial": null, "landuse": "industrial", "name": null, "opening_hours": null, "addr:housenumber": null, "office": null, "name:en": null, "name:te": null, "barrier": null, "man_made": null, "product": null, "building": null, "operator": null, "natural": null, "old_name": null, "website": null, "type": null }, "geometry": { "type": "Polygon", "coordinates": [ [ [ 78.5575705, 17.4229198 ], [ 78.5584909, 17.4227705 ], [ 78.5590432, 17.4228144 ], [ 78.5596691, 17.4229432 ], [ 78.5610661, 17.4235708 ], [ 78.5612983, 17.4236751 ], [ 78.5622806, 17.4242085 ], [ 78.5616254, 17.425318 ], [ 78.5604596, 17.4280372 ], [ 78.5586985, 17.4273288 ], [ 78.5584159, 17.4266656 ], [ 78.5574778, 17.424472 ], [ 78.5573998, 17.4242897 ], [ 78.5573936, 17.4229841 ], [ 78.5575705, 17.4229198 ] ] ] } },
{ "type": "Feature", "properties": { "element": "way", "id": 318613173, "addr:city": null, "addr:postcode": null, "addr:street": null, "industrial": null, "landuse": "industrial", "name": null, "opening_hours": null, "addr:housenumber": null, "office": null, "name:en": null, "name:te": null, "barrier": null, "man_made": null, "product": null, "building": null, "operator": null, "natural": null, "old_name": null, "website": null, "type": null }, "geometry": { "type": "Polygon", "coordinates": [ [ [ 78.5811305, 17.4412279 ], [ 78.5778661, 17.4422803 ], [ 78.5774177, 17.440937 ], [ 78.5769424, 17.4403638 ], [ 78.577041, 17.4392258 ], [ 78.5744672, 17.4373093 ], [ 78.5737787, 17.4369929 ], [ 78.573109, 17.4366583 ], [ 78.5720458, 17.4362569 ], [ 78.5711397, 17.4361559 ], [ 78.5713227, 17.4350094 ], [ 78.573113, 17.4353671 ], [ 78.5787056, 17.4374468 ], [ 78.579551, 17.4380061 ], [ 78.579875, 17.4383275 ], [ 78.5820543, 17.4405092 ], [ 78.5811305, 17.4412279 ] ] ] } },
{ "type": "Feature", "properties": { "element": "way", "id": 318613174, "addr:city": null, "addr:postcode": null, "addr:street": null, "industrial": null, "landuse": "industrial", "name": null, "opening_hours": null, "addr:housenumber": null, "office": null, "name:en": null, "name:te": null, "barrier": null, "man_made": null, "product": null, "building": null, "operator": null, "natural": null, "old_name": null, "website": null, "type": null }, "geometry": { "type": "Polygon", "coordinates": [ [ [ 78.5687482, 17.4343253 ], [ 78.5676639, 17.4372143 ], [ 78.5670265, 17.4389363 ], [ 78.566876, 17.4393924 ], [ 78.5666894, 17.4396498 ], [ 78.5663764, 17.4398248 ], [ 78.5660479, 17.4415219 ], [ 78.565989, 17.4418259 ], [ 78.5659728, 17.4419096 ], [ 78.5622571, 17.4398221 ], [ 78.5570313, 17.4375657 ], [ 78.5559279, 17.4370696 ], [ 78.5551415, 17.4363315 ], [ 78.5548879, 17.4357144 ], [ 78.5547611, 17.434335 ], [ 78.554482, 17.4315882 ], [ 78.5554206, 17.4306867 ], [ 78.5569425, 17.4300696 ], [ 78.5572899, 17.4291349 ], [ 78.5576922, 17.4281676 ], [ 78.5580221, 17.4272798 ], [ 78.5579145, 17.4268776 ], [ 78.5584159, 17.4266656 ], [ 78.5586985, 17.4273288 ], [ 78.5604596, 17.4280372 ], [ 78.5600808, 17.4290719 ], [ 78.5596784, 17.4300392 ], [ 78.5593852, 17.4308478 ], [ 78.5639166, 17.4325597 ], [ 78.5661231, 17.4332822 ], [ 78.5687482, 17.4343253 ] ] ] } },
{ "type": "Feature", "properties": { "element": "way", "id": 318613175, "addr:city": null, "addr:postcode": null, "addr:street": null, "industrial": null, "landuse": "industrial", "name": null, "opening_hours": null, "addr:housenumber": null, "office": null, "name:en": null, "name:te": null, "barrier": null, "man_made": null, "product": null, "building": null, "operator": null, "natural": null, "old_name": null, "website": null, "type": null }, "geometry": { "type": "Polygon", "coordinates": [ [ [ 78.5642218, 17.4215497 ], [ 78.5654062, 17.4226775 ], [ 78.5654675, 17.4227899 ], [ 78.5666706, 17.4244589 ], [ 78.5682917, 17.4267597 ], [ 78.5690825, 17.4263249 ], [ 78.5696064, 17.4272431 ], [ 78.5685058, 17.4276013 ], [ 78.5686114, 17.4278291 ], [ 78.5686272, 17.4278375 ], [ 78.568758, 17.4281254 ], [ 78.569713, 17.4282347 ], [ 78.5695092, 17.4294545 ], [ 78.5714617, 17.4302328 ], [ 78.5722254, 17.4286514 ], [ 78.5734229, 17.4288005 ], [ 78.5754015, 17.4306137 ], [ 78.5767566, 17.432012 ], [ 78.5780122, 17.4308443 ], [ 78.5789064, 17.4317458 ], [ 78.5781137, 17.4330224 ], [ 78.5789, 17.4344623 ], [ 78.5844354, 17.4405916 ], [ 78.5816642, 17.4411648 ], [ 78.5823458, 17.4405231 ], [ 78.5798584, 17.4380218 ], [ 78.5796015, 17.4377681 ], [ 78.578902, 17.4373146 ], [ 78.5749919, 17.4358546 ], [ 78.5723552, 17.435013 ], [ 78.5688218, 17.4341403 ], [ 78.5660469, 17.4330531 ], [ 78.5631071, 17.4319983 ], [ 78.5623176, 17.4317109 ], [ 78.5619134, 17.4315638 ], [ 78.5596547, 17.430754 ], [ 78.5618234, 17.4253329 ], [ 78.5633038, 17.4229978 ], [ 78.5642218, 17.4215497 ] ] ] } },
{ "type": "Feature", "properties": { "element": "way", "id": 318613176, "addr:city": null, "addr:postcode": null, "addr:street": null, "industrial": null, "landuse": "industrial", "name": null, "opening_hours": null, "addr:housenumber": null, "office": null, "name:en": null, "name:te": null, "barrier": null, "man_made": null, "product": null, "building": null, "operator": null, "natural": null, "old_name": null, "website": null, "type": null }, "geometry": { "type": "Polygon", "coordinates": [ [ [ 78.5531119, 17.4371416 ], [ 78.5529787, 17.4365971 ], [ 78.5530104, 17.4364156 ], [ 78.5533021, 17.4359074 ], [ 78.5533327, 17.4358954 ], [ 78.5535178, 17.4358227 ], [ 78.553169, 17.43405 ], [ 78.5544182, 17.4336205 ], [ 78.5546694, 17.4356372 ], [ 78.5550012, 17.4364244 ], [ 78.5554855, 17.4370832 ], [ 78.5564182, 17.4375709 ], [ 78.5620233, 17.4399152 ], [ 78.5655657, 17.4418745 ], [ 78.5660105, 17.4421969 ], [ 78.5639468, 17.4434056 ], [ 78.5644097, 17.4443786 ], [ 78.5642474, 17.4449632 ], [ 78.5637541, 17.4448177 ], [ 78.5630412, 17.4461952 ], [ 78.5627206, 17.4463824 ], [ 78.5621076, 17.4467404 ], [ 78.5618301, 17.4469024 ], [ 78.5610306, 17.4470708 ], [ 78.5600959, 17.4466951 ], [ 78.5590193, 17.4461583 ], [ 78.5584989, 17.4456534 ], [ 78.557584, 17.4453859 ], [ 78.5549775, 17.4441308 ], [ 78.5542125, 17.4434415 ], [ 78.5535369, 17.4429664 ], [ 78.5509029, 17.4402024 ], [ 78.551255, 17.4400394 ], [ 78.5517044, 17.4396994 ], [ 78.5518668, 17.4395974 ], [ 78.5535409, 17.4392223 ], [ 78.5541243, 17.4388472 ], [ 78.5531119, 17.4371416 ] ] ] } },
{ "type": "Feature", "properties": { "element": "way", "id": 318613177, "addr:city": null, "addr:postcode": null, "addr:street": null, "industrial": null, "landuse": "industrial", "name": null, "opening_hours": null, "addr:housenumber": null, "office": null, "name:en": null, "name:te": null, "barrier": null, "man_made": null, "product": null, "building": null, "operator": null, "natural": null, "old_name": null, "website": null, "type": null }, "geometry": { "type": "Polygon", "coordinates": [ [ [ 78.546342, 17.3907908 ], [ 78.5459892, 17.3923208 ], [ 78.545362, 17.3939967 ], [ 78.545264, 17.3945204 ], [ 78.5452052, 17.3972699 ], [ 78.5452444, 17.3980854 ], [ 78.5455776, 17.4011153 ], [ 78.5472044, 17.4011677 ], [ 78.5526377, 17.401048 ], [ 78.5545506, 17.4010184 ], [ 78.5555432, 17.4010031 ], [ 78.5555388, 17.4001117 ], [ 78.5556506, 17.3992758 ], [ 78.555664, 17.3979881 ], [ 78.5553739, 17.3973148 ], [ 78.5553518, 17.3956219 ], [ 78.5553504, 17.3955117 ], [ 78.5551335, 17.3950168 ], [ 78.5548094, 17.3942772 ], [ 78.5545036, 17.3938508 ], [ 78.5565029, 17.3930652 ], [ 78.556299, 17.3924592 ], [ 78.5558286, 17.3924742 ], [ 78.555123, 17.3922572 ], [ 78.5545742, 17.3922572 ], [ 78.5539783, 17.3923919 ], [ 78.5532257, 17.3927211 ], [ 78.5527396, 17.3926836 ], [ 78.5522457, 17.3917035 ], [ 78.5521751, 17.391322 ], [ 78.5520575, 17.3907384 ], [ 78.551446, 17.3899004 ], [ 78.5511323, 17.3891747 ], [ 78.5510304, 17.3881721 ], [ 78.549729, 17.3880375 ], [ 78.5497211, 17.3871995 ], [ 78.5482237, 17.387005 ], [ 78.5477297, 17.3869077 ], [ 78.5471809, 17.3864812 ], [ 78.5455345, 17.386152 ], [ 78.5455502, 17.3869675 ], [ 78.5461695, 17.3889502 ], [ 78.5463812, 17.3904167 ], [ 78.546342, 17.3907908 ] ] ] } },
{ "type": "Feature", "properties": { "element": "way", "id": 318613178, "addr:city": null, "addr:postcode": null, "addr:street": null, "industrial": null, "landuse": "industrial", "name": "coca cola beaverages", "opening_hours": null, "addr:housenumber": null, "office": null, "name:en": null, "name:te": null, "barrier": null, "man_made": null, "product": null, "building": null, "operator": null, "natural": null, "old_name": null, "website": null, "type": null }, "geometry": { "type": "Polygon", "coordinates": [ [ [ 78.554463, 17.4535307 ], [ 78.5557784, 17.4558396 ], [ 78.5583071, 17.4548047 ], [ 78.5582784, 17.454704 ], [ 78.5575298, 17.4520799 ], [ 78.554463, 17.4535307 ] ] ] } },
{ "type": "Feature", "properties": { "element": "way", "id": 318613179, "addr:city": null, "addr:postcode": null, "addr:street": null, "industrial": null, "landuse": "industrial", "name": null, "opening_hours": null, "addr:housenumber": null, "office": null, "name:en": null, "name:te": null, "barrier": null, "man_made": null, "product": null, "building": null, "operator": null, "natural": null, "old_name": null, "website": null, "type": null }, "geometry": { "type": "Polygon", "coordinates": [ [ [ 78.5575298, 17.4520799 ], [ 78.5582784, 17.454704 ], [ 78.5583071, 17.4548047 ], [ 78.5610332, 17.4536829 ], [ 78.560671, 17.450603 ], [ 78.5575298, 17.4520799 ] ] ] } },
{ "type": "Feature", "properties": { "element": "way", "id": 318613180, "addr:city": null, "addr:postcode": null, "addr:street": null, "industrial": null, "landuse": "industrial", "name": null, "opening_hours": null, "addr:housenumber": null, "office": null, "name:en": null, "name:te": null, "barrier": null, "man_made": null, "product": null, "building": null, "operator": null, "natural": null, "old_name": null, "website": null, "type": null }, "geometry": { "type": "Polygon", "coordinates": [ [ [ 78.4850087, 17.414484 ], [ 78.4853667, 17.4148667 ], [ 78.4849007, 17.4152848 ], [ 78.4845397, 17.4149021 ], [ 78.4850087, 17.414484 ] ] ] } },
{ "type": "Feature", "properties": { "element": "way", "id": 318613181, "addr:city": null, "addr:postcode": null, "addr:street": null, "industrial": null, "landuse": "industrial", "name": null, "opening_hours": null, "addr:housenumber": null, "office": null, "name:en": null, "name:te": null, "barrier": null, "man_made": null, "product": null, "building": null, "operator": null, "natural": null, "old_name": null, "website": null, "type": null }, "geometry": { "type": "Polygon", "coordinates": [ [ [ 78.5558453, 17.4560645 ], [ 78.5563915, 17.457135 ], [ 78.5572762, 17.4568348 ], [ 78.5566944, 17.4557189 ], [ 78.5558453, 17.4560645 ] ] ] } },
{ "type": "Feature", "properties": { "element": "way", "id": 318613182, "addr:city": null, "addr:postcode": null, "addr:street": null, "industrial": null, "landuse": "industrial", "name": null, "opening_hours": null, "addr:housenumber": null, "office": null, "name:en": null, "name:te": null, "barrier": null, "man_made": null, "product": null, "building": null, "operator": null, "natural": null, "old_name": null, "website": null, "type": null }, "geometry": { "type": "Polygon", "coordinates": [ [ [ 78.5558621, 17.4472248 ], [ 78.5528042, 17.4456897 ], [ 78.5503134, 17.4470322 ], [ 78.5529764, 17.4512635 ], [ 78.5577503, 17.4491223 ], [ 78.5558621, 17.4472248 ] ] ] } },
{ "type": "Feature", "properties": { "element": "way", "id": 318613183, "addr:city": null, "addr:postcode": null, "addr:street": null, "industrial": null, "landuse": "industrial", "name": null, "opening_hours": null, "addr:housenumber": null, "office": null, "name:en": null, "name:te": null, "barrier": null, "man_made": null, "product": null, "building": null, "operator": null, "natural": null, "old_name": null, "website": null, "type": null }, "geometry": { "type": "Polygon", "coordinates": [ [ [ 78.5583543, 17.4550255 ], [ 78.5598553, 17.4544107 ], [ 78.5599855, 17.4547872 ], [ 78.5596076, 17.4549634 ], [ 78.5598679, 17.4558125 ], [ 78.5587359, 17.4562597 ], [ 78.5583543, 17.4550255 ] ] ] } },
{ "type": "Feature", "properties": { "element": "way", "id": 318613184, "addr:city": null, "addr:postcode": null, "addr:street": null, "industrial": null, "landuse": "industrial", "name": null, "opening_hours": null, "addr:housenumber": null, "office": null, "name:en": null, "name:te": null, "barrier": null, "man_made": null, "product": null, "building": null, "operator": null, "natural": null, "old_name": null, "website": null, "type": null }, "geometry": { "type": "Polygon", "coordinates": [ [ [ 78.5547622, 17.454836 ], [ 78.5546488, 17.4549281 ], [ 78.5508491, 17.4558253 ], [ 78.5489207, 17.4510432 ], [ 78.5517968, 17.4502517 ], [ 78.5541996, 17.4537185 ], [ 78.5547622, 17.454836 ] ] ] } },
{ "type": "Feature", "properties": { "element": "way", "id": 318613185, "addr:city": null, "addr:postcode": null, "addr:street": null, "industrial": null, "landuse": "industrial", "name": null, "opening_hours": null, "addr:housenumber": null, "office": null, "name:en": null, "name:te": null, "barrier": null, "man_made": null, "product": null, "building": null, "operator": null, "natural": null, "old_name": null, "website": null, "type": null }, "geometry": { "type": "Polygon", "coordinates": [ [ [ 78.5566944, 17.4557189 ], [ 78.5572762, 17.4568348 ], [ 78.5573356, 17.4569254 ], [ 78.5575245, 17.4568445 ], [ 78.5582759, 17.4565226 ], [ 78.5576384, 17.4553111 ], [ 78.5566944, 17.4557189 ] ] ] } },
{ "type": "Feature", "properties": { "element": "way", "id": 318613186, "addr:city": null, "addr:postcode": null, "addr:street": null, "industrial": null, "landuse": "industrial", "name": null, "opening_hours": null, "addr:housenumber": null, "office": null, "name:en": null, "name:te": null, "barrier": null, "man_made": null, "product": null, "building": null, "operator": null, "natural": null, "old_name": null, "website": null, "type": null }, "geometry": { "type": "Polygon", "coordinates": [ [ [ 78.5577503, 17.4491223 ], [ 78.5581674, 17.4489665 ], [ 78.5606949, 17.4504124 ], [ 78.560671, 17.450603 ], [ 78.5575298, 17.4520799 ], [ 78.554463, 17.4535307 ], [ 78.5529764, 17.4512635 ], [ 78.5577503, 17.4491223 ] ] ] } },
{ "type": "Feature", "properties": { "element": "way", "id": 318613188, "addr:city": null, "addr:postcode": null, "addr:street": null, "industrial": null, "landuse": "industrial", "name": null, "opening_hours": null, "addr:housenumber": null, "office": null, "name:en": null, "name:te": null, "barrier": null, "man_made": null, "product": null, "building": null, "operator": null, "natural": null, "old_name": null, "website": null, "type": null }, "geometry": { "type": "Polygon", "coordinates": [ [ [ 78.5576384, 17.4553111 ], [ 78.5583543, 17.4550255 ], [ 78.5587359, 17.4562597 ], [ 78.5589127, 17.4568318 ], [ 78.5583774, 17.4570141 ], [ 78.5582389, 17.4566676 ], [ 78.5575503, 17.4568839 ], [ 78.5575245, 17.4568445 ], [ 78.5582759, 17.4565226 ], [ 78.5576384, 17.4553111 ] ] ] } },
{ "type": "Feature", "properties": { "element": "way", "id": 318616738, "addr:city": null, "addr:postcode": null, "addr:street": null, "industrial": null, "landuse": "industrial", "name": null, "opening_hours": null, "addr:housenumber": null, "office": null, "name:en": null, "name:te": null, "barrier": null, "man_made": null, "product": null, "building": null, "operator": null, "natural": null, "old_name": null, "website": null, "type": null }, "geometry": { "type": "Polygon", "coordinates": [ [ [ 78.6017753, 17.4630286 ], [ 78.6033256, 17.4622084 ], [ 78.6035388, 17.4625885 ], [ 78.6053368, 17.4619343 ], [ 78.6058373, 17.463172 ], [ 78.6050773, 17.4634549 ], [ 78.6057261, 17.4658243 ], [ 78.6022822, 17.466487 ], [ 78.6022053, 17.4648664 ], [ 78.6021948, 17.4646867 ], [ 78.6021839, 17.464499 ], [ 78.6017753, 17.4630286 ] ] ] } },
{ "type": "Feature", "properties": { "element": "way", "id": 318616739, "addr:city": null, "addr:postcode": null, "addr:street": null, "industrial": null, "landuse": "industrial", "name": null, "opening_hours": null, "addr:housenumber": null, "office": null, "name:en": null, "name:te": null, "barrier": null, "man_made": null, "product": null, "building": null, "operator": null, "natural": null, "old_name": null, "website": null, "type": null }, "geometry": { "type": "Polygon", "coordinates": [ [ [ 78.595451, 17.4669408 ], [ 78.595434, 17.4694141 ], [ 78.5916407, 17.4695125 ], [ 78.5916175, 17.4692561 ], [ 78.5913673, 17.4692561 ], [ 78.5913921, 17.4700842 ], [ 78.5893716, 17.4701415 ], [ 78.589419, 17.4697108 ], [ 78.5896228, 17.4693475 ], [ 78.5903392, 17.4691488 ], [ 78.5891602, 17.466822 ], [ 78.5910364, 17.4669549 ], [ 78.595451, 17.4669408 ] ] ] } },
{ "type": "Feature", "properties": { "element": "way", "id": 318616741, "addr:city": null, "addr:postcode": null, "addr:street": null, "industrial": null, "landuse": "industrial", "name": null, "opening_hours": null, "addr:housenumber": null, "office": null, "name:en": null, "name:te": null, "barrier": null, "man_made": null, "product": null, "building": null, "operator": null, "natural": null, "old_name": null, "website": null, "type": null }, "geometry": { "type": "Polygon", "coordinates": [ [ [ 78.5957045, 17.4713998 ], [ 78.5957439, 17.472775 ], [ 78.5976182, 17.4760631 ], [ 78.5979459, 17.4771633 ], [ 78.599191, 17.4767007 ], [ 78.6001872, 17.4791636 ], [ 78.6009736, 17.4788511 ], [ 78.6029921, 17.4800013 ], [ 78.605548, 17.4791636 ], [ 78.6064262, 17.4788886 ], [ 78.6069111, 17.4773884 ], [ 78.6081825, 17.4770258 ], [ 78.6072519, 17.4740628 ], [ 78.6065703, 17.4740628 ], [ 78.6062469, 17.4738136 ], [ 78.6025474, 17.4749419 ], [ 78.6022754, 17.4750388 ], [ 78.601191, 17.4724486 ], [ 78.6010613, 17.4712374 ], [ 78.5957045, 17.4713998 ] ] ] } },
{ "type": "Feature", "properties": { "element": "way", "id": 318616742, "addr:city": null, "addr:postcode": null, "addr:street": null, "industrial": null, "landuse": "industrial", "name": null, "opening_hours": null, "addr:housenumber": null, "office": null, "name:en": null, "name:te": null, "barrier": null, "man_made": null, "product": null, "building": null, "operator": null, "natural": null, "old_name": null, "website": null, "type": null }, "geometry": { "type": "Polygon", "coordinates": [ [ [ 78.5938434, 17.4587077 ], [ 78.5923483, 17.4576382 ], [ 78.5921467, 17.4588207 ], [ 78.5921724, 17.4591529 ], [ 78.5965548, 17.4588497 ], [ 78.5976558, 17.4592623 ], [ 78.6006704, 17.4586496 ], [ 78.601968, 17.458212 ], [ 78.6032001, 17.4580495 ], [ 78.603495, 17.4581183 ], [ 78.6057428, 17.46005 ], [ 78.6073485, 17.460869 ], [ 78.6093473, 17.4624881 ], [ 78.6096553, 17.4626382 ], [ 78.6096881, 17.4603001 ], [ 78.6070867, 17.4589394 ], [ 78.6011991, 17.4560557 ], [ 78.6013474, 17.4557794 ], [ 78.5922771, 17.4513024 ], [ 78.5921624, 17.4515275 ], [ 78.5931127, 17.4520058 ], [ 78.5938434, 17.4587077 ] ] ] } },
{ "type": "Feature", "properties": { "element": "way", "id": 318616743, "addr:city": null, "addr:postcode": null, "addr:street": null, "industrial": null, "landuse": "industrial", "name": null, "opening_hours": null, "addr:housenumber": null, "office": null, "name:en": null, "name:te": null, "barrier": null, "man_made": null, "product": null, "building": null, "operator": null, "natural": null, "old_name": null, "website": null, "type": null }, "geometry": { "type": "Polygon", "coordinates": [ [ [ 78.5804858, 17.4555306 ], [ 78.5809956, 17.452047 ], [ 78.5813014, 17.4519498 ], [ 78.5809771, 17.4503318 ], [ 78.5802318, 17.4495928 ], [ 78.5795458, 17.4490839 ], [ 78.5790627, 17.4488436 ], [ 78.5778733, 17.4485998 ], [ 78.5773457, 17.4484216 ], [ 78.575881, 17.4485654 ], [ 78.5746522, 17.4494438 ], [ 78.5737019, 17.4496626 ], [ 78.5731776, 17.4519383 ], [ 78.5706873, 17.4551518 ], [ 78.571382, 17.4611159 ], [ 78.5733677, 17.4622412 ], [ 78.5733153, 17.4613722 ], [ 78.5754058, 17.4612159 ], [ 78.5769001, 17.4621537 ], [ 78.5788727, 17.4587278 ], [ 78.5787154, 17.4570273 ], [ 78.5793839, 17.4566397 ], [ 78.5794887, 17.4557019 ], [ 78.5804858, 17.4555306 ] ] ] } },
{ "type": "Feature", "properties": { "element": "way", "id": 318616746, "addr:city": null, "addr:postcode": null, "addr:street": null, "industrial": null, "landuse": "industrial", "name": null, "opening_hours": null, "addr:housenumber": null, "office": null, "name:en": null, "name:te": null, "barrier": null, "man_made": null, "product": null, "building": null, "operator": null, "natural": null, "old_name": null, "website": null, "type": null }, "geometry": { "type": "Polygon", "coordinates": [ [ [ 78.6052002, 17.4610584 ], [ 78.6055987, 17.4600682 ], [ 78.6059556, 17.4603378 ], [ 78.6072346, 17.46097 ], [ 78.6091901, 17.4625481 ], [ 78.6100011, 17.4629327 ], [ 78.6107704, 17.4631272 ], [ 78.6106128, 17.464029 ], [ 78.6097231, 17.4638345 ], [ 78.609065, 17.4639582 ], [ 78.6087406, 17.4653993 ], [ 78.6083977, 17.4659916 ], [ 78.6080826, 17.465859 ], [ 78.6079436, 17.4642323 ], [ 78.6074431, 17.4641527 ], [ 78.6069055, 17.4638521 ], [ 78.6063085, 17.4639939 ], [ 78.6059281, 17.4633304 ], [ 78.6064236, 17.4632156 ], [ 78.6081475, 17.4634897 ], [ 78.6073504, 17.462915 ], [ 78.6068592, 17.46158 ], [ 78.6062012, 17.4612352 ], [ 78.6052002, 17.4610584 ] ] ] } },
{ "type": "Feature", "properties": { "element": "way", "id": 318616747, "addr:city": null, "addr:postcode": null, "addr:street": null, "industrial": null, "landuse": "industrial", "name": null, "opening_hours": null, "addr:housenumber": null, "office": null, "name:en": null, "name:te": null, "barrier": null, "man_made": null, "product": null, "building": null, "operator": null, "natural": null, "old_name": null, "website": null, "type": null }, "geometry": { "type": "Polygon", "coordinates": [ [ [ 78.5838422, 17.460238 ], [ 78.584418, 17.4656577 ], [ 78.58505, 17.4654104 ], [ 78.5858469, 17.4650381 ], [ 78.5865868, 17.4646697 ], [ 78.5865624, 17.4644913 ], [ 78.5869933, 17.4644602 ], [ 78.5877211, 17.4641461 ], [ 78.5878796, 17.4644525 ], [ 78.5882252, 17.4649605 ], [ 78.5883268, 17.4651467 ], [ 78.5885707, 17.46574 ], [ 78.5891602, 17.466822 ], [ 78.5910364, 17.4669549 ], [ 78.595451, 17.4669408 ], [ 78.5972166, 17.4665717 ], [ 78.5971319, 17.4655615 ], [ 78.5971188, 17.4649363 ], [ 78.5971123, 17.4644987 ], [ 78.5971791, 17.4641117 ], [ 78.599076, 17.4633442 ], [ 78.5983158, 17.4622315 ], [ 78.594541, 17.4590994 ], [ 78.5838422, 17.460238 ] ] ] } },
{ "type": "Feature", "properties": { "element": "way", "id": 318616748, "addr:city": null, "addr:postcode": null, "addr:street": null, "industrial": null, "landuse": "industrial", "name": null, "opening_hours": null, "addr:housenumber": null, "office": null, "name:en": null, "name:te": null, "barrier": null, "man_made": null, "product": null, "building": null, "operator": null, "natural": null, "old_name": null, "website": null, "type": null }, "geometry": { "type": "Polygon", "coordinates": [ [ [ 78.5916217, 17.4696869 ], [ 78.5954162, 17.4695869 ], [ 78.5954424, 17.4711372 ], [ 78.5916413, 17.4711997 ], [ 78.5916217, 17.4696869 ] ] ] } },
{ "type": "Feature", "properties": { "element": "way", "id": 318616751, "addr:city": null, "addr:postcode": null, "addr:street": null, "industrial": null, "landuse": "industrial", "name": null, "opening_hours": null, "addr:housenumber": null, "office": null, "name:en": null, "name:te": null, "barrier": null, "man_made": null, "product": null, "building": null, "operator": null, "natural": null, "old_name": null, "website": null, "type": null }, "geometry": { "type": "Polygon", "coordinates": [ [ [ 78.6022053, 17.4648664 ], [ 78.6005127, 17.4649741 ], [ 78.6011156, 17.4657993 ], [ 78.6012205, 17.4664557 ], [ 78.6022822, 17.466487 ], [ 78.6022053, 17.4648664 ] ] ] } },
{ "type": "Feature", "properties": { "element": "way", "id": 318616752, "addr:city": null, "addr:postcode": null, "addr:street": null, "industrial": null, "landuse": "industrial", "name": null, "opening_hours": null, "addr:housenumber": null, "office": null, "name:en": null, "name:te": null, "barrier": null, "man_made": null, "product": null, "building": null, "operator": null, "natural": null, "old_name": null, "website": null, "type": null }, "geometry": { "type": "Polygon", "coordinates": [ [ [ 78.6014598, 17.4724132 ], [ 78.6025474, 17.4749419 ], [ 78.6062469, 17.4738136 ], [ 78.6057788, 17.4729348 ], [ 78.6056583, 17.4712374 ], [ 78.6014598, 17.4724132 ] ] ] } },
{ "type": "Feature", "properties": { "element": "way", "id": 318616753, "addr:city": null, "addr:postcode": null, "addr:street": null, "industrial": null, "landuse": "industrial", "name": null, "opening_hours": null, "addr:housenumber": null, "office": null, "name:en": null, "name:te": null, "barrier": null, "man_made": null, "product": null, "building": null, "operator": null, "natural": null, "old_name": null, "website": null, "type": null }, "geometry": { "type": "Polygon", "coordinates": [ [ [ 78.6013208, 17.4721657 ], [ 78.6012374, 17.4667022 ], [ 78.6024052, 17.4666845 ], [ 78.6059408, 17.4659508 ], [ 78.6062467, 17.4708928 ], [ 78.6055701, 17.4711492 ], [ 78.6013208, 17.4721657 ] ] ] } },
{ "type": "Feature", "properties": { "element": "way", "id": 318616754, "addr:city": null, "addr:postcode": null, "addr:street": null, "industrial": null, "landuse": "industrial", "name": null, "opening_hours": null, "addr:housenumber": null, "office": null, "name:en": null, "name:te": null, "barrier": null, "man_made": null, "product": null, "building": null, "operator": null, "natural": null, "old_name": null, "website": null, "type": null }, "geometry": { "type": "Polygon", "coordinates": [ [ [ 78.6050773, 17.4634549 ], [ 78.6058373, 17.463172 ], [ 78.6059281, 17.4633304 ], [ 78.6063085, 17.4639939 ], [ 78.6072432, 17.4656243 ], [ 78.6057261, 17.4658243 ], [ 78.6050773, 17.4634549 ] ] ] } },
{ "type": "Feature", "properties": { "element": "way", "id": 318616756, "addr:city": null, "addr:postcode": null, "addr:street": null, "industrial": null, "landuse": "industrial", "name": null, "opening_hours": null, "addr:housenumber": null, "office": null, "name:en": null, "name:te": null, "barrier": null, "man_made": null, "product": null, "building": null, "operator": null, "natural": null, "old_name": null, "website": null, "type": null }, "geometry": { "type": "Polygon", "coordinates": [ [ [ 78.5833156, 17.4554601 ], [ 78.5895022, 17.4548537 ], [ 78.5897813, 17.4571282 ], [ 78.5919129, 17.4569337 ], [ 78.5921467, 17.4588207 ], [ 78.5921724, 17.4591529 ], [ 78.5838311, 17.4599751 ], [ 78.5833156, 17.4554601 ] ] ] } },
{ "type": "Feature", "properties": { "element": "way", "id": 318616759, "addr:city": null, "addr:postcode": null, "addr:street": null, "industrial": null, "landuse": "industrial", "name": null, "opening_hours": null, "addr:housenumber": null, "office": null, "name:en": null, "name:te": null, "barrier": null, "man_made": null, "product": null, "building": null, "operator": null, "natural": null, "old_name": null, "website": null, "type": null }, "geometry": { "type": "Polygon", "coordinates": [ [ [ 78.6021948, 17.4646867 ], [ 78.6015089, 17.4644927 ], [ 78.6002833, 17.4637426 ], [ 78.5999688, 17.4633112 ], [ 78.5994707, 17.4635988 ], [ 78.6001654, 17.464699 ], [ 78.6005127, 17.4649741 ], [ 78.6022053, 17.4648664 ], [ 78.6021948, 17.4646867 ] ] ] } },
{ "type": "Feature", "properties": { "element": "way", "id": 318616760, "addr:city": null, "addr:postcode": null, "addr:street": null, "industrial": null, "landuse": "industrial", "name": null, "opening_hours": null, "addr:housenumber": null, "office": null, "name:en": null, "name:te": null, "barrier": null, "man_made": null, "product": null, "building": null, "operator": null, "natural": null, "old_name": null, "website": null, "type": null }, "geometry": { "type": "Polygon", "coordinates": [ [ [ 78.6056583, 17.4712374 ], [ 78.6065017, 17.4711402 ], [ 78.6068539, 17.4725016 ], [ 78.6068909, 17.4734564 ], [ 78.6072519, 17.4740628 ], [ 78.6065703, 17.4740628 ], [ 78.6062469, 17.4738136 ], [ 78.6057788, 17.4729348 ], [ 78.6056583, 17.4712374 ] ] ] } },
{ "type": "Feature", "properties": { "element": "way", "id": 318616761, "addr:city": null, "addr:postcode": null, "addr:street": null, "industrial": null, "landuse": "industrial", "name": null, "opening_hours": null, "addr:housenumber": null, "office": null, "name:en": null, "name:te": null, "barrier": null, "man_made": null, "product": null, "building": null, "operator": null, "natural": null, "old_name": null, "website": null, "type": null }, "geometry": { "type": "Polygon", "coordinates": [ [ [ 78.59913, 17.4634889 ], [ 78.5972001, 17.4643105 ], [ 78.597377, 17.4666673 ], [ 78.5955486, 17.4670236 ], [ 78.5955945, 17.4711245 ], [ 78.5968921, 17.471087 ], [ 78.6010568, 17.4710468 ], [ 78.6009519, 17.4659082 ], [ 78.5998444, 17.4646892 ], [ 78.59913, 17.4634889 ] ] ] } },
{ "type": "Feature", "properties": { "element": "way", "id": 318619672, "addr:city": null, "addr:postcode": null, "addr:street": null, "industrial": null, "landuse": "industrial", "name": null, "opening_hours": null, "addr:housenumber": null, "office": null, "name:en": null, "name:te": null, "barrier": null, "man_made": null, "product": null, "building": null, "operator": null, "natural": null, "old_name": null, "website": null, "type": null }, "geometry": { "type": "Polygon", "coordinates": [ [ [ 78.6069673, 17.450703 ], [ 78.6082556, 17.4506323 ], [ 78.6115365, 17.449253 ], [ 78.6118609, 17.450482 ], [ 78.612315, 17.4566444 ], [ 78.6103409, 17.4564853 ], [ 78.6105819, 17.4580414 ], [ 78.6043351, 17.4550044 ], [ 78.6072268, 17.455053 ], [ 78.6059941, 17.4507649 ], [ 78.6069673, 17.450703 ] ] ] } },
{ "type": "Feature", "properties": { "element": "way", "id": 318619674, "addr:city": null, "addr:postcode": null, "addr:street": null, "industrial": null, "landuse": "industrial", "name": null, "opening_hours": null, "addr:housenumber": null, "office": null, "name:en": null, "name:te": null, "barrier": null, "man_made": null, "product": null, "building": null, "operator": null, "natural": null, "old_name": null, "website": null, "type": null }, "geometry": { "type": "Polygon", "coordinates": [ [ [ 78.5961376, 17.4502527 ], [ 78.5961966, 17.4501589 ], [ 78.5976843, 17.450534 ], [ 78.5996569, 17.4514343 ], [ 78.6017213, 17.4514718 ], [ 78.6025363, 17.4513116 ], [ 78.6029774, 17.4532007 ], [ 78.6010913, 17.4530946 ], [ 78.6009106, 17.4527984 ], [ 78.6004657, 17.4527808 ], [ 78.5997891, 17.4521265 ], [ 78.5987001, 17.4514943 ], [ 78.5961376, 17.4502527 ] ] ] } },
{ "type": "Feature", "properties": { "element": "way", "id": 318619676, "addr:city": null, "addr:postcode": null, "addr:street": null, "industrial": null, "landuse": "industrial", "name": null, "opening_hours": null, "addr:housenumber": null, "office": null, "name:en": null, "name:te": null, "barrier": null, "man_made": null, "product": null, "building": null, "operator": null, "natural": null, "old_name": null, "website": null, "type": null }, "geometry": { "type": "Polygon", "coordinates": [ [ [ 78.6010913, 17.4530946 ], [ 78.6016845, 17.4542484 ], [ 78.6017215, 17.4548894 ], [ 78.6017987, 17.454864 ], [ 78.6019318, 17.4550916 ], [ 78.6020051, 17.4551617 ], [ 78.6024166, 17.4550574 ], [ 78.6026993, 17.4552873 ], [ 78.6027688, 17.455221 ], [ 78.6026113, 17.4551237 ], [ 78.6023981, 17.454801 ], [ 78.6026652, 17.4542839 ], [ 78.6026814, 17.4542525 ], [ 78.6027132, 17.454191 ], [ 78.6043351, 17.4550044 ], [ 78.6072268, 17.455053 ], [ 78.6059941, 17.4507649 ], [ 78.6042981, 17.4509152 ], [ 78.6025363, 17.4513116 ], [ 78.6029774, 17.4532007 ], [ 78.6010913, 17.4530946 ] ] ] } },
{ "type": "Feature", "properties": { "element": "way", "id": 318619680, "addr:city": null, "addr:postcode": null, "addr:street": null, "industrial": null, "landuse": "industrial", "name": null, "opening_hours": null, "addr:housenumber": null, "office": null, "name:en": null, "name:te": null, "barrier": null, "man_made": null, "product": null, "building": null, "operator": null, "natural": null, "old_name": null, "website": null, "type": null }, "geometry": { "type": "Polygon", "coordinates": [ [ [ 78.6147125, 17.4602322 ], [ 78.6151481, 17.4617971 ], [ 78.6118487, 17.463079 ], [ 78.6115892, 17.463026 ], [ 78.6122657, 17.460577 ], [ 78.613795, 17.4604886 ], [ 78.6147125, 17.4602322 ] ] ] } },
{ "type": "Feature", "properties": { "element": "way", "id": 318619681, "addr:city": null, "addr:postcode": null, "addr:street": null, "industrial": null, "landuse": "industrial", "name": null, "opening_hours": null, "addr:housenumber": null, "office": null, "name:en": null, "name:te": null, "barrier": null, "man_made": null, "product": null, "building": null, "operator": null, "natural": null, "old_name": null, "website": null, "type": null }, "geometry": { "type": "Polygon", "coordinates": [ [ [ 78.6163623, 17.4546003 ], [ 78.6140068, 17.4549183 ], [ 78.614314, 17.4573234 ], [ 78.6148516, 17.4597813 ], [ 78.6171686, 17.4584993 ], [ 78.6167793, 17.4567576 ], [ 78.6163623, 17.4546003 ] ] ] } },
{ "type": "Feature", "properties": { "element": "way", "id": 318619683, "addr:city": null, "addr:postcode": null, "addr:street": null, "industrial": null, "landuse": "industrial", "name": null, "opening_hours": null, "addr:housenumber": null, "office": null, "name:en": null, "name:te": null, "barrier": null, "man_made": null, "product": null, "building": null, "operator": null, "natural": null, "old_name": null, "website": null, "type": null }, "geometry": { "type": "Polygon", "coordinates": [ [ [ 78.6096881, 17.4603001 ], [ 78.6098097, 17.4600377 ], [ 78.6107828, 17.4604179 ], [ 78.6119228, 17.4606035 ], [ 78.6112926, 17.4630171 ], [ 78.6103194, 17.4628668 ], [ 78.6096553, 17.4626382 ], [ 78.6096881, 17.4603001 ] ] ] } },
{ "type": "Feature", "properties": { "element": "way", "id": 318619684, "addr:city": null, "addr:postcode": null, "addr:street": null, "industrial": null, "landuse": "industrial", "name": null, "opening_hours": null, "addr:housenumber": null, "office": null, "name:en": null, "name:te": null, "barrier": null, "man_made": null, "product": null, "building": null, "operator": null, "natural": null, "old_name": null, "website": null, "type": null }, "geometry": { "type": "Polygon", "coordinates": [ [ [ 78.6147125, 17.4602322 ], [ 78.6161676, 17.4595603 ], [ 78.6164827, 17.4612931 ], [ 78.6185125, 17.4609572 ], [ 78.6195876, 17.4637244 ], [ 78.6159915, 17.4643786 ], [ 78.6151481, 17.4617971 ], [ 78.6147125, 17.4602322 ] ] ] } },
{ "type": "Feature", "properties": { "element": "way", "id": 318619685, "addr:city": null, "addr:postcode": null, "addr:street": null, "industrial": null, "landuse": "industrial", "name": null, "opening_hours": null, "addr:housenumber": null, "office": null, "name:en": null, "name:te": null, "barrier": null, "man_made": null, "product": null, "building": null, "operator": null, "natural": null, "old_name": null, "website": null, "type": null }, "geometry": { "type": "Polygon", "coordinates": [ [ [ 78.6140068, 17.4549183 ], [ 78.6124326, 17.4551308 ], [ 78.612794, 17.4582076 ], [ 78.6123808, 17.4600637 ], [ 78.6123492, 17.4602057 ], [ 78.6133316, 17.4601438 ], [ 78.6148516, 17.4597813 ], [ 78.614314, 17.4573234 ], [ 78.6140068, 17.4549183 ] ] ] } },
{ "type": "Feature", "properties": { "element": "way", "id": 319567752, "addr:city": null, "addr:postcode": null, "addr:street": null, "industrial": null, "landuse": "industrial", "name": null, "opening_hours": null, "addr:housenumber": null, "office": null, "name:en": null, "name:te": null, "barrier": null, "man_made": null, "product": null, "building": null, "operator": null, "natural": null, "old_name": null, "website": null, "type": null }, "geometry": { "type": "Polygon", "coordinates": [ [ [ 78.5020005, 17.4049467 ], [ 78.5026366, 17.406514 ], [ 78.504935, 17.4057107 ], [ 78.5042982, 17.4040902 ], [ 78.5020005, 17.4049467 ] ] ] } },
{ "type": "Feature", "properties": { "element": "way", "id": 319567753, "addr:city": null, "addr:postcode": null, "addr:street": null, "industrial": null, "landuse": "industrial", "name": null, "opening_hours": null, "addr:housenumber": null, "office": null, "name:en": null, "name:te": null, "barrier": null, "man_made": null, "product": null, "building": null, "operator": null, "natural": null, "old_name": null, "website": null, "type": null }, "geometry": { "type": "Polygon", "coordinates": [ [ [ 78.4969844, 17.4038098 ], [ 78.4976189, 17.4054509 ], [ 78.497902, 17.4061796 ], [ 78.4992869, 17.4056796 ], [ 78.5011163, 17.4050383 ], [ 78.5017201, 17.4048106 ], [ 78.5006726, 17.402339 ], [ 78.499651, 17.4029736 ], [ 78.4995419, 17.4028437 ], [ 78.4969844, 17.4038098 ] ] ] } },
{ "type": "Feature", "properties": { "element": "way", "id": 320002249, "addr:city": null, "addr:postcode": null, "addr:street": null, "industrial": null, "landuse": "industrial", "name": null, "opening_hours": null, "addr:housenumber": null, "office": null, "name:en": null, "name:te": null, "barrier": null, "man_made": null, "product": null, "building": null, "operator": null, "natural": null, "old_name": null, "website": null, "type": null }, "geometry": { "type": "Polygon", "coordinates": [ [ [ 78.2501365, 17.5334858 ], [ 78.2575813, 17.5305183 ], [ 78.2585252, 17.5302251 ], [ 78.2608778, 17.5296729 ], [ 78.2601857, 17.5287388 ], [ 78.2590851, 17.5263887 ], [ 78.2593641, 17.5258218 ], [ 78.2595166, 17.5255118 ], [ 78.2606444, 17.5249609 ], [ 78.259159, 17.5207377 ], [ 78.2579068, 17.5207695 ], [ 78.2576448, 17.5200852 ], [ 78.2570963, 17.5201979 ], [ 78.2569444, 17.5194315 ], [ 78.2516494, 17.5209476 ], [ 78.2512837, 17.5223841 ], [ 78.2509246, 17.523795 ], [ 78.2506751, 17.5247751 ], [ 78.2501004, 17.5254942 ], [ 78.2470831, 17.5255118 ], [ 78.2454327, 17.5301021 ], [ 78.2459553, 17.5323317 ], [ 78.2476333, 17.5332497 ], [ 78.2501365, 17.5334858 ] ] ] } },
{ "type": "Feature", "properties": { "element": "way", "id": 320002699, "addr:city": null, "addr:postcode": null, "addr:street": null, "industrial": null, "landuse": "industrial", "name": null, "opening_hours": null, "addr:housenumber": null, "office": null, "name:en": null, "name:te": null, "barrier": null, "man_made": null, "product": null, "building": null, "operator": null, "natural": null, "old_name": null, "website": null, "type": null }, "geometry": { "type": "Polygon", "coordinates": [ [ [ 78.2624817, 17.5271531 ], [ 78.2633185, 17.5255264 ], [ 78.2667088, 17.522099 ], [ 78.2669583, 17.5220427 ], [ 78.2679687, 17.5232 ], [ 78.2682804, 17.5240609 ], [ 78.268567, 17.5248696 ], [ 78.2666713, 17.5253669 ], [ 78.2670996, 17.5261764 ], [ 78.265298, 17.5275187 ], [ 78.2647754, 17.5275263 ], [ 78.2642329, 17.5276651 ], [ 78.2637397, 17.5276985 ], [ 78.2632549, 17.527746 ], [ 78.2632543, 17.5275798 ], [ 78.2628059, 17.5275268 ], [ 78.2624817, 17.5271531 ] ] ] } },
{ "type": "Feature", "properties": { "element": "way", "id": 320002701, "addr:city": null, "addr:postcode": null, "addr:street": null, "industrial": null, "landuse": "industrial", "name": null, "opening_hours": null, "addr:housenumber": null, "office": null, "name:en": null, "name:te": null, "barrier": null, "man_made": null, "product": null, "building": null, "operator": null, "natural": null, "old_name": null, "website": null, "type": null }, "geometry": { "type": "Polygon", "coordinates": [ [ [ 78.270257, 17.5248877 ], [ 78.2693297, 17.521899 ], [ 78.2709096, 17.5205948 ], [ 78.2729995, 17.523474 ], [ 78.2716329, 17.5246463 ], [ 78.2706108, 17.5254533 ], [ 78.270257, 17.5248877 ] ] ] } },
{ "type": "Feature", "properties": { "element": "way", "id": 320004383, "addr:city": null, "addr:postcode": null, "addr:street": null, "industrial": null, "landuse": "industrial", "name": null, "opening_hours": null, "addr:housenumber": null, "office": null, "name:en": null, "name:te": null, "barrier": null, "man_made": null, "product": null, "building": null, "operator": null, "natural": null, "old_name": null, "website": null, "type": null }, "geometry": { "type": "Polygon", "coordinates": [ [ [ 78.4479992, 17.5100729 ], [ 78.4486838, 17.5101191 ], [ 78.4521006, 17.5088651 ], [ 78.4541611, 17.5079756 ], [ 78.4558957, 17.5072063 ], [ 78.4565532, 17.5071979 ], [ 78.4565634, 17.5060339 ], [ 78.4565706, 17.5052181 ], [ 78.4556414, 17.505509 ], [ 78.4552907, 17.5045392 ], [ 78.4554836, 17.5042047 ], [ 78.4559724, 17.5039569 ], [ 78.4558694, 17.5036362 ], [ 78.455694, 17.5032951 ], [ 78.4552118, 17.5031931 ], [ 78.45295, 17.5002834 ], [ 78.4525292, 17.5010025 ], [ 78.4515385, 17.5005945 ], [ 78.4518365, 17.4991982 ], [ 78.4522108, 17.4992515 ], [ 78.4531378, 17.5003235 ], [ 78.4540499, 17.4995821 ], [ 78.4540869, 17.4985241 ], [ 78.4529587, 17.4983202 ], [ 78.4518365, 17.4981948 ], [ 78.4518075, 17.4978469 ], [ 78.4520801, 17.4952518 ], [ 78.451663, 17.4953202 ], [ 78.4508645, 17.4964092 ], [ 78.4495834, 17.4968241 ], [ 78.4484175, 17.499216 ], [ 78.4514364, 17.4998805 ], [ 78.4479992, 17.5100729 ] ] ] } },
{ "type": "Feature", "properties": { "element": "way", "id": 320004388, "addr:city": null, "addr:postcode": null, "addr:street": null, "industrial": null, "landuse": "industrial", "name": "IDA Jeedimetla", "opening_hours": null, "addr:housenumber": null, "office": null, "name:en": null, "name:te": null, "barrier": null, "man_made": null, "product": null, "building": null, "operator": null, "natural": null, "old_name": null, "website": null, "type": null }, "geometry": { "type": "Polygon", "coordinates": [ [ [ 78.4465907, 17.5174811 ], [ 78.4465031, 17.5181465 ], [ 78.4461001, 17.5187406 ], [ 78.4452818, 17.519982 ], [ 78.4436104, 17.5224409 ], [ 78.4378863, 17.5190273 ], [ 78.4371704, 17.5196161 ], [ 78.4373221, 17.5200914 ], [ 78.4368696, 17.5207298 ], [ 78.4370246, 17.5211377 ], [ 78.4366877, 17.5219768 ], [ 78.436043, 17.5227925 ], [ 78.4356091, 17.5241463 ], [ 78.4356196, 17.5257002 ], [ 78.4361693, 17.5258854 ], [ 78.4356494, 17.5274432 ], [ 78.4345971, 17.5292666 ], [ 78.4340284, 17.529348 ], [ 78.4337287, 17.5297845 ], [ 78.4331745, 17.5307717 ], [ 78.4334966, 17.5314404 ], [ 78.4333106, 17.5316833 ], [ 78.4330835, 17.5319045 ], [ 78.4324777, 17.5324098 ], [ 78.4334031, 17.533402 ], [ 78.4350245, 17.5339337 ], [ 78.4354169, 17.5337139 ], [ 78.4397382, 17.5332358 ], [ 78.4404177, 17.5318115 ], [ 78.4429928, 17.5332417 ], [ 78.4426542, 17.530028 ], [ 78.4429755, 17.5298681 ], [ 78.4434453, 17.5295887 ], [ 78.443935, 17.5292222 ], [ 78.4447099, 17.5287907 ], [ 78.4453856, 17.5292517 ], [ 78.4456907, 17.5289415 ], [ 78.4470481, 17.5287778 ], [ 78.4471809, 17.5293782 ], [ 78.4491671, 17.5292754 ], [ 78.4491857, 17.5288616 ], [ 78.451467, 17.5302626 ], [ 78.4516344, 17.5304901 ], [ 78.4507913, 17.5306675 ], [ 78.4502272, 17.5310044 ], [ 78.4503217, 17.5311916 ], [ 78.4514523, 17.53288 ], [ 78.4561956, 17.5325516 ], [ 78.4555888, 17.5311509 ], [ 78.4555666, 17.5308612 ], [ 78.4555438, 17.5305649 ], [ 78.4546496, 17.5299504 ], [ 78.4541465, 17.528142 ], [ 78.4569056, 17.5281236 ], [ 78.45904, 17.5267948 ], [ 78.4611205, 17.5263821 ], [ 78.4589645, 17.5217377 ], [ 78.4574793, 17.5198744 ], [ 78.4581593, 17.519411 ], [ 78.4591628, 17.518699 ], [ 78.4578426, 17.5166627 ], [ 78.4576654, 17.5147894 ], [ 78.4576209, 17.5138604 ], [ 78.4558682, 17.5122938 ], [ 78.4548144, 17.5112415 ], [ 78.4549108, 17.5107315 ], [ 78.4544655, 17.5081762 ], [ 78.4550003, 17.5079839 ], [ 78.4549389, 17.5074989 ], [ 78.4520206, 17.5087605 ], [ 78.4486213, 17.5100229 ], [ 78.4478764, 17.5097909 ], [ 78.4474676, 17.5122967 ], [ 78.4466827, 17.5171087 ], [ 78.4465907, 17.5174811 ] ] ] } },
{ "type": "Feature", "properties": { "element": "way", "id": 320006001, "addr:city": null, "addr:postcode": null, "addr:street": null, "industrial": null, "landuse": "industrial", "name": null, "opening_hours": null, "addr:housenumber": null, "office": null, "name:en": null, "name:te": null, "barrier": null, "man_made": null, "product": null, "building": null, "operator": null, "natural": null, "old_name": null, "website": null, "type": null }, "geometry": { "type": "Polygon", "coordinates": [ [ [ 78.4561956, 17.5325516 ], [ 78.4585488, 17.5358083 ], [ 78.4634419, 17.5339169 ], [ 78.4596218, 17.5314339 ], [ 78.45932, 17.531255 ], [ 78.4592989, 17.5312417 ], [ 78.4595654, 17.5308311 ], [ 78.459863, 17.5310912 ], [ 78.4603341, 17.5304528 ], [ 78.4598878, 17.5302636 ], [ 78.459677, 17.5305592 ], [ 78.4592803, 17.5303818 ], [ 78.4578021, 17.5306866 ], [ 78.4556065, 17.5311394 ], [ 78.4561956, 17.5325516 ] ] ] } },
{ "type": "Feature", "properties": { "element": "way", "id": 332096196, "addr:city": null, "addr:postcode": null, "addr:street": null, "industrial": null, "landuse": "industrial", "name": null, "opening_hours": null, "addr:housenumber": null, "office": null, "name:en": null, "name:te": null, "barrier": null, "man_made": null, "product": null, "building": null, "operator": null, "natural": null, "old_name": null, "website": null, "type": null }, "geometry": { "type": "Polygon", "coordinates": [ [ [ 78.4023631, 17.4055767 ], [ 78.4020863, 17.4052675 ], [ 78.4026181, 17.4050598 ], [ 78.4027591, 17.4053723 ], [ 78.4025308, 17.40545 ], [ 78.4025547, 17.4055022 ], [ 78.4023631, 17.4055767 ] ] ] } },
{ "type": "Feature", "properties": { "element": "way", "id": 363734622, "addr:city": null, "addr:postcode": null, "addr:street": null, "industrial": null, "landuse": "industrial", "name": "Shawalace Distellery", "opening_hours": null, "addr:housenumber": null, "office": null, "name:en": null, "name:te": null, "barrier": null, "man_made": null, "product": null, "building": null, "operator": null, "natural": null, "old_name": null, "website": null, "type": null }, "geometry": { "type": "Polygon", "coordinates": [ [ [ 78.5369025, 17.4461976 ], [ 78.5385424, 17.4462789 ], [ 78.5384146, 17.4486594 ], [ 78.5367853, 17.4485883 ], [ 78.5369025, 17.4461976 ] ] ] } },
{ "type": "Feature", "properties": { "element": "way", "id": 696784626, "addr:city": null, "addr:postcode": null, "addr:street": null, "industrial": null, "landuse": "industrial", "name": null, "opening_hours": null, "addr:housenumber": null, "office": null, "name:en": null, "name:te": null, "barrier": null, "man_made": "works", "product": null, "building": null, "operator": null, "natural": null, "old_name": null, "website": null, "type": null }, "geometry": { "type": "Polygon", "coordinates": [ [ [ 78.2841566, 17.5240301 ], [ 78.2859564, 17.5233574 ], [ 78.2865384, 17.5240685 ], [ 78.2860208, 17.5241964 ], [ 78.2853985, 17.5242859 ], [ 78.2848915, 17.5243063 ], [ 78.2842424, 17.5242296 ], [ 78.2841566, 17.5240301 ] ] ] } },
{ "type": "Feature", "properties": { "element": "way", "id": 696784627, "addr:city": null, "addr:postcode": null, "addr:street": null, "industrial": null, "landuse": "industrial", "name": null, "opening_hours": null, "addr:housenumber": null, "office": null, "name:en": null, "name:te": null, "barrier": null, "man_made": "works", "product": null, "building": null, "operator": null, "natural": null, "old_name": null, "website": null, "type": null }, "geometry": { "type": "Polygon", "coordinates": [ [ [ 78.2810345, 17.5197535 ], [ 78.2825071, 17.5195157 ], [ 78.2832393, 17.5192138 ], [ 78.2838294, 17.5199096 ], [ 78.2833573, 17.5203137 ], [ 78.2842451, 17.5212959 ], [ 78.2834136, 17.5218944 ], [ 78.2829845, 17.5213726 ], [ 78.2826117, 17.5216233 ], [ 78.282271, 17.5212422 ], [ 78.2816434, 17.521746 ], [ 78.2810345, 17.5197535 ] ] ] } },
{ "type": "Feature", "properties": { "element": "way", "id": 696785358, "addr:city": null, "addr:postcode": null, "addr:street": null, "industrial": null, "landuse": "industrial", "name": null, "opening_hours": null, "addr:housenumber": null, "office": null, "name:en": null, "name:te": null, "barrier": null, "man_made": null, "product": null, "building": null, "operator": null, "natural": null, "old_name": null, "website": null, "type": null }, "geometry": { "type": "Polygon", "coordinates": [ [ [ 78.4439707, 17.4772867 ], [ 78.4459555, 17.4773276 ], [ 78.4481013, 17.4771639 ], [ 78.4476346, 17.4746925 ], [ 78.444432, 17.4749637 ], [ 78.4442818, 17.4740644 ], [ 78.4426913, 17.4742192 ], [ 78.4428012, 17.4754114 ], [ 78.4430748, 17.4763145 ], [ 78.44374, 17.4766522 ], [ 78.4439707, 17.4772867 ] ] ] } },
{ "type": "Feature", "properties": { "element": "way", "id": 696785362, "addr:city": null, "addr:postcode": null, "addr:street": null, "industrial": null, "landuse": "industrial", "name": null, "opening_hours": null, "addr:housenumber": null, "office": null, "name:en": null, "name:te": null, "barrier": null, "man_made": null, "product": null, "building": null, "operator": null, "natural": null, "old_name": null, "website": null, "type": null }, "geometry": { "type": "Polygon", "coordinates": [ [ [ 78.4449881, 17.4719722 ], [ 78.4446594, 17.4705879 ], [ 78.4465232, 17.4701851 ], [ 78.446852, 17.4715695 ], [ 78.4449881, 17.4719722 ] ] ] } },
{ "type": "Feature", "properties": { "element": "way", "id": 696785363, "addr:city": null, "addr:postcode": null, "addr:street": null, "industrial": null, "landuse": "industrial", "name": null, "opening_hours": null, "addr:housenumber": null, "office": null, "name:en": null, "name:te": null, "barrier": null, "man_made": null, "product": null, "building": null, "operator": null, "natural": null, "old_name": null, "website": null, "type": null }, "geometry": { "type": "Polygon", "coordinates": [ [ [ 78.4460521, 17.4736998 ], [ 78.4473503, 17.4736231 ], [ 78.446852, 17.4715695 ], [ 78.4449881, 17.4719722 ], [ 78.4452447, 17.47305 ], [ 78.4453869, 17.4737663 ], [ 78.4460521, 17.4736998 ] ] ] } },
{ "type": "Feature", "properties": { "element": "way", "id": 696785364, "addr:city": null, "addr:postcode": null, "addr:street": null, "industrial": null, "landuse": "industrial", "name": null, "opening_hours": null, "addr:housenumber": null, "office": null, "name:en": null, "name:te": null, "barrier": null, "man_made": null, "product": null, "building": null, "operator": null, "natural": null, "old_name": null, "website": null, "type": null }, "geometry": { "type": "Polygon", "coordinates": [ [ [ 78.4480128, 17.4748972 ], [ 78.447243, 17.4716761 ], [ 78.450408, 17.4719537 ], [ 78.4504308, 17.4720125 ], [ 78.4528783, 17.4722313 ], [ 78.4525967, 17.4749893 ], [ 78.4525403, 17.4752374 ], [ 78.4480128, 17.4748972 ] ] ] } },
{ "type": "Feature", "properties": { "element": "way", "id": 696785661, "addr:city": null, "addr:postcode": null, "addr:street": null, "industrial": null, "landuse": "industrial", "name": "Midhani", "opening_hours": null, "addr:housenumber": null, "office": null, "name:en": null, "name:te": null, "barrier": "wall", "man_made": null, "product": null, "building": null, "operator": null, "natural": null, "old_name": null, "website": null, "type": null }, "geometry": { "type": "Polygon", "coordinates": [ [ [ 78.5088613, 17.3340046 ], [ 78.5089459, 17.3339019 ], [ 78.5090409, 17.3337867 ], [ 78.5090812, 17.3337378 ], [ 78.5099415, 17.3327374 ], [ 78.5100061, 17.3327568 ], [ 78.5100226, 17.3327362 ], [ 78.5100415, 17.3327128 ], [ 78.51003, 17.3326421 ], [ 78.510236, 17.332427 ], [ 78.5124636, 17.3301457 ], [ 78.5127718, 17.3311101 ], [ 78.5128337, 17.3315027 ], [ 78.5130655, 17.3314665 ], [ 78.5130771, 17.3311103 ], [ 78.5142135, 17.3309116 ], [ 78.51422, 17.3302018 ], [ 78.514648, 17.3306381 ], [ 78.5147753, 17.3308392 ], [ 78.5148522, 17.3310701 ], [ 78.5150334, 17.3317871 ], [ 78.5152118, 17.3324322 ], [ 78.5152723, 17.3326581 ], [ 78.5159718, 17.3352703 ], [ 78.515642, 17.3358528 ], [ 78.5151885, 17.3357299 ], [ 78.5149351, 17.3369056 ], [ 78.5145101, 17.3365902 ], [ 78.5141373, 17.3363547 ], [ 78.5137698, 17.3361857 ], [ 78.5136008, 17.336137 ], [ 78.5134844, 17.3361401 ], [ 78.512544, 17.3365928 ], [ 78.5118526, 17.3375327 ], [ 78.5114823, 17.3383565 ], [ 78.5114843, 17.3386396 ], [ 78.5111249, 17.3391644 ], [ 78.5106367, 17.3390436 ], [ 78.5106113, 17.3390794 ], [ 78.5106428, 17.3391045 ], [ 78.5106199, 17.3391271 ], [ 78.5105592, 17.3390917 ], [ 78.506721, 17.3379267 ], [ 78.5064983, 17.3368616 ], [ 78.5080122, 17.3350017 ], [ 78.5080235, 17.3349885 ], [ 78.5088613, 17.3340046 ] ] ] } },
{ "type": "Feature", "properties": { "element": "way", "id": 706790548, "addr:city": null, "addr:postcode": null, "addr:street": null, "industrial": null, "landuse": "industrial", "name": null, "opening_hours": null, "addr:housenumber": null, "office": null, "name:en": null, "name:te": null, "barrier": null, "man_made": null, "product": null, "building": null, "operator": null, "natural": null, "old_name": null, "website": null, "type": null }, "geometry": { "type": "Polygon", "coordinates": [ [ [ 78.5625458, 17.4239058 ], [ 78.5640948, 17.4214951 ], [ 78.5640646, 17.4214727 ], [ 78.5627416, 17.422474 ], [ 78.5623594, 17.4226633 ], [ 78.5619825, 17.4232788 ], [ 78.5619476, 17.4232507 ], [ 78.5616258, 17.4233837 ], [ 78.5617545, 17.4235104 ], [ 78.5625458, 17.4239058 ] ] ] } },
{ "type": "Feature", "properties": { "element": "way", "id": 740795300, "addr:city": null, "addr:postcode": null, "addr:street": null, "industrial": "grinding_mill", "landuse": "industrial", "name": "Manikchand Roller Flour Mill", "opening_hours": null, "addr:housenumber": null, "office": null, "name:en": null, "name:te": null, "barrier": null, "man_made": null, "product": "flour", "building": null, "operator": null, "natural": null, "old_name": null, "website": null, "type": null }, "geometry": { "type": "Polygon", "coordinates": [ [ [ 78.5519794, 17.4412974 ], [ 78.5529811, 17.4405397 ], [ 78.5532551, 17.4393693 ], [ 78.5517044, 17.4396994 ], [ 78.551255, 17.4400394 ], [ 78.5510578, 17.4401887 ], [ 78.5519794, 17.4412974 ] ] ] } },
{ "type": "Feature", "properties": { "element": "way", "id": 747939145, "addr:city": null, "addr:postcode": null, "addr:street": null, "industrial": null, "landuse": "industrial", "name": null, "opening_hours": null, "addr:housenumber": null, "office": null, "name:en": null, "name:te": null, "barrier": null, "man_made": null, "product": null, "building": null, "operator": null, "natural": null, "old_name": null, "website": null, "type": null }, "geometry": { "type": "Polygon", "coordinates": [ [ [ 78.505237, 17.405905 ], [ 78.5058792, 17.4056775 ], [ 78.5063153, 17.4067987 ], [ 78.5056731, 17.4070262 ], [ 78.505237, 17.405905 ] ] ] } },
{ "type": "Feature", "properties": { "element": "way", "id": 751771295, "addr:city": null, "addr:postcode": null, "addr:street": null, "industrial": null, "landuse": "industrial", "name": null, "opening_hours": null, "addr:housenumber": null, "office": null, "name:en": null, "name:te": null, "barrier": null, "man_made": null, "product": null, "building": null, "operator": null, "natural": null, "old_name": null, "website": null, "type": null }, "geometry": { "type": "Polygon", "coordinates": [ [ [ 78.3918705, 17.4500813 ], [ 78.3921147, 17.4500938 ], [ 78.3921229, 17.4499474 ], [ 78.3918787, 17.4499349 ], [ 78.3918705, 17.4500813 ] ] ] } },
{ "type": "Feature", "properties": { "element": "way", "id": 776413850, "addr:city": "Vanasthaslipuram,Hyderabad", "addr:postcode": "500070", "addr:street": "RaithuBazar", "industrial": "slaughterhouse", "landuse": "industrial", "name": "TAJ Mutton Shop", "opening_hours": null, "addr:housenumber": null, "office": null, "name:en": null, "name:te": null, "barrier": null, "man_made": null, "product": null, "building": "yes", "operator": "TAJ", "natural": null, "old_name": null, "website": null, "type": null }, "geometry": { "type": "Polygon", "coordinates": [ [ [ 78.5756261, 17.3307979 ], [ 78.5756097, 17.3305946 ], [ 78.5757178, 17.3305819 ], [ 78.5757249, 17.330796 ], [ 78.5756261, 17.3307979 ] ] ] } },
{ "type": "Feature", "properties": { "element": "way", "id": 846711081, "addr:city": null, "addr:postcode": null, "addr:street": null, "industrial": null, "landuse": "industrial", "name": "Mini Industrial Estate, Hafeezpet", "opening_hours": null, "addr:housenumber": null, "office": null, "name:en": null, "name:te": null, "barrier": null, "man_made": null, "product": null, "building": null, "operator": null, "natural": null, "old_name": null, "website": null, "type": null }, "geometry": { "type": "Polygon", "coordinates": [ [ [ 78.3540771, 17.4920341 ], [ 78.3537686, 17.491201 ], [ 78.3535617, 17.4910777 ], [ 78.3543222, 17.4894901 ], [ 78.3556407, 17.4882336 ], [ 78.3560048, 17.4893511 ], [ 78.3561931, 17.4895598 ], [ 78.3558165, 17.4899709 ], [ 78.3561809, 17.4905966 ], [ 78.3557739, 17.490782 ], [ 78.3552121, 17.4903273 ], [ 78.3544791, 17.4913593 ], [ 78.3542203, 17.4916496 ], [ 78.3543332, 17.491921 ], [ 78.3540771, 17.4920341 ] ] ] } },
{ "type": "Feature", "properties": { "element": "way", "id": 880917664, "addr:city": null, "addr:postcode": null, "addr:street": null, "industrial": "depot", "landuse": "industrial", "name": "TGSRTC Bus Depot  , Hyderabad Central University ( HCU )", "opening_hours": null, "addr:housenumber": null, "office": null, "name:en": null, "name:te": null, "barrier": null, "man_made": null, "product": null, "building": null, "operator": null, "natural": null, "old_name": null, "website": null, "type": null }, "geometry": { "type": "Polygon", "coordinates": [ [ [ 78.3303114, 17.4657233 ], [ 78.3293634, 17.4663657 ], [ 78.3292878, 17.4666725 ], [ 78.330098, 17.4676253 ], [ 78.3307515, 17.4672328 ], [ 78.3303114, 17.4657233 ] ] ] } },
{ "type": "Feature", "properties": { "element": "way", "id": 1153111206, "addr:city": null, "addr:postcode": null, "addr:street": null, "industrial": null, "landuse": "industrial", "name": null, "opening_hours": null, "addr:housenumber": null, "office": null, "name:en": null, "name:te": null, "barrier": null, "man_made": null, "product": null, "building": null, "operator": null, "natural": null, "old_name": null, "website": null, "type": null }, "geometry": { "type": "Polygon", "coordinates": [ [ [ 78.3312133, 17.4231797 ], [ 78.3317324, 17.4228705 ], [ 78.3312639, 17.4221544 ], [ 78.3307447, 17.4224636 ], [ 78.3312133, 17.4231797 ] ] ] } },
{ "type": "Feature", "properties": { "element": "way", "id": 1153111208, "addr:city": null, "addr:postcode": null, "addr:street": null, "industrial": null, "landuse": "industrial", "name": null, "opening_hours": null, "addr:housenumber": null, "office": null, "name:en": null, "name:te": null, "barrier": null, "man_made": null, "product": null, "building": null, "operator": null, "natural": null, "old_name": null, "website": null, "type": null }, "geometry": { "type": "Polygon", "coordinates": [ [ [ 78.3299323, 17.4239343 ], [ 78.3308083, 17.4234209 ], [ 78.3303398, 17.4227048 ], [ 78.3298078, 17.4230136 ], [ 78.3299323, 17.4239343 ] ] ] } },
{ "type": "Feature", "properties": { "element": "way", "id": 1161957130, "addr:city": null, "addr:postcode": null, "addr:street": null, "industrial": null, "landuse": "industrial", "name": null, "opening_hours": null, "addr:housenumber": null, "office": null, "name:en": null, "name:te": null, "barrier": null, "man_made": null, "product": null, "building": null, "operator": null, "natural": null, "old_name": null, "website": null, "type": null }, "geometry": { "type": "Polygon", "coordinates": [ [ [ 78.5144191, 17.3440849 ], [ 78.5144185, 17.3439735 ], [ 78.5147612, 17.3439717 ], [ 78.5147616, 17.3440338 ], [ 78.5147293, 17.3440834 ], [ 78.5144191, 17.3440849 ] ] ] } },
{ "type": "Feature", "properties": { "element": "way", "id": 1172957603, "addr:city": null, "addr:postcode": null, "addr:street": null, "industrial": "depot", "landuse": "industrial", "name": null, "opening_hours": null, "addr:housenumber": null, "office": null, "name:en": null, "name:te": null, "barrier": null, "man_made": null, "product": null, "building": null, "operator": null, "natural": null, "old_name": null, "website": null, "type": null }, "geometry": { "type": "Polygon", "coordinates": [ [ [ 78.5469329, 17.3889569 ], [ 78.546979, 17.3887259 ], [ 78.5474291, 17.3887423 ], [ 78.5473041, 17.3895325 ], [ 78.5469297, 17.3895121 ], [ 78.5469329, 17.3889569 ] ] ] } },
{ "type": "Feature", "properties": { "element": "way", "id": 1172957605, "addr:city": null, "addr:postcode": null, "addr:street": null, "industrial": "depot", "landuse": "industrial", "name": null, "opening_hours": null, "addr:housenumber": null, "office": null, "name:en": null, "name:te": null, "barrier": null, "man_made": null, "product": null, "building": null, "operator": null, "natural": null, "old_name": null, "website": null, "type": null }, "geometry": { "type": "Polygon", "coordinates": [ [ [ 78.5482814, 17.3884922 ], [ 78.5490614, 17.3884819 ], [ 78.5490078, 17.3881323 ], [ 78.5482846, 17.3880545 ], [ 78.5482814, 17.3884922 ] ] ] } },
{ "type": "Feature", "properties": { "element": "way", "id": 1172957623, "addr:city": null, "addr:postcode": null, "addr:street": null, "industrial": null, "landuse": "industrial", "name": null, "opening_hours": null, "addr:housenumber": null, "office": null, "name:en": null, "name:te": null, "barrier": null, "man_made": null, "product": null, "building": null, "operator": null, "natural": null, "old_name": null, "website": null, "type": null }, "geometry": { "type": "Polygon", "coordinates": [ [ [ 78.5537585, 17.3963301 ], [ 78.5534391, 17.395706 ], [ 78.553092, 17.3949965 ], [ 78.5539447, 17.3948981 ], [ 78.5539522, 17.3942829 ], [ 78.5547168, 17.3942589 ], [ 78.5551721, 17.3954014 ], [ 78.5546741, 17.3956047 ], [ 78.5546008, 17.3963489 ], [ 78.5537585, 17.3963301 ] ] ] } },
{ "type": "Feature", "properties": { "element": "way", "id": 1205858965, "addr:city": null, "addr:postcode": null, "addr:street": null, "industrial": null, "landuse": "industrial", "name": "స్టీలు మిల్లు", "opening_hours": null, "addr:housenumber": null, "office": null, "name:en": null, "name:te": null, "barrier": null, "man_made": null, "product": null, "building": null, "operator": null, "natural": null, "old_name": null, "website": null, "type": null }, "geometry": { "type": "Polygon", "coordinates": [ [ [ 78.4600117, 17.3593923 ], [ 78.4609008, 17.3592037 ], [ 78.4609193, 17.359628 ], [ 78.4608946, 17.3599226 ], [ 78.4611786, 17.3599344 ], [ 78.4614194, 17.360011 ], [ 78.4610922, 17.3604353 ], [ 78.4609193, 17.3607358 ], [ 78.4608082, 17.3605473 ], [ 78.4606106, 17.3605708 ], [ 78.4603637, 17.3606651 ], [ 78.4599809, 17.3607771 ], [ 78.4593141, 17.3609008 ], [ 78.4591474, 17.3606651 ], [ 78.4592276, 17.3602998 ], [ 78.4592894, 17.3599816 ], [ 78.4591041, 17.3595455 ], [ 78.4589807, 17.3590505 ], [ 78.4596228, 17.358856 ], [ 78.4597586, 17.3591094 ], [ 78.4600117, 17.3593923 ] ] ] } },
{ "type": "Feature", "properties": { "element": "way", "id": 1212172828, "addr:city": null, "addr:postcode": null, "addr:street": null, "industrial": null, "landuse": "industrial", "name": "GOCL", "opening_hours": null, "addr:housenumber": null, "office": null, "name:en": null, "name:te": null, "barrier": null, "man_made": null, "product": null, "building": null, "operator": null, "natural": "scrub", "old_name": "IDL Explosives", "website": "https://idlexplosives.com/", "type": null }, "geometry": { "type": "Polygon", "coordinates": [ [ [ 78.3921692, 17.4703329 ], [ 78.3935988, 17.4696549 ], [ 78.3944383, 17.4692788 ], [ 78.3961871, 17.4688285 ], [ 78.398416, 17.4691534 ], [ 78.3986789, 17.470164 ], [ 78.3994192, 17.4701128 ], [ 78.4013987, 17.4690639 ], [ 78.4020129, 17.4693018 ], [ 78.4032977, 17.4693581 ], [ 78.403936, 17.4694067 ], [ 78.4053656, 17.4697419 ], [ 78.4063634, 17.470164 ], [ 78.4065995, 17.4701896 ], [ 78.4071212, 17.4701205 ], [ 78.407502, 17.4701538 ], [ 78.4084824, 17.4701103 ], [ 78.4095901, 17.4698301 ], [ 78.410486, 17.4696344 ], [ 78.4113336, 17.469509 ], [ 78.4120899, 17.4708215 ], [ 78.4124413, 17.4717042 ], [ 78.4130689, 17.4738891 ], [ 78.413136, 17.4743778 ], [ 78.4131119, 17.4746515 ], [ 78.412275, 17.4748383 ], [ 78.4126425, 17.4766113 ], [ 78.412444, 17.4770846 ], [ 78.4116071, 17.4774556 ], [ 78.4114489, 17.4778291 ], [ 78.410942, 17.4780721 ], [ 78.409861, 17.4782307 ], [ 78.4085226, 17.4782231 ], [ 78.4079856, 17.4801167 ], [ 78.4076105, 17.4805207 ], [ 78.4071566, 17.4806708 ], [ 78.4066483, 17.4811325 ], [ 78.4067815, 17.4814845 ], [ 78.4070538, 17.4815076 ], [ 78.4071893, 17.4817627 ], [ 78.4058278, 17.4828573 ], [ 78.4040976, 17.4838132 ], [ 78.4044311, 17.4854967 ], [ 78.4048532, 17.4853378 ], [ 78.4051768, 17.4860285 ], [ 78.4046066, 17.4863873 ], [ 78.4053378, 17.4881328 ], [ 78.4058499, 17.4891317 ], [ 78.4061216, 17.4896133 ], [ 78.4063964, 17.4901023 ], [ 78.4064649, 17.4902813 ], [ 78.4065485, 17.4904643 ], [ 78.4065998, 17.4906757 ], [ 78.4066058, 17.4910021 ], [ 78.4066065, 17.4911831 ], [ 78.4029919, 17.4929382 ], [ 78.4017152, 17.4890242 ], [ 78.4014094, 17.4875711 ], [ 78.4012967, 17.486993 ], [ 78.4008356, 17.4858679 ], [ 78.4005593, 17.4849853 ], [ 78.4005725, 17.4847366 ], [ 78.3994487, 17.4842914 ], [ 78.394323, 17.4825774 ], [ 78.3956641, 17.4780031 ], [ 78.3945751, 17.4746669 ], [ 78.3934325, 17.4724206 ], [ 78.3921692, 17.4703329 ] ] ] } },
{ "type": "Feature", "properties": { "element": "way", "id": 1236749802, "addr:city": null, "addr:postcode": null, "addr:street": null, "industrial": null, "landuse": "industrial", "name": null, "opening_hours": null, "addr:housenumber": null, "office": null, "name:en": null, "name:te": null, "barrier": null, "man_made": null, "product": null, "building": null, "operator": null, "natural": null, "old_name": null, "website": null, "type": null }, "geometry": { "type": "Polygon", "coordinates": [ [ [ 78.3598226, 17.4835124 ], [ 78.3598183, 17.483246 ], [ 78.3601449, 17.483287 ], [ 78.3601277, 17.483537 ], [ 78.3598226, 17.4835124 ] ] ] } },
{ "type": "Feature", "properties": { "element": "way", "id": 1236749803, "addr:city": null, "addr:postcode": null, "addr:street": null, "industrial": null, "landuse": "industrial", "name": null, "opening_hours": null, "addr:housenumber": null, "office": null, "name:en": null, "name:te": null, "barrier": null, "man_made": null, "product": null, "building": null, "operator": null, "natural": null, "old_name": null, "website": null, "type": null }, "geometry": { "type": "Polygon", "coordinates": [ [ [ 78.3600534, 17.4845954 ], [ 78.3599634, 17.4843698 ], [ 78.3594612, 17.4845521 ], [ 78.3595512, 17.4847777 ], [ 78.3600534, 17.4845954 ] ] ] } },
{ "type": "Feature", "properties": { "element": "way", "id": 1237157802, "addr:city": null, "addr:postcode": null, "addr:street": null, "industrial": null, "landuse": "industrial", "name": null, "opening_hours": null, "addr:housenumber": null, "office": null, "name:en": null, "name:te": null, "barrier": null, "man_made": null, "product": null, "building": null, "operator": null, "natural": null, "old_name": null, "website": null, "type": null }, "geometry": { "type": "Polygon", "coordinates": [ [ [ 78.3742419, 17.4827275 ], [ 78.3741541, 17.4823986 ], [ 78.3743903, 17.4823447 ], [ 78.3744175, 17.4824763 ], [ 78.3743401, 17.4824883 ], [ 78.3743548, 17.4825261 ], [ 78.3743234, 17.4825441 ], [ 78.3743464, 17.4826338 ], [ 78.3743046, 17.4826417 ], [ 78.3743255, 17.4827075 ], [ 78.3742419, 17.4827275 ] ] ] } },
{ "type": "Feature", "properties": { "element": "way", "id": 1237157803, "addr:city": null, "addr:postcode": null, "addr:street": null, "industrial": null, "landuse": "industrial", "name": null, "opening_hours": null, "addr:housenumber": null, "office": null, "name:en": null, "name:te": null, "barrier": null, "man_made": null, "product": null, "building": null, "operator": null, "natural": null, "old_name": null, "website": null, "type": null }, "geometry": { "type": "Polygon", "coordinates": [ [ [ 78.37443, 17.4825919 ], [ 78.374593, 17.4825461 ], [ 78.3745721, 17.4824564 ], [ 78.3744049, 17.4825042 ], [ 78.37443, 17.4825919 ] ] ] } },
{ "type": "Feature", "properties": { "element": "way", "id": 1237157804, "addr:city": null, "addr:postcode": null, "addr:street": null, "industrial": null, "landuse": "industrial", "name": null, "opening_hours": null, "addr:housenumber": null, "office": null, "name:en": null, "name:te": null, "barrier": null, "man_made": null, "product": null, "building": null, "operator": null, "natural": null, "old_name": null, "website": null, "type": null }, "geometry": { "type": "Polygon", "coordinates": [ [ [ 78.3748605, 17.482568 ], [ 78.374779, 17.482251 ], [ 78.3748542, 17.4822331 ], [ 78.3749148, 17.482552 ], [ 78.3748605, 17.482568 ] ] ] } },
{ "type": "Feature", "properties": { "element": "way", "id": 1237157805, "addr:city": null, "addr:postcode": null, "addr:street": null, "industrial": null, "landuse": "industrial", "name": null, "opening_hours": null, "addr:housenumber": null, "office": null, "name:en": null, "name:te": null, "barrier": null, "man_made": null, "product": null, "building": null, "operator": null, "natural": null, "old_name": null, "website": null, "type": null }, "geometry": { "type": "Polygon", "coordinates": [ [ [ 78.3745617, 17.4824205 ], [ 78.3746118, 17.4824025 ], [ 78.3745909, 17.4822949 ], [ 78.3745324, 17.4823089 ], [ 78.3745617, 17.4824205 ] ] ] } },
{ "type": "Feature", "properties": { "element": "way", "id": 1237157806, "addr:city": null, "addr:postcode": null, "addr:street": null, "industrial": null, "landuse": "industrial", "name": null, "opening_hours": null, "addr:housenumber": null, "office": null, "name:en": null, "name:te": null, "barrier": null, "man_made": null, "product": null, "building": null, "operator": null, "natural": null, "old_name": null, "website": null, "type": null }, "geometry": { "type": "Polygon", "coordinates": [ [ [ 78.3743485, 17.4831241 ], [ 78.374524, 17.4830683 ], [ 78.3744927, 17.4829148 ], [ 78.3743004, 17.4829647 ], [ 78.3743485, 17.4831241 ] ] ] } },
{ "type": "Feature", "properties": { "element": "way", "id": 1237157807, "addr:city": null, "addr:postcode": null, "addr:street": null, "industrial": null, "landuse": "industrial", "name": null, "opening_hours": null, "addr:housenumber": null, "office": null, "name:en": null, "name:te": null, "barrier": null, "man_made": null, "product": null, "building": null, "operator": null, "natural": null, "old_name": null, "website": null, "type": null }, "geometry": { "type": "Polygon", "coordinates": [ [ [ 78.37457, 17.4829766 ], [ 78.3746975, 17.4829487 ], [ 78.3746829, 17.482877 ], [ 78.3745533, 17.4829069 ], [ 78.37457, 17.4829766 ] ] ] } },
{ "type": "Feature", "properties": { "element": "way", "id": 1237157808, "addr:city": null, "addr:postcode": null, "addr:street": null, "industrial": null, "landuse": "industrial", "name": null, "opening_hours": null, "addr:housenumber": null, "office": null, "name:en": null, "name:te": null, "barrier": null, "man_made": null, "product": null, "building": null, "operator": null, "natural": null, "old_name": null, "website": null, "type": null }, "geometry": { "type": "Polygon", "coordinates": [ [ [ 78.3749295, 17.4827733 ], [ 78.3750131, 17.4827514 ], [ 78.3749838, 17.4826278 ], [ 78.374896, 17.4826557 ], [ 78.3749295, 17.4827733 ] ] ] } },
{ "type": "Feature", "properties": { "element": "way", "id": 1237157809, "addr:city": null, "addr:postcode": null, "addr:street": null, "industrial": null, "landuse": "industrial", "name": null, "opening_hours": null, "addr:housenumber": null, "office": null, "name:en": null, "name:te": null, "barrier": null, "man_made": null, "product": null, "building": null, "operator": null, "natural": null, "old_name": null, "website": null, "type": null }, "geometry": { "type": "Polygon", "coordinates": [ [ [ 78.3747686, 17.4832378 ], [ 78.3747393, 17.4831062 ], [ 78.3748354, 17.4830843 ], [ 78.3748668, 17.4832158 ], [ 78.3747686, 17.4832378 ] ] ] } },
{ "type": "Feature", "properties": { "element": "way", "id": 1237157810, "addr:city": null, "addr:postcode": null, "addr:street": null, "industrial": null, "landuse": "industrial", "name": null, "opening_hours": null, "addr:housenumber": null, "office": null, "name:en": null, "name:te": null, "barrier": null, "man_made": null, "product": null, "building": null, "operator": null, "natural": null, "old_name": null, "website": null, "type": null }, "geometry": { "type": "Polygon", "coordinates": [ [ [ 78.3749002, 17.4832079 ], [ 78.3749922, 17.4831859 ], [ 78.3749755, 17.4830982 ], [ 78.3749128, 17.4831142 ], [ 78.3749023, 17.4830763 ], [ 78.3748647, 17.4830883 ], [ 78.3749002, 17.4832079 ] ] ] } },
{ "type": "Feature", "properties": { "element": "way", "id": 1237157811, "addr:city": null, "addr:postcode": null, "addr:street": null, "industrial": null, "landuse": "industrial", "name": null, "opening_hours": null, "addr:housenumber": null, "office": null, "name:en": null, "name:te": null, "barrier": null, "man_made": null, "product": null, "building": null, "operator": null, "natural": null, "old_name": null, "website": null, "type": null }, "geometry": { "type": "Polygon", "coordinates": [ [ [ 78.3744528, 17.4835253 ], [ 78.3744174, 17.4833785 ], [ 78.3745306, 17.4833498 ], [ 78.3745802, 17.4835034 ], [ 78.3744528, 17.4835253 ] ] ] } },
{ "type": "Feature", "properties": { "element": "way", "id": 1237157812, "addr:city": null, "addr:postcode": null, "addr:street": null, "industrial": null, "landuse": "industrial", "name": null, "opening_hours": null, "addr:housenumber": null, "office": null, "name:en": null, "name:te": null, "barrier": null, "man_made": null, "product": null, "building": null, "operator": null, "natural": null, "old_name": null, "website": null, "type": null }, "geometry": { "type": "Polygon", "coordinates": [ [ [ 78.3755358, 17.4822493 ], [ 78.3755906, 17.4822375 ], [ 78.3755464, 17.4820704 ], [ 78.3754915, 17.4820856 ], [ 78.3755358, 17.4822493 ] ] ] } },
{ "type": "Feature", "properties": { "element": "way", "id": 1337210745, "addr:city": null, "addr:postcode": null, "addr:street": null, "industrial": null, "landuse": "industrial", "name": null, "opening_hours": null, "addr:housenumber": null, "office": null, "name:en": null, "name:te": null, "barrier": null, "man_made": null, "product": null, "building": null, "operator": null, "natural": null, "old_name": null, "website": null, "type": null }, "geometry": { "type": "Polygon", "coordinates": [ [ [ 78.2743391, 17.5450929 ], [ 78.2762595, 17.5446326 ], [ 78.276619, 17.5444126 ], [ 78.2767692, 17.5435022 ], [ 78.2767638, 17.5430163 ], [ 78.275133, 17.5433027 ], [ 78.2744732, 17.5433896 ], [ 78.2732662, 17.5434357 ], [ 78.2727298, 17.5433999 ], [ 78.2726225, 17.5442899 ], [ 78.27288, 17.5444331 ], [ 78.2734057, 17.5444689 ], [ 78.2738402, 17.5447144 ], [ 78.2741567, 17.5448678 ], [ 78.2742962, 17.5449906 ], [ 78.2743391, 17.5450929 ] ] ] } },
{ "type": "Feature", "properties": { "element": "way", "id": 1451064955, "addr:city": null, "addr:postcode": null, "addr:street": null, "industrial": "concrete_plant", "landuse": "industrial", "name": null, "opening_hours": null, "addr:housenumber": null, "office": null, "name:en": null, "name:te": null, "barrier": null, "man_made": null, "product": null, "building": null, "operator": null, "natural": null, "old_name": null, "website": null, "type": null }, "geometry": { "type": "Polygon", "coordinates": [ [ [ 78.3869387, 17.4358066 ], [ 78.3869675, 17.4356946 ], [ 78.3871442, 17.4355655 ], [ 78.3875113, 17.4353584 ], [ 78.3876353, 17.4359402 ], [ 78.386976, 17.4360634 ], [ 78.3869387, 17.4358066 ] ] ] } },
{ "type": "Feature", "properties": { "element": "way", "id": 1465001209, "addr:city": null, "addr:postcode": null, "addr:street": null, "industrial": null, "landuse": "industrial", "name": "VST industrial area", "opening_hours": null, "addr:housenumber": null, "office": null, "name:en": null, "name:te": null, "barrier": null, "man_made": null, "product": null, "building": null, "operator": null, "natural": null, "old_name": null, "website": null, "type": null }, "geometry": { "type": "Polygon", "coordinates": [ [ [ 78.5061904, 17.4075353 ], [ 78.5062945, 17.4075196 ], [ 78.5061988, 17.4072703 ], [ 78.5061018, 17.4073042 ], [ 78.5061653, 17.4074698 ], [ 78.5061904, 17.4075353 ] ] ] } },
{ "type": "Feature", "properties": { "element": "way", "id": 1496346438, "addr:city": null, "addr:postcode": null, "addr:street": null, "industrial": null, "landuse": "industrial", "name": null, "opening_hours": null, "addr:housenumber": null, "office": null, "name:en": null, "name:te": null, "barrier": null, "man_made": null, "product": null, "building": null, "operator": null, "natural": null, "old_name": null, "website": null, "type": null }, "geometry": { "type": "Polygon", "coordinates": [ [ [ 78.4164003, 17.3001425 ], [ 78.4166014, 17.2998275 ], [ 78.4166336, 17.2995099 ], [ 78.415947, 17.298588 ], [ 78.4157968, 17.2985983 ], [ 78.4155929, 17.2975125 ], [ 78.4155285, 17.2973588 ], [ 78.4154534, 17.2968261 ], [ 78.4165558, 17.2966033 ], [ 78.4164807, 17.2964241 ], [ 78.4164029, 17.2962064 ], [ 78.416411, 17.2959733 ], [ 78.4164539, 17.2959093 ], [ 78.4166604, 17.295748 ], [ 78.4165907, 17.2951692 ], [ 78.4160167, 17.2951026 ], [ 78.4158772, 17.2940654 ], [ 78.4158021, 17.2937376 ], [ 78.4172612, 17.2938811 ], [ 78.4169501, 17.2915045 ], [ 78.4167463, 17.2909001 ], [ 78.4163386, 17.2900806 ], [ 78.4158987, 17.2894249 ], [ 78.4148151, 17.2897015 ], [ 78.4136134, 17.2901932 ], [ 78.413313, 17.2897835 ], [ 78.4128624, 17.2900089 ], [ 78.4126693, 17.2895581 ], [ 78.4125405, 17.2883288 ], [ 78.4117252, 17.2876834 ], [ 78.409397, 17.2886566 ], [ 78.4090966, 17.2887386 ], [ 78.4092468, 17.2891176 ], [ 78.4077877, 17.2897118 ], [ 78.4079379, 17.2904186 ], [ 78.4067926, 17.2907848 ], [ 78.4068972, 17.2908847 ], [ 78.4074765, 17.2917247 ], [ 78.4073585, 17.2921755 ], [ 78.4076375, 17.2929028 ], [ 78.4083778, 17.2957096 ], [ 78.4084743, 17.2998787 ], [ 78.4089142, 17.3008723 ], [ 78.410309, 17.3011591 ], [ 78.4106523, 17.3008211 ], [ 78.410942, 17.3006982 ], [ 78.4119129, 17.3004216 ], [ 78.4120202, 17.3012616 ], [ 78.4133452, 17.3010772 ], [ 78.4137073, 17.3009722 ], [ 78.4136108, 17.3005317 ], [ 78.4138414, 17.3004651 ], [ 78.4139487, 17.3006034 ], [ 78.4142223, 17.300501 ], [ 78.4146354, 17.3002552 ], [ 78.4147748, 17.3001886 ], [ 78.4152094, 17.300122 ], [ 78.4152147, 17.3001681 ], [ 78.4160784, 17.3000554 ], [ 78.4164003, 17.3001425 ] ] ] } },
{ "type": "Feature", "properties": { "element": "way", "id": 1496348242, "addr:city": null, "addr:postcode": null, "addr:street": null, "industrial": "depot", "landuse": "industrial", "name": "TGSRTC Bus Depot , Barkatpura", "opening_hours": null, "addr:housenumber": null, "office": null, "name:en": null, "name:te": null, "barrier": null, "man_made": null, "product": null, "building": null, "operator": null, "natural": null, "old_name": null, "website": null, "type": null }, "geometry": { "type": "Polygon", "coordinates": [ [ [ 78.5013998, 17.3931421 ], [ 78.5016155, 17.3920378 ], [ 78.5012295, 17.3913975 ], [ 78.5007081, 17.3917994 ], [ 78.5007818, 17.3921809 ], [ 78.5006608, 17.392467 ], [ 78.5013998, 17.3931421 ] ] ] } },
{ "type": "Feature", "properties": { "element": "way", "id": 1496348813, "addr:city": null, "addr:postcode": null, "addr:street": null, "industrial": "depot", "landuse": "industrial", "name": "APSRTC Bus Depot , BHEL Ramachandrapuram", "opening_hours": null, "addr:housenumber": null, "office": null, "name:en": null, "name:te": null, "barrier": null, "man_made": null, "product": null, "building": null, "operator": null, "natural": null, "old_name": null, "website": null, "type": null }, "geometry": { "type": "Polygon", "coordinates": [ [ [ 78.2883481, 17.5184506 ], [ 78.2888429, 17.5181301 ], [ 78.2881973, 17.5172621 ], [ 78.2875913, 17.517633 ], [ 78.2883481, 17.5184506 ] ] ] } },
{ "type": "Feature", "properties": { "element": "way", "id": 1496414448, "addr:city": null, "addr:postcode": null, "addr:street": null, "industrial": "depot", "landuse": "industrial", "name": "TGSRTC Bus Depot , Falaknuma", "opening_hours": null, "addr:housenumber": null, "office": null, "name:en": null, "name:te": null, "barrier": null, "man_made": null, "product": null, "building": null, "operator": null, "natural": null, "old_name": null, "website": null, "type": null }, "geometry": { "type": "Polygon", "coordinates": [ [ [ 78.4662952, 17.3375696 ], [ 78.4674196, 17.3374439 ], [ 78.4674826, 17.3366164 ], [ 78.4670105, 17.3365181 ], [ 78.4666786, 17.3365782 ], [ 78.4662151, 17.336671 ], [ 78.4662952, 17.3375696 ] ] ] } },
{ "type": "Feature", "properties": { "element": "way", "id": 1496414781, "addr:city": null, "addr:postcode": null, "addr:street": null, "industrial": "depot", "landuse": "industrial", "name": "TGSRTC Bus Depot , Farooq Nagar", "opening_hours": null, "addr:housenumber": null, "office": null, "name:en": null, "name:te": null, "barrier": null, "man_made": null, "product": null, "building": null, "operator": null, "natural": null, "old_name": null, "website": null, "type": null }, "geometry": { "type": "Polygon", "coordinates": [ [ [ 78.4697572, 17.3295331 ], [ 78.4704568, 17.3299731 ], [ 78.4708557, 17.3296548 ], [ 78.4703261, 17.3292023 ], [ 78.4706334, 17.3285095 ], [ 78.4705418, 17.3280757 ], [ 78.4693845, 17.328291 ], [ 78.4697572, 17.3295331 ] ] ] } },
{ "type": "Feature", "properties": { "element": "way", "id": 1496438555, "addr:city": null, "addr:postcode": null, "addr:street": null, "industrial": "depot", "landuse": "industrial", "name": "TGSRTC Bus Depot , Hayatnagar - 1", "opening_hours": null, "addr:housenumber": null, "office": null, "name:en": null, "name:te": null, "barrier": null, "man_made": null, "product": null, "building": null, "operator": null, "natural": null, "old_name": null, "website": null, "type": null }, "geometry": { "type": "Polygon", "coordinates": [ [ [ 78.5928359, 17.3267574 ], [ 78.5939929, 17.3266125 ], [ 78.594391, 17.3257173 ], [ 78.5927583, 17.3258396 ], [ 78.5928359, 17.3267574 ] ] ] } },
{ "type": "Feature", "properties": { "element": "way", "id": 1496438556, "addr:city": null, "addr:postcode": null, "addr:street": null, "industrial": "depot", "landuse": "industrial", "name": "TGSRTC Bus Depot , Hayatnagar - 2", "opening_hours": null, "addr:housenumber": null, "office": null, "name:en": null, "name:te": null, "barrier": null, "man_made": null, "product": null, "building": null, "operator": null, "natural": null, "old_name": null, "website": null, "type": null }, "geometry": { "type": "Polygon", "coordinates": [ [ [ 78.5937197, 17.3256209 ], [ 78.5943607, 17.3255563 ], [ 78.5947892, 17.3233936 ], [ 78.5943149, 17.3234041 ], [ 78.5937197, 17.3256209 ] ] ] } },
{ "type": "Feature", "properties": { "element": "way", "id": 1497271918, "addr:city": null, "addr:postcode": null, "addr:street": null, "industrial": "depot", "landuse": "industrial", "name": "TGSRTC Bus Depot, Jeedimetla", "opening_hours": null, "addr:housenumber": null, "office": null, "name:en": null, "name:te": null, "barrier": null, "man_made": null, "product": null, "building": null, "operator": null, "natural": null, "old_name": null, "website": null, "type": null }, "geometry": { "type": "Polygon", "coordinates": [ [ [ 78.4390956, 17.5285402 ], [ 78.439703, 17.5287666 ], [ 78.4407222, 17.5272457 ], [ 78.4403717, 17.5271475 ], [ 78.4399082, 17.527363 ], [ 78.4390956, 17.5285402 ] ] ] } },
{ "type": "Feature", "properties": { "element": "way", "id": 1497283183, "addr:city": null, "addr:postcode": null, "addr:street": null, "industrial": "depot", "landuse": "industrial", "name": "TGSRTC Bus Depot , Kukatpally", "opening_hours": null, "addr:housenumber": null, "office": null, "name:en": null, "name:te": null, "barrier": null, "man_made": null, "product": null, "building": null, "operator": null, "natural": null, "old_name": null, "website": null, "type": null }, "geometry": { "type": "Polygon", "coordinates": [ [ [ 78.4260629, 17.4740364 ], [ 78.4265321, 17.4731331 ], [ 78.4262403, 17.4727947 ], [ 78.4257653, 17.4728356 ], [ 78.4252718, 17.4736016 ], [ 78.4260629, 17.4740364 ] ] ] } },
{ "type": "Feature", "properties": { "element": "way", "id": 1497284084, "addr:city": null, "addr:postcode": null, "addr:street": null, "industrial": "depot", "landuse": "industrial", "name": "TGSRTC Bus Depot , Kushaiguda", "opening_hours": null, "addr:housenumber": null, "office": null, "name:en": null, "name:te": null, "barrier": null, "man_made": null, "product": null, "building": null, "operator": null, "natural": null, "old_name": null, "website": null, "type": null }, "geometry": { "type": "Polygon", "coordinates": [ [ [ 78.5657202, 17.4689903 ], [ 78.5665099, 17.4684636 ], [ 78.566693, 17.4680215 ], [ 78.5666729, 17.4677377 ], [ 78.5656659, 17.4673037 ], [ 78.5654427, 17.4677322 ], [ 78.5654255, 17.4682207 ], [ 78.565108, 17.4683108 ], [ 78.5657202, 17.4689903 ] ] ] } },
{ "type": "Feature", "properties": { "element": "way", "id": 1497370272, "addr:city": null, "addr:postcode": null, "addr:street": null, "industrial": "depot", "landuse": "industrial", "name": "TGSRTC Bus Depot , Mehdipatnam", "opening_hours": null, "addr:housenumber": null, "office": null, "name:en": null, "name:te": null, "barrier": null, "man_made": null, "product": null, "building": null, "operator": null, "natural": null, "old_name": null, "website": null, "type": null }, "geometry": { "type": "Polygon", "coordinates": [ [ [ 78.4401362, 17.3924718 ], [ 78.441838, 17.3926714 ], [ 78.4416332, 17.3917526 ], [ 78.4400241, 17.3920156 ], [ 78.4401362, 17.3924718 ] ] ] } },
{ "type": "Feature", "properties": { "element": "way", "id": 1497372474, "addr:city": null, "addr:postcode": null, "addr:street": null, "industrial": "depot", "landuse": "industrial", "name": "TGSRTC Bus Depot , Midhani", "opening_hours": null, "addr:housenumber": null, "office": null, "name:en": null, "name:te": null, "barrier": null, "man_made": null, "product": null, "building": null, "operator": null, "natural": null, "old_name": null, "website": null, "type": null }, "geometry": { "type": "Polygon", "coordinates": [ [ [ 78.5042685, 17.3402675 ], [ 78.5053872, 17.3401009 ], [ 78.5056256, 17.3400723 ], [ 78.5056728, 17.3393944 ], [ 78.5042597, 17.3395983 ], [ 78.5042685, 17.3402675 ] ] ] } },
{ "type": "Feature", "properties": { "element": "way", "id": 1497374193, "addr:city": null, "addr:postcode": null, "addr:street": null, "industrial": "depot", "landuse": "industrial", "name": "TGSRTC Bus Depot , Miyapur - 2", "opening_hours": null, "addr:housenumber": null, "office": null, "name:en": null, "name:te": null, "barrier": null, "man_made": null, "product": null, "building": null, "operator": null, "natural": null, "old_name": null, "website": null, "type": null }, "geometry": { "type": "Polygon", "coordinates": [ [ [ 78.35921, 17.5127934 ], [ 78.3608782, 17.5129883 ], [ 78.3610172, 17.5122657 ], [ 78.3599678, 17.5119668 ], [ 78.3599051, 17.5123255 ], [ 78.3591828, 17.5122735 ], [ 78.35921, 17.5127934 ] ] ] } },
{ "type": "Feature", "properties": { "element": "way", "id": 1497374194, "addr:city": null, "addr:postcode": null, "addr:street": null, "industrial": "depot", "landuse": "industrial", "name": "TGSRTC Bus Depot , Miyapur - 1", "opening_hours": null, "addr:housenumber": null, "office": null, "name:en": null, "name:te": null, "barrier": null, "man_made": null, "product": null, "building": null, "operator": null, "natural": null, "old_name": null, "website": null, "type": null }, "geometry": { "type": "Polygon", "coordinates": [ [ [ 78.3589039, 17.5137534 ], [ 78.3606621, 17.5141129 ], [ 78.3607525, 17.513509 ], [ 78.3604178, 17.5133451 ], [ 78.3604178, 17.5130287 ], [ 78.3591482, 17.512928 ], [ 78.3589039, 17.5137534 ] ] ] } },
{ "type": "Feature", "properties": { "element": "way", "id": 1497378325, "addr:city": null, "addr:postcode": null, "addr:street": null, "industrial": "depot", "landuse": "industrial", "name": "TGSRTC Bus Depot, Musheerabad - 2", "opening_hours": null, "addr:housenumber": null, "office": null, "name:en": null, "name:te": null, "barrier": null, "man_made": null, "product": null, "building": null, "operator": null, "natural": null, "old_name": null, "website": null, "type": null }, "geometry": { "type": "Polygon", "coordinates": [ [ [ 78.5033144, 17.4087036 ], [ 78.5046551, 17.4084078 ], [ 78.5043208, 17.4073644 ], [ 78.5031612, 17.4075505 ], [ 78.5028059, 17.4077266 ], [ 78.5033144, 17.4087036 ] ] ] } },
{ "type": "Feature", "properties": { "element": "way", "id": 1497378326, "addr:city": null, "addr:postcode": null, "addr:street": null, "industrial": "depot", "landuse": "industrial", "name": "TGSRTC Bus Depot, Musheerabad - 1", "opening_hours": null, "addr:housenumber": null, "office": null, "name:en": null, "name:te": null, "barrier": null, "man_made": null, "product": null, "building": null, "operator": null, "natural": null, "old_name": null, "website": null, "type": null }, "geometry": { "type": "Polygon", "coordinates": [ [ [ 78.5027084, 17.4075505 ], [ 78.504279, 17.407175 ], [ 78.503795, 17.4064539 ], [ 78.5024856, 17.4069191 ], [ 78.5027084, 17.4075505 ] ] ] } },
{ "type": "Feature", "properties": { "element": "way", "id": 1497378327, "addr:city": null, "addr:postcode": null, "addr:street": null, "industrial": "depot", "landuse": "industrial", "name": "TSRTC Bus Depot , Hyderabad", "opening_hours": null, "addr:housenumber": null, "office": null, "name:en": null, "name:te": null, "barrier": null, "man_made": null, "product": null, "building": null, "operator": null, "natural": null, "old_name": null, "website": null, "type": null }, "geometry": { "type": "Polygon", "coordinates": [ [ [ 78.502099, 17.4086471 ], [ 78.5030428, 17.4084676 ], [ 78.5023956, 17.4068945 ], [ 78.5013442, 17.4073327 ], [ 78.502099, 17.4086471 ] ] ] } },
{ "type": "Feature", "properties": { "element": "way", "id": 1497395712, "addr:city": null, "addr:postcode": null, "addr:street": null, "industrial": "depot", "landuse": "industrial", "name": "TGSRTC Bus Depot , Rajendranagar", "opening_hours": null, "addr:housenumber": null, "office": null, "name:en": null, "name:te": null, "barrier": null, "man_made": null, "product": null, "building": null, "operator": null, "natural": null, "old_name": null, "website": null, "type": null }, "geometry": { "type": "Polygon", "coordinates": [ [ [ 78.4092194, 17.3353653 ], [ 78.4099833, 17.3355182 ], [ 78.4099347, 17.3351222 ], [ 78.4091622, 17.3347208 ], [ 78.4088818, 17.3338496 ], [ 78.4082781, 17.3339233 ], [ 78.4082066, 17.3345214 ], [ 78.4083354, 17.3350731 ], [ 78.4092194, 17.3353653 ] ] ] } },
{ "type": "Feature", "properties": { "element": "way", "id": 1497396982, "addr:city": null, "addr:postcode": null, "addr:street": null, "industrial": "depot", "landuse": "industrial", "name": "TGSRTC Bus Depot , Ranigunj - 2", "opening_hours": null, "addr:housenumber": null, "office": null, "name:en": null, "name:te": null, "barrier": null, "man_made": null, "product": null, "building": null, "operator": null, "natural": null, "old_name": null, "website": null, "type": null }, "geometry": { "type": "Polygon", "coordinates": [ [ [ 78.4853127, 17.4332417 ], [ 78.4867562, 17.4327933 ], [ 78.4864194, 17.4318924 ], [ 78.4861247, 17.4319224 ], [ 78.4851949, 17.4330716 ], [ 78.4853127, 17.4332417 ] ] ] } },
{ "type": "Feature", "properties": { "element": "way", "id": 1497396983, "addr:city": null, "addr:postcode": null, "addr:street": null, "industrial": "depot", "landuse": "industrial", "name": "TGSRTC Bus Depot , Ranigunj - 1", "opening_hours": null, "addr:housenumber": null, "office": null, "name:en": null, "name:te": null, "barrier": null, "man_made": null, "product": null, "building": null, "operator": null, "natural": null, "old_name": null, "website": null, "type": null }, "geometry": { "type": "Polygon", "coordinates": [ [ [ 78.4868211, 17.4327732 ], [ 78.4873425, 17.4325292 ], [ 78.4868408, 17.4315979 ], [ 78.4868532, 17.431377 ], [ 78.4869771, 17.431083 ], [ 78.487192, 17.4308079 ], [ 78.4869815, 17.4307713 ], [ 78.4865747, 17.4313257 ], [ 78.4861691, 17.4318372 ], [ 78.4863467, 17.431856 ], [ 78.4864278, 17.4318163 ], [ 78.4865144, 17.4319135 ], [ 78.4868211, 17.4327732 ] ] ] } },
{ "type": "Feature", "properties": { "element": "way", "id": 1504315371, "addr:city": null, "addr:postcode": null, "addr:street": null, "industrial": "depot", "landuse": "industrial", "name": "TGSRTC Bus Depot , Hyderabad - 1", "opening_hours": null, "addr:housenumber": null, "office": null, "name:en": null, "name:te": null, "barrier": null, "man_made": null, "product": null, "building": null, "operator": null, "natural": null, "old_name": null, "website": null, "type": null }, "geometry": { "type": "Polygon", "coordinates": [ [ [ 78.5250131, 17.3702998 ], [ 78.5259701, 17.3703599 ], [ 78.525714, 17.3697906 ], [ 78.5254347, 17.3691519 ], [ 78.5249049, 17.3692504 ], [ 78.5250131, 17.3702998 ] ] ] } },
{ "type": "Feature", "properties": { "element": "way", "id": 1504315372, "addr:city": null, "addr:postcode": null, "addr:street": null, "industrial": "depot", "landuse": "industrial", "name": "TGSRTC Bus Depot , Dilshuknagar", "opening_hours": null, "addr:housenumber": null, "office": null, "name:en": null, "name:te": null, "barrier": null, "man_made": null, "product": null, "building": null, "operator": null, "natural": null, "old_name": null, "website": null, "type": null }, "geometry": { "type": "Polygon", "coordinates": [ [ [ 78.5251052, 17.371546 ], [ 78.5257883, 17.3712542 ], [ 78.5260308, 17.3708116 ], [ 78.5259865, 17.3705922 ], [ 78.5251411, 17.3704715 ], [ 78.5249598, 17.370719 ], [ 78.5251052, 17.371546 ] ] ] } }
]
}
